time,temperature_2m,relative_humidity_2m,apparent_temperature,precipitation,cloud_cover,wind_speed_10m,wind_gusts_10m,year,month,day,hour,day_of_year,season,rain_flag
2025-01-01 00:00:00,8.3,100,7.4,0.0,99,2.8,4.7,2025,1,1,0,1,Winter,0
2025-01-01 01:00:00,8.0,100,7.0,0.0,100,2.9,5.4,2025,1,1,1,1,Winter,0
2025-01-01 02:00:00,7.8,100,6.5,0.0,100,4.7,10.1,2025,1,1,2,1,Winter,0
2025-01-01 03:00:00,8.0,99,6.5,0.0,100,5.8,12.6,2025,1,1,3,1,Winter,0
2025-01-01 04:00:00,7.7,98,6.1,0.0,100,6.3,13.0,2025,1,1,4,1,Winter,0
2025-01-01 05:00:00,7.8,97,6.0,0.0,100,7.6,16.2,2025,1,1,5,1,Winter,0
2025-01-01 06:00:00,8.4,96,7.2,0.0,100,4.3,13.0,2025,1,1,6,1,Winter,0
2025-01-01 07:00:00,8.5,95,7.2,0.0,100,4.7,12.2,2025,1,1,7,1,Winter,0
2025-01-01 08:00:00,8.9,93,7.4,0.0,100,6.3,15.8,2025,1,1,8,1,Winter,0
2025-01-01 09:00:00,9.5,97,7.9,0.0,100,8.7,21.6,2025,1,1,9,1,Winter,0
2025-01-01 10:00:00,11.3,89,9.8,0.0,100,9.4,23.4,2025,1,1,10,1,Winter,0
2025-01-01 11:00:00,13.2,82,11.9,0.0,55,8.8,24.1,2025,1,1,11,1,Winter,0
2025-01-01 12:00:00,14.6,78,13.8,0.0,4,6.9,23.4,2025,1,1,12,1,Winter,0
2025-01-01 13:00:00,15.8,73,15.2,0.0,0,6.5,20.9,2025,1,1,13,1,Winter,0
2025-01-01 14:00:00,16.6,71,16.0,0.0,0,6.7,20.2,2025,1,1,14,1,Winter,0
2025-01-01 15:00:00,16.8,70,16.1,0.0,0,7.5,19.4,2025,1,1,15,1,Winter,0
2025-01-01 16:00:00,16.3,73,15.7,0.0,1,7.0,19.4,2025,1,1,16,1,Winter,0
2025-01-01 17:00:00,14.7,80,14.2,0.0,9,5.7,15.5,2025,1,1,17,1,Winter,0
2025-01-01 18:00:00,12.2,86,11.7,0.0,18,3.2,5.4,2025,1,1,18,1,Winter,0
2025-01-01 19:00:00,11.6,88,10.8,0.0,19,4.6,7.6,2025,1,1,19,1,Winter,0
2025-01-01 20:00:00,11.1,90,10.3,0.0,6,4.7,8.3,2025,1,1,20,1,Winter,0
2025-01-01 21:00:00,10.7,91,9.8,0.0,5,5.0,9.0,2025,1,1,21,1,Winter,0
2025-01-01 22:00:00,10.3,93,9.3,0.0,8,5.1,9.7,2025,1,1,22,1,Winter,0
2025-01-01 23:00:00,9.8,94,8.8,0.0,16,5.2,9.7,2025,1,1,23,1,Winter,0
2025-01-02 00:00:00,9.5,95,8.4,0.0,40,5.2,10.1,2025,1,2,0,2,Winter,0
2025-01-02 01:00:00,9.1,96,7.9,0.0,14,5.1,9.7,2025,1,2,1,2,Winter,0
2025-01-02 02:00:00,8.9,96,7.4,0.0,47,6.8,11.9,2025,1,2,2,2,Winter,0
2025-01-02 03:00:00,8.5,97,6.8,0.0,99,7.8,15.8,2025,1,2,3,2,Winter,0
2025-01-02 04:00:00,8.5,97,6.7,0.0,100,8.8,17.3,2025,1,2,4,2,Winter,0
2025-01-02 05:00:00,8.8,97,6.8,0.0,100,10.1,19.8,2025,1,2,5,2,Winter,0
2025-01-02 06:00:00,8.7,97,7.0,0.0,99,8.5,18.4,2025,1,2,6,2,Winter,0
2025-01-02 07:00:00,8.7,96,7.0,0.0,99,8.3,16.9,2025,1,2,7,2,Winter,0
2025-01-02 08:00:00,9.9,93,8.2,0.0,85,9.5,19.8,2025,1,2,8,2,Winter,0
2025-01-02 09:00:00,11.7,90,10.6,0.0,74,7.4,19.4,2025,1,2,9,2,Winter,0
2025-01-02 10:00:00,13.6,82,12.7,0.0,37,6.8,19.4,2025,1,2,10,2,Winter,0
2025-01-02 11:00:00,15.2,76,14.5,0.0,92,6.5,19.8,2025,1,2,11,2,Winter,0
2025-01-02 12:00:00,16.5,71,15.9,0.0,85,7.3,21.2,2025,1,2,12,2,Winter,0
2025-01-02 13:00:00,17.6,66,16.9,0.0,82,7.9,22.3,2025,1,2,13,2,Winter,0
2025-01-02 14:00:00,18.2,65,17.3,0.0,99,8.4,22.3,2025,1,2,14,2,Winter,0
2025-01-02 15:00:00,18.2,65,17.4,0.0,98,8.6,22.0,2025,1,2,15,2,Winter,0
2025-01-02 16:00:00,17.6,69,17.3,0.0,100,6.3,20.5,2025,1,2,16,2,Winter,0
2025-01-02 17:00:00,15.7,78,15.5,0.0,100,5.2,13.7,2025,1,2,17,2,Winter,0
2025-01-02 18:00:00,13.6,81,13.0,0.0,100,4.8,7.2,2025,1,2,18,2,Winter,0
2025-01-02 19:00:00,13.1,83,12.5,0.0,100,4.5,7.6,2025,1,2,19,2,Winter,0
2025-01-02 20:00:00,12.6,84,12.0,0.0,100,3.7,7.6,2025,1,2,20,2,Winter,0
2025-01-02 21:00:00,11.8,87,11.2,0.0,100,4.0,6.5,2025,1,2,21,2,Winter,0
2025-01-02 22:00:00,11.0,90,10.2,0.0,100,4.2,7.6,2025,1,2,22,2,Winter,0
2025-01-02 23:00:00,10.2,92,9.3,0.0,99,4.2,7.6,2025,1,2,23,2,Winter,0
2025-01-03 00:00:00,9.7,93,8.6,0.0,100,4.7,8.6,2025,1,3,0,3,Winter,0
2025-01-03 01:00:00,9.4,93,8.2,0.0,100,4.7,8.3,2025,1,3,1,3,Winter,0
2025-01-03 02:00:00,9.0,94,7.8,0.0,100,5.1,7.9,2025,1,3,2,3,Winter,0
2025-01-03 03:00:00,9.2,94,7.9,0.0,100,5.2,9.4,2025,1,3,3,3,Winter,0
2025-01-03 04:00:00,8.9,96,7.6,0.0,99,5.9,11.2,2025,1,3,4,3,Winter,0
2025-01-03 05:00:00,8.6,98,7.2,0.0,99,6.1,10.8,2025,1,3,5,3,Winter,0
2025-01-03 06:00:00,9.3,99,8.3,0.0,100,5.2,11.9,2025,1,3,6,3,Winter,0
2025-01-03 07:00:00,9.2,96,8.0,0.0,100,5.2,11.5,2025,1,3,7,3,Winter,0
2025-01-03 08:00:00,9.8,96,8.8,0.0,100,5.6,12.6,2025,1,3,8,3,Winter,0
2025-01-03 09:00:00,11.0,95,10.5,0.0,100,3.7,13.0,2025,1,3,9,3,Winter,0
2025-01-03 10:00:00,12.8,92,12.9,0.0,100,3.0,12.6,2025,1,3,10,3,Winter,0
2025-01-03 11:00:00,15.2,82,15.4,0.0,100,3.2,13.7,2025,1,3,11,3,Winter,0
2025-01-03 12:00:00,17.3,72,17.3,0.0,100,3.9,15.1,2025,1,3,12,3,Winter,0
2025-01-03 13:00:00,18.7,64,18.6,0.0,99,4.1,15.1,2025,1,3,13,3,Winter,0
2025-01-03 14:00:00,19.4,62,19.4,0.0,100,4.0,14.8,2025,1,3,14,3,Winter,0
2025-01-03 15:00:00,19.6,61,19.6,0.0,100,4.0,13.7,2025,1,3,15,3,Winter,0
2025-01-03 16:00:00,19.0,70,19.7,0.0,100,2.7,10.8,2025,1,3,16,3,Winter,0
2025-01-03 17:00:00,16.7,78,16.9,0.0,96,4.4,6.1,2025,1,3,17,3,Winter,0
2025-01-03 18:00:00,14.7,82,14.7,0.0,0,3.0,4.3,2025,1,3,18,3,Winter,0
2025-01-03 19:00:00,13.7,86,13.8,0.0,0,2.5,4.3,2025,1,3,19,3,Winter,0
2025-01-03 20:00:00,12.8,89,12.6,0.0,0,3.1,4.7,2025,1,3,20,3,Winter,0
2025-01-03 21:00:00,12.0,90,11.6,0.0,0,3.9,6.8,2025,1,3,21,3,Winter,0
2025-01-03 22:00:00,11.4,91,10.8,0.0,0,4.2,7.2,2025,1,3,22,3,Winter,0
2025-01-03 23:00:00,10.9,91,10.1,0.0,0,4.4,7.6,2025,1,3,23,3,Winter,0
2025-01-04 00:00:00,10.3,92,9.3,0.0,0,4.9,7.9,2025,1,4,0,4,Winter,0
2025-01-04 01:00:00,9.7,95,8.7,0.0,0,5.0,8.3,2025,1,4,1,4,Winter,0
2025-01-04 02:00:00,9.3,97,8.3,0.0,32,5.0,9.0,2025,1,4,2,4,Winter,0
2025-01-04 03:00:00,9.0,96,7.9,0.0,58,4.6,9.0,2025,1,4,3,4,Winter,0
2025-01-04 04:00:00,8.4,97,7.3,0.0,74,3.6,7.9,2025,1,4,4,4,Winter,0
2025-01-04 05:00:00,8.6,99,7.7,0.0,96,3.1,6.5,2025,1,4,5,4,Winter,0
2025-01-04 06:00:00,9.0,98,8.4,0.0,100,1.5,5.4,2025,1,4,6,4,Winter,0
2025-01-04 07:00:00,9.2,98,8.8,0.0,98,0.9,4.7,2025,1,4,7,4,Winter,0
2025-01-04 08:00:00,10.0,98,9.6,0.0,99,1.5,7.2,2025,1,4,8,4,Winter,0
2025-01-04 09:00:00,11.9,97,12.0,0.0,94,2.6,9.7,2025,1,4,9,4,Winter,0
2025-01-04 10:00:00,14.4,91,15.0,0.0,1,1.7,11.2,2025,1,4,10,4,Winter,0
2025-01-04 11:00:00,17.0,82,18.0,0.0,0,2.2,11.9,2025,1,4,11,4,Winter,0
2025-01-04 12:00:00,19.3,74,20.4,0.0,1,3.4,14.0,2025,1,4,12,4,Winter,0
2025-01-04 13:00:00,20.4,70,21.6,0.0,1,3.6,14.4,2025,1,4,13,4,Winter,0
2025-01-04 14:00:00,21.0,69,22.1,0.0,0,3.6,14.0,2025,1,4,14,4,Winter,0
2025-01-04 15:00:00,21.1,69,22.2,0.0,0,4.0,13.0,2025,1,4,15,4,Winter,0
2025-01-04 16:00:00,20.3,74,21.5,0.0,0,4.4,11.9,2025,1,4,16,4,Winter,0
2025-01-04 17:00:00,17.7,84,18.5,0.0,0,5.1,9.7,2025,1,4,17,4,Winter,0
2025-01-04 18:00:00,14.5,86,14.3,0.0,0,6.1,11.5,2025,1,4,18,4,Winter,0
2025-01-04 19:00:00,13.9,89,13.5,0.0,0,6.6,12.6,2025,1,4,19,4,Winter,0
2025-01-04 20:00:00,13.2,92,12.8,0.0,0,6.6,12.6,2025,1,4,20,4,Winter,0
2025-01-04 21:00:00,12.6,94,12.0,0.0,0,6.9,13.0,2025,1,4,21,4,Winter,0
2025-01-04 22:00:00,12.0,95,11.3,0.0,0,7.3,13.7,2025,1,4,22,4,Winter,0
2025-01-04 23:00:00,11.1,96,10.2,0.0,0,6.6,13.3,2025,1,4,23,4,Winter,0
2025-01-05 00:00:00,10.4,96,9.5,0.0,0,5.8,13.0,2025,1,5,0,5,Winter,0
2025-01-05 01:00:00,9.3,97,8.2,0.0,0,5.3,10.8,2025,1,5,1,5,Winter,0
2025-01-05 02:00:00,9.3,98,8.3,0.0,2,4.8,9.7,2025,1,5,2,5,Winter,0
2025-01-05 03:00:00,9.2,98,8.3,0.0,100,4.0,8.6,2025,1,5,3,5,Winter,0
2025-01-05 04:00:00,9.3,99,8.5,0.0,100,3.8,6.5,2025,1,5,4,5,Winter,0
2025-01-05 05:00:00,9.9,100,9.0,0.0,100,5.4,10.1,2025,1,5,5,5,Winter,0
2025-01-05 06:00:00,9.9,98,8.8,0.0,100,6.5,14.4,2025,1,5,6,5,Winter,0
2025-01-05 07:00:00,9.7,98,8.3,0.0,100,8.1,18.0,2025,1,5,7,5,Winter,0
2025-01-05 08:00:00,9.7,97,8.2,0.0,100,8.7,19.8,2025,1,5,8,5,Winter,0
2025-01-05 09:00:00,10.1,97,8.7,0.0,100,9.1,21.2,2025,1,5,9,5,Winter,0
2025-01-05 10:00:00,11.7,91,10.5,0.0,60,8.7,22.3,2025,1,5,10,5,Winter,0
2025-01-05 11:00:00,14.0,84,13.4,0.0,13,6.4,22.0,2025,1,5,11,5,Winter,0
2025-01-05 12:00:00,15.7,79,15.6,0.0,4,5.4,19.4,2025,1,5,12,5,Winter,0
2025-01-05 13:00:00,17.1,75,17.2,0.0,3,5.3,18.4,2025,1,5,13,5,Winter,0
2025-01-05 14:00:00,17.9,71,17.9,0.0,5,5.6,18.0,2025,1,5,14,5,Winter,0
2025-01-05 15:00:00,18.1,71,18.1,0.0,3,6.1,16.9,2025,1,5,15,5,Winter,0
2025-01-05 16:00:00,17.6,74,17.4,0.0,0,7.1,16.6,2025,1,5,16,5,Winter,0
2025-01-05 17:00:00,16.0,81,15.8,0.0,0,7.0,15.1,2025,1,5,17,5,Winter,0
2025-01-05 18:00:00,13.8,87,13.1,0.0,0,7.8,15.8,2025,1,5,18,5,Winter,0
2025-01-05 19:00:00,13.2,90,12.5,0.0,0,7.8,15.5,2025,1,5,19,5,Winter,0
2025-01-05 20:00:00,12.6,91,11.9,0.0,0,7.3,15.1,2025,1,5,20,5,Winter,0
2025-01-05 21:00:00,12.2,92,11.4,0.0,0,6.9,14.4,2025,1,5,21,5,Winter,0
2025-01-05 22:00:00,11.5,94,10.9,0.0,0,5.2,13.0,2025,1,5,22,5,Winter,0
2025-01-05 23:00:00,10.8,95,10.2,0.0,0,4.6,9.4,2025,1,5,23,5,Winter,0
2025-01-06 00:00:00,10.3,97,9.6,0.0,0,3.9,7.9,2025,1,6,0,6,Winter,0
2025-01-06 01:00:00,9.8,98,9.1,0.0,0,4.3,6.5,2025,1,6,1,6,Winter,0
2025-01-06 02:00:00,9.7,99,8.9,0.0,26,5.0,8.6,2025,1,6,2,6,Winter,0
2025-01-06 03:00:00,8.8,100,7.8,0.0,73,4.6,9.4,2025,1,6,3,6,Winter,0
2025-01-06 04:00:00,9.1,99,8.6,0.0,91,0.8,7.6,2025,1,6,4,6,Winter,0
2025-01-06 05:00:00,9.0,100,8.6,0.0,100,0.7,6.8,2025,1,6,5,6,Winter,0
2025-01-06 06:00:00,9.9,100,9.6,1.2,100,1.7,4.0,2025,1,6,6,6,Winter,1
2025-01-06 07:00:00,10.6,98,10.0,3.6,100,5.1,15.5,2025,1,6,7,6,Winter,1
2025-01-06 08:00:00,10.9,98,10.3,0.1,100,5.2,19.8,2025,1,6,8,6,Winter,1
2025-01-06 09:00:00,12.5,92,12.6,0.0,100,1.5,13.0,2025,1,6,9,6,Winter,0
2025-01-06 10:00:00,14.0,88,14.4,0.0,47,1.8,10.4,2025,1,6,10,6,Winter,0
2025-01-06 11:00:00,15.7,81,16.3,0.0,28,0.9,11.5,2025,1,6,11,6,Winter,0
2025-01-06 12:00:00,16.8,77,17.4,0.0,14,2.3,12.6,2025,1,6,12,6,Winter,0
2025-01-06 13:00:00,17.5,74,17.7,0.0,3,4.5,16.2,2025,1,6,13,6,Winter,0
2025-01-06 14:00:00,17.9,71,17.9,0.0,3,5.7,17.6,2025,1,6,14,6,Winter,0
2025-01-06 15:00:00,18.0,73,17.8,0.0,18,7.7,19.8,2025,1,6,15,6,Winter,0
2025-01-06 16:00:00,17.4,75,16.9,0.0,20,9.2,20.9,2025,1,6,16,6,Winter,0
2025-01-06 17:00:00,16.1,80,15.8,0.0,2,7.4,19.8,2025,1,6,17,6,Winter,0
2025-01-06 18:00:00,14.2,86,13.8,0.0,6,6.0,16.6,2025,1,6,18,6,Winter,0
2025-01-06 19:00:00,13.6,87,13.2,0.0,1,6.0,11.9,2025,1,6,19,6,Winter,0
2025-01-06 20:00:00,13.5,87,12.8,0.0,1,7.3,14.4,2025,1,6,20,6,Winter,0
2025-01-06 21:00:00,13.0,88,12.1,0.0,3,8.5,16.9,2025,1,6,21,6,Winter,0
2025-01-06 22:00:00,12.4,91,11.3,0.0,3,9.3,18.4,2025,1,6,22,6,Winter,0
2025-01-06 23:00:00,11.9,94,10.8,0.0,1,9.2,18.7,2025,1,6,23,6,Winter,0
2025-01-07 00:00:00,11.5,95,10.3,0.0,5,9.4,18.4,2025,1,7,0,7,Winter,0
2025-01-07 01:00:00,11.3,95,10.0,0.0,7,9.9,19.4,2025,1,7,1,7,Winter,0
2025-01-07 02:00:00,11.0,95,9.7,0.0,8,9.7,19.8,2025,1,7,2,7,Winter,0
2025-01-07 03:00:00,10.7,96,9.4,0.0,16,9.5,19.4,2025,1,7,3,7,Winter,0
2025-01-07 04:00:00,10.4,97,8.9,0.0,20,10.1,19.4,2025,1,7,4,7,Winter,0
2025-01-07 05:00:00,10.2,97,8.6,0.0,15,10.5,20.5,2025,1,7,5,7,Winter,0
2025-01-07 06:00:00,11.3,98,9.9,0.0,100,11.8,22.7,2025,1,7,6,7,Winter,0
2025-01-07 07:00:00,11.1,98,9.6,0.0,100,11.7,25.2,2025,1,7,7,7,Winter,0
2025-01-07 08:00:00,11.2,99,10.1,0.0,100,9.3,23.4,2025,1,7,8,7,Winter,0
2025-01-07 09:00:00,11.7,97,10.6,0.0,100,9.8,22.7,2025,1,7,9,7,Winter,0
2025-01-07 10:00:00,12.9,92,11.9,0.0,100,10.0,24.1,2025,1,7,10,7,Winter,0
2025-01-07 11:00:00,14.2,86,13.1,0.0,100,11.6,27.7,2025,1,7,11,7,Winter,0
2025-01-07 12:00:00,15.6,79,14.2,0.0,100,13.8,32.0,2025,1,7,12,7,Winter,0
2025-01-07 13:00:00,16.9,69,15.3,0.0,42,13.6,33.5,2025,1,7,13,7,Winter,0
2025-01-07 14:00:00,17.5,69,16.5,0.0,3,10.2,32.0,2025,1,7,14,7,Winter,0
2025-01-07 15:00:00,17.5,69,16.5,0.0,2,10.0,25.9,2025,1,7,15,7,Winter,0
2025-01-07 16:00:00,16.8,72,15.9,0.0,1,9.9,24.1,2025,1,7,16,7,Winter,0
2025-01-07 17:00:00,15.5,78,14.6,0.0,0,9.4,22.3,2025,1,7,17,7,Winter,0
2025-01-07 18:00:00,13.8,86,13.3,0.0,16,6.1,14.8,2025,1,7,18,7,Winter,0
2025-01-07 19:00:00,13.3,87,12.7,0.0,3,6.6,13.0,2025,1,7,19,7,Winter,0
2025-01-07 20:00:00,12.8,89,11.9,0.0,2,7.8,14.8,2025,1,7,20,7,Winter,0
2025-01-07 21:00:00,12.2,91,11.2,0.0,0,8.4,16.6,2025,1,7,21,7,Winter,0
2025-01-07 22:00:00,11.7,91,10.6,0.0,0,8.4,16.6,2025,1,7,22,7,Winter,0
2025-01-07 23:00:00,11.2,90,9.8,0.0,0,8.8,17.3,2025,1,7,23,7,Winter,0
2025-01-08 00:00:00,10.7,89,9.0,0.0,0,9.6,18.7,2025,1,8,0,8,Winter,0
2025-01-08 01:00:00,10.2,88,8.4,0.0,0,9.3,18.7,2025,1,8,1,8,Winter,0
2025-01-08 02:00:00,9.8,88,7.8,0.0,0,9.7,18.4,2025,1,8,2,8,Winter,0
2025-01-08 03:00:00,9.5,88,7.3,0.0,0,10.3,19.8,2025,1,8,3,8,Winter,0
2025-01-08 04:00:00,9.2,87,6.9,0.0,0,10.5,20.5,2025,1,8,4,8,Winter,0
2025-01-08 05:00:00,9.0,86,6.6,0.0,0,10.8,21.2,2025,1,8,5,8,Winter,0
2025-01-08 06:00:00,8.9,88,6.6,0.0,0,10.8,20.5,2025,1,8,6,8,Winter,0
2025-01-08 07:00:00,8.7,88,6.4,0.0,0,10.3,20.9,2025,1,8,7,8,Winter,0
2025-01-08 08:00:00,9.6,84,7.3,0.0,0,11.0,21.6,2025,1,8,8,8,Winter,0
2025-01-08 09:00:00,11.3,80,9.4,0.0,0,9.6,22.3,2025,1,8,9,8,Winter,0
2025-01-08 10:00:00,13.2,73,11.4,0.0,0,9.2,24.1,2025,1,8,10,8,Winter,0
2025-01-08 11:00:00,15.0,67,13.3,0.0,0,9.7,25.9,2025,1,8,11,8,Winter,0
2025-01-08 12:00:00,16.7,62,15.1,0.0,0,10.7,27.0,2025,1,8,12,8,Winter,0
2025-01-08 13:00:00,17.8,56,16.1,0.0,0,11.1,28.1,2025,1,8,13,8,Winter,0
2025-01-08 14:00:00,18.4,52,16.3,0.0,0,11.1,28.1,2025,1,8,14,8,Winter,0
2025-01-08 15:00:00,18.3,52,16.3,0.0,0,10.1,27.0,2025,1,8,15,8,Winter,0
2025-01-08 16:00:00,17.6,57,16.2,0.0,0,7.5,23.0,2025,1,8,16,8,Winter,0
2025-01-08 17:00:00,15.4,67,14.2,0.0,0,6.2,16.2,2025,1,8,17,8,Winter,0
2025-01-08 18:00:00,14.7,71,13.6,0.0,0,6.4,12.6,2025,1,8,18,8,Winter,0
2025-01-08 19:00:00,13.8,73,12.7,0.0,0,6.2,12.2,2025,1,8,19,8,Winter,0
2025-01-08 20:00:00,13.0,75,11.7,0.0,3,5.8,11.5,2025,1,8,20,8,Winter,0
2025-01-08 21:00:00,12.3,76,10.9,0.0,0,5.7,11.2,2025,1,8,21,8,Winter,0
2025-01-08 22:00:00,11.7,76,10.3,0.0,3,4.8,9.7,2025,1,8,22,8,Winter,0
2025-01-08 23:00:00,10.9,79,9.6,0.0,0,4.4,7.9,2025,1,8,23,8,Winter,0
2025-01-09 00:00:00,10.1,82,8.8,0.0,0,4.0,6.8,2025,1,9,0,9,Winter,0
2025-01-09 01:00:00,9.3,85,7.8,0.0,12,4.3,7.6,2025,1,9,1,9,Winter,0
2025-01-09 02:00:00,8.9,85,7.3,0.0,0,4.8,8.6,2025,1,9,2,9,Winter,0
2025-01-09 03:00:00,8.5,85,6.8,0.0,12,4.9,9.0,2025,1,9,3,9,Winter,0
2025-01-09 04:00:00,8.2,86,6.6,0.0,1,3.4,7.9,2025,1,9,4,9,Winter,0
2025-01-09 05:00:00,8.0,86,6.5,0.0,7,2.9,6.1,2025,1,9,5,9,Winter,0
2025-01-09 06:00:00,8.3,87,7.1,0.0,2,1.6,3.2,2025,1,9,6,9,Winter,0
2025-01-09 07:00:00,8.3,87,7.1,0.0,4,1.5,2.9,2025,1,9,7,9,Winter,0
2025-01-09 08:00:00,9.1,90,8.0,0.0,11,2.7,5.0,2025,1,9,8,9,Winter,0
2025-01-09 09:00:00,11.8,87,11.5,0.0,6,1.6,8.6,2025,1,9,9,9,Winter,0
2025-01-09 10:00:00,14.8,77,14.7,0.0,7,2.1,10.4,2025,1,9,10,9,Winter,0
2025-01-09 11:00:00,16.5,67,16.2,0.0,9,2.6,12.2,2025,1,9,11,9,Winter,0
2025-01-09 12:00:00,17.5,62,17.4,0.0,5,2.9,13.0,2025,1,9,12,9,Winter,0
2025-01-09 13:00:00,18.3,58,18.1,0.0,11,2.6,13.0,2025,1,9,13,9,Winter,0
2025-01-09 14:00:00,18.7,56,18.2,0.0,2,2.4,11.9,2025,1,9,14,9,Winter,0
2025-01-09 15:00:00,18.7,55,18.1,0.0,0,2.6,11.2,2025,1,9,15,9,Winter,0
2025-01-09 16:00:00,18.2,61,18.1,0.0,0,1.8,9.4,2025,1,9,16,9,Winter,0
2025-01-09 17:00:00,16.4,66,16.2,0.0,0,1.3,4.0,2025,1,9,17,9,Winter,0
2025-01-09 18:00:00,15.1,72,14.6,0.0,0,3.2,7.6,2025,1,9,18,9,Winter,0
2025-01-09 19:00:00,13.8,77,13.3,0.0,0,3.3,5.8,2025,1,9,19,9,Winter,0
2025-01-09 20:00:00,12.9,81,12.2,0.0,0,4.1,7.2,2025,1,9,20,9,Winter,0
2025-01-09 21:00:00,12.6,81,12.2,0.0,0,1.9,7.2,2025,1,9,21,9,Winter,0
2025-01-09 22:00:00,12.1,82,11.7,0.0,0,1.1,2.9,2025,1,9,22,9,Winter,0
2025-01-09 23:00:00,11.1,86,10.5,0.0,0,2.0,2.9,2025,1,9,23,9,Winter,0
2025-01-10 00:00:00,10.3,90,9.5,0.0,0,2.6,4.0,2025,1,10,0,10,Winter,0
2025-01-10 01:00:00,9.7,92,8.9,0.0,0,2.2,3.6,2025,1,10,1,10,Winter,0
2025-01-10 02:00:00,9.2,93,8.4,0.0,0,2.3,3.2,2025,1,10,2,10,Winter,0
2025-01-10 03:00:00,8.8,94,7.9,0.0,0,2.1,3.2,2025,1,10,3,10,Winter,0
2025-01-10 04:00:00,8.6,94,7.7,0.0,0,1.8,3.2,2025,1,10,4,10,Winter,0
2025-01-10 05:00:00,8.4,93,7.2,0.0,0,2.9,4.0,2025,1,10,5,10,Winter,0
2025-01-10 06:00:00,8.5,96,7.2,0.0,20,5.4,10.4,2025,1,10,6,10,Winter,0
2025-01-10 07:00:00,7.9,99,6.6,0.0,46,4.7,10.4,2025,1,10,7,10,Winter,0
2025-01-10 08:00:00,8.8,98,7.5,0.0,100,5.9,12.6,2025,1,10,8,10,Winter,0
2025-01-10 09:00:00,10.9,94,10.1,0.0,100,5.1,14.0,2025,1,10,9,10,Winter,0
2025-01-10 10:00:00,12.7,91,12.6,0.0,28,3.0,13.7,2025,1,10,10,10,Winter,0
2025-01-10 11:00:00,15.1,81,15.0,0.0,1,4.2,15.5,2025,1,10,11,10,Winter,0
2025-01-10 12:00:00,16.6,72,16.6,0.0,0,4.7,16.9,2025,1,10,12,10,Winter,0
2025-01-10 13:00:00,17.5,66,17.3,0.0,0,4.9,16.9,2025,1,10,13,10,Winter,0
2025-01-10 14:00:00,17.9,62,17.3,0.0,0,4.9,16.6,2025,1,10,14,10,Winter,0
2025-01-10 15:00:00,17.9,60,17.1,0.0,0,5.3,15.8,2025,1,10,15,10,Winter,0
2025-01-10 16:00:00,17.2,63,16.4,0.0,0,5.5,15.1,2025,1,10,16,10,Winter,0
2025-01-10 17:00:00,15.2,75,14.7,0.0,0,4.8,11.9,2025,1,10,17,10,Winter,0
2025-01-10 18:00:00,13.4,82,12.7,0.0,0,5.3,9.0,2025,1,10,18,10,Winter,0
2025-01-10 19:00:00,12.8,84,12.0,0.0,3,5.6,10.1,2025,1,10,19,10,Winter,0
2025-01-10 20:00:00,11.8,88,11.0,0.0,0,5.4,10.1,2025,1,10,20,10,Winter,0
2025-01-10 21:00:00,11.3,91,10.4,0.0,0,6.0,10.8,2025,1,10,21,10,Winter,0
2025-01-10 22:00:00,10.7,92,9.7,0.0,0,5.9,11.2,2025,1,10,22,10,Winter,0
2025-01-10 23:00:00,10.4,92,9.2,0.0,0,6.4,11.5,2025,1,10,23,10,Winter,0
2025-01-11 00:00:00,9.8,93,8.6,0.0,0,6.1,11.5,2025,1,11,0,11,Winter,0
2025-01-11 01:00:00,9.5,93,8.1,0.0,0,6.4,11.5,2025,1,11,1,11,Winter,0
2025-01-11 02:00:00,8.6,95,7.1,0.0,0,6.2,11.9,2025,1,11,2,11,Winter,0
2025-01-11 03:00:00,8.3,96,6.7,0.0,0,6.2,11.9,2025,1,11,3,11,Winter,0
2025-01-11 04:00:00,8.0,96,6.4,0.0,0,6.2,11.9,2025,1,11,4,11,Winter,0
2025-01-11 05:00:00,8.0,96,6.3,0.0,0,6.8,12.6,2025,1,11,5,11,Winter,0
2025-01-11 06:00:00,9.1,97,7.4,0.0,26,9.2,17.3,2025,1,11,6,11,Winter,0
2025-01-11 07:00:00,9.1,97,7.1,0.0,35,11.2,20.9,2025,1,11,7,11,Winter,0
2025-01-11 08:00:00,10.1,97,8.3,0.0,91,11.6,22.0,2025,1,11,8,11,Winter,0
2025-01-11 09:00:00,11.6,92,9.9,0.0,99,12.3,26.6,2025,1,11,9,11,Winter,0
2025-01-11 10:00:00,13.6,84,11.8,0.0,92,14.1,33.1,2025,1,11,10,11,Winter,0
2025-01-11 11:00:00,15.3,79,14.6,0.0,100,7.9,32.0,2025,1,11,11,11,Winter,0
2025-01-11 12:00:00,16.2,75,16.3,0.0,99,3.0,20.9,2025,1,11,12,11,Winter,0
2025-01-11 13:00:00,16.8,73,17.3,0.0,99,0.0,12.2,2025,1,11,13,11,Winter,0
2025-01-11 14:00:00,16.8,71,17.1,0.0,97,0.6,9.0,2025,1,11,14,11,Winter,0
2025-01-11 15:00:00,16.5,73,16.7,0.2,100,1.8,7.9,2025,1,11,15,11,Winter,1
2025-01-11 16:00:00,16.2,76,15.9,0.1,89,5.5,13.7,2025,1,11,16,11,Winter,1
2025-01-11 17:00:00,14.9,84,14.7,1.3,99,6.0,17.6,2025,1,11,17,11,Winter,1
2025-01-11 18:00:00,13.6,93,14.1,0.3,100,1.7,17.6,2025,1,11,18,11,Winter,1
2025-01-11 19:00:00,13.0,93,11.6,1.2,100,13.0,24.1,2025,1,11,19,11,Winter,1
2025-01-11 20:00:00,12.7,86,11.5,0.6,100,8.6,25.2,2025,1,11,20,11,Winter,1
2025-01-11 21:00:00,12.3,85,11.1,0.1,90,7.9,14.0,2025,1,11,21,11,Winter,1
2025-01-11 22:00:00,11.6,89,10.7,0.1,99,5.8,14.0,2025,1,11,22,11,Winter,1
2025-01-11 23:00:00,11.3,91,10.6,0.0,69,4.5,9.7,2025,1,11,23,11,Winter,0
2025-01-12 00:00:00,11.0,90,10.2,0.0,1,3.8,6.8,2025,1,12,0,12,Winter,0
2025-01-12 01:00:00,9.9,93,8.7,0.0,17,5.9,8.6,2025,1,12,1,12,Winter,0
2025-01-12 02:00:00,10.4,94,9.3,0.0,20,6.1,10.8,2025,1,12,2,12,Winter,0
2025-01-12 03:00:00,9.9,95,8.9,0.0,14,5.4,10.4,2025,1,12,3,12,Winter,0
2025-01-12 04:00:00,9.8,93,8.8,0.0,62,4.3,7.9,2025,1,12,4,12,Winter,0
2025-01-12 05:00:00,10.4,93,9.3,0.0,3,6.2,9.4,2025,1,12,5,12,Winter,0
2025-01-12 06:00:00,10.5,96,10.0,0.0,9,3.1,4.0,2025,1,12,6,12,Winter,0
2025-01-12 07:00:00,10.2,96,9.6,0.0,11,3.2,4.3,2025,1,12,7,12,Winter,0
2025-01-12 08:00:00,12.0,95,11.5,0.0,0,6.0,11.2,2025,1,12,8,12,Winter,0
2025-01-12 09:00:00,13.9,91,13.9,0.0,48,4.4,12.6,2025,1,12,9,12,Winter,0
2025-01-12 10:00:00,15.1,87,15.2,0.0,57,5.6,16.2,2025,1,12,10,12,Winter,0
2025-01-12 11:00:00,16.4,82,16.8,0.1,31,4.1,16.2,2025,1,12,11,12,Winter,1
2025-01-12 12:00:00,17.4,77,18.1,0.0,32,2.1,15.5,2025,1,12,12,12,Winter,0
2025-01-12 13:00:00,17.8,73,18.3,0.0,99,3.0,15.1,2025,1,12,13,12,Winter,0
2025-01-12 14:00:00,18.0,70,18.2,0.0,96,3.3,15.1,2025,1,12,14,12,Winter,0
2025-01-12 15:00:00,18.0,67,18.3,0.0,89,1.9,13.0,2025,1,12,15,12,Winter,0
2025-01-12 16:00:00,17.9,67,18.1,0.0,15,1.8,9.0,2025,1,12,16,12,Winter,0
2025-01-12 17:00:00,16.3,77,16.4,0.0,42,4.0,7.9,2025,1,12,17,12,Winter,0
2025-01-12 18:00:00,13.4,91,13.5,0.0,11,3.1,9.4,2025,1,12,18,12,Winter,0
2025-01-12 19:00:00,12.9,92,12.7,0.0,17,4.3,7.9,2025,1,12,19,12,Winter,0
2025-01-12 20:00:00,12.8,93,12.4,0.0,15,6.0,11.9,2025,1,12,20,12,Winter,0
2025-01-12 21:00:00,12.3,94,11.8,0.0,9,6.2,12.2,2025,1,12,21,12,Winter,0
2025-01-12 22:00:00,11.7,95,11.1,0.0,5,5.6,12.2,2025,1,12,22,12,Winter,0
2025-01-12 23:00:00,10.6,96,9.9,0.0,0,4.8,11.5,2025,1,12,23,12,Winter,0
2025-01-13 00:00:00,9.9,96,9.1,0.0,0,4.2,9.4,2025,1,13,0,13,Winter,0
2025-01-13 01:00:00,9.8,96,8.9,0.0,0,4.9,9.7,2025,1,13,1,13,Winter,0
2025-01-13 02:00:00,9.7,97,8.7,0.0,11,5.2,11.2,2025,1,13,2,13,Winter,0
2025-01-13 03:00:00,9.5,97,8.5,0.0,20,5.4,11.2,2025,1,13,3,13,Winter,0
2025-01-13 04:00:00,9.4,98,8.1,0.0,41,6.8,14.0,2025,1,13,4,13,Winter,0
2025-01-13 05:00:00,9.2,99,7.8,0.0,100,7.1,14.8,2025,1,13,5,13,Winter,0
2025-01-13 06:00:00,9.9,98,8.7,0.0,48,7.2,16.9,2025,1,13,6,13,Winter,0
2025-01-13 07:00:00,9.8,97,8.6,0.0,21,7.2,14.8,2025,1,13,7,13,Winter,0
2025-01-13 08:00:00,10.8,94,9.5,0.0,3,8.2,18.0,2025,1,13,8,13,Winter,0
2025-01-13 09:00:00,12.2,92,11.5,0.0,0,6.7,18.4,2025,1,13,9,13,Winter,0
2025-01-13 10:00:00,14.1,83,13.5,0.0,0,6.7,19.4,2025,1,13,10,13,Winter,0
2025-01-13 11:00:00,15.7,77,15.2,0.0,0,6.8,20.9,2025,1,13,11,13,Winter,0
2025-01-13 12:00:00,17.2,73,17.2,0.0,0,6.4,20.9,2025,1,13,12,13,Winter,0
2025-01-13 13:00:00,18.3,68,18.3,0.0,0,6.2,19.8,2025,1,13,13,13,Winter,0
2025-01-13 14:00:00,18.9,65,18.6,0.0,0,6.6,19.4,2025,1,13,14,13,Winter,0
2025-01-13 15:00:00,19.0,65,18.6,0.0,0,7.0,19.1,2025,1,13,15,13,Winter,0
2025-01-13 16:00:00,18.5,69,18.3,0.0,0,6.7,18.4,2025,1,13,16,13,Winter,0
2025-01-13 17:00:00,16.8,77,16.8,0.0,0,5.8,15.1,2025,1,13,17,13,Winter,0
2025-01-13 18:00:00,15.5,82,15.2,0.0,0,7.0,13.7,2025,1,13,18,13,Winter,0
2025-01-13 19:00:00,14.8,83,14.3,0.0,0,7.7,15.1,2025,1,13,19,13,Winter,0
2025-01-13 20:00:00,14.1,85,13.3,0.0,0,8.6,16.9,2025,1,13,20,13,Winter,0
2025-01-13 21:00:00,13.4,86,12.4,0.0,0,8.6,17.3,2025,1,13,21,13,Winter,0
2025-01-13 22:00:00,12.8,88,11.8,0.0,0,8.5,17.3,2025,1,13,22,13,Winter,0
2025-01-13 23:00:00,12.2,90,11.1,0.0,0,8.0,16.9,2025,1,13,23,13,Winter,0
2025-01-14 00:00:00,11.6,91,10.6,0.0,0,7.5,15.5,2025,1,14,0,14,Winter,0
2025-01-14 01:00:00,11.1,93,9.9,0.0,0,8.0,15.1,2025,1,14,1,14,Winter,0
2025-01-14 02:00:00,10.7,94,9.4,0.0,0,8.1,15.5,2025,1,14,2,14,Winter,0
2025-01-14 03:00:00,9.9,95,8.6,0.0,0,7.2,15.5,2025,1,14,3,14,Winter,0
2025-01-14 04:00:00,9.5,95,8.1,0.0,0,7.3,14.8,2025,1,14,4,14,Winter,0
2025-01-14 05:00:00,9.0,95,7.5,0.0,0,6.6,14.4,2025,1,14,5,14,Winter,0
2025-01-14 06:00:00,9.1,96,7.7,0.0,0,6.3,14.8,2025,1,14,6,14,Winter,0
2025-01-14 07:00:00,8.7,97,7.3,0.0,0,6.2,11.9,2025,1,14,7,14,Winter,0
2025-01-14 08:00:00,10.0,95,8.6,0.0,1,8.1,14.8,2025,1,14,8,14,Winter,0
2025-01-14 09:00:00,11.9,90,11.2,0.0,0,5.4,16.2,2025,1,14,9,14,Winter,0
2025-01-14 10:00:00,13.7,83,13.3,0.0,0,4.3,16.2,2025,1,14,10,14,Winter,0
2025-01-14 11:00:00,15.4,75,15.1,0.0,0,4.0,15.5,2025,1,14,11,14,Winter,0
2025-01-14 12:00:00,16.7,70,16.9,0.0,0,3.3,15.5,2025,1,14,12,14,Winter,0
2025-01-14 13:00:00,17.6,67,17.9,0.0,0,3.2,14.8,2025,1,14,13,14,Winter,0
2025-01-14 14:00:00,18.1,64,18.0,0.0,0,3.4,14.0,2025,1,14,14,14,Winter,0
2025-01-14 15:00:00,18.2,64,18.0,0.0,0,3.9,13.7,2025,1,14,15,14,Winter,0
2025-01-14 16:00:00,17.8,66,17.7,0.0,0,3.6,12.2,2025,1,14,16,14,Winter,0
2025-01-14 17:00:00,16.2,74,16.4,0.0,0,2.1,8.6,2025,1,14,17,14,Winter,0
2025-01-14 18:00:00,15.4,76,15.4,0.0,0,2.1,2.9,2025,1,14,18,14,Winter,0
2025-01-14 19:00:00,14.4,80,14.4,0.0,0,2.2,3.2,2025,1,14,19,14,Winter,0
2025-01-14 20:00:00,14.1,80,14.1,0.0,0,1.5,3.2,2025,1,14,20,14,Winter,0
2025-01-14 21:00:00,13.3,82,12.8,0.0,0,4.5,6.8,2025,1,14,21,14,Winter,0
2025-01-14 22:00:00,13.3,82,13.1,0.0,0,1.4,6.8,2025,1,14,22,14,Winter,0
2025-01-14 23:00:00,12.4,85,12.1,0.0,0,2.4,3.6,2025,1,14,23,14,Winter,0
2025-01-15 00:00:00,11.9,88,11.8,0.0,0,0.7,3.6,2025,1,15,0,15,Winter,0
2025-01-15 01:00:00,11.4,90,11.3,0.0,100,0.2,1.4,2025,1,15,1,15,Winter,0
2025-01-15 02:00:00,10.6,93,10.4,0.0,39,0.6,1.8,2025,1,15,2,15,Winter,0
2025-01-15 03:00:00,9.5,99,9.3,0.0,17,0.5,1.8,2025,1,15,3,15,Winter,0
2025-01-15 04:00:00,9.3,99,9.0,0.0,100,0.4,1.4,2025,1,15,4,15,Winter,0
2025-01-15 05:00:00,9.1,99,8.6,0.0,100,1.1,5.8,2025,1,15,5,15,Winter,0
2025-01-15 06:00:00,9.1,99,8.5,0.0,100,1.8,6.8,2025,1,15,6,15,Winter,0
2025-01-15 07:00:00,9.2,98,8.5,0.0,100,2.4,7.2,2025,1,15,7,15,Winter,0
2025-01-15 08:00:00,9.7,98,9.1,0.0,100,2.8,9.0,2025,1,15,8,15,Winter,0
2025-01-15 09:00:00,11.0,93,10.4,0.0,100,4.2,13.0,2025,1,15,9,15,Winter,0
2025-01-15 10:00:00,12.6,94,12.4,0.0,98,4.2,14.4,2025,1,15,10,15,Winter,0
2025-01-15 11:00:00,15.2,87,15.6,0.0,65,3.8,15.1,2025,1,15,11,15,Winter,0
2025-01-15 12:00:00,17.1,79,17.5,0.0,24,5.6,17.3,2025,1,15,12,15,Winter,0
2025-01-15 13:00:00,18.0,69,17.9,0.0,10,5.9,20.5,2025,1,15,13,15,Winter,0
2025-01-15 14:00:00,18.3,67,18.1,0.0,11,5.3,18.4,2025,1,15,14,15,Winter,0
2025-01-15 15:00:00,18.4,66,18.1,0.0,13,5.4,16.2,2025,1,15,15,15,Winter,0
2025-01-15 16:00:00,18.0,67,17.7,0.0,26,5.1,15.5,2025,1,15,16,15,Winter,0
2025-01-15 17:00:00,16.3,78,16.4,0.0,44,3.9,11.9,2025,1,15,17,15,Winter,0
2025-01-15 18:00:00,14.2,82,13.7,0.0,92,5.8,10.8,2025,1,15,18,15,Winter,0
2025-01-15 19:00:00,13.6,86,13.3,0.0,56,4.8,12.6,2025,1,15,19,15,Winter,0
2025-01-15 20:00:00,12.9,89,12.5,0.9,79,4.5,9.4,2025,1,15,20,15,Winter,1
2025-01-15 21:00:00,13.0,89,12.8,1.6,86,3.6,8.6,2025,1,15,21,15,Winter,1
2025-01-15 22:00:00,12.9,90,12.3,0.4,49,6.3,10.4,2025,1,15,22,15,Winter,1
2025-01-15 23:00:00,12.2,93,12.2,0.0,60,2.2,11.2,2025,1,15,23,15,Winter,0
2025-01-16 00:00:00,12.0,92,11.8,0.0,67,2.6,3.2,2025,1,16,0,16,Winter,0
2025-01-16 01:00:00,11.6,93,11.3,0.0,55,2.7,3.2,2025,1,16,1,16,Winter,0
2025-01-16 02:00:00,11.1,95,10.5,0.0,91,4.5,6.1,2025,1,16,2,16,Winter,0
2025-01-16 03:00:00,11.7,95,11.3,0.0,100,4.0,11.2,2025,1,16,3,16,Winter,0
2025-01-16 04:00:00,11.6,95,11.3,0.0,100,3.2,6.1,2025,1,16,4,16,Winter,0
2025-01-16 05:00:00,11.8,94,11.4,0.0,83,4.0,6.8,2025,1,16,5,16,Winter,0
2025-01-16 06:00:00,12.2,94,11.6,0.1,100,6.2,11.9,2025,1,16,6,16,Winter,1
2025-01-16 07:00:00,12.3,94,11.8,0.1,100,5.6,11.9,2025,1,16,7,16,Winter,1
2025-01-16 08:00:00,12.6,93,12.4,0.2,100,4.3,10.1,2025,1,16,8,16,Winter,1
2025-01-16 09:00:00,13.1,93,12.9,0.3,100,5.8,14.0,2025,1,16,9,16,Winter,1
2025-01-16 10:00:00,14.5,87,14.3,0.0,16,5.7,16.6,2025,1,16,10,16,Winter,0
2025-01-16 11:00:00,16.2,75,15.9,0.0,32,5.6,18.0,2025,1,16,11,16,Winter,0
2025-01-16 12:00:00,17.0,70,16.8,0.0,30,3.8,17.6,2025,1,16,12,16,Winter,0
2025-01-16 13:00:00,17.4,67,17.2,0.0,39,3.7,14.4,2025,1,16,13,16,Winter,0
2025-01-16 14:00:00,18.0,63,17.8,0.0,7,3.1,14.0,2025,1,16,14,16,Winter,0
2025-01-16 15:00:00,18.0,62,17.7,0.0,3,3.3,11.9,2025,1,16,15,16,Winter,0
2025-01-16 16:00:00,17.8,63,17.4,0.0,15,4.1,11.9,2025,1,16,16,16,Winter,0
2025-01-16 17:00:00,17.0,73,17.3,0.0,7,2.1,9.7,2025,1,16,17,16,Winter,0
2025-01-16 18:00:00,14.7,80,14.6,0.0,1,3.3,5.4,2025,1,16,18,16,Winter,0
2025-01-16 19:00:00,13.8,83,13.5,0.0,0,4.5,7.2,2025,1,16,19,16,Winter,0
2025-01-16 20:00:00,13.3,85,12.8,0.0,1,5.0,8.3,2025,1,16,20,16,Winter,0
2025-01-16 21:00:00,12.6,86,12.0,0.0,1,5.2,8.3,2025,1,16,21,16,Winter,0
2025-01-16 22:00:00,12.1,88,11.3,0.0,0,5.1,8.3,2025,1,16,22,16,Winter,0
2025-01-16 23:00:00,11.5,89,10.8,0.0,0,4.8,8.3,2025,1,16,23,16,Winter,0
2025-01-17 00:00:00,11.1,91,10.2,0.0,0,5.2,8.6,2025,1,17,0,17,Winter,0
2025-01-17 01:00:00,11.0,90,10.0,0.0,0,5.6,10.4,2025,1,17,1,17,Winter,0
2025-01-17 02:00:00,11.0,89,9.8,0.0,0,6.5,11.9,2025,1,17,2,17,Winter,0
2025-01-17 03:00:00,10.7,90,9.4,0.0,0,7.5,14.4,2025,1,17,3,17,Winter,0
2025-01-17 04:00:00,10.3,89,8.8,0.0,0,7.5,14.8,2025,1,17,4,17,Winter,0
2025-01-17 05:00:00,9.8,89,8.3,0.0,0,7.1,14.0,2025,1,17,5,17,Winter,0
2025-01-17 06:00:00,9.3,94,8.0,0.0,0,5.9,12.6,2025,1,17,6,17,Winter,0
2025-01-17 07:00:00,9.2,94,7.9,0.0,0,6.1,11.9,2025,1,17,7,17,Winter,0
2025-01-17 08:00:00,10.7,91,9.4,0.0,0,7.8,14.4,2025,1,17,8,17,Winter,0
2025-01-17 09:00:00,12.4,87,11.6,0.0,0,5.7,15.1,2025,1,17,9,17,Winter,0
2025-01-17 10:00:00,14.3,81,13.9,0.0,0,5.0,16.6,2025,1,17,10,17,Winter,0
2025-01-17 11:00:00,16.2,74,15.8,0.0,0,5.8,18.4,2025,1,17,11,17,Winter,0
2025-01-17 12:00:00,17.6,67,17.4,0.0,0,6.8,20.9,2025,1,17,12,17,Winter,0
2025-01-17 13:00:00,18.5,62,18.1,0.0,0,7.2,20.9,2025,1,17,13,17,Winter,0
2025-01-17 14:00:00,18.9,58,17.8,0.0,0,8.5,22.7,2025,1,17,14,17,Winter,0
2025-01-17 15:00:00,18.8,58,17.5,0.0,0,9.3,23.4,2025,1,17,15,17,Winter,0
2025-01-17 16:00:00,18.0,61,16.9,0.0,0,8.4,22.7,2025,1,17,16,17,Winter,0
2025-01-17 17:00:00,16.2,69,15.2,0.0,0,7.6,19.1,2025,1,17,17,17,Winter,0
2025-01-17 18:00:00,14.2,76,13.0,0.0,0,7.8,17.6,2025,1,17,18,17,Winter,0
2025-01-17 19:00:00,13.3,79,12.0,0.0,0,7.9,15.5,2025,1,17,19,17,Winter,0
2025-01-17 20:00:00,12.6,82,11.4,0.0,0,7.9,15.5,2025,1,17,20,17,Winter,0
2025-01-17 21:00:00,11.8,85,10.7,0.0,14,6.6,15.5,2025,1,17,21,17,Winter,0
2025-01-17 22:00:00,10.7,89,9.6,0.0,3,5.1,13.0,2025,1,17,22,17,Winter,0
2025-01-17 23:00:00,10.2,91,9.1,0.0,7,5.2,10.1,2025,1,17,23,17,Winter,0
2025-01-18 00:00:00,9.7,93,8.5,0.0,23,5.7,10.8,2025,1,18,0,18,Winter,0
2025-01-18 01:00:00,8.8,96,7.6,0.0,12,4.3,10.8,2025,1,18,1,18,Winter,0
2025-01-18 02:00:00,8.4,97,7.1,0.0,7,4.9,8.6,2025,1,18,2,18,Winter,0
2025-01-18 03:00:00,8.2,99,6.6,0.0,30,6.9,11.9,2025,1,18,3,18,Winter,0
2025-01-18 04:00:00,7.9,100,6.0,0.0,100,8.6,16.6,2025,1,18,4,18,Winter,0
2025-01-18 05:00:00,7.8,99,6.0,0.0,100,7.7,16.9,2025,1,18,5,18,Winter,0
2025-01-18 06:00:00,9.5,99,8.3,0.0,100,6.7,18.4,2025,1,18,6,18,Winter,0
2025-01-18 07:00:00,9.7,97,8.5,0.0,100,6.6,15.8,2025,1,18,7,18,Winter,0
2025-01-18 08:00:00,10.0,98,8.8,0.0,100,7.5,18.0,2025,1,18,8,18,Winter,0
2025-01-18 09:00:00,10.7,96,9.7,0.0,100,6.5,17.3,2025,1,18,9,18,Winter,0
2025-01-18 10:00:00,12.7,89,12.4,0.0,100,3.5,18.7,2025,1,18,10,18,Winter,0
2025-01-18 11:00:00,14.0,84,14.1,0.0,79,2.1,13.0,2025,1,18,11,18,Winter,0
2025-01-18 12:00:00,15.6,77,15.6,0.0,3,3.3,14.4,2025,1,18,12,18,Winter,0
2025-01-18 13:00:00,17.1,69,17.6,0.0,1,3.0,14.8,2025,1,18,13,18,Winter,0
2025-01-18 14:00:00,17.8,65,17.4,0.0,93,4.6,16.2,2025,1,18,14,18,Winter,0
2025-01-18 15:00:00,17.8,62,17.4,0.0,4,3.4,15.8,2025,1,18,15,18,Winter,0
2025-01-18 16:00:00,17.6,63,17.4,0.0,7,2.7,11.2,2025,1,18,16,18,Winter,0
2025-01-18 17:00:00,16.0,72,16.1,0.0,45,1.0,6.1,2025,1,18,17,18,Winter,0
2025-01-18 18:00:00,15.1,79,15.4,0.0,45,1.1,2.2,2025,1,18,18,18,Winter,0
2025-01-18 19:00:00,14.1,81,14.2,0.0,34,0.6,1.8,2025,1,18,19,18,Winter,0
2025-01-18 20:00:00,13.2,84,13.3,0.0,35,0.3,1.1,2025,1,18,20,18,Winter,0
2025-01-18 21:00:00,12.3,87,12.1,0.0,17,1.7,2.9,2025,1,18,21,18,Winter,0
2025-01-18 22:00:00,11.1,92,10.5,0.0,57,3.7,6.1,2025,1,18,22,18,Winter,0
2025-01-18 23:00:00,10.1,96,9.4,0.0,58,3.8,7.2,2025,1,18,23,18,Winter,0
2025-01-19 00:00:00,9.7,98,8.9,0.0,96,4.5,8.3,2025,1,19,0,19,Winter,0
2025-01-19 01:00:00,9.4,100,8.7,0.0,100,3.6,9.0,2025,1,19,1,19,Winter,0
2025-01-19 02:00:00,9.2,100,8.5,0.0,100,3.1,8.3,2025,1,19,2,19,Winter,0
2025-01-19 03:00:00,8.9,100,8.4,0.0,100,1.6,7.6,2025,1,19,3,19,Winter,0
2025-01-19 04:00:00,9.1,98,8.5,0.0,100,1.9,5.4,2025,1,19,4,19,Winter,0
2025-01-19 05:00:00,9.0,99,8.5,0.0,100,1.5,5.8,2025,1,19,5,19,Winter,0
2025-01-19 06:00:00,10.4,95,10.0,0.0,100,2.2,6.8,2025,1,19,6,19,Winter,0
2025-01-19 07:00:00,10.4,96,9.9,0.0,100,2.9,6.8,2025,1,19,7,19,Winter,0
2025-01-19 08:00:00,10.9,95,10.6,0.0,100,2.0,8.6,2025,1,19,8,19,Winter,0
2025-01-19 09:00:00,12.3,96,12.5,0.0,100,1.5,9.0,2025,1,19,9,19,Winter,0
2025-01-19 10:00:00,14.3,90,14.9,0.0,43,2.1,10.4,2025,1,19,10,19,Winter,0
2025-01-19 11:00:00,16.5,84,17.3,0.0,6,3.0,13.3,2025,1,19,11,19,Winter,0
2025-01-19 12:00:00,18.7,73,19.6,0.0,22,3.4,14.4,2025,1,19,12,19,Winter,0
2025-01-19 13:00:00,20.2,67,21.2,0.0,6,3.7,14.4,2025,1,19,13,19,Winter,0
2025-01-19 14:00:00,21.1,65,21.8,0.0,33,4.6,15.1,2025,1,19,14,19,Winter,0
2025-01-19 15:00:00,21.3,65,22.0,0.0,51,4.9,15.1,2025,1,19,15,19,Winter,0
2025-01-19 16:00:00,20.8,68,21.8,0.0,71,4.1,13.7,2025,1,19,16,19,Winter,0
2025-01-19 17:00:00,19.0,78,20.2,0.0,58,3.2,9.4,2025,1,19,17,19,Winter,0
2025-01-19 18:00:00,18.1,81,19.0,0.0,95,4.6,7.2,2025,1,19,18,19,Winter,0
2025-01-19 19:00:00,17.7,80,18.6,0.0,89,3.2,6.8,2025,1,19,19,19,Winter,0
2025-01-19 20:00:00,17.2,80,18.0,0.0,36,2.8,4.7,2025,1,19,20,19,Winter,0
2025-01-19 21:00:00,16.6,80,17.2,0.0,8,2.4,4.0,2025,1,19,21,19,Winter,0
2025-01-19 22:00:00,15.6,84,16.0,0.0,0,3.6,5.4,2025,1,19,22,19,Winter,0
2025-01-19 23:00:00,14.7,88,14.7,0.0,0,5.5,9.4,2025,1,19,23,19,Winter,0
2025-01-20 00:00:00,14.3,89,14.3,0.0,4,5.5,10.4,2025,1,20,0,20,Winter,0
2025-01-20 01:00:00,13.7,91,13.6,0.0,2,5.6,10.1,2025,1,20,1,20,Winter,0
2025-01-20 02:00:00,13.3,91,12.9,0.0,13,5.9,10.8,2025,1,20,2,20,Winter,0
2025-01-20 03:00:00,13.0,91,12.5,0.0,23,6.4,11.9,2025,1,20,3,20,Winter,0
2025-01-20 04:00:00,12.8,91,12.1,0.0,33,7.5,14.0,2025,1,20,4,20,Winter,0
2025-01-20 05:00:00,12.5,91,11.8,0.0,45,7.5,14.4,2025,1,20,5,20,Winter,0
2025-01-20 06:00:00,12.0,93,11.1,0.0,40,8.2,15.1,2025,1,20,6,20,Winter,0
2025-01-20 07:00:00,11.7,94,10.8,0.0,46,7.8,15.8,2025,1,20,7,20,Winter,0
2025-01-20 08:00:00,12.6,93,11.9,0.0,23,8.0,16.9,2025,1,20,8,20,Winter,0
2025-01-20 09:00:00,14.4,90,14.4,0.0,16,6.1,16.9,2025,1,20,9,20,Winter,0
2025-01-20 10:00:00,16.5,84,16.8,0.0,0,6.5,19.1,2025,1,20,10,20,Winter,0
2025-01-20 11:00:00,18.5,77,18.8,0.0,0,7.7,22.0,2025,1,20,11,20,Winter,0
2025-01-20 12:00:00,20.1,72,20.8,0.0,0,8.3,23.4,2025,1,20,12,20,Winter,0
2025-01-20 13:00:00,21.2,70,22.1,0.0,0,9.1,24.5,2025,1,20,13,20,Winter,0
2025-01-20 14:00:00,21.9,66,22.1,0.0,0,10.2,25.9,2025,1,20,14,20,Winter,0
2025-01-20 15:00:00,21.9,65,22.1,0.0,0,10.2,25.6,2025,1,20,15,20,Winter,0
2025-01-20 16:00:00,21.4,68,21.8,0.0,0,8.8,24.1,2025,1,20,16,20,Winter,0
2025-01-20 17:00:00,19.6,75,20.3,0.0,0,6.5,19.4,2025,1,20,17,20,Winter,0
2025-01-20 18:00:00,18.5,79,19.1,0.0,0,6.7,13.0,2025,1,20,18,20,Winter,0
2025-01-20 19:00:00,17.9,81,18.3,0.0,0,7.2,14.0,2025,1,20,19,20,Winter,0
2025-01-20 20:00:00,17.1,84,17.5,0.0,0,7.1,14.0,2025,1,20,20,20,Winter,0
2025-01-20 21:00:00,16.4,86,16.7,0.0,0,7.3,14.0,2025,1,20,21,20,Winter,0
2025-01-20 22:00:00,15.9,87,16.0,0.0,0,7.4,14.4,2025,1,20,22,20,Winter,0
2025-01-20 23:00:00,15.3,88,15.2,0.0,0,7.5,15.1,2025,1,20,23,20,Winter,0
2025-01-21 00:00:00,14.6,88,14.4,0.0,0,6.9,14.4,2025,1,21,0,21,Winter,0
2025-01-21 01:00:00,14.1,89,13.8,0.0,0,7.3,13.7,2025,1,21,1,21,Winter,0
2025-01-21 02:00:00,13.6,90,13.1,0.0,0,6.9,13.7,2025,1,21,2,21,Winter,0
2025-01-21 03:00:00,12.7,91,12.1,0.0,0,6.7,13.0,2025,1,21,3,21,Winter,0
2025-01-21 04:00:00,12.3,91,11.5,0.0,0,6.8,13.0,2025,1,21,4,21,Winter,0
2025-01-21 05:00:00,11.8,92,11.0,0.0,0,6.7,13.0,2025,1,21,5,21,Winter,0
2025-01-21 06:00:00,11.3,90,10.2,0.0,0,7.3,14.4,2025,1,21,6,21,Winter,0
2025-01-21 07:00:00,11.1,91,9.8,0.0,0,7.9,15.1,2025,1,21,7,21,Winter,0
2025-01-21 08:00:00,12.4,87,11.0,0.0,0,10.0,19.1,2025,1,21,8,21,Winter,0
2025-01-21 09:00:00,14.2,84,13.6,0.0,0,7.8,18.7,2025,1,21,9,21,Winter,0
2025-01-21 10:00:00,16.6,75,16.2,0.0,0,7.0,19.4,2025,1,21,10,21,Winter,0
2025-01-21 11:00:00,18.7,68,18.5,0.0,1,7.0,20.9,2025,1,21,11,21,Winter,0
2025-01-21 12:00:00,20.3,62,20.5,0.0,3,7.2,21.2,2025,1,21,12,21,Winter,0
2025-01-21 13:00:00,21.4,58,21.5,0.0,0,8.1,22.0,2025,1,21,13,21,Winter,0
2025-01-21 14:00:00,21.9,55,21.4,0.0,0,8.7,22.7,2025,1,21,14,21,Winter,0
2025-01-21 15:00:00,21.7,55,21.1,0.0,0,9.0,22.7,2025,1,21,15,21,Winter,0
2025-01-21 16:00:00,20.9,60,20.5,0.0,0,8.4,22.0,2025,1,21,16,21,Winter,0
2025-01-21 17:00:00,19.0,69,19.0,0.0,0,6.9,18.7,2025,1,21,17,21,Winter,0
2025-01-21 18:00:00,17.7,74,17.7,0.0,0,6.7,13.0,2025,1,21,18,21,Winter,0
2025-01-21 19:00:00,17.0,77,16.8,0.0,0,7.1,13.7,2025,1,21,19,21,Winter,0
2025-01-21 20:00:00,16.1,79,15.9,0.0,0,7.1,14.0,2025,1,21,20,21,Winter,0
2025-01-21 21:00:00,15.4,81,15.0,0.0,0,7.0,14.0,2025,1,21,21,21,Winter,0
2025-01-21 22:00:00,14.7,82,14.1,0.0,0,6.8,13.3,2025,1,21,22,21,Winter,0
2025-01-21 23:00:00,14.2,83,13.5,0.0,0,6.9,13.7,2025,1,21,23,21,Winter,0
2025-01-22 00:00:00,13.6,84,12.9,0.0,0,6.6,13.7,2025,1,22,0,22,Winter,0
2025-01-22 01:00:00,13.1,86,12.4,0.0,0,6.4,12.6,2025,1,22,1,22,Winter,0
2025-01-22 02:00:00,12.4,89,11.8,0.0,0,5.7,11.9,2025,1,22,2,22,Winter,0
2025-01-22 03:00:00,11.9,90,11.2,0.0,0,5.4,10.4,2025,1,22,3,22,Winter,0
2025-01-22 04:00:00,11.3,91,10.5,0.0,0,5.0,10.1,2025,1,22,4,22,Winter,0
2025-01-22 05:00:00,10.8,92,10.0,0.0,0,4.8,7.9,2025,1,22,5,22,Winter,0
2025-01-22 06:00:00,10.5,94,9.6,0.0,0,4.9,8.6,2025,1,22,6,22,Winter,0
2025-01-22 07:00:00,10.4,94,9.5,0.0,0,5.1,9.4,2025,1,22,7,22,Winter,0
2025-01-22 08:00:00,11.9,91,11.0,0.0,0,6.6,13.0,2025,1,22,8,22,Winter,0
2025-01-22 09:00:00,14.3,85,14.2,0.0,0,4.4,13.3,2025,1,22,9,22,Winter,0
2025-01-22 10:00:00,16.9,76,17.3,0.0,0,3.1,13.0,2025,1,22,10,22,Winter,0
2025-01-22 11:00:00,19.3,68,19.9,0.0,0,2.7,13.0,2025,1,22,11,22,Winter,0
2025-01-22 12:00:00,21.2,58,22.1,0.0,0,2.4,13.0,2025,1,22,12,22,Winter,0
2025-01-22 13:00:00,22.3,49,22.7,0.0,1,2.6,12.6,2025,1,22,13,22,Winter,0
2025-01-22 14:00:00,22.8,45,22.5,0.0,6,2.8,12.2,2025,1,22,14,22,Winter,0
2025-01-22 15:00:00,22.8,45,22.3,0.0,8,3.4,11.9,2025,1,22,15,22,Winter,0
2025-01-22 16:00:00,22.0,53,22.0,0.0,20,3.9,10.8,2025,1,22,16,22,Winter,0
2025-01-22 17:00:00,20.0,65,20.2,0.0,22,5.3,9.7,2025,1,22,17,22,Winter,0
2025-01-22 18:00:00,18.6,67,18.6,0.0,12,5.4,10.4,2025,1,22,18,22,Winter,0
2025-01-22 19:00:00,17.8,73,17.9,0.0,2,4.8,10.1,2025,1,22,19,22,Winter,0
2025-01-22 20:00:00,17.0,76,17.0,0.0,30,5.6,9.7,2025,1,22,20,22,Winter,0
2025-01-22 21:00:00,16.6,77,16.7,0.0,14,4.6,10.8,2025,1,22,21,22,Winter,0
2025-01-22 22:00:00,15.9,78,15.8,0.0,19,4.9,6.8,2025,1,22,22,22,Winter,0
2025-01-22 23:00:00,15.1,80,14.8,0.0,18,5.6,8.3,2025,1,22,23,22,Winter,0
2025-01-23 00:00:00,14.8,81,14.5,0.2,40,4.7,10.4,2025,1,23,0,23,Winter,1
2025-01-23 01:00:00,14.9,81,14.3,0.0,37,7.2,14.0,2025,1,23,1,23,Winter,0
2025-01-23 02:00:00,14.2,80,13.6,0.0,63,5.1,13.0,2025,1,23,2,23,Winter,0
2025-01-23 03:00:00,13.5,89,13.5,1.4,85,3.3,17.6,2025,1,23,3,23,Winter,1
2025-01-23 04:00:00,13.5,89,13.7,0.0,45,2.0,5.0,2025,1,23,4,23,Winter,0
2025-01-23 05:00:00,12.7,91,12.4,0.0,39,4.3,6.1,2025,1,23,5,23,Winter,0
2025-01-23 06:00:00,13.0,90,12.7,0.0,5,4.9,9.0,2025,1,23,6,23,Winter,0
2025-01-23 07:00:00,11.7,93,11.2,0.0,4,4.7,9.0,2025,1,23,7,23,Winter,0
2025-01-23 08:00:00,13.5,91,13.2,0.0,10,6.6,13.3,2025,1,23,8,23,Winter,0
2025-01-23 09:00:00,15.3,87,15.4,0.0,7,5.4,15.5,2025,1,23,9,23,Winter,0
2025-01-23 10:00:00,17.4,77,17.6,0.0,0,6.1,18.4,2025,1,23,10,23,Winter,0
2025-01-23 11:00:00,19.3,67,19.3,0.0,0,6.7,19.8,2025,1,23,11,23,Winter,0
2025-01-23 12:00:00,20.8,55,20.6,0.0,0,7.7,21.6,2025,1,23,12,23,Winter,0
2025-01-23 13:00:00,21.7,45,20.6,0.0,0,9.7,24.8,2025,1,23,13,23,Winter,0
2025-01-23 14:00:00,21.9,40,19.9,0.0,0,10.6,26.3,2025,1,23,14,23,Winter,0
2025-01-23 15:00:00,21.6,40,19.3,0.0,2,11.1,26.3,2025,1,23,15,23,Winter,0
2025-01-23 16:00:00,20.7,47,18.9,0.0,3,10.1,25.2,2025,1,23,16,23,Winter,0
2025-01-23 17:00:00,18.8,57,17.6,0.0,0,8.4,22.3,2025,1,23,17,23,Winter,0
2025-01-23 18:00:00,17.4,60,15.9,0.0,0,9.2,18.4,2025,1,23,18,23,Winter,0
2025-01-23 19:00:00,16.3,61,14.7,0.0,0,9.1,19.1,2025,1,23,19,23,Winter,0
2025-01-23 20:00:00,15.5,63,13.8,0.0,0,8.7,18.0,2025,1,23,20,23,Winter,0
2025-01-23 21:00:00,14.8,68,13.2,0.0,0,8.7,18.0,2025,1,23,21,23,Winter,0
2025-01-23 22:00:00,14.3,70,12.7,0.0,0,8.7,17.3,2025,1,23,22,23,Winter,0
2025-01-23 23:00:00,13.8,71,12.3,0.0,0,7.8,16.9,2025,1,23,23,23,Winter,0
2025-01-24 00:00:00,13.1,73,11.6,0.0,0,7.2,15.5,2025,1,24,0,24,Winter,0
2025-01-24 01:00:00,12.5,74,10.9,0.0,0,6.8,13.7,2025,1,24,1,24,Winter,0
2025-01-24 02:00:00,11.9,75,10.3,0.0,0,6.7,13.0,2025,1,24,2,24,Winter,0
2025-01-24 03:00:00,11.4,77,9.8,0.0,0,6.7,12.6,2025,1,24,3,24,Winter,0
2025-01-24 04:00:00,11.1,78,9.3,0.0,0,7.2,14.0,2025,1,24,4,24,Winter,0
2025-01-24 05:00:00,10.6,80,8.6,0.0,0,8.1,16.2,2025,1,24,5,24,Winter,0
2025-01-24 06:00:00,10.8,85,9.1,0.0,0,8.3,16.2,2025,1,24,6,24,Winter,0
2025-01-24 07:00:00,10.4,85,8.5,0.0,0,9.5,18.7,2025,1,24,7,24,Winter,0
2025-01-24 08:00:00,11.3,83,9.4,0.0,0,10.3,21.2,2025,1,24,8,24,Winter,0
2025-01-24 09:00:00,13.2,77,11.7,0.0,0,8.7,21.2,2025,1,24,9,24,Winter,0
2025-01-24 10:00:00,15.5,69,14.2,0.0,0,8.4,23.0,2025,1,24,10,24,Winter,0
2025-01-24 11:00:00,17.8,61,16.8,0.0,0,8.6,24.1,2025,1,24,11,24,Winter,0
2025-01-24 12:00:00,19.6,53,18.6,0.0,0,9.9,26.3,2025,1,24,12,24,Winter,0
2025-01-24 13:00:00,20.6,45,18.9,0.0,0,11.6,29.2,2025,1,24,13,24,Winter,0
2025-01-24 14:00:00,20.9,42,18.5,0.0,0,12.6,30.6,2025,1,24,14,24,Winter,0
2025-01-24 15:00:00,20.7,42,18.1,0.0,0,12.9,30.6,2025,1,24,15,24,Winter,0
2025-01-24 16:00:00,19.9,47,17.7,0.0,0,11.5,29.5,2025,1,24,16,24,Winter,0
2025-01-24 17:00:00,18.1,56,16.5,0.0,0,9.2,25.9,2025,1,24,17,24,Winter,0
2025-01-24 18:00:00,17.1,61,15.6,0.0,0,9.0,19.1,2025,1,24,18,24,Winter,0
2025-01-24 19:00:00,16.1,65,14.7,0.0,0,9.1,18.4,2025,1,24,19,24,Winter,0
2025-01-24 20:00:00,15.2,68,13.7,0.0,0,9.2,18.4,2025,1,24,20,24,Winter,0
2025-01-24 21:00:00,14.4,70,12.8,0.0,0,8.9,18.4,2025,1,24,21,24,Winter,0
2025-01-24 22:00:00,13.6,71,11.9,0.0,0,8.9,17.6,2025,1,24,22,24,Winter,0
2025-01-24 23:00:00,12.9,72,11.1,0.0,0,8.8,17.6,2025,1,24,23,24,Winter,0
2025-01-25 00:00:00,12.3,73,10.3,0.0,0,8.9,18.0,2025,1,25,0,25,Winter,0
2025-01-25 01:00:00,11.6,73,9.6,0.0,0,8.8,17.6,2025,1,25,1,25,Winter,0
2025-01-25 02:00:00,11.1,74,8.9,0.0,0,9.3,18.0,2025,1,25,2,25,Winter,0
2025-01-25 03:00:00,10.6,74,8.2,0.0,0,9.7,19.1,2025,1,25,3,25,Winter,0
2025-01-25 04:00:00,10.2,74,7.5,0.0,0,10.5,20.9,2025,1,25,4,25,Winter,0
2025-01-25 05:00:00,9.7,73,7.0,0.0,0,10.6,21.6,2025,1,25,5,25,Winter,0
2025-01-25 06:00:00,9.4,78,6.8,0.0,0,10.3,21.6,2025,1,25,6,25,Winter,0
2025-01-25 07:00:00,9.0,78,6.3,0.0,0,10.3,20.5,2025,1,25,7,25,Winter,0
2025-01-25 08:00:00,10.1,74,7.3,0.0,0,11.6,22.7,2025,1,25,8,25,Winter,0
2025-01-25 09:00:00,12.1,68,9.8,0.0,0,9.6,22.7,2025,1,25,9,25,Winter,0
2025-01-25 10:00:00,14.6,60,12.4,0.0,0,9.4,24.5,2025,1,25,10,25,Winter,0
2025-01-25 11:00:00,16.8,54,14.9,0.0,0,9.5,25.6,2025,1,25,11,25,Winter,0
2025-01-25 12:00:00,18.7,48,17.2,0.0,0,9.6,26.3,2025,1,25,12,25,Winter,0
2025-01-25 13:00:00,20.1,43,18.5,0.0,0,10.1,27.0,2025,1,25,13,25,Winter,0
2025-01-25 14:00:00,20.8,40,18.6,0.0,0,10.8,27.4,2025,1,25,14,25,Winter,0
2025-01-25 15:00:00,20.7,40,18.2,0.0,0,10.7,27.4,2025,1,25,15,25,Winter,0
2025-01-25 16:00:00,19.8,46,17.9,0.0,0,9.2,25.6,2025,1,25,16,25,Winter,0
2025-01-25 17:00:00,17.7,56,16.3,0.0,0,6.9,21.6,2025,1,25,17,25,Winter,0
2025-01-25 18:00:00,16.6,59,15.2,0.0,0,6.8,14.0,2025,1,25,18,25,Winter,0
2025-01-25 19:00:00,15.6,61,14.0,0.0,0,7.0,14.0,2025,1,25,19,25,Winter,0
2025-01-25 20:00:00,14.5,63,12.8,0.0,0,7.2,14.0,2025,1,25,20,25,Winter,0
2025-01-25 21:00:00,13.7,64,11.9,0.0,0,7.4,14.4,2025,1,25,21,25,Winter,0
2025-01-25 22:00:00,13.0,65,11.1,0.0,0,7.2,14.8,2025,1,25,22,25,Winter,0
2025-01-25 23:00:00,12.3,66,10.3,0.0,0,7.2,14.4,2025,1,25,23,25,Winter,0
2025-01-26 00:00:00,11.6,67,9.5,0.0,0,7.0,14.4,2025,1,26,0,26,Winter,0
2025-01-26 01:00:00,10.9,69,8.7,0.0,0,7.0,13.7,2025,1,26,1,26,Winter,0
2025-01-26 02:00:00,10.4,70,8.2,0.0,0,7.0,13.7,2025,1,26,2,26,Winter,0
2025-01-26 03:00:00,10.0,72,7.7,0.0,0,7.4,14.4,2025,1,26,3,26,Winter,0
2025-01-26 04:00:00,9.6,74,7.3,0.0,0,7.7,15.1,2025,1,26,4,26,Winter,0
2025-01-26 05:00:00,9.1,76,6.7,0.0,0,7.6,15.1,2025,1,26,5,26,Winter,0
2025-01-26 06:00:00,8.5,82,6.3,0.0,0,7.4,14.8,2025,1,26,6,26,Winter,0
2025-01-26 07:00:00,8.2,82,5.8,0.0,0,7.8,15.1,2025,1,26,7,26,Winter,0
2025-01-26 08:00:00,9.5,76,6.8,0.0,0,10.1,18.7,2025,1,26,8,26,Winter,0
2025-01-26 09:00:00,11.9,67,9.8,0.0,0,7.2,20.2,2025,1,26,9,26,Winter,0
2025-01-26 10:00:00,14.8,56,12.8,0.0,0,6.7,20.2,2025,1,26,10,26,Winter,0
2025-01-26 11:00:00,17.3,49,15.4,0.0,0,7.7,22.3,2025,1,26,11,26,Winter,0
2025-01-26 12:00:00,19.1,42,17.6,0.0,0,8.1,24.1,2025,1,26,12,26,Winter,0
2025-01-26 13:00:00,20.4,39,18.9,0.0,0,8.5,24.5,2025,1,26,13,26,Winter,0
2025-01-26 14:00:00,21.0,38,19.1,0.0,0,8.4,24.5,2025,1,26,14,26,Winter,0
2025-01-26 15:00:00,21.0,37,18.8,0.0,0,8.3,23.8,2025,1,26,15,26,Winter,0
2025-01-26 16:00:00,20.2,42,18.2,0.0,0,8.0,22.3,2025,1,26,16,26,Winter,0
2025-01-26 17:00:00,18.0,56,17.0,0.0,0,5.4,18.7,2025,1,26,17,26,Winter,0
2025-01-26 18:00:00,16.9,60,15.7,0.0,0,5.9,11.9,2025,1,26,18,26,Winter,0
2025-01-26 19:00:00,15.9,62,14.6,0.0,0,6.5,13.0,2025,1,26,19,26,Winter,0
2025-01-26 20:00:00,14.8,64,13.4,0.0,0,5.8,12.6,2025,1,26,20,26,Winter,0
2025-01-26 21:00:00,13.7,68,12.3,0.0,0,5.3,10.8,2025,1,26,21,26,Winter,0
2025-01-26 22:00:00,12.9,70,11.4,0.0,0,5.4,10.1,2025,1,26,22,26,Winter,0
2025-01-26 23:00:00,12.3,71,10.7,0.0,0,5.6,11.2,2025,1,26,23,26,Winter,0
2025-01-27 00:00:00,11.4,73,9.7,0.0,0,5.8,11.2,2025,1,27,0,27,Winter,0
2025-01-27 01:00:00,10.7,74,8.9,0.0,0,5.8,11.2,2025,1,27,1,27,Winter,0
2025-01-27 02:00:00,10.0,76,8.2,0.0,0,5.6,10.8,2025,1,27,2,27,Winter,0
2025-01-27 03:00:00,9.4,78,7.5,0.0,0,5.8,10.8,2025,1,27,3,27,Winter,0
2025-01-27 04:00:00,8.8,80,6.8,0.0,0,6.1,11.9,2025,1,27,4,27,Winter,0
2025-01-27 05:00:00,8.4,80,6.3,0.0,0,6.5,12.6,2025,1,27,5,27,Winter,0
2025-01-27 06:00:00,8.1,90,6.3,0.0,0,6.2,11.9,2025,1,27,6,27,Winter,0
2025-01-27 07:00:00,7.8,90,5.9,0.0,0,6.5,12.2,2025,1,27,7,27,Winter,0
2025-01-27 08:00:00,9.4,82,7.3,0.0,0,8.1,16.2,2025,1,27,8,27,Winter,0
2025-01-27 09:00:00,12.3,69,10.6,0.0,0,5.8,17.3,2025,1,27,9,27,Winter,0
2025-01-27 10:00:00,15.4,56,13.7,0.0,0,5.8,19.1,2025,1,27,10,27,Winter,0
2025-01-27 11:00:00,17.9,47,16.2,0.0,0,6.6,22.0,2025,1,27,11,27,Winter,0
2025-01-27 12:00:00,19.7,38,18.1,0.0,0,7.6,24.1,2025,1,27,12,27,Winter,0
2025-01-27 13:00:00,20.9,34,19.0,0.0,0,8.8,26.3,2025,1,27,13,27,Winter,0
2025-01-27 14:00:00,21.5,31,19.0,0.0,0,9.4,27.0,2025,1,27,14,27,Winter,0
2025-01-27 15:00:00,21.4,32,18.6,0.0,0,9.5,27.0,2025,1,27,15,27,Winter,0
2025-01-27 16:00:00,20.7,37,18.1,0.0,0,9.3,25.9,2025,1,27,16,27,Winter,0
2025-01-27 17:00:00,19.0,46,17.3,0.0,0,6.8,22.7,2025,1,27,17,27,Winter,0
2025-01-27 18:00:00,17.8,53,16.4,0.0,0,6.0,14.4,2025,1,27,18,27,Winter,0
2025-01-27 19:00:00,16.7,59,15.3,0.0,0,6.9,13.7,2025,1,27,19,27,Winter,0
2025-01-27 20:00:00,15.7,64,14.3,0.0,0,7.1,14.4,2025,1,27,20,27,Winter,0
2025-01-27 21:00:00,14.7,68,13.2,0.0,0,7.5,14.8,2025,1,27,21,27,Winter,0
2025-01-27 22:00:00,14.1,67,12.4,0.0,0,7.8,15.1,2025,1,27,22,27,Winter,0
2025-01-27 23:00:00,13.6,64,11.6,0.0,0,8.1,15.8,2025,1,27,23,27,Winter,0
2025-01-28 00:00:00,12.9,64,10.8,0.0,0,8.3,16.6,2025,1,28,0,28,Winter,0
2025-01-28 01:00:00,12.2,66,10.0,0.0,0,8.1,16.2,2025,1,28,1,28,Winter,0
2025-01-28 02:00:00,11.5,69,9.2,0.0,0,8.3,16.2,2025,1,28,2,28,Winter,0
2025-01-28 03:00:00,10.8,71,8.5,0.0,0,8.3,16.2,2025,1,28,3,28,Winter,0
2025-01-28 04:00:00,10.1,72,7.8,0.0,0,7.9,16.2,2025,1,28,4,28,Winter,0
2025-01-28 05:00:00,9.4,74,7.1,0.0,0,7.2,15.5,2025,1,28,5,28,Winter,0
2025-01-28 06:00:00,8.5,82,6.6,0.0,0,5.2,12.2,2025,1,28,6,28,Winter,0
2025-01-28 07:00:00,8.0,84,6.1,0.0,0,4.7,10.1,2025,1,28,7,28,Winter,0
2025-01-28 08:00:00,9.9,74,7.9,0.0,0,5.8,12.6,2025,1,28,8,28,Winter,0
2025-01-28 09:00:00,12.9,61,11.2,0.0,0,3.6,13.7,2025,1,28,9,28,Winter,0
2025-01-28 10:00:00,16.0,51,14.3,0.0,0,3.8,16.2,2025,1,28,10,28,Winter,0
2025-01-28 11:00:00,18.7,42,17.3,0.0,0,4.2,18.0,2025,1,28,11,28,Winter,0
2025-01-28 12:00:00,20.8,34,19.5,0.0,0,5.0,19.8,2025,1,28,12,28,Winter,0
2025-01-28 13:00:00,22.2,28,20.5,0.0,0,5.9,21.2,2025,1,28,13,28,Winter,0
2025-01-28 14:00:00,22.9,26,20.6,0.0,0,6.4,21.6,2025,1,28,14,28,Winter,0
2025-01-28 15:00:00,22.8,26,20.2,0.0,0,5.9,21.6,2025,1,28,15,28,Winter,0
2025-01-28 16:00:00,22.0,31,19.8,0.0,0,5.8,19.4,2025,1,28,16,28,Winter,0
2025-01-28 17:00:00,20.3,42,18.7,0.0,0,5.2,17.3,2025,1,28,17,28,Winter,0
2025-01-28 18:00:00,19.0,53,18.1,0.0,0,4.3,11.5,2025,1,28,18,28,Winter,0
2025-01-28 19:00:00,17.5,61,16.9,0.0,0,3.8,8.6,2025,1,28,19,28,Winter,0
2025-01-28 20:00:00,16.3,67,15.9,0.0,0,2.8,7.2,2025,1,28,20,28,Winter,0
2025-01-28 21:00:00,15.1,72,14.8,0.0,0,2.0,5.4,2025,1,28,21,28,Winter,0
2025-01-28 22:00:00,14.1,75,13.4,0.0,0,3.7,6.1,2025,1,28,22,28,Winter,0
2025-01-28 23:00:00,13.4,74,12.4,0.0,0,4.9,7.9,2025,1,28,23,28,Winter,0
2025-01-29 00:00:00,12.7,75,11.5,0.0,0,5.2,9.4,2025,1,29,0,29,Winter,0
2025-01-29 01:00:00,11.9,79,10.7,0.0,0,5.3,9.4,2025,1,29,1,29,Winter,0
2025-01-29 02:00:00,11.5,82,10.2,0.0,0,5.6,9.4,2025,1,29,2,29,Winter,0
2025-01-29 03:00:00,11.2,84,9.9,0.0,0,5.8,9.4,2025,1,29,3,29,Winter,0
2025-01-29 04:00:00,11.2,85,9.9,0.0,0,6.1,11.5,2025,1,29,4,29,Winter,0
2025-01-29 05:00:00,10.7,87,9.3,0.0,0,6.2,11.5,2025,1,29,5,29,Winter,0
2025-01-29 06:00:00,10.4,87,9.1,0.0,8,6.0,11.2,2025,1,29,6,29,Winter,0
2025-01-29 07:00:00,10.2,89,8.9,0.0,4,6.2,11.2,2025,1,29,7,29,Winter,0
2025-01-29 08:00:00,11.9,83,10.4,0.0,4,8.4,15.5,2025,1,29,8,29,Winter,0
2025-01-29 09:00:00,14.8,70,13.7,0.0,13,5.9,16.6,2025,1,29,9,29,Winter,0
2025-01-29 10:00:00,18.1,56,16.8,0.0,2,7.3,21.2,2025,1,29,10,29,Winter,0
2025-01-29 11:00:00,20.7,45,19.0,0.0,0,9.1,25.9,2025,1,29,11,29,Winter,0
2025-01-29 12:00:00,22.5,36,20.8,0.0,0,9.5,27.4,2025,1,29,12,29,Winter,0
2025-01-29 13:00:00,23.6,32,21.8,0.0,0,9.7,28.1,2025,1,29,13,29,Winter,0
2025-01-29 14:00:00,24.0,31,21.8,0.0,0,9.6,28.1,2025,1,29,14,29,Winter,0
2025-01-29 15:00:00,23.8,33,21.5,0.0,0,9.4,27.4,2025,1,29,15,29,Winter,0
2025-01-29 16:00:00,23.0,36,20.8,0.0,0,9.6,25.9,2025,1,29,16,29,Winter,0
2025-01-29 17:00:00,21.5,43,19.8,0.0,0,8.4,24.1,2025,1,29,17,29,Winter,0
2025-01-29 18:00:00,20.1,52,19.0,0.0,0,7.0,17.6,2025,1,29,18,29,Winter,0
2025-01-29 19:00:00,18.9,59,18.1,0.0,0,6.7,13.7,2025,1,29,19,29,Winter,0
2025-01-29 20:00:00,18.0,64,17.3,0.0,0,6.7,13.3,2025,1,29,20,29,Winter,0
2025-01-29 21:00:00,17.2,66,16.5,0.0,0,6.5,13.3,2025,1,29,21,29,Winter,0
2025-01-29 22:00:00,16.4,68,15.6,0.0,0,6.4,12.6,2025,1,29,22,29,Winter,0
2025-01-29 23:00:00,15.7,71,14.8,0.0,0,6.4,13.0,2025,1,29,23,29,Winter,0
2025-01-30 00:00:00,14.8,74,14.0,0.0,1,6.3,12.6,2025,1,30,0,30,Winter,0
2025-01-30 01:00:00,14.1,78,13.2,0.0,0,6.4,12.2,2025,1,30,1,30,Winter,0
2025-01-30 02:00:00,13.4,82,12.6,0.0,0,6.0,12.6,2025,1,30,2,30,Winter,0
2025-01-30 03:00:00,12.7,85,11.8,0.0,0,6.1,11.9,2025,1,30,3,30,Winter,0
2025-01-30 04:00:00,12.1,88,11.2,0.0,0,6.3,12.2,2025,1,30,4,30,Winter,0
2025-01-30 05:00:00,11.7,90,10.8,0.0,0,6.1,12.2,2025,1,30,5,30,Winter,0
2025-01-30 06:00:00,11.4,92,10.5,0.0,0,6.0,12.6,2025,1,30,6,30,Winter,0
2025-01-30 07:00:00,11.3,91,10.4,0.0,0,5.9,11.5,2025,1,30,7,30,Winter,0
2025-01-30 08:00:00,13.0,83,11.9,0.0,0,7.6,14.0,2025,1,30,8,30,Winter,0
2025-01-30 09:00:00,15.8,70,15.2,0.0,0,5.2,15.8,2025,1,30,9,30,Winter,0
2025-01-30 10:00:00,19.0,57,18.1,0.0,0,6.0,19.4,2025,1,30,10,30,Winter,0
2025-01-30 11:00:00,21.4,46,20.4,0.0,0,6.9,22.3,2025,1,30,11,30,Winter,0
2025-01-30 12:00:00,23.0,40,22.2,0.0,0,6.8,23.4,2025,1,30,12,30,Winter,0
2025-01-30 13:00:00,24.1,37,23.4,0.0,0,6.2,23.4,2025,1,30,13,30,Winter,0
2025-01-30 14:00:00,24.7,35,23.7,0.0,0,5.7,22.0,2025,1,30,14,30,Winter,0
2025-01-30 15:00:00,24.8,36,23.5,0.0,0,5.8,20.9,2025,1,30,15,30,Winter,0
2025-01-30 16:00:00,24.2,38,23.0,0.0,0,6.1,19.8,2025,1,30,16,30,Winter,0
2025-01-30 17:00:00,22.9,43,21.9,0.0,0,6.4,18.4,2025,1,30,17,30,Winter,0
2025-01-30 18:00:00,21.3,54,21.0,0.0,0,5.8,17.6,2025,1,30,18,30,Winter,0
2025-01-30 19:00:00,19.9,63,20.1,0.0,0,4.1,12.2,2025,1,30,19,30,Winter,0
2025-01-30 20:00:00,18.7,71,19.1,0.0,0,4.4,9.0,2025,1,30,20,30,Winter,0
2025-01-30 21:00:00,17.8,77,18.3,0.0,0,4.7,9.4,2025,1,30,21,30,Winter,0
2025-01-30 22:00:00,17.2,80,17.6,0.0,0,4.7,9.7,2025,1,30,22,30,Winter,0
2025-01-30 23:00:00,16.6,82,17.0,0.0,0,4.3,9.0,2025,1,30,23,30,Winter,0
2025-01-31 00:00:00,16.1,83,16.6,0.0,0,3.2,7.6,2025,1,31,0,31,Winter,0
2025-01-31 01:00:00,15.5,85,16.0,0.0,0,2.8,6.5,2025,1,31,1,31,Winter,0
2025-01-31 02:00:00,14.6,89,15.0,0.0,0,3.2,5.8,2025,1,31,2,31,Winter,0
2025-01-31 03:00:00,14.1,91,14.4,0.0,1,3.1,5.8,2025,1,31,3,31,Winter,0
2025-01-31 04:00:00,13.5,92,13.8,0.0,3,3.1,5.0,2025,1,31,4,31,Winter,0
2025-01-31 05:00:00,12.9,94,12.7,0.0,7,4.8,7.2,2025,1,31,5,31,Winter,0
2025-01-31 06:00:00,12.5,99,12.5,0.0,100,4.6,8.3,2025,1,31,6,31,Winter,0
2025-01-31 07:00:00,12.1,99,12.0,0.0,100,4.6,10.4,2025,1,31,7,31,Winter,0
2025-01-31 08:00:00,13.0,97,13.1,0.0,100,5.0,12.6,2025,1,31,8,31,Winter,0
2025-01-31 09:00:00,14.8,90,15.2,0.0,100,3.6,13.7,2025,1,31,9,31,Winter,0
2025-01-31 10:00:00,18.4,72,19.2,0.0,0,2.0,13.3,2025,1,31,10,31,Winter,0
2025-01-31 11:00:00,22.1,57,22.9,0.0,0,3.1,16.2,2025,1,31,11,31,Winter,0
2025-01-31 12:00:00,24.4,43,24.9,0.0,0,3.1,16.6,2025,1,31,12,31,Winter,0
2025-01-31 13:00:00,25.8,29,24.9,0.0,0,4.5,19.1,2025,1,31,13,31,Winter,0
2025-01-31 14:00:00,26.3,25,24.3,0.0,5,6.5,22.3,2025,1,31,14,31,Winter,0
2025-01-31 15:00:00,26.1,25,23.6,0.0,4,7.7,23.4,2025,1,31,15,31,Winter,0
2025-01-31 16:00:00,25.5,26,22.9,0.0,2,8.1,23.0,2025,1,31,16,31,Winter,0
2025-01-31 17:00:00,24.2,30,21.9,0.0,1,8.1,22.0,2025,1,31,17,31,Winter,0
2025-01-31 18:00:00,22.2,46,21.5,0.0,6,4.3,15.5,2025,1,31,18,31,Winter,0
2025-01-31 19:00:00,21.0,57,21.6,0.0,0,0.7,9.0,2025,1,31,19,31,Winter,0
2025-01-31 20:00:00,20.2,58,20.4,0.0,0,1.9,2.5,2025,1,31,20,31,Winter,0
2025-01-31 21:00:00,19.3,58,18.9,0.0,0,4.3,7.2,2025,1,31,21,31,Winter,0
2025-01-31 22:00:00,18.7,59,18.4,0.0,0,2.9,6.8,2025,1,31,22,31,Winter,0
2025-01-31 23:00:00,17.6,64,17.2,0.0,0,4.3,6.1,2025,1,31,23,31,Winter,0
2025-02-01 00:00:00,16.8,72,16.5,0.0,0,5.2,8.6,2025,2,1,0,32,Winter,0
2025-02-01 01:00:00,16.5,75,16.3,0.0,0,5.9,11.2,2025,2,1,1,32,Winter,0
2025-02-01 02:00:00,16.0,75,15.5,0.0,0,7.1,13.7,2025,2,1,2,32,Winter,0
2025-02-01 03:00:00,15.4,74,14.5,0.0,0,7.2,14.4,2025,2,1,3,32,Winter,0
2025-02-01 04:00:00,14.8,76,14.0,0.0,6,6.6,14.0,2025,2,1,4,32,Winter,0
2025-02-01 05:00:00,14.5,77,13.7,0.0,12,6.8,13.0,2025,2,1,5,32,Winter,0
2025-02-01 06:00:00,12.7,91,12.4,0.0,0,4.7,8.6,2025,2,1,6,32,Winter,0
2025-02-01 07:00:00,12.9,91,12.6,0.0,0,4.8,8.6,2025,2,1,7,32,Winter,0
2025-02-01 08:00:00,14.7,82,14.4,0.0,0,6.1,12.2,2025,2,1,8,32,Winter,0
2025-02-01 09:00:00,17.6,70,17.5,0.0,0,4.2,14.4,2025,2,1,9,32,Winter,0
2025-02-01 10:00:00,20.6,58,20.4,0.0,0,4.8,17.3,2025,2,1,10,32,Winter,0
2025-02-01 11:00:00,23.0,46,22.3,0.0,0,6.9,22.0,2025,2,1,11,32,Winter,0
2025-02-01 12:00:00,24.4,38,23.7,0.0,0,7.7,24.5,2025,2,1,12,32,Winter,0
2025-02-01 13:00:00,25.3,34,24.3,0.0,23,7.4,24.5,2025,2,1,13,32,Winter,0
2025-02-01 14:00:00,25.5,32,23.8,0.0,16,7.2,24.1,2025,2,1,14,32,Winter,0
2025-02-01 15:00:00,25.5,32,23.8,0.0,26,7.1,22.7,2025,2,1,15,32,Winter,0
2025-02-01 16:00:00,25.1,33,23.3,0.0,42,7.9,21.2,2025,2,1,16,32,Winter,0
2025-02-01 17:00:00,24.1,36,22.5,0.0,40,7.2,20.9,2025,2,1,17,32,Winter,0
2025-02-01 18:00:00,21.3,60,21.9,0.0,16,2.5,12.6,2025,2,1,18,32,Winter,0
2025-02-01 19:00:00,20.8,61,21.7,0.0,53,0.4,4.0,2025,2,1,19,32,Winter,0
2025-02-01 20:00:00,19.6,64,19.8,0.0,97,4.3,7.9,2025,2,1,20,32,Winter,0
2025-02-01 21:00:00,17.7,77,16.6,0.0,86,15.6,34.2,2025,2,1,21,32,Winter,0
2025-02-01 22:00:00,17.3,80,16.9,0.0,95,10.6,34.6,2025,2,1,22,32,Winter,0
2025-02-01 23:00:00,17.1,79,16.9,0.0,2,8.8,21.6,2025,2,1,23,32,Winter,0
2025-02-02 00:00:00,16.4,81,16.1,0.0,10,8.4,17.6,2025,2,2,0,33,Winter,0
2025-02-02 01:00:00,15.5,84,15.2,0.0,18,7.7,16.9,2025,2,2,1,33,Winter,0
2025-02-02 02:00:00,15.0,85,14.8,0.0,51,6.5,15.1,2025,2,2,2,33,Winter,0
2025-02-02 03:00:00,14.7,86,14.7,0.0,26,4.9,12.2,2025,2,2,3,33,Winter,0
2025-02-02 04:00:00,14.8,84,14.8,0.0,28,4.6,10.1,2025,2,2,4,33,Winter,0
2025-02-02 05:00:00,14.2,85,14.0,0.0,6,4.5,8.6,2025,2,2,5,33,Winter,0
2025-02-02 06:00:00,13.7,91,13.8,0.0,3,4.3,9.0,2025,2,2,6,33,Winter,0
2025-02-02 07:00:00,13.7,91,13.5,0.0,0,6.0,11.5,2025,2,2,7,33,Winter,0
2025-02-02 08:00:00,14.9,86,14.7,0.0,0,6.5,14.4,2025,2,2,8,33,Winter,0
2025-02-02 09:00:00,17.1,75,17.2,0.0,0,5.0,15.8,2025,2,2,9,33,Winter,0
2025-02-02 10:00:00,19.6,64,19.6,0.0,0,5.4,18.0,2025,2,2,10,33,Winter,0
2025-02-02 11:00:00,21.7,51,21.2,0.0,0,6.6,20.9,2025,2,2,11,33,Winter,0
2025-02-02 12:00:00,22.8,45,22.3,0.0,0,8.3,24.5,2025,2,2,12,33,Winter,0
2025-02-02 13:00:00,23.5,40,22.4,0.0,0,10.4,28.4,2025,2,2,13,33,Winter,0
2025-02-02 14:00:00,23.6,38,21.8,0.0,0,11.3,29.9,2025,2,2,14,33,Winter,0
2025-02-02 15:00:00,23.3,39,21.4,0.0,0,11.0,29.9,2025,2,2,15,33,Winter,0
2025-02-02 16:00:00,22.6,42,20.7,0.0,0,11.0,28.4,2025,2,2,16,33,Winter,0
2025-02-02 17:00:00,21.3,48,19.8,0.0,0,9.1,25.9,2025,2,2,17,33,Winter,0
2025-02-02 18:00:00,19.0,68,18.9,0.0,0,6.9,19.1,2025,2,2,18,33,Winter,0
2025-02-02 19:00:00,18.1,74,18.2,0.0,0,6.7,14.4,2025,2,2,19,33,Winter,0
2025-02-02 20:00:00,17.2,79,17.3,0.0,0,6.5,13.3,2025,2,2,20,33,Winter,0
2025-02-02 21:00:00,16.3,81,16.3,0.0,0,6.3,12.6,2025,2,2,21,33,Winter,0
2025-02-02 22:00:00,15.5,83,15.3,0.0,0,6.7,13.3,2025,2,2,22,33,Winter,0
2025-02-02 23:00:00,14.8,83,14.4,0.0,0,6.5,13.3,2025,2,2,23,33,Winter,0
2025-02-03 00:00:00,14.1,82,13.4,0.0,0,6.5,12.6,2025,2,3,0,34,Winter,0
2025-02-03 01:00:00,13.3,82,12.5,0.0,0,6.1,13.0,2025,2,3,1,34,Winter,0
2025-02-03 02:00:00,12.6,83,11.8,0.0,0,5.6,11.5,2025,2,3,2,34,Winter,0
2025-02-03 03:00:00,11.9,86,11.0,0.0,0,5.0,10.8,2025,2,3,3,34,Winter,0
2025-02-03 04:00:00,11.3,86,10.4,0.0,0,4.7,9.4,2025,2,3,4,34,Winter,0
2025-02-03 05:00:00,10.8,87,9.8,0.0,0,4.8,8.6,2025,2,3,5,34,Winter,0
2025-02-03 06:00:00,11.0,91,10.2,0.0,0,4.8,9.4,2025,2,3,6,34,Winter,0
2025-02-03 07:00:00,10.9,91,10.0,0.0,0,4.7,9.0,2025,2,3,7,34,Winter,0
2025-02-03 08:00:00,12.7,84,11.8,0.0,0,6.0,12.2,2025,2,3,8,34,Winter,0
2025-02-03 09:00:00,15.1,73,14.5,0.0,0,4.4,14.0,2025,2,3,9,34,Winter,0
2025-02-03 10:00:00,17.8,60,17.2,0.0,0,4.5,16.2,2025,2,3,10,34,Winter,0
2025-02-03 11:00:00,20.0,46,19.0,0.0,0,5.7,19.1,2025,2,3,11,34,Winter,0
2025-02-03 12:00:00,21.4,37,20.3,0.0,0,6.4,20.9,2025,2,3,12,34,Winter,0
2025-02-03 13:00:00,22.4,34,21.2,0.0,0,6.5,21.2,2025,2,3,13,34,Winter,0
2025-02-03 14:00:00,22.7,34,21.2,0.0,0,6.3,21.2,2025,2,3,14,34,Winter,0
2025-02-03 15:00:00,22.8,35,21.0,0.0,0,5.4,20.2,2025,2,3,15,34,Winter,0
2025-02-03 16:00:00,22.3,37,20.8,0.0,2,4.6,17.3,2025,2,3,16,34,Winter,0
2025-02-03 17:00:00,20.7,57,20.9,0.0,1,2.3,13.0,2025,2,3,17,34,Winter,0
2025-02-03 18:00:00,18.8,59,18.5,0.0,0,2.9,5.8,2025,2,3,18,34,Winter,0
2025-02-03 19:00:00,17.5,64,16.9,0.0,1,4.9,7.9,2025,2,3,19,34,Winter,0
2025-02-03 20:00:00,16.5,68,16.0,0.0,18,4.8,8.6,2025,2,3,20,34,Winter,0
2025-02-03 21:00:00,16.2,70,15.7,0.0,79,4.1,7.6,2025,2,3,21,34,Winter,0
2025-02-03 22:00:00,15.6,69,14.8,1.7,63,5.9,16.6,2025,2,3,22,34,Winter,1
2025-02-03 23:00:00,14.8,72,14.2,0.0,24,4.3,10.1,2025,2,3,23,34,Winter,0
2025-02-04 00:00:00,14.3,73,13.5,0.0,37,4.9,6.8,2025,2,4,0,35,Winter,0
2025-02-04 01:00:00,14.3,73,13.5,0.5,37,4.6,7.2,2025,2,4,1,35,Winter,1
2025-02-04 02:00:00,13.9,73,13.3,0.0,19,2.5,6.1,2025,2,4,2,35,Winter,0
2025-02-04 03:00:00,13.6,74,12.9,0.0,32,2.7,4.3,2025,2,4,3,35,Winter,0
2025-02-04 04:00:00,13.2,75,12.5,0.0,60,3.1,4.0,2025,2,4,4,35,Winter,0
2025-02-04 05:00:00,13.0,76,12.1,0.0,100,3.6,5.0,2025,2,4,5,35,Winter,0
2025-02-04 06:00:00,15.1,75,15.0,0.0,100,2.0,4.7,2025,2,4,6,35,Winter,0
2025-02-04 07:00:00,14.9,71,14.4,0.0,99,3.1,6.8,2025,2,4,7,35,Winter,0
2025-02-04 08:00:00,15.2,70,14.3,0.0,61,5.6,12.6,2025,2,4,8,35,Winter,0
2025-02-04 09:00:00,16.4,68,16.0,0.0,97,3.5,11.9,2025,2,4,9,35,Winter,0
2025-02-04 10:00:00,18.0,63,17.3,0.0,34,6.4,18.4,2025,2,4,10,35,Winter,0
2025-02-04 11:00:00,20.2,53,19.5,0.0,42,5.4,18.4,2025,2,4,11,35,Winter,0
2025-02-04 12:00:00,21.8,51,21.8,0.0,51,2.8,17.3,2025,2,4,12,35,Winter,0
2025-02-04 13:00:00,22.4,52,22.9,0.0,41,1.0,13.7,2025,2,4,13,35,Winter,0
2025-02-04 14:00:00,22.9,51,23.4,0.0,84,1.1,10.8,2025,2,4,14,35,Winter,0
2025-02-04 15:00:00,22.8,51,23.2,0.0,100,1.8,10.8,2025,2,4,15,35,Winter,0
2025-02-04 16:00:00,22.7,52,23.2,0.0,35,1.6,9.4,2025,2,4,16,35,Winter,0
2025-02-04 17:00:00,21.5,67,22.8,0.0,19,2.7,7.2,2025,2,4,17,35,Winter,0
2025-02-04 18:00:00,19.2,79,20.3,0.0,14,4.9,11.2,2025,2,4,18,35,Winter,0
2025-02-04 19:00:00,18.4,84,19.8,0.0,21,3.1,9.0,2025,2,4,19,35,Winter,0
2025-02-04 20:00:00,17.8,86,18.9,0.0,31,4.3,7.6,2025,2,4,20,35,Winter,0
2025-02-04 21:00:00,17.1,88,18.2,0.0,15,3.7,7.6,2025,2,4,21,35,Winter,0
2025-02-04 22:00:00,16.7,90,17.7,0.0,10,4.4,9.7,2025,2,4,22,35,Winter,0
2025-02-04 23:00:00,16.9,86,17.1,0.2,40,8.9,11.9,2025,2,4,23,35,Winter,1
2025-02-05 00:00:00,15.7,87,16.0,0.1,35,5.6,28.8,2025,2,5,0,36,Winter,1
2025-02-05 01:00:00,14.9,89,15.1,0.1,48,5.6,20.9,2025,2,5,1,36,Winter,1
2025-02-05 02:00:00,14.4,91,14.6,0.1,20,5.4,11.5,2025,2,5,2,36,Winter,1
2025-02-05 03:00:00,13.6,95,13.8,0.0,14,4.6,10.8,2025,2,5,3,36,Winter,0
2025-02-05 04:00:00,13.4,96,13.4,0.0,6,5.7,11.5,2025,2,5,4,36,Winter,0
2025-02-05 05:00:00,12.8,96,12.7,0.0,0,5.2,11.5,2025,2,5,5,36,Winter,0
2025-02-05 06:00:00,12.2,95,11.4,0.0,0,8.0,15.5,2025,2,5,6,36,Winter,0
2025-02-05 07:00:00,11.9,95,11.0,0.0,0,8.0,15.8,2025,2,5,7,36,Winter,0
2025-02-05 08:00:00,13.0,88,12.3,0.0,0,7.4,18.4,2025,2,5,8,36,Winter,0
2025-02-05 09:00:00,15.1,78,14.6,0.0,0,6.0,18.0,2025,2,5,9,36,Winter,0
2025-02-05 10:00:00,17.4,65,16.6,0.0,0,7.0,20.9,2025,2,5,10,36,Winter,0
2025-02-05 11:00:00,19.2,54,18.3,0.0,0,8.6,24.8,2025,2,5,11,36,Winter,0
2025-02-05 12:00:00,20.5,42,19.0,0.0,0,10.4,28.8,2025,2,5,12,36,Winter,0
2025-02-05 13:00:00,21.2,37,19.4,0.0,0,11.1,29.9,2025,2,5,13,36,Winter,0
2025-02-05 14:00:00,21.4,34,18.9,0.0,0,12.0,31.3,2025,2,5,14,36,Winter,0
2025-02-05 15:00:00,21.1,33,18.0,0.0,0,11.7,31.3,2025,2,5,15,36,Winter,0
2025-02-05 16:00:00,20.3,36,17.5,0.0,0,10.6,29.5,2025,2,5,16,36,Winter,0
2025-02-05 17:00:00,19.1,43,17.1,0.0,0,7.2,25.2,2025,2,5,17,36,Winter,0
2025-02-05 18:00:00,17.8,50,16.3,0.0,0,5.5,18.4,2025,2,5,18,36,Winter,0
2025-02-05 19:00:00,16.8,58,15.5,0.0,0,5.8,12.2,2025,2,5,19,36,Winter,0
2025-02-05 20:00:00,15.5,65,14.5,0.0,0,4.9,11.5,2025,2,5,20,36,Winter,0
2025-02-05 21:00:00,14.5,69,13.5,0.0,0,4.5,9.4,2025,2,5,21,36,Winter,0
2025-02-05 22:00:00,13.8,70,12.7,0.0,0,4.8,9.0,2025,2,5,22,36,Winter,0
2025-02-05 23:00:00,13.2,68,11.8,0.0,0,4.9,9.0,2025,2,5,23,36,Winter,0
2025-02-06 00:00:00,13.0,62,11.1,0.0,0,6.1,9.7,2025,2,6,0,37,Winter,0
2025-02-06 01:00:00,13.4,56,10.9,0.0,0,8.7,16.2,2025,2,6,1,37,Winter,0
2025-02-06 02:00:00,13.1,57,10.4,0.0,0,9.6,18.7,2025,2,6,2,37,Winter,0
2025-02-06 03:00:00,13.0,56,10.1,0.0,0,10.9,21.2,2025,2,6,3,37,Winter,0
2025-02-06 04:00:00,13.0,56,9.9,0.0,0,12.2,24.1,2025,2,6,4,37,Winter,0
2025-02-06 05:00:00,12.8,56,9.7,0.0,0,11.9,24.5,2025,2,6,5,37,Winter,0
2025-02-06 06:00:00,11.7,75,9.7,0.0,0,8.8,20.9,2025,2,6,6,37,Winter,0
2025-02-06 07:00:00,11.4,75,9.4,0.0,0,8.3,17.3,2025,2,6,7,37,Winter,0
2025-02-06 08:00:00,12.8,69,10.6,0.0,0,10.2,19.1,2025,2,6,8,37,Winter,0
2025-02-06 09:00:00,15.2,62,13.5,0.0,0,7.9,19.8,2025,2,6,9,37,Winter,0
2025-02-06 10:00:00,17.7,53,15.8,0.0,0,9.3,24.1,2025,2,6,10,37,Winter,0
2025-02-06 11:00:00,19.6,39,17.0,0.0,0,13.0,32.4,2025,2,6,11,37,Winter,0
2025-02-06 12:00:00,20.7,31,17.6,0.0,0,15.3,37.8,2025,2,6,12,37,Winter,0
2025-02-06 13:00:00,21.1,28,17.7,0.0,0,16.4,40.3,2025,2,6,13,37,Winter,0
2025-02-06 14:00:00,21.1,29,17.4,0.0,0,16.8,41.0,2025,2,6,14,37,Winter,0
2025-02-06 15:00:00,20.6,33,16.7,0.0,0,16.7,41.0,2025,2,6,15,37,Winter,0
2025-02-06 16:00:00,19.8,38,16.1,0.0,0,16.7,39.6,2025,2,6,16,37,Winter,0
2025-02-06 17:00:00,18.6,43,15.6,0.0,0,13.3,37.8,2025,2,6,17,37,Winter,0
2025-02-06 18:00:00,17.8,47,15.1,0.0,0,11.6,29.5,2025,2,6,18,37,Winter,0
2025-02-06 19:00:00,16.6,51,13.8,0.0,0,12.6,25.9,2025,2,6,19,37,Winter,0
2025-02-06 20:00:00,15.6,52,12.7,0.0,3,12.4,26.6,2025,2,6,20,37,Winter,0
2025-02-06 21:00:00,14.8,54,12.0,0.0,71,11.6,25.9,2025,2,6,21,37,Winter,0
2025-02-06 22:00:00,14.2,55,11.3,0.0,0,12.0,24.5,2025,2,6,22,37,Winter,0
2025-02-06 23:00:00,13.5,57,10.4,0.0,0,13.2,27.0,2025,2,6,23,37,Winter,0
2025-02-07 00:00:00,13.1,59,9.9,0.0,0,13.4,27.7,2025,2,7,0,38,Winter,0
2025-02-07 01:00:00,12.6,60,9.6,0.0,8,12.4,27.7,2025,2,7,1,38,Winter,0
2025-02-07 02:00:00,12.2,60,9.1,0.0,0,11.8,25.6,2025,2,7,2,38,Winter,0
2025-02-07 03:00:00,11.7,61,8.7,0.0,0,10.8,24.1,2025,2,7,3,38,Winter,0
2025-02-07 04:00:00,11.2,62,8.3,0.0,0,10.6,22.0,2025,2,7,4,38,Winter,0
2025-02-07 05:00:00,10.8,64,7.7,0.0,0,11.4,23.0,2025,2,7,5,38,Winter,0
2025-02-07 06:00:00,10.7,73,8.0,0.0,0,11.8,23.8,2025,2,7,6,38,Winter,0
2025-02-07 07:00:00,10.6,71,7.5,0.0,41,13.0,26.3,2025,2,7,7,38,Winter,0
2025-02-07 08:00:00,11.9,66,8.9,0.0,22,12.8,28.4,2025,2,7,8,38,Winter,0
2025-02-07 09:00:00,14.1,58,11.3,0.0,5,11.4,27.7,2025,2,7,9,38,Winter,0
2025-02-07 10:00:00,16.2,51,13.5,0.0,2,11.4,29.5,2025,2,7,10,38,Winter,0
2025-02-07 11:00:00,18.2,45,15.9,0.0,0,12.2,31.7,2025,2,7,11,38,Winter,0
2025-02-07 12:00:00,19.7,39,17.3,0.0,0,14.4,36.7,2025,2,7,12,38,Winter,0
2025-02-07 13:00:00,20.6,35,17.7,0.0,0,16.2,40.3,2025,2,7,13,38,Winter,0
2025-02-07 14:00:00,20.8,32,17.3,0.0,0,17.3,42.1,2025,2,7,14,38,Winter,0
2025-02-07 15:00:00,20.7,31,16.6,0.0,0,17.2,42.1,2025,2,7,15,38,Winter,0
2025-02-07 16:00:00,20.0,36,16.3,0.0,0,16.0,40.7,2025,2,7,16,38,Winter,0
2025-02-07 17:00:00,18.7,41,15.6,0.0,13,12.9,36.4,2025,2,7,17,38,Winter,0
2025-02-07 18:00:00,17.9,45,15.1,0.0,1,11.7,29.2,2025,2,7,18,38,Winter,0
2025-02-07 19:00:00,16.8,50,14.1,0.0,21,11.4,24.8,2025,2,7,19,38,Winter,0
2025-02-07 20:00:00,15.9,52,13.2,0.0,3,11.5,24.1,2025,2,7,20,38,Winter,0
2025-02-07 21:00:00,15.1,53,12.3,0.0,9,11.7,24.1,2025,2,7,21,38,Winter,0
2025-02-07 22:00:00,14.5,54,11.6,0.0,11,11.6,23.8,2025,2,7,22,38,Winter,0
2025-02-07 23:00:00,13.9,54,10.9,0.0,62,11.7,23.8,2025,2,7,23,38,Winter,0
2025-02-08 00:00:00,13.5,54,10.5,0.0,22,11.4,23.8,2025,2,8,0,39,Winter,0
2025-02-08 01:00:00,13.1,55,10.1,0.0,99,11.3,23.4,2025,2,8,1,39,Winter,0
2025-02-08 02:00:00,12.8,55,9.7,0.0,95,11.4,23.0,2025,2,8,2,39,Winter,0
2025-02-08 03:00:00,12.5,55,9.4,0.0,100,11.4,23.0,2025,2,8,3,39,Winter,0
2025-02-08 04:00:00,12.3,55,9.2,0.0,35,11.1,23.8,2025,2,8,4,39,Winter,0
2025-02-08 05:00:00,12.0,56,8.9,0.0,58,11.1,22.7,2025,2,8,5,39,Winter,0
2025-02-08 06:00:00,11.2,66,8.3,0.0,0,11.7,23.8,2025,2,8,6,39,Winter,0
2025-02-08 07:00:00,11.1,66,8.1,0.0,0,11.8,23.8,2025,2,8,7,39,Winter,0
2025-02-08 08:00:00,12.3,63,9.4,0.0,1,11.8,25.2,2025,2,8,8,39,Winter,0
2025-02-08 09:00:00,14.5,56,11.8,0.0,2,10.7,25.6,2025,2,8,9,39,Winter,0
2025-02-08 10:00:00,17.2,48,14.6,0.0,12,11.0,28.4,2025,2,8,10,39,Winter,0
2025-02-08 11:00:00,19.6,42,17.4,0.0,16,11.4,30.2,2025,2,8,11,39,Winter,0
2025-02-08 12:00:00,21.5,36,19.6,0.0,22,11.6,31.0,2025,2,8,12,39,Winter,0
2025-02-08 13:00:00,22.8,32,20.7,0.0,25,12.4,32.0,2025,2,8,13,39,Winter,0
2025-02-08 14:00:00,23.3,30,20.7,0.0,30,12.6,32.4,2025,2,8,14,39,Winter,0
2025-02-08 15:00:00,23.2,31,20.3,0.0,41,11.8,32.0,2025,2,8,15,39,Winter,0
2025-02-08 16:00:00,22.4,35,19.9,0.0,99,10.3,29.5,2025,2,8,16,39,Winter,0
2025-02-08 17:00:00,20.8,45,19.3,0.0,16,7.2,24.1,2025,2,8,17,39,Winter,0
2025-02-08 18:00:00,19.8,47,18.6,0.0,85,4.9,15.1,2025,2,8,18,39,Winter,0
2025-02-08 19:00:00,18.8,54,17.8,0.0,3,5.9,11.9,2025,2,8,19,39,Winter,0
2025-02-08 20:00:00,17.7,61,16.8,0.0,2,6.2,12.2,2025,2,8,20,39,Winter,0
2025-02-08 21:00:00,16.7,65,15.8,0.0,15,6.7,13.0,2025,2,8,21,39,Winter,0
2025-02-08 22:00:00,16.2,66,15.1,0.0,8,7.2,14.4,2025,2,8,22,39,Winter,0
2025-02-08 23:00:00,15.5,67,14.3,0.0,0,7.0,14.4,2025,2,8,23,39,Winter,0
2025-02-09 00:00:00,14.9,68,13.6,0.0,0,6.9,13.7,2025,2,9,0,40,Winter,0
2025-02-09 01:00:00,14.5,69,13.2,0.0,0,7.1,13.7,2025,2,9,1,40,Winter,0
2025-02-09 02:00:00,14.0,71,12.7,0.0,0,6.6,14.0,2025,2,9,2,40,Winter,0
2025-02-09 03:00:00,13.2,75,12.0,0.0,0,5.8,12.6,2025,2,9,3,40,Winter,0
2025-02-09 04:00:00,12.5,78,11.3,0.0,0,5.4,10.8,2025,2,9,4,40,Winter,0
2025-02-09 05:00:00,11.9,80,10.7,0.0,0,5.2,10.4,2025,2,9,5,40,Winter,0
2025-02-09 06:00:00,10.9,86,9.9,0.0,23,4.6,9.7,2025,2,9,6,40,Winter,0
2025-02-09 07:00:00,10.8,86,9.7,0.0,7,4.3,9.0,2025,2,9,7,40,Winter,0
2025-02-09 08:00:00,12.9,76,11.7,0.0,25,5.8,13.0,2025,2,9,8,40,Winter,0
2025-02-09 09:00:00,15.9,63,15.1,0.0,3,3.4,13.3,2025,2,9,9,40,Winter,0
2025-02-09 10:00:00,19.0,50,18.1,0.0,1,3.5,15.1,2025,2,9,10,40,Winter,0
2025-02-09 11:00:00,21.8,38,20.8,0.0,11,4.2,17.3,2025,2,9,11,40,Winter,0
2025-02-09 12:00:00,23.8,29,22.6,0.0,3,5.8,20.5,2025,2,9,12,40,Winter,0
2025-02-09 13:00:00,24.8,25,23.3,0.0,5,6.4,22.3,2025,2,9,13,40,Winter,0
2025-02-09 14:00:00,25.2,26,23.3,0.0,5,7.3,23.0,2025,2,9,14,40,Winter,0
2025-02-09 15:00:00,24.9,28,22.6,0.0,0,7.9,23.4,2025,2,9,15,40,Winter,0
2025-02-09 16:00:00,24.1,32,22.0,0.0,0,8.1,23.0,2025,2,9,16,40,Winter,0
2025-02-09 17:00:00,22.5,41,21.1,0.0,0,6.6,21.2,2025,2,9,17,40,Winter,0
2025-02-09 18:00:00,20.9,50,20.2,0.0,0,4.8,14.8,2025,2,9,18,40,Winter,0
2025-02-09 19:00:00,19.5,59,19.2,0.0,0,4.4,9.7,2025,2,9,19,40,Winter,0
2025-02-09 20:00:00,18.6,65,18.7,0.0,0,3.4,8.3,2025,2,9,20,40,Winter,0
2025-02-09 21:00:00,17.9,68,18.1,0.0,0,2.8,5.8,2025,2,9,21,40,Winter,0
2025-02-09 22:00:00,17.3,71,17.5,0.0,0,2.3,4.3,2025,2,9,22,40,Winter,0
2025-02-09 23:00:00,16.8,73,17.2,0.0,0,1.3,3.2,2025,2,9,23,40,Winter,0
2025-02-10 00:00:00,15.9,76,16.1,0.0,0,1.8,2.9,2025,2,10,0,41,Winter,0
2025-02-10 01:00:00,14.7,81,14.6,0.0,0,3.9,6.1,2025,2,10,1,41,Winter,0
2025-02-10 02:00:00,13.7,84,13.2,0.0,4,4.8,7.9,2025,2,10,2,41,Winter,0
2025-02-10 03:00:00,12.9,86,12.4,0.0,8,4.6,8.3,2025,2,10,3,41,Winter,0
2025-02-10 04:00:00,12.3,87,11.9,0.0,1,3.5,7.6,2025,2,10,4,41,Winter,0
2025-02-10 05:00:00,11.8,89,11.3,0.0,1,3.2,5.4,2025,2,10,5,41,Winter,0
2025-02-10 06:00:00,11.7,92,11.2,0.0,5,4.1,7.2,2025,2,10,6,41,Winter,0
2025-02-10 07:00:00,11.8,91,11.3,0.0,2,4.2,7.9,2025,2,10,7,41,Winter,0
2025-02-10 08:00:00,13.9,81,13.4,0.0,4,4.8,12.6,2025,2,10,8,41,Winter,0
2025-02-10 09:00:00,17.5,65,17.2,0.0,40,3.4,13.3,2025,2,10,9,41,Winter,0
2025-02-10 10:00:00,21.4,48,20.9,0.0,28,3.1,15.1,2025,2,10,10,41,Winter,0
2025-02-10 11:00:00,24.4,31,23.3,0.0,36,4.3,18.0,2025,2,10,11,41,Winter,0
2025-02-10 12:00:00,26.2,24,24.9,0.0,86,5.6,20.9,2025,2,10,12,41,Winter,0
2025-02-10 13:00:00,26.8,22,24.8,0.0,7,6.5,22.7,2025,2,10,13,41,Winter,0
2025-02-10 14:00:00,27.2,21,24.8,0.0,6,6.9,23.0,2025,2,10,14,41,Winter,0
2025-02-10 15:00:00,27.2,22,24.6,0.0,0,7.1,23.0,2025,2,10,15,41,Winter,0
2025-02-10 16:00:00,26.6,23,24.1,0.0,0,6.8,22.3,2025,2,10,16,41,Winter,0
2025-02-10 17:00:00,25.1,29,23.1,0.0,0,6.0,19.4,2025,2,10,17,41,Winter,0
2025-02-10 18:00:00,22.3,47,21.7,0.0,0,4.9,11.2,2025,2,10,18,41,Winter,0
2025-02-10 19:00:00,21.1,57,21.2,0.0,0,3.9,9.7,2025,2,10,19,41,Winter,0
2025-02-10 20:00:00,20.5,60,20.9,0.0,0,2.9,6.5,2025,2,10,20,41,Winter,0
2025-02-10 21:00:00,19.6,64,19.9,0.0,0,3.4,5.0,2025,2,10,21,41,Winter,0
2025-02-10 22:00:00,18.7,69,19.0,0.0,0,3.9,6.5,2025,2,10,22,41,Winter,0
2025-02-10 23:00:00,17.9,74,18.4,0.0,0,3.1,6.8,2025,2,10,23,41,Winter,0
2025-02-11 00:00:00,17.3,77,17.9,0.0,0,2.6,4.0,2025,2,11,0,42,Winter,0
2025-02-11 01:00:00,16.6,79,17.1,0.0,0,3.2,4.3,2025,2,11,1,42,Winter,0
2025-02-11 02:00:00,16.4,80,17.1,0.0,0,1.7,4.3,2025,2,11,2,42,Winter,0
2025-02-11 03:00:00,16.4,78,17.0,0.0,0,1.0,2.5,2025,2,11,3,42,Winter,0
2025-02-11 04:00:00,15.3,82,15.6,0.0,0,2.9,4.3,2025,2,11,4,42,Winter,0
2025-02-11 05:00:00,14.4,86,14.2,0.0,3,5.0,9.7,2025,2,11,5,42,Winter,0
2025-02-11 06:00:00,12.8,90,12.4,0.0,0,4.7,12.2,2025,2,11,6,42,Winter,0
2025-02-11 07:00:00,12.3,93,12.0,0.0,20,4.1,8.6,2025,2,11,7,42,Winter,0
2025-02-11 08:00:00,14.3,83,14.1,0.0,73,4.9,11.9,2025,2,11,8,42,Winter,0
2025-02-11 09:00:00,18.2,68,18.4,0.0,57,2.8,12.2,2025,2,11,9,42,Winter,0
2025-02-11 10:00:00,22.0,51,22.0,0.0,22,2.4,13.3,2025,2,11,10,42,Winter,0
2025-02-11 11:00:00,24.6,41,24.8,0.0,0,3.1,15.5,2025,2,11,11,42,Winter,0
2025-02-11 12:00:00,26.2,37,26.6,0.0,0,4.2,18.0,2025,2,11,12,42,Winter,0
2025-02-11 13:00:00,27.3,32,27.3,0.0,2,5.5,20.2,2025,2,11,13,42,Winter,0
2025-02-11 14:00:00,27.9,25,26.4,0.0,1,7.3,23.0,2025,2,11,14,42,Winter,0
2025-02-11 15:00:00,27.7,25,25.4,0.0,11,8.8,24.5,2025,2,11,15,42,Winter,0
2025-02-11 16:00:00,26.5,32,24.7,0.0,15,9.5,24.8,2025,2,11,16,42,Winter,0
2025-02-11 17:00:00,24.9,40,24.0,0.0,7,6.6,23.8,2025,2,11,17,42,Winter,0
2025-02-11 18:00:00,23.5,44,23.1,0.0,11,4.3,14.4,2025,2,11,18,42,Winter,0
2025-02-11 19:00:00,22.5,52,22.8,0.0,2,2.4,8.3,2025,2,11,19,42,Winter,0
2025-02-11 20:00:00,21.4,56,21.6,0.0,22,3.2,4.3,2025,2,11,20,42,Winter,0
2025-02-11 21:00:00,20.5,58,20.2,0.0,7,5.7,10.1,2025,2,11,21,42,Winter,0
2025-02-11 22:00:00,19.3,66,19.3,0.0,18,5.6,11.5,2025,2,11,22,42,Winter,0
2025-02-11 23:00:00,18.4,69,18.8,0.0,3,2.9,10.4,2025,2,11,23,42,Winter,0
2025-02-12 00:00:00,18.3,67,18.8,0.0,1,0.9,4.0,2025,2,12,0,43,Winter,0
2025-02-12 01:00:00,17.1,70,16.9,0.0,0,4.4,6.1,2025,2,12,1,43,Winter,0
2025-02-12 02:00:00,15.9,71,15.3,0.0,0,5.4,9.0,2025,2,12,2,43,Winter,0
2025-02-12 03:00:00,15.3,72,14.8,0.0,0,3.6,9.0,2025,2,12,3,43,Winter,0
2025-02-12 04:00:00,14.6,72,13.8,0.0,0,4.7,7.9,2025,2,12,4,43,Winter,0
2025-02-12 05:00:00,14.1,71,13.0,0.0,0,5.5,10.8,2025,2,12,5,43,Winter,0
2025-02-12 06:00:00,13.8,81,12.9,0.0,0,7.4,14.8,2025,2,12,6,43,Winter,0
2025-02-12 07:00:00,13.6,79,12.4,0.0,0,8.3,16.6,2025,2,12,7,43,Winter,0
2025-02-12 08:00:00,15.2,70,13.9,0.0,0,8.6,18.4,2025,2,12,8,43,Winter,0
2025-02-12 09:00:00,17.8,59,16.5,0.0,0,7.9,22.0,2025,2,12,9,43,Winter,0
2025-02-12 10:00:00,20.6,47,19.2,0.0,0,7.6,23.4,2025,2,12,10,43,Winter,0
2025-02-12 11:00:00,23.3,36,21.6,0.0,0,10.0,28.4,2025,2,12,11,43,Winter,0
2025-02-12 12:00:00,24.9,27,22.1,0.0,0,15.8,39.6,2025,2,12,12,43,Winter,0
2025-02-12 13:00:00,25.3,25,22.4,0.0,0,15.9,41.0,2025,2,12,13,43,Winter,0
2025-02-12 14:00:00,25.3,24,22.2,0.0,0,14.7,40.7,2025,2,12,14,43,Winter,0
2025-02-12 15:00:00,24.8,24,20.8,0.0,0,16.2,40.0,2025,2,12,15,43,Winter,0
2025-02-12 16:00:00,23.8,29,20.1,0.0,0,15.9,40.0,2025,2,12,16,43,Winter,0
2025-02-12 17:00:00,22.5,36,19.6,0.0,0,13.8,37.4,2025,2,12,17,43,Winter,0
2025-02-12 18:00:00,21.3,44,19.0,0.0,0,12.9,32.0,2025,2,12,18,43,Winter,0
2025-02-12 19:00:00,20.3,49,18.0,0.0,0,13.8,29.9,2025,2,12,19,43,Winter,0
2025-02-12 20:00:00,19.7,46,17.1,0.0,0,14.1,31.0,2025,2,12,20,43,Winter,0
2025-02-12 21:00:00,19.0,46,16.3,0.0,0,13.3,30.2,2025,2,12,21,43,Winter,0
2025-02-12 22:00:00,18.3,45,15.6,0.0,3,12.1,28.4,2025,2,12,22,43,Winter,0
2025-02-12 23:00:00,17.8,43,14.8,0.0,2,12.2,25.6,2025,2,12,23,43,Winter,0
2025-02-13 00:00:00,17.2,43,14.0,0.0,0,12.3,25.6,2025,2,13,0,44,Winter,0
2025-02-13 01:00:00,16.6,45,13.5,0.0,2,12.5,26.3,2025,2,13,1,44,Winter,0
2025-02-13 02:00:00,16.0,46,12.8,0.0,1,12.8,26.3,2025,2,13,2,44,Winter,0
2025-02-13 03:00:00,15.3,51,12.4,0.0,0,11.2,26.3,2025,2,13,3,44,Winter,0
2025-02-13 04:00:00,14.7,55,12.1,0.0,0,10.3,22.7,2025,2,13,4,44,Winter,0
2025-02-13 05:00:00,14.3,57,11.7,0.0,0,10.2,20.9,2025,2,13,5,44,Winter,0
2025-02-13 06:00:00,13.9,66,11.5,0.0,0,12.2,25.2,2025,2,13,6,44,Winter,0
2025-02-13 07:00:00,13.7,66,11.3,0.0,0,12.2,25.2,2025,2,13,7,44,Winter,0
2025-02-13 08:00:00,14.6,66,12.6,0.0,0,10.8,25.9,2025,2,13,8,44,Winter,0
2025-02-13 09:00:00,16.6,60,14.6,0.0,0,11.3,27.4,2025,2,13,9,44,Winter,0
2025-02-13 10:00:00,19.0,52,16.9,0.0,0,12.1,30.6,2025,2,13,10,44,Winter,0
2025-02-13 11:00:00,21.0,42,18.9,0.0,4,14.0,35.3,2025,2,13,11,44,Winter,0
2025-02-13 12:00:00,22.3,37,20.3,0.0,0,14.5,37.1,2025,2,13,12,44,Winter,0
2025-02-13 13:00:00,23.2,32,20.8,0.0,0,15.2,38.2,2025,2,13,13,44,Winter,0
2025-02-13 14:00:00,23.6,28,20.5,0.0,0,16.1,39.6,2025,2,13,14,44,Winter,0
2025-02-13 15:00:00,23.4,28,19.6,0.0,0,15.7,39.6,2025,2,13,15,44,Winter,0
2025-02-13 16:00:00,22.6,33,19.3,0.0,0,14.7,37.8,2025,2,13,16,44,Winter,0
2025-02-13 17:00:00,21.3,39,18.5,0.0,0,13.7,34.2,2025,2,13,17,44,Winter,0
2025-02-13 18:00:00,20.5,46,18.3,0.0,0,11.9,31.7,2025,2,13,18,44,Winter,0
2025-02-13 19:00:00,19.4,49,17.2,0.0,0,12.0,26.3,2025,2,13,19,44,Winter,0
2025-02-13 20:00:00,18.6,48,16.1,0.0,0,12.7,27.0,2025,2,13,20,44,Winter,0
2025-02-13 21:00:00,17.9,46,15.2,0.0,0,11.8,26.6,2025,2,13,21,44,Winter,0
2025-02-13 22:00:00,17.3,45,14.5,0.0,0,11.3,24.8,2025,2,13,22,44,Winter,0
2025-02-13 23:00:00,16.8,43,13.9,0.0,0,9.8,23.0,2025,2,13,23,44,Winter,0
2025-02-14 00:00:00,16.2,42,13.4,0.0,0,8.7,19.8,2025,2,14,0,45,Winter,0
2025-02-14 01:00:00,15.5,43,12.7,0.0,0,8.3,17.6,2025,2,14,1,45,Winter,0
2025-02-14 02:00:00,14.8,45,11.9,0.0,0,8.5,16.9,2025,2,14,2,45,Winter,0
2025-02-14 03:00:00,14.1,47,11.2,0.0,0,8.6,17.6,2025,2,14,3,45,Winter,0
2025-02-14 04:00:00,13.4,50,10.6,0.0,0,8.4,17.6,2025,2,14,4,45,Winter,0
2025-02-14 05:00:00,12.9,52,10.0,0.0,0,8.7,17.6,2025,2,14,5,45,Winter,0
2025-02-14 06:00:00,12.4,61,9.5,0.0,0,10.8,21.6,2025,2,14,6,45,Winter,0
2025-02-14 07:00:00,12.3,60,9.5,0.0,2,10.9,22.0,2025,2,14,7,45,Winter,0
2025-02-14 08:00:00,13.8,55,10.9,0.0,8,11.6,23.8,2025,2,14,8,45,Winter,0
2025-02-14 09:00:00,16.3,48,13.5,0.0,0,11.1,27.0,2025,2,14,9,45,Winter,0
2025-02-14 10:00:00,19.0,41,16.2,0.0,0,11.9,30.6,2025,2,14,10,45,Winter,0
2025-02-14 11:00:00,21.4,34,18.9,0.0,0,12.2,32.8,2025,2,14,11,45,Winter,0
2025-02-14 12:00:00,23.2,27,20.6,0.0,0,13.5,35.6,2025,2,14,12,45,Winter,0
2025-02-14 13:00:00,24.2,27,21.7,0.0,4,14.1,37.1,2025,2,14,13,45,Winter,0
2025-02-14 14:00:00,24.6,27,21.8,0.0,51,13.9,37.1,2025,2,14,14,45,Winter,0
2025-02-14 15:00:00,24.5,28,21.3,0.0,0,13.3,36.4,2025,2,14,15,45,Winter,0
2025-02-14 16:00:00,24.0,30,21.0,0.0,0,12.5,34.2,2025,2,14,16,45,Winter,0
2025-02-14 17:00:00,22.7,36,20.4,0.0,0,10.3,30.6,2025,2,14,17,45,Winter,0
2025-02-14 18:00:00,21.7,41,19.9,0.0,0,8.6,24.5,2025,2,14,18,45,Winter,0
2025-02-14 19:00:00,20.9,44,19.1,0.0,15,8.5,18.4,2025,2,14,19,45,Winter,0
2025-02-14 20:00:00,20.2,44,18.4,0.0,86,8.3,17.6,2025,2,14,20,45,Winter,0
2025-02-14 21:00:00,19.6,43,17.7,0.0,49,7.8,16.6,2025,2,14,21,45,Winter,0
2025-02-14 22:00:00,18.8,44,17.0,0.0,89,6.0,15.5,2025,2,14,22,45,Winter,0
2025-02-14 23:00:00,17.8,48,16.2,0.0,100,5.1,11.9,2025,2,14,23,45,Winter,0
2025-02-15 00:00:00,16.9,52,15.4,0.0,54,4.8,10.1,2025,2,15,0,46,Winter,0
2025-02-15 01:00:00,16.1,56,14.7,0.0,97,4.7,9.4,2025,2,15,1,46,Winter,0
2025-02-15 02:00:00,15.6,60,14.5,0.0,85,3.8,9.0,2025,2,15,2,46,Winter,0
2025-02-15 03:00:00,15.0,60,13.6,0.0,66,4.7,9.4,2025,2,15,3,46,Winter,0
2025-02-15 04:00:00,14.2,66,13.0,0.0,79,4.2,11.5,2025,2,15,4,46,Winter,0
2025-02-15 05:00:00,14.0,68,13.0,0.0,13,3.3,7.9,2025,2,15,5,46,Winter,0
2025-02-15 06:00:00,13.0,74,12.0,0.0,15,4.1,7.9,2025,2,15,6,46,Winter,0
2025-02-15 07:00:00,13.3,73,12.4,0.0,37,3.5,7.9,2025,2,15,7,46,Winter,0
2025-02-15 08:00:00,15.8,61,14.9,0.0,11,2.8,8.6,2025,2,15,8,46,Winter,0
2025-02-15 09:00:00,19.6,46,18.8,0.0,35,1.3,10.4,2025,2,15,9,46,Winter,0
2025-02-15 10:00:00,22.9,35,21.9,0.0,23,0.7,10.8,2025,2,15,10,46,Winter,0
2025-02-15 11:00:00,25.1,27,23.6,0.0,2,4.7,17.6,2025,2,15,11,46,Winter,0
2025-02-15 12:00:00,25.6,27,24.2,0.0,0,8.2,25.2,2025,2,15,12,46,Winter,0
2025-02-15 13:00:00,25.6,27,24.0,0.0,0,9.8,28.8,2025,2,15,13,46,Winter,0
2025-02-15 14:00:00,25.6,26,23.7,0.0,0,9.1,28.8,2025,2,15,14,46,Winter,0
2025-02-15 15:00:00,25.6,26,22.9,0.0,0,9.3,26.6,2025,2,15,15,46,Winter,0
2025-02-15 16:00:00,24.9,28,22.1,0.0,0,10.3,26.3,2025,2,15,16,46,Winter,0
2025-02-15 17:00:00,23.7,31,21.2,0.0,0,9.6,25.9,2025,2,15,17,46,Winter,0
2025-02-15 18:00:00,24.1,31,22.0,0.0,0,6.9,15.8,2025,2,15,18,46,Winter,0
2025-02-15 19:00:00,22.6,36,21.0,0.0,0,4.9,14.4,2025,2,15,19,46,Winter,0
2025-02-15 20:00:00,21.3,43,20.1,0.0,5,4.6,9.7,2025,2,15,20,46,Winter,0
2025-02-15 21:00:00,20.2,49,19.2,0.0,45,5.1,10.4,2025,2,15,21,46,Winter,0
2025-02-15 22:00:00,19.1,50,17.9,0.0,76,5.6,12.2,2025,2,15,22,46,Winter,0
2025-02-15 23:00:00,18.1,53,16.9,0.0,14,5.1,12.2,2025,2,15,23,46,Winter,0
2025-02-16 00:00:00,17.5,57,17.0,0.0,0,1.9,9.4,2025,2,16,0,47,Winter,0
2025-02-16 01:00:00,17.2,59,16.7,0.0,0,1.6,3.2,2025,2,16,1,47,Winter,0
2025-02-16 02:00:00,17.3,59,17.1,0.0,0,0.0,2.5,2025,2,16,2,47,Winter,0
2025-02-16 03:00:00,15.8,63,14.9,0.0,1,3.7,5.8,2025,2,16,3,47,Winter,0
2025-02-16 04:00:00,15.4,65,14.7,0.0,9,2.1,5.8,2025,2,16,4,47,Winter,0
2025-02-16 05:00:00,14.8,68,14.1,0.0,0,2.4,3.2,2025,2,16,5,47,Winter,0
2025-02-16 06:00:00,13.5,79,13.0,0.0,0,3.1,5.4,2025,2,16,6,47,Winter,0
2025-02-16 07:00:00,13.6,81,13.2,0.0,17,3.2,5.0,2025,2,16,7,47,Winter,0
2025-02-16 08:00:00,16.1,69,15.7,0.0,0,3.6,9.4,2025,2,16,8,47,Winter,0
2025-02-16 09:00:00,19.5,56,19.4,0.0,2,1.6,10.4,2025,2,16,9,47,Winter,0
2025-02-16 10:00:00,22.5,44,22.0,0.0,37,2.8,14.0,2025,2,16,10,47,Winter,0
2025-02-16 11:00:00,24.6,34,24.3,0.0,94,2.4,15.5,2025,2,16,11,47,Winter,0
2025-02-16 12:00:00,25.8,30,25.7,0.0,100,1.9,15.1,2025,2,16,12,47,Winter,0
2025-02-16 13:00:00,26.4,29,25.7,0.0,100,4.5,19.4,2025,2,16,13,47,Winter,0
2025-02-16 14:00:00,26.6,30,25.3,0.0,100,5.9,21.2,2025,2,16,14,47,Winter,0
2025-02-16 15:00:00,26.5,30,24.9,0.0,100,6.5,22.0,2025,2,16,15,47,Winter,0
2025-02-16 16:00:00,26.0,32,24.4,0.0,100,6.8,22.0,2025,2,16,16,47,Winter,0
2025-02-16 17:00:00,24.9,36,23.3,0.0,85,8.4,20.2,2025,2,16,17,47,Winter,0
2025-02-16 18:00:00,23.8,40,22.5,0.0,19,7.8,19.8,2025,2,16,18,47,Winter,0
2025-02-16 19:00:00,22.5,48,21.7,0.0,23,6.8,16.9,2025,2,16,19,47,Winter,0
2025-02-16 20:00:00,21.5,53,21.1,0.0,39,6.1,14.4,2025,2,16,20,47,Winter,0
2025-02-16 21:00:00,20.2,59,20.2,0.0,4,4.4,12.2,2025,2,16,21,47,Winter,0
2025-02-16 22:00:00,19.0,64,18.9,0.0,41,4.9,9.4,2025,2,16,22,47,Winter,0
2025-02-16 23:00:00,18.1,69,18.1,0.0,1,4.6,9.4,2025,2,16,23,47,Winter,0
2025-02-17 00:00:00,17.4,71,17.4,0.0,2,4.3,7.6,2025,2,17,0,48,Winter,0
2025-02-17 01:00:00,17.0,73,17.2,0.0,4,3.1,7.2,2025,2,17,1,48,Winter,0
2025-02-17 02:00:00,16.7,75,17.0,0.0,67,1.8,4.7,2025,2,17,2,48,Winter,0
2025-02-17 03:00:00,16.9,74,17.3,0.0,90,2.1,2.9,2025,2,17,3,48,Winter,0
2025-02-17 04:00:00,16.5,76,16.6,0.0,100,3.5,7.2,2025,2,17,4,48,Winter,0
2025-02-17 05:00:00,16.7,76,17.2,0.0,100,1.9,5.8,2025,2,17,5,48,Winter,0
2025-02-17 06:00:00,16.4,79,17.1,0.0,81,1.4,4.0,2025,2,17,6,48,Winter,0
2025-02-17 07:00:00,16.2,81,17.0,0.0,0,1.0,3.2,2025,2,17,7,48,Winter,0
2025-02-17 08:00:00,18.1,70,18.5,0.0,0,2.4,8.6,2025,2,17,8,48,Winter,0
2025-02-17 09:00:00,20.6,57,20.9,0.0,0,1.8,11.2,2025,2,17,9,48,Winter,0
2025-02-17 10:00:00,23.4,41,22.8,0.0,1,2.8,14.4,2025,2,17,10,48,Winter,0
2025-02-17 11:00:00,25.6,31,25.5,0.0,29,1.1,14.8,2025,2,17,11,48,Winter,0
2025-02-17 12:00:00,27.0,26,26.9,0.0,20,0.7,13.7,2025,2,17,12,48,Winter,0
2025-02-17 13:00:00,28.1,21,27.7,0.0,7,1.0,14.0,2025,2,17,13,48,Winter,0
2025-02-17 14:00:00,28.7,19,27.3,0.0,0,2.0,14.4,2025,2,17,14,48,Winter,0
2025-02-17 15:00:00,28.8,19,26.7,0.0,12,3.3,15.8,2025,2,17,15,48,Winter,0
2025-02-17 16:00:00,28.0,23,25.7,0.0,41,6.7,19.8,2025,2,17,16,48,Winter,0
2025-02-17 17:00:00,26.4,29,24.4,0.0,8,7.9,21.2,2025,2,17,17,48,Winter,0
2025-02-17 18:00:00,24.5,31,23.1,0.0,2,3.6,15.1,2025,2,17,18,48,Winter,0
2025-02-17 19:00:00,23.3,42,23.0,0.0,37,1.0,7.6,2025,2,17,19,48,Winter,0
2025-02-17 20:00:00,22.4,49,22.7,0.0,0,0.4,3.6,2025,2,17,20,48,Winter,0
2025-02-17 21:00:00,21.4,52,21.5,0.0,54,1.5,3.2,2025,2,17,21,48,Winter,0
2025-02-17 22:00:00,20.6,59,20.9,0.0,38,3.0,5.0,2025,2,17,22,48,Winter,0
2025-02-17 23:00:00,19.4,65,19.5,0.0,100,4.6,7.9,2025,2,17,23,48,Winter,0
2025-02-18 00:00:00,19.8,64,20.0,0.0,100,4.4,8.6,2025,2,18,0,49,Winter,0
2025-02-18 01:00:00,19.3,65,19.4,0.0,5,4.4,9.0,2025,2,18,1,49,Winter,0
2025-02-18 02:00:00,18.1,67,17.9,0.0,61,5.1,8.3,2025,2,18,2,49,Winter,0
2025-02-18 03:00:00,18.2,63,17.5,0.0,49,6.9,13.3,2025,2,18,3,49,Winter,0
2025-02-18 04:00:00,17.1,69,16.8,0.0,91,4.6,13.7,2025,2,18,4,49,Winter,0
2025-02-18 05:00:00,17.3,70,17.5,0.0,57,1.8,7.2,2025,2,18,5,49,Winter,0
2025-02-18 06:00:00,17.0,74,17.6,0.0,26,1.1,4.3,2025,2,18,6,49,Winter,0
2025-02-18 07:00:00,16.8,75,17.0,0.0,98,3.2,5.8,2025,2,18,7,49,Winter,0
2025-02-18 08:00:00,18.9,65,18.8,0.0,100,5.1,10.8,2025,2,18,8,49,Winter,0
2025-02-18 09:00:00,19.8,62,19.7,0.0,100,5.9,12.2,2025,2,18,9,49,Winter,0
2025-02-18 10:00:00,21.0,58,20.7,0.0,100,7.1,18.0,2025,2,18,10,49,Winter,0
2025-02-18 11:00:00,22.0,53,21.1,0.0,100,9.6,26.3,2025,2,18,11,49,Winter,0
2025-02-18 12:00:00,23.3,45,22.6,0.0,94,6.7,25.9,2025,2,18,12,49,Winter,0
2025-02-18 13:00:00,24.8,35,23.5,0.0,1,6.4,21.2,2025,2,18,13,49,Winter,0
2025-02-18 14:00:00,26.3,29,25.1,0.0,1,7.8,24.8,2025,2,18,14,49,Winter,0
2025-02-18 15:00:00,26.4,27,24.0,0.0,0,9.0,26.3,2025,2,18,15,49,Winter,0
2025-02-18 16:00:00,25.9,26,23.4,0.0,0,8.6,25.9,2025,2,18,16,49,Winter,0
2025-02-18 17:00:00,24.8,30,22.8,0.0,0,7.1,23.4,2025,2,18,17,49,Winter,0
2025-02-18 18:00:00,23.4,36,21.9,0.0,2,5.1,19.4,2025,2,18,18,49,Winter,0
2025-02-18 19:00:00,22.0,46,21.4,0.0,1,4.2,10.1,2025,2,18,19,49,Winter,0
2025-02-18 20:00:00,21.3,52,21.0,0.0,0,3.9,7.9,2025,2,18,20,49,Winter,0
2025-02-18 21:00:00,20.8,55,20.7,0.0,0,3.1,6.8,2025,2,18,21,49,Winter,0
2025-02-18 22:00:00,19.9,56,19.4,0.0,0,5.0,7.9,2025,2,18,22,49,Winter,0
2025-02-18 23:00:00,18.9,59,18.4,0.0,0,4.9,9.0,2025,2,18,23,49,Winter,0
2025-02-19 00:00:00,17.9,61,17.2,0.0,0,4.9,9.0,2025,2,19,0,50,Winter,0
2025-02-19 01:00:00,17.0,63,16.3,0.0,0,5.1,10.1,2025,2,19,1,50,Winter,0
2025-02-19 02:00:00,16.2,66,15.4,0.0,0,4.8,9.7,2025,2,19,2,50,Winter,0
2025-02-19 03:00:00,15.6,68,14.7,0.0,8,5.1,10.1,2025,2,19,3,50,Winter,0
2025-02-19 04:00:00,15.1,69,14.2,0.0,8,5.1,10.1,2025,2,19,4,50,Winter,0
2025-02-19 05:00:00,14.7,69,13.7,0.0,97,5.2,10.4,2025,2,19,5,50,Winter,0
2025-02-19 06:00:00,14.2,76,13.4,0.0,93,5.1,10.4,2025,2,19,6,50,Winter,0
2025-02-19 07:00:00,14.3,75,13.4,0.0,100,6.1,11.9,2025,2,19,7,50,Winter,0
2025-02-19 08:00:00,16.1,68,15.3,0.0,90,5.9,13.7,2025,2,19,8,50,Winter,0
2025-02-19 09:00:00,19.2,56,18.7,0.0,100,4.1,14.8,2025,2,19,9,50,Winter,0
2025-02-19 10:00:00,21.9,45,21.1,0.0,88,4.5,17.3,2025,2,19,10,50,Winter,0
2025-02-19 11:00:00,24.3,36,23.4,0.0,100,5.8,20.5,2025,2,19,11,50,Winter,0
2025-02-19 12:00:00,25.7,29,24.6,0.0,100,6.7,22.7,2025,2,19,12,50,Winter,0
2025-02-19 13:00:00,26.6,26,25.0,0.0,81,6.9,23.0,2025,2,19,13,50,Winter,0
2025-02-19 14:00:00,27.0,25,25.1,0.0,76,7.3,23.8,2025,2,19,14,50,Winter,0
2025-02-19 15:00:00,27.0,26,24.7,0.0,99,8.5,25.6,2025,2,19,15,50,Winter,0
2025-02-19 16:00:00,26.5,28,24.3,0.0,100,8.5,25.2,2025,2,19,16,50,Winter,0
2025-02-19 17:00:00,25.5,31,23.9,0.0,100,6.5,22.7,2025,2,19,17,50,Winter,0
2025-02-19 18:00:00,24.1,38,23.2,0.0,100,4.1,16.2,2025,2,19,18,50,Winter,0
2025-02-19 19:00:00,23.7,42,23.1,0.0,100,4.0,9.0,2025,2,19,19,50,Winter,0
2025-02-19 20:00:00,22.8,49,22.6,0.0,100,3.7,7.9,2025,2,19,20,50,Winter,0
2025-02-19 21:00:00,21.8,49,20.9,0.3,100,7.3,14.0,2025,2,19,21,50,Winter,1
2025-02-19 22:00:00,20.0,61,19.8,0.5,92,5.8,18.0,2025,2,19,22,50,Winter,1
2025-02-19 23:00:00,18.2,72,18.7,0.2,99,3.2,14.0,2025,2,19,23,50,Winter,1
2025-02-20 00:00:00,18.2,73,18.0,0.0,99,8.3,14.4,2025,2,20,0,51,Winter,0
2025-02-20 01:00:00,17.0,78,17.6,0.5,99,2.3,22.7,2025,2,20,1,51,Winter,1
2025-02-20 02:00:00,16.9,75,16.2,0.1,75,10.3,19.8,2025,2,20,2,51,Winter,1
2025-02-20 03:00:00,16.4,79,15.8,0.7,100,9.7,25.6,2025,2,20,3,51,Winter,1
2025-02-20 04:00:00,15.9,86,15.3,1.3,62,11.8,21.2,2025,2,20,4,51,Winter,1
2025-02-20 05:00:00,15.1,83,14.0,0.0,99,12.1,26.6,2025,2,20,5,51,Winter,0
2025-02-20 06:00:00,16.3,87,16.1,0.1,27,10.0,19.4,2025,2,20,6,51,Winter,1
2025-02-20 07:00:00,16.4,82,16.0,0.0,35,10.1,20.5,2025,2,20,7,51,Winter,0
2025-02-20 08:00:00,17.9,73,17.3,0.0,35,10.3,22.3,2025,2,20,8,51,Winter,0
2025-02-20 09:00:00,19.8,64,19.1,0.0,72,10.8,25.2,2025,2,20,9,51,Winter,0
2025-02-20 10:00:00,20.3,62,19.3,0.2,97,12.8,32.4,2025,2,20,10,51,Winter,1
2025-02-20 11:00:00,20.8,59,19.8,0.0,62,12.2,32.0,2025,2,20,11,51,Winter,0
2025-02-20 12:00:00,21.6,57,20.5,0.5,19,13.5,33.5,2025,2,20,12,51,Winter,1
2025-02-20 13:00:00,22.9,53,22.1,0.0,7,15.8,39.2,2025,2,20,13,51,Winter,0
2025-02-20 14:00:00,23.5,48,22.1,0.0,2,16.6,40.7,2025,2,20,14,51,Winter,0
2025-02-20 15:00:00,23.7,46,21.7,0.0,33,16.5,41.0,2025,2,20,15,51,Winter,0
2025-02-20 16:00:00,23.1,49,21.5,0.0,21,14.3,38.9,2025,2,20,16,51,Winter,0
2025-02-20 17:00:00,21.9,54,20.5,0.0,32,13.9,33.5,2025,2,20,17,51,Winter,0
2025-02-20 18:00:00,21.0,61,19.8,0.0,8,14.4,33.5,2025,2,20,18,51,Winter,0
2025-02-20 19:00:00,20.0,67,19.0,0.0,17,14.9,32.4,2025,2,20,19,51,Winter,0
2025-02-20 20:00:00,19.6,67,19.2,0.2,63,9.7,31.3,2025,2,20,20,51,Winter,1
2025-02-20 21:00:00,15.9,89,15.3,2.3,54,13.1,34.6,2025,2,20,21,51,Winter,1
2025-02-20 22:00:00,16.2,87,16.3,1.0,19,7.6,25.6,2025,2,20,22,51,Winter,1
2025-02-20 23:00:00,16.1,87,16.1,0.2,37,9.0,17.3,2025,2,20,23,51,Winter,1
2025-02-21 00:00:00,15.6,88,15.4,0.2,36,9.2,19.4,2025,2,21,0,52,Winter,1
2025-02-21 01:00:00,15.3,90,15.4,0.1,14,6.9,16.9,2025,2,21,1,52,Winter,1
2025-02-21 02:00:00,14.8,91,15.1,0.1,15,5.4,13.3,2025,2,21,2,52,Winter,1
2025-02-21 03:00:00,14.4,93,14.6,0.0,9,5.3,10.4,2025,2,21,3,52,Winter,0
2025-02-21 04:00:00,14.2,93,14.3,0.0,0,6.3,12.2,2025,2,21,4,52,Winter,0
2025-02-21 05:00:00,13.7,93,13.7,0.0,0,5.5,12.2,2025,2,21,5,52,Winter,0
2025-02-21 06:00:00,14.3,90,14.5,0.0,0,4.4,10.8,2025,2,21,6,52,Winter,0
2025-02-21 07:00:00,14.5,89,14.9,0.0,0,3.3,7.9,2025,2,21,7,52,Winter,0
2025-02-21 08:00:00,16.1,82,16.6,0.0,0,2.4,9.4,2025,2,21,8,52,Winter,0
2025-02-21 09:00:00,18.2,71,18.9,0.0,2,1.5,10.8,2025,2,21,9,52,Winter,0
2025-02-21 10:00:00,20.5,62,21.2,0.0,2,0.8,11.5,2025,2,21,10,52,Winter,0
2025-02-21 11:00:00,22.5,53,23.7,0.0,3,1.5,13.7,2025,2,21,11,52,Winter,0
2025-02-21 12:00:00,23.7,49,25.5,0.0,4,2.0,15.1,2025,2,21,12,52,Winter,0
2025-02-21 13:00:00,24.6,47,26.3,0.0,4,2.6,15.8,2025,2,21,13,52,Winter,0
2025-02-21 14:00:00,25.1,44,25.6,0.0,99,5.0,19.8,2025,2,21,14,52,Winter,0
2025-02-21 15:00:00,24.9,44,24.3,0.0,100,7.7,23.0,2025,2,21,15,52,Winter,0
2025-02-21 16:00:00,24.1,46,23.1,0.0,100,10.1,25.9,2025,2,21,16,52,Winter,0
2025-02-21 17:00:00,22.7,52,21.8,0.0,100,11.2,26.6,2025,2,21,17,52,Winter,0
2025-02-21 18:00:00,21.7,58,21.2,0.0,95,9.8,26.3,2025,2,21,18,52,Winter,0
2025-02-21 19:00:00,20.8,65,20.7,0.0,99,8.8,21.6,2025,2,21,19,52,Winter,0
2025-02-21 20:00:00,19.9,70,20.2,0.0,5,8.0,19.4,2025,2,21,20,52,Winter,0
2025-02-21 21:00:00,18.9,75,19.3,0.0,79,7.3,17.3,2025,2,21,21,52,Winter,0
2025-02-21 22:00:00,18.0,80,18.4,0.0,2,7.0,15.1,2025,2,21,22,52,Winter,0
2025-02-21 23:00:00,17.1,84,17.4,0.0,0,7.1,14.8,2025,2,21,23,52,Winter,0
2025-02-22 00:00:00,16.3,86,16.4,0.0,0,8.2,16.9,2025,2,22,0,53,Winter,0
2025-02-22 01:00:00,15.8,85,15.5,0.0,0,8.6,18.4,2025,2,22,1,53,Winter,0
2025-02-22 02:00:00,15.1,86,14.8,0.0,0,7.7,17.6,2025,2,22,2,53,Winter,0
2025-02-22 03:00:00,14.6,87,14.1,0.0,12,8.1,16.2,2025,2,22,3,53,Winter,0
2025-02-22 04:00:00,14.1,89,13.5,0.0,7,8.6,17.3,2025,2,22,4,53,Winter,0
2025-02-22 05:00:00,13.6,89,13.0,0.0,48,8.4,17.6,2025,2,22,5,53,Winter,0
2025-02-22 06:00:00,13.5,92,13.0,0.0,0,8.0,16.2,2025,2,22,6,53,Winter,0
2025-02-22 07:00:00,13.5,90,12.8,0.0,20,8.8,17.6,2025,2,22,7,53,Winter,0
2025-02-22 08:00:00,15.1,81,14.6,0.0,40,7.1,18.4,2025,2,22,8,53,Winter,0
2025-02-22 09:00:00,17.3,69,16.7,0.0,20,7.4,22.0,2025,2,22,9,53,Winter,0
2025-02-22 10:00:00,19.7,58,19.0,0.0,46,7.5,23.0,2025,2,22,10,53,Winter,0
2025-02-22 11:00:00,21.7,48,21.2,0.0,57,8.6,26.3,2025,2,22,11,53,Winter,0
2025-02-22 12:00:00,23.0,43,22.5,0.0,100,10.2,29.9,2025,2,22,12,53,Winter,0
2025-02-22 13:00:00,23.6,40,22.4,0.0,73,11.4,31.7,2025,2,22,13,53,Winter,0
2025-02-22 14:00:00,23.9,36,22.0,0.0,29,11.5,31.7,2025,2,22,14,53,Winter,0
2025-02-22 15:00:00,23.8,37,21.6,0.0,7,11.8,32.4,2025,2,22,15,53,Winter,0
2025-02-22 16:00:00,23.2,38,21.0,0.0,0,11.9,31.7,2025,2,22,16,53,Winter,0
2025-02-22 17:00:00,22.1,42,20.0,0.0,1,11.8,30.2,2025,2,22,17,53,Winter,0
2025-02-22 18:00:00,20.4,53,19.5,0.0,0,7.0,23.8,2025,2,22,18,53,Winter,0
2025-02-22 19:00:00,19.4,60,19.0,0.0,0,5.8,14.8,2025,2,22,19,53,Winter,0
2025-02-22 20:00:00,18.7,64,18.3,0.0,0,6.4,13.0,2025,2,22,20,53,Winter,0
2025-02-22 21:00:00,18.0,68,17.8,0.0,0,5.2,12.6,2025,2,22,21,53,Winter,0
2025-02-22 22:00:00,17.2,73,17.2,0.0,0,4.8,10.4,2025,2,22,22,53,Winter,0
2025-02-22 23:00:00,16.5,76,16.5,0.0,0,4.7,9.4,2025,2,22,23,53,Winter,0
2025-02-23 00:00:00,15.9,78,15.8,0.0,0,4.3,8.6,2025,2,23,0,54,Winter,0
2025-02-23 01:00:00,15.3,78,15.1,0.0,0,4.5,7.9,2025,2,23,1,54,Winter,0
2025-02-23 02:00:00,14.9,78,14.6,0.0,0,4.7,9.4,2025,2,23,2,54,Winter,0
2025-02-23 03:00:00,14.5,80,14.0,0.0,0,5.1,9.7,2025,2,23,3,54,Winter,0
2025-02-23 04:00:00,14.0,81,13.5,0.0,0,5.2,10.1,2025,2,23,4,54,Winter,0
2025-02-23 05:00:00,13.6,83,13.0,0.0,0,5.1,10.1,2025,2,23,5,54,Winter,0
2025-02-23 06:00:00,13.3,87,12.9,0.0,0,4.5,10.1,2025,2,23,6,54,Winter,0
2025-02-23 07:00:00,13.8,84,13.4,0.0,0,5.0,9.0,2025,2,23,7,54,Winter,0
2025-02-23 08:00:00,15.5,77,15.1,0.0,0,5.6,14.8,2025,2,23,8,54,Winter,0
2025-02-23 09:00:00,18.0,66,17.7,0.0,0,5.4,18.0,2025,2,23,9,54,Winter,0
2025-02-23 10:00:00,20.5,56,20.1,0.0,0,6.0,20.5,2025,2,23,10,54,Winter,0
2025-02-23 11:00:00,22.5,47,22.5,0.0,0,6.7,22.7,2025,2,23,11,54,Winter,0
2025-02-23 12:00:00,23.8,41,23.9,0.0,0,7.2,24.1,2025,2,23,12,54,Winter,0
2025-02-23 13:00:00,24.6,39,24.7,0.0,0,7.3,24.5,2025,2,23,13,54,Winter,0
2025-02-23 14:00:00,25.1,37,24.7,0.0,0,7.6,24.8,2025,2,23,14,54,Winter,0
2025-02-23 15:00:00,24.9,37,23.5,0.0,0,8.7,25.9,2025,2,23,15,54,Winter,0
2025-02-23 16:00:00,24.4,37,22.7,0.0,0,9.1,25.9,2025,2,23,16,54,Winter,0
2025-02-23 17:00:00,23.3,40,21.7,0.0,0,8.4,24.5,2025,2,23,17,54,Winter,0
2025-02-23 18:00:00,21.9,47,21.1,0.0,0,5.4,20.2,2025,2,23,18,54,Winter,0
2025-02-23 19:00:00,20.5,54,20.2,0.0,0,4.0,11.5,2025,2,23,19,54,Winter,0
2025-02-23 20:00:00,19.5,59,19.4,0.0,0,3.7,8.3,2025,2,23,20,54,Winter,0
2025-02-23 21:00:00,18.9,63,18.9,0.0,0,3.7,7.2,2025,2,23,21,54,Winter,0
2025-02-23 22:00:00,18.3,65,18.3,0.0,0,3.6,6.8,2025,2,23,22,54,Winter,0
2025-02-23 23:00:00,17.8,66,17.8,0.0,0,2.7,6.1,2025,2,23,23,54,Winter,0
2025-02-24 00:00:00,17.1,68,17.0,0.0,0,3.1,4.7,2025,2,24,0,55,Winter,0
2025-02-24 01:00:00,16.5,70,16.3,0.0,0,3.1,4.7,2025,2,24,1,55,Winter,0
2025-02-24 02:00:00,15.9,73,15.8,0.0,0,2.9,4.3,2025,2,24,2,55,Winter,0
2025-02-24 03:00:00,15.3,75,15.1,0.0,1,3.1,4.3,2025,2,24,3,55,Winter,0
2025-02-24 04:00:00,14.2,80,13.8,0.0,0,3.8,6.1,2025,2,24,4,55,Winter,0
2025-02-24 05:00:00,13.3,83,12.8,0.0,0,4.7,8.3,2025,2,24,5,55,Winter,0
2025-02-24 06:00:00,13.5,89,13.2,0.0,0,4.9,10.8,2025,2,24,6,55,Winter,0
2025-02-24 07:00:00,13.7,87,13.4,0.0,0,5.2,9.7,2025,2,24,7,55,Winter,0
2025-02-24 08:00:00,16.1,75,15.9,0.0,0,4.5,12.2,2025,2,24,8,55,Winter,0
2025-02-24 09:00:00,19.4,59,19.2,0.0,2,4.0,15.5,2025,2,24,9,55,Winter,0
2025-02-24 10:00:00,22.2,49,21.9,0.0,0,4.2,18.0,2025,2,24,10,55,Winter,0
2025-02-24 11:00:00,24.3,38,24.2,0.0,0,4.8,20.2,2025,2,24,11,55,Winter,0
2025-02-24 12:00:00,25.7,30,25.3,0.0,1,6.2,23.4,2025,2,24,12,55,Winter,0
2025-02-24 13:00:00,26.5,27,25.5,0.0,9,8.6,27.4,2025,2,24,13,55,Winter,0
2025-02-24 14:00:00,26.9,24,25.0,0.0,17,9.4,28.4,2025,2,24,14,55,Winter,0
2025-02-24 15:00:00,26.8,23,23.9,0.0,3,10.2,28.8,2025,2,24,15,55,Winter,0
2025-02-24 16:00:00,26.1,24,23.1,0.0,0,10.3,28.8,2025,2,24,16,55,Winter,0
2025-02-24 17:00:00,24.9,30,22.4,0.0,3,9.4,27.0,2025,2,24,17,55,Winter,0
2025-02-24 18:00:00,23.0,44,22.0,0.0,90,7.2,20.2,2025,2,24,18,55,Winter,0
2025-02-24 19:00:00,21.6,54,21.6,0.0,100,4.4,14.8,2025,2,24,19,55,Winter,0
2025-02-24 20:00:00,20.7,60,21.0,0.0,88,3.9,8.3,2025,2,24,20,55,Winter,0
2025-02-24 21:00:00,20.1,65,20.6,0.0,88,3.2,7.6,2025,2,24,21,55,Winter,0
2025-02-24 22:00:00,19.6,65,20.2,0.0,100,2.1,5.8,2025,2,24,22,55,Winter,0
2025-02-24 23:00:00,19.0,67,19.4,0.0,29,2.7,4.3,2025,2,24,23,55,Winter,0
2025-02-25 00:00:00,18.3,68,18.7,0.0,3,2.3,4.0,2025,2,25,0,56,Winter,0
2025-02-25 01:00:00,18.0,68,18.2,0.0,6,2.7,4.0,2025,2,25,1,56,Winter,0
2025-02-25 02:00:00,16.8,73,16.9,0.0,10,3.2,5.0,2025,2,25,2,56,Winter,0
2025-02-25 03:00:00,15.9,77,15.7,0.0,28,4.7,10.1,2025,2,25,3,56,Winter,0
2025-02-25 04:00:00,15.0,82,15.0,0.0,85,4.4,9.4,2025,2,25,4,56,Winter,0
2025-02-25 05:00:00,14.5,85,14.5,0.0,90,4.4,9.7,2025,2,25,5,56,Winter,0
2025-02-25 06:00:00,14.4,89,14.7,0.0,26,3.6,6.8,2025,2,25,6,56,Winter,0
2025-02-25 07:00:00,15.1,85,15.0,0.0,39,6.2,11.5,2025,2,25,7,56,Winter,0
2025-02-25 08:00:00,17.6,73,17.7,0.0,1,4.8,13.3,2025,2,25,8,56,Winter,0
2025-02-25 09:00:00,21.0,58,21.1,0.0,43,4.0,15.1,2025,2,25,9,56,Winter,0
2025-02-25 10:00:00,23.9,43,23.6,0.0,44,3.2,15.8,2025,2,25,10,56,Winter,0
2025-02-25 11:00:00,25.7,32,25.4,0.0,14,3.7,18.0,2025,2,25,11,56,Winter,0
2025-02-25 12:00:00,27.1,27,26.9,0.0,91,3.8,18.7,2025,2,25,12,56,Winter,0
2025-02-25 13:00:00,27.9,25,27.4,0.0,100,5.4,21.6,2025,2,25,13,56,Winter,0
2025-02-25 14:00:00,28.1,25,26.8,0.0,100,5.6,21.6,2025,2,25,14,56,Winter,0
2025-02-25 15:00:00,27.6,26,25.8,0.0,94,5.5,20.5,2025,2,25,15,56,Winter,0
2025-02-25 16:00:00,27.1,28,25.2,0.0,2,7.4,20.9,2025,2,25,16,56,Winter,0
2025-02-25 17:00:00,26.0,30,24.4,0.0,2,6.1,20.5,2025,2,25,17,56,Winter,0
2025-02-25 18:00:00,24.2,43,24.0,0.0,4,3.1,9.7,2025,2,25,18,56,Winter,0
2025-02-25 19:00:00,23.3,48,23.5,0.0,18,2.0,6.5,2025,2,25,19,56,Winter,0
2025-02-25 20:00:00,22.3,48,22.0,0.0,19,3.8,6.5,2025,2,25,20,56,Winter,0
2025-02-25 21:00:00,21.7,51,21.7,0.0,99,2.1,7.6,2025,2,25,21,56,Winter,0
2025-02-25 22:00:00,20.8,51,20.4,0.0,100,3.5,5.8,2025,2,25,22,56,Winter,0
2025-02-25 23:00:00,20.7,51,19.9,0.0,99,5.5,11.5,2025,2,25,23,56,Winter,0
2025-02-26 00:00:00,19.9,58,19.5,0.0,44,4.9,11.2,2025,2,26,0,57,Winter,0
2025-02-26 01:00:00,18.7,64,18.6,0.0,50,4.8,9.7,2025,2,26,1,57,Winter,0
2025-02-26 02:00:00,18.3,68,18.4,0.0,96,4.0,9.0,2025,2,26,2,57,Winter,0
2025-02-26 03:00:00,18.2,69,18.6,0.0,100,2.4,6.5,2025,2,26,3,57,Winter,0
2025-02-26 04:00:00,17.9,70,18.0,0.0,99,4.3,7.9,2025,2,26,4,57,Winter,0
2025-02-26 05:00:00,18.2,67,18.2,0.0,100,4.0,13.0,2025,2,26,5,57,Winter,0
2025-02-26 06:00:00,18.7,73,19.5,0.0,100,2.6,10.1,2025,2,26,6,57,Winter,0
2025-02-26 07:00:00,19.0,75,20.1,0.0,100,1.7,5.0,2025,2,26,7,57,Winter,0
2025-02-26 08:00:00,19.9,67,20.2,0.0,100,6.2,12.2,2025,2,26,8,57,Winter,0
2025-02-26 09:00:00,22.8,56,23.2,0.0,95,4.9,15.5,2025,2,26,9,57,Winter,0
2025-02-26 10:00:00,26.0,46,26.2,0.0,30,5.7,19.4,2025,2,26,10,57,Winter,0
2025-02-26 11:00:00,27.8,40,28.5,0.0,19,5.8,20.9,2025,2,26,11,57,Winter,0
2025-02-26 12:00:00,29.0,36,29.9,0.0,46,6.5,23.4,2025,2,26,12,57,Winter,0
2025-02-26 13:00:00,29.8,33,30.6,0.0,100,5.8,23.4,2025,2,26,13,57,Winter,0
2025-02-26 14:00:00,30.1,32,30.1,0.0,99,6.7,23.0,2025,2,26,14,57,Winter,0
2025-02-26 15:00:00,29.8,31,29.0,0.0,89,6.8,23.0,2025,2,26,15,57,Winter,0
2025-02-26 16:00:00,29.4,33,28.6,0.0,98,8.2,22.7,2025,2,26,16,57,Winter,0
2025-02-26 17:00:00,28.2,39,27.8,0.0,98,8.9,23.4,2025,2,26,17,57,Winter,0
2025-02-26 18:00:00,26.6,48,27.7,0.0,100,3.0,15.5,2025,2,26,18,57,Winter,0
2025-02-26 19:00:00,25.7,58,27.8,0.0,100,1.9,6.8,2025,2,26,19,57,Winter,0
2025-02-26 20:00:00,25.3,60,27.5,0.0,100,1.0,4.3,2025,2,26,20,57,Winter,0
2025-02-26 21:00:00,24.5,62,26.5,0.0,100,2.3,4.0,2025,2,26,21,57,Winter,0
2025-02-26 22:00:00,23.5,62,24.8,0.0,90,4.5,8.6,2025,2,26,22,57,Winter,0
2025-02-26 23:00:00,22.6,66,23.9,0.0,74,5.0,10.1,2025,2,26,23,57,Winter,0
2025-02-27 00:00:00,21.9,69,23.2,0.0,72,4.3,9.7,2025,2,27,0,58,Winter,0
2025-02-27 01:00:00,21.7,70,23.4,0.0,100,1.8,7.6,2025,2,27,1,58,Winter,0
2025-02-27 02:00:00,22.2,68,24.1,0.0,100,1.4,2.9,2025,2,27,2,58,Winter,0
2025-02-27 03:00:00,21.6,70,23.3,0.0,92,2.4,3.2,2025,2,27,3,58,Winter,0
2025-02-27 04:00:00,20.6,72,21.9,0.0,100,3.8,4.0,2025,2,27,4,58,Winter,0
2025-02-27 05:00:00,20.6,69,21.5,0.0,100,4.0,12.6,2025,2,27,5,58,Winter,0
2025-02-27 06:00:00,21.1,75,22.8,0.0,100,4.1,17.3,2025,2,27,6,58,Winter,0
2025-02-27 07:00:00,21.0,72,20.5,0.0,100,17.1,28.1,2025,2,27,7,58,Winter,0
2025-02-27 08:00:00,19.1,73,19.2,0.5,100,8.6,48.2,2025,2,27,8,58,Winter,1
2025-02-27 09:00:00,19.7,78,20.1,0.2,100,10.0,20.2,2025,2,27,9,58,Winter,1
2025-02-27 10:00:00,20.4,82,21.3,0.3,100,11.5,24.8,2025,2,27,10,58,Winter,1
2025-02-27 11:00:00,20.2,84,20.7,0.0,100,14.4,32.0,2025,2,27,11,58,Winter,0
2025-02-27 12:00:00,20.7,76,21.2,0.0,100,10.9,31.3,2025,2,27,12,58,Winter,0
2025-02-27 13:00:00,22.1,67,22.1,0.0,100,12.8,31.7,2025,2,27,13,58,Winter,0
2025-02-27 14:00:00,23.4,62,23.6,0.0,100,12.0,32.4,2025,2,27,14,58,Winter,0
2025-02-27 15:00:00,23.0,63,23.6,0.0,100,9.2,30.2,2025,2,27,15,58,Winter,0
2025-02-27 16:00:00,22.4,64,22.8,0.0,100,8.7,22.3,2025,2,27,16,58,Winter,0
2025-02-27 17:00:00,22.1,60,22.0,0.0,100,10.1,23.4,2025,2,27,17,58,Winter,0
2025-02-27 18:00:00,21.7,62,22.1,0.0,100,6.1,21.6,2025,2,27,18,58,Winter,0
2025-02-27 19:00:00,21.2,64,21.2,0.0,96,8.9,17.6,2025,2,27,19,58,Winter,0
2025-02-27 20:00:00,20.2,69,20.3,0.0,100,9.0,19.8,2025,2,27,20,58,Winter,0
2025-02-27 21:00:00,20.1,70,20.1,0.0,100,9.6,19.1,2025,2,27,21,58,Winter,0
2025-02-27 22:00:00,20.0,68,19.7,0.0,100,10.8,23.4,2025,2,27,22,58,Winter,0
2025-02-27 23:00:00,19.8,65,18.9,0.0,100,12.4,25.6,2025,2,27,23,58,Winter,0
2025-02-28 00:00:00,19.5,63,18.4,0.0,100,11.9,27.0,2025,2,28,0,59,Winter,0
2025-02-28 01:00:00,19.3,62,18.5,0.0,100,9.5,24.5,2025,2,28,1,59,Winter,0
2025-02-28 02:00:00,19.3,64,18.8,0.0,100,8.1,19.1,2025,2,28,2,59,Winter,0
2025-02-28 03:00:00,19.2,66,18.5,0.0,100,10.0,19.8,2025,2,28,3,59,Winter,0
2025-02-28 04:00:00,19.1,69,18.4,0.0,100,11.2,23.4,2025,2,28,4,59,Winter,0
2025-02-28 05:00:00,18.9,70,18.1,0.0,100,12.2,25.6,2025,2,28,5,59,Winter,0
2025-02-28 06:00:00,19.4,68,18.9,0.0,100,10.0,24.1,2025,2,28,6,59,Winter,0
2025-02-28 07:00:00,19.1,69,19.2,0.0,100,6.8,20.5,2025,2,28,7,59,Winter,0
2025-02-28 08:00:00,18.8,70,18.8,0.0,100,7.0,14.8,2025,2,28,8,59,Winter,0
2025-02-28 09:00:00,18.2,76,18.1,0.5,100,9.4,20.9,2025,2,28,9,59,Winter,1
2025-02-28 10:00:00,18.3,82,18.3,0.9,100,11.3,24.5,2025,2,28,10,59,Winter,1
2025-02-28 11:00:00,19.6,77,19.6,0.2,100,11.9,31.3,2025,2,28,11,59,Winter,1
2025-02-28 12:00:00,20.0,74,19.9,0.0,96,12.9,29.9,2025,2,28,12,59,Winter,0
2025-02-28 13:00:00,21.1,71,21.3,0.0,96,11.4,32.0,2025,2,28,13,59,Winter,0
2025-02-28 14:00:00,22.1,69,22.6,0.0,12,10.7,28.8,2025,2,28,14,59,Winter,0
2025-02-28 15:00:00,23.3,65,24.1,0.0,19,10.2,28.1,2025,2,28,15,59,Winter,0
2025-02-28 16:00:00,23.4,65,24.4,0.0,54,9.1,27.7,2025,2,28,16,59,Winter,0
2025-02-28 17:00:00,22.9,69,24.3,0.0,32,6.4,22.0,2025,2,28,17,59,Winter,0
2025-02-28 18:00:00,22.3,74,23.8,0.0,83,7.6,20.9,2025,2,28,18,59,Winter,0
2025-02-28 19:00:00,21.4,83,23.1,0.0,18,9.5,20.5,2025,2,28,19,59,Winter,0
2025-02-28 20:00:00,20.9,85,23.0,0.0,8,6.1,20.9,2025,2,28,20,59,Winter,0
2025-02-28 21:00:00,18.5,90,19.6,1.7,18,9.1,29.2,2025,2,28,21,59,Winter,1
2025-02-28 22:00:00,18.5,90,20.0,0.0,64,5.8,15.5,2025,2,28,22,59,Winter,0
2025-02-28 23:00:00,18.4,91,19.3,0.0,54,10.3,18.4,2025,2,28,23,59,Winter,0
2025-03-01 00:00:00,17.4,87,17.6,0.0,77,9.8,23.0,2025,3,1,0,60,Summer,0
2025-03-01 01:00:00,16.8,87,17.0,0.0,19,9.0,19.4,2025,3,1,1,60,Summer,0
2025-03-01 02:00:00,16.3,89,16.4,0.0,32,9.1,19.1,2025,3,1,2,60,Summer,0
2025-03-01 03:00:00,15.9,90,16.1,0.0,53,8.5,18.0,2025,3,1,3,60,Summer,0
2025-03-01 04:00:00,15.7,90,15.7,0.0,66,9.0,19.8,2025,3,1,4,60,Summer,0
2025-03-01 05:00:00,15.5,89,15.1,0.2,100,10.6,21.2,2025,3,1,5,60,Summer,1
2025-03-01 06:00:00,16.8,93,16.6,6.3,49,14.3,27.0,2025,3,1,6,60,Summer,1
2025-03-01 07:00:00,16.6,91,16.0,0.3,82,15.8,32.0,2025,3,1,7,60,Summer,1
2025-03-01 08:00:00,17.4,90,17.6,0.0,94,11.5,31.7,2025,3,1,8,60,Summer,0
2025-03-01 09:00:00,18.5,83,19.2,0.0,100,8.4,25.2,2025,3,1,9,60,Summer,0
2025-03-01 10:00:00,19.5,79,20.1,0.0,99,8.5,21.6,2025,3,1,10,60,Summer,0
2025-03-01 11:00:00,21.1,75,22.8,0.0,51,3.7,22.3,2025,3,1,11,60,Summer,0
2025-03-01 12:00:00,22.6,71,25.4,0.0,78,3.3,15.1,2025,3,1,12,60,Summer,0
2025-03-01 13:00:00,23.7,67,26.5,0.0,58,4.4,16.6,2025,3,1,13,60,Summer,0
2025-03-01 14:00:00,24.0,65,26.6,0.0,97,3.7,16.2,2025,3,1,14,60,Summer,0
2025-03-01 15:00:00,24.1,66,26.2,0.1,54,3.0,14.8,2025,3,1,15,60,Summer,1
2025-03-01 16:00:00,23.3,67,25.2,0.8,58,2.9,12.6,2025,3,1,16,60,Summer,1
2025-03-01 17:00:00,22.6,70,24.6,0.0,9,3.4,10.1,2025,3,1,17,60,Summer,0
2025-03-01 18:00:00,21.9,77,23.9,0.0,18,4.7,9.7,2025,3,1,18,60,Summer,0
2025-03-01 19:00:00,21.0,81,22.9,0.0,13,5.2,9.7,2025,3,1,19,60,Summer,0
2025-03-01 20:00:00,20.3,83,22.1,0.0,33,5.1,9.7,2025,3,1,20,60,Summer,0
2025-03-01 21:00:00,20.0,84,21.4,0.0,4,7.6,14.0,2025,3,1,21,60,Summer,0
2025-03-01 22:00:00,19.2,85,20.2,0.0,0,9.0,18.0,2025,3,1,22,60,Summer,0
2025-03-01 23:00:00,18.4,86,19.4,0.0,0,7.8,17.6,2025,3,1,23,60,Summer,0
2025-03-02 00:00:00,17.7,88,18.8,0.0,0,6.1,15.5,2025,3,2,0,61,Summer,0
2025-03-02 01:00:00,17.2,89,18.2,0.0,0,5.3,11.5,2025,3,2,1,61,Summer,0
2025-03-02 02:00:00,16.8,89,17.6,0.0,0,5.5,10.4,2025,3,2,2,61,Summer,0
2025-03-02 03:00:00,16.5,88,17.0,0.0,0,6.8,13.3,2025,3,2,3,61,Summer,0
2025-03-02 04:00:00,16.0,88,16.4,0.0,0,6.6,13.3,2025,3,2,4,61,Summer,0
2025-03-02 05:00:00,15.4,89,15.7,0.0,0,5.6,12.6,2025,3,2,5,61,Summer,0
2025-03-02 06:00:00,16.0,88,16.4,0.0,0,6.3,13.7,2025,3,2,6,61,Summer,0
2025-03-02 07:00:00,16.1,87,16.4,0.0,0,6.5,12.2,2025,3,2,7,61,Summer,0
2025-03-02 08:00:00,17.5,82,18.0,0.0,0,5.5,15.1,2025,3,2,8,61,Summer,0
2025-03-02 09:00:00,19.3,74,19.8,0.0,0,6.2,18.0,2025,3,2,9,61,Summer,0
2025-03-02 10:00:00,21.3,63,21.9,0.0,0,6.3,19.4,2025,3,2,10,61,Summer,0
2025-03-02 11:00:00,23.3,44,23.2,0.0,0,8.7,23.8,2025,3,2,11,61,Summer,0
2025-03-02 12:00:00,24.2,37,23.6,0.0,0,11.2,28.8,2025,3,2,12,61,Summer,0
2025-03-02 13:00:00,24.6,35,23.7,0.0,0,12.5,31.3,2025,3,2,13,61,Summer,0
2025-03-02 14:00:00,24.5,35,23.1,0.0,0,13.2,32.4,2025,3,2,14,61,Summer,0
2025-03-02 15:00:00,24.0,37,22.1,0.0,0,12.7,32.4,2025,3,2,15,61,Summer,0
2025-03-02 16:00:00,23.2,41,21.4,0.0,0,11.0,30.2,2025,3,2,16,61,Summer,0
2025-03-02 17:00:00,21.9,48,20.8,0.0,0,7.9,24.8,2025,3,2,17,61,Summer,0
2025-03-02 18:00:00,19.6,59,19.0,0.0,0,6.2,17.6,2025,3,2,18,61,Summer,0
2025-03-02 19:00:00,18.3,65,18.0,0.0,0,5.9,12.2,2025,3,2,19,61,Summer,0
2025-03-02 20:00:00,17.1,71,16.9,0.0,0,5.5,11.2,2025,3,2,20,61,Summer,0
2025-03-02 21:00:00,16.4,73,16.0,0.0,0,5.4,9.7,2025,3,2,21,61,Summer,0
2025-03-02 22:00:00,15.9,71,15.3,0.0,0,5.4,9.0,2025,3,2,22,61,Summer,0
2025-03-02 23:00:00,15.5,69,14.6,0.0,0,5.9,9.4,2025,3,2,23,61,Summer,0
2025-03-03 00:00:00,14.9,69,13.8,0.0,0,5.9,9.4,2025,3,3,0,62,Summer,0
2025-03-03 01:00:00,14.3,70,13.2,0.0,0,5.5,9.4,2025,3,3,1,62,Summer,0
2025-03-03 02:00:00,13.6,73,12.4,0.0,0,6.0,9.7,2025,3,3,2,62,Summer,0
2025-03-03 03:00:00,13.3,73,12.0,0.0,0,6.1,11.9,2025,3,3,3,62,Summer,0
2025-03-03 04:00:00,13.0,74,11.9,0.0,0,4.3,11.2,2025,3,3,4,62,Summer,0
2025-03-03 05:00:00,12.8,75,11.7,0.0,0,4.0,7.6,2025,3,3,5,62,Summer,0
2025-03-03 06:00:00,13.1,77,12.2,0.0,0,4.6,9.0,2025,3,3,6,62,Summer,0
2025-03-03 07:00:00,13.8,78,13.2,0.0,0,4.1,6.8,2025,3,3,7,62,Summer,0
2025-03-03 08:00:00,16.4,69,16.2,0.0,0,2.4,7.6,2025,3,3,8,62,Summer,0
2025-03-03 09:00:00,19.4,60,19.7,0.0,0,0.9,8.6,2025,3,3,9,62,Summer,0
2025-03-03 10:00:00,22.1,44,21.8,0.0,0,2.0,11.2,2025,3,3,10,62,Summer,0
2025-03-03 11:00:00,24.2,34,24.2,0.0,0,2.7,13.3,2025,3,3,11,62,Summer,0
2025-03-03 12:00:00,25.7,31,26.0,0.0,0,3.4,15.1,2025,3,3,12,62,Summer,0
2025-03-03 13:00:00,26.6,34,27.1,0.0,2,5.4,18.4,2025,3,3,13,62,Summer,0
2025-03-03 14:00:00,26.9,37,27.2,0.0,29,7.1,21.2,2025,3,3,14,62,Summer,0
2025-03-03 15:00:00,26.3,40,25.7,0.0,19,7.6,21.6,2025,3,3,15,62,Summer,0
2025-03-03 16:00:00,25.6,45,25.4,0.0,11,7.4,20.5,2025,3,3,16,62,Summer,0
2025-03-03 17:00:00,24.3,54,24.8,0.0,14,5.9,18.0,2025,3,3,17,62,Summer,0
2025-03-03 18:00:00,23.2,57,23.4,0.0,11,7.7,16.2,2025,3,3,18,62,Summer,0
2025-03-03 19:00:00,22.2,60,22.5,0.0,8,7.3,17.3,2025,3,3,19,62,Summer,0
2025-03-03 20:00:00,21.5,64,21.9,0.0,52,6.9,14.0,2025,3,3,20,62,Summer,0
2025-03-03 21:00:00,21.3,63,21.4,0.0,40,7.8,15.5,2025,3,3,21,62,Summer,0
2025-03-03 22:00:00,20.4,67,20.7,0.0,17,6.2,15.5,2025,3,3,22,62,Summer,0
2025-03-03 23:00:00,19.7,69,20.1,0.0,9,5.7,12.2,2025,3,3,23,62,Summer,0
2025-03-04 00:00:00,19.0,71,19.2,0.0,0,5.8,12.2,2025,3,4,0,63,Summer,0
2025-03-04 01:00:00,18.6,72,18.7,0.0,1,6.5,14.8,2025,3,4,1,63,Summer,0
2025-03-04 02:00:00,18.3,72,18.0,0.0,1,8.7,16.9,2025,3,4,2,63,Summer,0
2025-03-04 03:00:00,17.1,78,17.3,0.0,1,4.9,18.7,2025,3,4,3,63,Summer,0
2025-03-04 04:00:00,15.9,83,16.2,0.0,0,4.0,11.5,2025,3,4,4,63,Summer,0
2025-03-04 05:00:00,15.6,83,15.5,0.0,0,6.1,11.9,2025,3,4,5,63,Summer,0
2025-03-04 06:00:00,16.5,82,16.5,0.0,0,7.1,16.6,2025,3,4,6,63,Summer,0
2025-03-04 07:00:00,16.9,80,16.5,0.0,0,9.5,18.7,2025,3,4,7,63,Summer,0
2025-03-04 08:00:00,18.2,76,18.0,0.0,0,9.9,22.0,2025,3,4,8,63,Summer,0
2025-03-04 09:00:00,19.8,67,19.4,0.0,0,10.9,27.0,2025,3,4,9,63,Summer,0
2025-03-04 10:00:00,21.5,57,20.9,0.0,0,11.1,29.2,2025,3,4,10,63,Summer,0
2025-03-04 11:00:00,22.9,53,23.2,0.0,0,10.6,30.2,2025,3,4,11,63,Summer,0
2025-03-04 12:00:00,24.0,47,24.3,0.0,50,11.3,30.6,2025,3,4,12,63,Summer,0
2025-03-04 13:00:00,24.4,42,23.5,0.0,41,12.3,32.4,2025,3,4,13,63,Summer,0
2025-03-04 14:00:00,24.4,40,22.7,0.0,50,13.9,34.9,2025,3,4,14,63,Summer,0
2025-03-04 15:00:00,24.4,41,22.4,0.0,22,14.4,35.3,2025,3,4,15,63,Summer,0
2025-03-04 16:00:00,23.8,41,21.6,0.0,18,14.9,36.0,2025,3,4,16,63,Summer,0
2025-03-04 17:00:00,22.5,45,19.9,0.0,19,17.0,37.8,2025,3,4,17,63,Summer,0
2025-03-04 18:00:00,21.0,51,18.9,0.0,1,15.4,38.9,2025,3,4,18,63,Summer,0
2025-03-04 19:00:00,20.1,52,18.1,0.0,0,13.1,33.8,2025,3,4,19,63,Summer,0
2025-03-04 20:00:00,19.2,50,16.7,0.0,0,14.2,31.0,2025,3,4,20,63,Summer,0
2025-03-04 21:00:00,18.1,51,15.5,0.0,0,13.5,31.0,2025,3,4,21,63,Summer,0
2025-03-04 22:00:00,17.3,53,14.7,0.0,0,13.4,29.2,2025,3,4,22,63,Summer,0
2025-03-04 23:00:00,16.6,55,13.9,0.0,0,13.4,29.5,2025,3,4,23,63,Summer,0
2025-03-05 00:00:00,15.8,57,13.1,0.0,0,13.8,29.5,2025,3,5,0,64,Summer,0
2025-03-05 01:00:00,15.2,60,12.5,0.0,0,14.4,31.0,2025,3,5,1,64,Summer,0
2025-03-05 02:00:00,14.6,62,11.7,0.0,0,14.7,31.3,2025,3,5,2,64,Summer,0
2025-03-05 03:00:00,13.9,63,11.0,0.0,0,14.3,31.3,2025,3,5,3,64,Summer,0
2025-03-05 04:00:00,13.3,61,10.1,0.0,0,14.6,31.3,2025,3,5,4,64,Summer,0
2025-03-05 05:00:00,13.0,56,9.4,0.0,0,15.6,33.1,2025,3,5,5,64,Summer,0
2025-03-05 06:00:00,12.6,63,9.3,0.0,0,15.8,33.8,2025,3,5,6,64,Summer,0
2025-03-05 07:00:00,12.7,63,9.3,0.0,0,16.4,34.9,2025,3,5,7,64,Summer,0
2025-03-05 08:00:00,13.9,60,10.8,0.0,0,14.6,36.4,2025,3,5,8,64,Summer,0
2025-03-05 09:00:00,15.9,53,12.4,0.0,0,17.4,40.0,2025,3,5,9,64,Summer,0
2025-03-05 10:00:00,18.1,46,14.7,0.0,0,18.9,44.3,2025,3,5,10,64,Summer,0
2025-03-05 11:00:00,19.8,40,16.7,0.0,0,20.9,49.0,2025,3,5,11,64,Summer,0
2025-03-05 12:00:00,21.3,34,18.1,0.0,0,22.2,52.2,2025,3,5,12,64,Summer,0
2025-03-05 13:00:00,22.2,30,18.7,0.0,0,22.7,53.3,2025,3,5,13,64,Summer,0
2025-03-05 14:00:00,22.8,27,18.8,0.0,0,22.7,54.0,2025,3,5,14,64,Summer,0
2025-03-05 15:00:00,22.8,28,18.4,0.0,0,21.9,52.6,2025,3,5,15,64,Summer,0
2025-03-05 16:00:00,22.3,31,17.9,0.0,0,20.7,50.4,2025,3,5,16,64,Summer,0
2025-03-05 17:00:00,21.6,30,17.3,0.0,0,18.9,46.8,2025,3,5,17,64,Summer,0
2025-03-05 18:00:00,20.9,34,16.9,0.0,0,17.8,44.3,2025,3,5,18,64,Summer,0
2025-03-05 19:00:00,20.2,35,16.3,0.0,0,16.8,38.9,2025,3,5,19,64,Summer,0
2025-03-05 20:00:00,19.3,36,15.4,0.0,0,16.8,36.7,2025,3,5,20,64,Summer,0
2025-03-05 21:00:00,18.6,38,14.6,0.0,0,17.4,37.8,2025,3,5,21,64,Summer,0
2025-03-05 22:00:00,18.3,38,14.2,0.0,0,17.6,38.5,2025,3,5,22,64,Summer,0
2025-03-05 23:00:00,17.7,39,13.9,0.0,0,15.9,38.2,2025,3,5,23,64,Summer,0
2025-03-06 00:00:00,16.9,42,13.4,0.0,0,14.2,34.2,2025,3,6,0,65,Summer,0
2025-03-06 01:00:00,15.8,45,12.4,0.0,0,13.2,29.9,2025,3,6,1,65,Summer,0
2025-03-06 02:00:00,15.1,46,11.6,0.0,0,13.5,28.4,2025,3,6,2,65,Summer,0
2025-03-06 03:00:00,14.7,46,11.2,0.0,0,13.1,28.4,2025,3,6,3,65,Summer,0
2025-03-06 04:00:00,14.3,47,10.8,0.0,0,12.8,27.4,2025,3,6,4,65,Summer,0
2025-03-06 05:00:00,13.8,48,10.3,0.0,0,12.3,26.3,2025,3,6,5,65,Summer,0
2025-03-06 06:00:00,12.8,58,9.7,0.0,0,12.1,26.6,2025,3,6,6,65,Summer,0
2025-03-06 07:00:00,13.2,56,9.9,0.0,0,13.2,27.0,2025,3,6,7,65,Summer,0
2025-03-06 08:00:00,15.0,54,11.9,0.0,0,13.4,30.2,2025,3,6,8,65,Summer,0
2025-03-06 09:00:00,17.5,47,14.7,0.0,0,12.5,30.2,2025,3,6,9,65,Summer,0
2025-03-06 10:00:00,20.2,41,17.7,0.0,0,12.8,32.0,2025,3,6,10,65,Summer,0
2025-03-06 11:00:00,22.5,34,20.6,0.0,0,13.5,34.2,2025,3,6,11,65,Summer,0
2025-03-06 12:00:00,24.2,29,22.5,0.0,0,13.6,35.3,2025,3,6,12,65,Summer,0
2025-03-06 13:00:00,25.5,25,23.7,0.0,0,13.4,35.6,2025,3,6,13,65,Summer,0
2025-03-06 14:00:00,26.3,24,24.2,0.0,0,13.0,34.6,2025,3,6,14,65,Summer,0
2025-03-06 15:00:00,26.6,23,23.8,0.0,0,12.2,33.5,2025,3,6,15,65,Summer,0
2025-03-06 16:00:00,26.2,23,23.1,0.0,0,10.5,30.6,2025,3,6,16,65,Summer,0
2025-03-06 17:00:00,24.9,30,22.9,0.0,0,7.0,25.6,2025,3,6,17,65,Summer,0
2025-03-06 18:00:00,22.8,42,22.1,0.0,0,3.3,17.6,2025,3,6,18,65,Summer,0
2025-03-06 19:00:00,22.2,43,21.7,0.0,0,1.3,5.8,2025,3,6,19,65,Summer,0
2025-03-06 20:00:00,21.6,43,20.8,0.0,0,1.8,3.2,2025,3,6,20,65,Summer,0
2025-03-06 21:00:00,20.5,46,19.8,0.0,0,2.0,3.6,2025,3,6,21,65,Summer,0
2025-03-06 22:00:00,19.6,49,18.8,0.0,0,2.7,4.0,2025,3,6,22,65,Summer,0
2025-03-06 23:00:00,18.6,52,17.7,0.0,0,3.6,7.9,2025,3,6,23,65,Summer,0
2025-03-07 00:00:00,17.7,55,16.6,0.0,0,4.1,6.5,2025,3,7,0,66,Summer,0
2025-03-07 01:00:00,16.7,59,15.8,0.0,0,3.6,8.3,2025,3,7,1,66,Summer,0
2025-03-07 02:00:00,15.5,62,14.5,0.0,0,3.5,9.0,2025,3,7,2,66,Summer,0
2025-03-07 03:00:00,15.2,61,14.2,0.0,0,2.5,4.7,2025,3,7,3,66,Summer,0
2025-03-07 04:00:00,15.1,60,14.3,0.0,0,1.0,3.6,2025,3,7,4,66,Summer,0
2025-03-07 05:00:00,13.8,66,12.7,0.0,0,3.0,5.4,2025,3,7,5,66,Summer,0
2025-03-07 06:00:00,12.5,75,11.3,0.0,0,5.0,9.7,2025,3,7,6,66,Summer,0
2025-03-07 07:00:00,13.2,72,11.9,0.0,0,5.8,10.8,2025,3,7,7,66,Summer,0
2025-03-07 08:00:00,16.0,61,14.9,0.0,0,5.2,14.4,2025,3,7,8,66,Summer,0
2025-03-07 09:00:00,19.8,47,18.8,0.0,0,3.8,14.8,2025,3,7,9,66,Summer,0
2025-03-07 10:00:00,23.4,33,22.1,0.0,3,4.8,18.4,2025,3,7,10,66,Summer,0
2025-03-07 11:00:00,25.7,24,24.7,0.0,0,5.4,20.5,2025,3,7,11,66,Summer,0
2025-03-07 12:00:00,27.2,20,26.3,0.0,0,5.8,22.0,2025,3,7,12,66,Summer,0
2025-03-07 13:00:00,28.1,19,27.0,0.0,0,7.1,24.1,2025,3,7,13,66,Summer,0
2025-03-07 14:00:00,28.4,21,26.8,0.0,0,8.9,27.4,2025,3,7,14,66,Summer,0
2025-03-07 15:00:00,28.3,22,25.9,0.0,0,9.5,27.7,2025,3,7,15,66,Summer,0
2025-03-07 16:00:00,27.8,23,25.1,0.0,0,9.4,27.4,2025,3,7,16,66,Summer,0
2025-03-07 17:00:00,26.6,25,24.2,0.0,0,8.4,25.6,2025,3,7,17,66,Summer,0
2025-03-07 18:00:00,24.2,33,22.7,0.0,0,4.4,22.7,2025,3,7,18,66,Summer,0
2025-03-07 19:00:00,22.9,39,21.8,0.0,0,4.3,9.0,2025,3,7,19,66,Summer,0
2025-03-07 20:00:00,22.3,38,20.8,0.0,0,5.4,10.8,2025,3,7,20,66,Summer,0
2025-03-07 21:00:00,21.4,45,20.5,0.0,0,4.0,10.8,2025,3,7,21,66,Summer,0
2025-03-07 22:00:00,20.2,46,19.0,0.0,0,4.5,8.3,2025,3,7,22,66,Summer,0
2025-03-07 23:00:00,19.2,49,17.8,0.0,0,5.5,10.8,2025,3,7,23,66,Summer,0
2025-03-08 00:00:00,18.4,51,17.0,0.0,0,5.6,11.2,2025,3,8,0,67,Summer,0
2025-03-08 01:00:00,17.4,54,16.1,0.0,0,5.5,11.2,2025,3,8,1,67,Summer,0
2025-03-08 02:00:00,16.6,56,15.3,0.0,0,4.9,10.4,2025,3,8,2,67,Summer,0
2025-03-08 03:00:00,15.7,59,14.4,0.0,0,5.2,10.1,2025,3,8,3,67,Summer,0
2025-03-08 04:00:00,15.2,61,13.7,0.0,0,6.0,11.9,2025,3,8,4,67,Summer,0
2025-03-08 05:00:00,14.6,62,13.0,0.0,0,6.3,12.6,2025,3,8,5,67,Summer,0
2025-03-08 06:00:00,14.7,66,13.3,0.0,0,6.6,15.8,2025,3,8,6,67,Summer,0
2025-03-08 07:00:00,15.5,62,14.1,0.0,0,6.6,13.0,2025,3,8,7,67,Summer,0
2025-03-08 08:00:00,18.0,54,16.6,0.0,0,6.5,16.2,2025,3,8,8,67,Summer,0
2025-03-08 09:00:00,21.4,43,19.9,0.0,0,6.7,20.2,2025,3,8,9,67,Summer,0
2025-03-08 10:00:00,24.6,36,23.3,0.0,0,8.4,24.8,2025,3,8,10,67,Summer,0
2025-03-08 11:00:00,27.4,27,26.5,0.0,0,9.4,27.4,2025,3,8,11,67,Summer,0
2025-03-08 12:00:00,29.1,21,27.6,0.0,0,12.0,33.1,2025,3,8,12,67,Summer,0
2025-03-08 13:00:00,29.8,20,28.3,0.0,1,12.0,33.8,2025,3,8,13,67,Summer,0
2025-03-08 14:00:00,30.1,20,28.3,0.0,3,11.9,33.8,2025,3,8,14,67,Summer,0
2025-03-08 15:00:00,29.9,21,27.5,0.0,0,11.6,33.1,2025,3,8,15,67,Summer,0
2025-03-08 16:00:00,29.3,23,26.8,0.0,0,10.3,31.3,2025,3,8,16,67,Summer,0
2025-03-08 17:00:00,28.3,25,26.0,0.0,5,8.9,27.0,2025,3,8,17,67,Summer,0
2025-03-08 18:00:00,26.2,35,24.9,0.0,4,7.1,21.6,2025,3,8,18,67,Summer,0
2025-03-08 19:00:00,24.7,42,24.2,0.0,2,4.4,15.1,2025,3,8,19,67,Summer,0
2025-03-08 20:00:00,23.3,50,23.6,0.0,0,2.5,9.4,2025,3,8,20,67,Summer,0
2025-03-08 21:00:00,22.6,51,22.8,0.0,0,2.3,6.5,2025,3,8,21,67,Summer,0
2025-03-08 22:00:00,22.5,50,22.7,0.0,0,1.5,4.3,2025,3,8,22,67,Summer,0
2025-03-08 23:00:00,21.9,51,21.9,0.0,0,2.2,3.6,2025,3,8,23,67,Summer,0
2025-03-09 00:00:00,20.9,53,20.8,0.0,4,2.5,4.3,2025,3,9,0,68,Summer,0
2025-03-09 01:00:00,21.3,54,21.8,0.0,0,0.2,5.8,2025,3,9,1,68,Summer,0
2025-03-09 02:00:00,20.5,55,20.7,0.0,0,0.8,1.4,2025,3,9,2,68,Summer,0
2025-03-09 03:00:00,18.8,60,18.7,0.0,16,2.9,4.3,2025,3,9,3,68,Summer,0
2025-03-09 04:00:00,17.6,65,17.3,0.0,0,3.8,6.1,2025,3,9,4,68,Summer,0
2025-03-09 05:00:00,17.2,64,16.5,0.0,0,5.7,11.2,2025,3,9,5,68,Summer,0
2025-03-09 06:00:00,16.8,73,16.6,0.0,5,5.0,11.9,2025,3,9,6,68,Summer,0
2025-03-09 07:00:00,18.2,66,17.8,0.0,0,6.1,10.4,2025,3,9,7,68,Summer,0
2025-03-09 08:00:00,21.1,56,20.8,0.0,0,6.2,14.4,2025,3,9,8,68,Summer,0
2025-03-09 09:00:00,24.6,45,24.3,0.0,0,5.4,16.9,2025,3,9,9,68,Summer,0
2025-03-09 10:00:00,27.5,33,26.6,0.0,0,8.3,24.1,2025,3,9,10,68,Summer,0
2025-03-09 11:00:00,29.3,27,28.8,0.0,0,8.1,25.9,2025,3,9,11,68,Summer,0
2025-03-09 12:00:00,30.6,24,30.4,0.0,0,7.6,25.6,2025,3,9,12,68,Summer,0
2025-03-09 13:00:00,31.4,22,31.1,0.0,0,7.9,26.3,2025,3,9,13,68,Summer,0
2025-03-09 14:00:00,31.8,21,31.1,0.0,6,7.7,26.3,2025,3,9,14,68,Summer,0
2025-03-09 15:00:00,31.8,22,30.2,0.0,4,8.3,25.6,2025,3,9,15,68,Summer,0
2025-03-09 16:00:00,31.3,23,29.2,0.0,0,10.1,27.0,2025,3,9,16,68,Summer,0
2025-03-09 17:00:00,30.2,26,28.1,0.0,0,11.9,28.4,2025,3,9,17,68,Summer,0
2025-03-09 18:00:00,28.5,31,27.2,0.0,0,7.4,24.8,2025,3,9,18,68,Summer,0
2025-03-09 19:00:00,26.8,36,26.0,0.0,0,6.6,15.5,2025,3,9,19,68,Summer,0
2025-03-09 20:00:00,25.8,40,25.1,0.0,0,6.7,13.3,2025,3,9,20,68,Summer,0
2025-03-09 21:00:00,25.1,43,24.5,0.0,0,7.2,15.1,2025,3,9,21,68,Summer,0
2025-03-09 22:00:00,24.0,47,23.4,0.0,12,8.0,16.6,2025,3,9,22,68,Summer,0
2025-03-09 23:00:00,22.7,51,22.5,0.0,8,5.6,16.6,2025,3,9,23,68,Summer,0
2025-03-10 00:00:00,21.9,53,21.3,0.0,1,7.4,15.1,2025,3,10,0,69,Summer,0
2025-03-10 01:00:00,21.0,55,20.3,0.0,54,8.4,17.3,2025,3,10,1,69,Summer,0
2025-03-10 02:00:00,20.4,58,19.6,0.0,90,9.6,19.4,2025,3,10,2,69,Summer,0
2025-03-10 03:00:00,19.9,61,19.2,0.0,100,9.0,19.8,2025,3,10,3,69,Summer,0
2025-03-10 04:00:00,19.4,62,18.7,0.0,12,9.0,18.4,2025,3,10,4,69,Summer,0
2025-03-10 05:00:00,19.0,64,18.3,0.0,2,8.1,18.0,2025,3,10,5,69,Summer,0
2025-03-10 06:00:00,19.3,66,18.9,0.0,1,8.3,17.3,2025,3,10,6,69,Summer,0
2025-03-10 07:00:00,19.7,64,19.2,0.0,22,9.4,19.1,2025,3,10,7,69,Summer,0
2025-03-10 08:00:00,21.4,58,21.1,0.0,34,8.2,20.2,2025,3,10,8,69,Summer,0
2025-03-10 09:00:00,24.1,50,23.7,0.0,8,9.2,24.8,2025,3,10,9,69,Summer,0
2025-03-10 10:00:00,26.8,42,26.5,0.0,11,10.4,28.8,2025,3,10,10,69,Summer,0
2025-03-10 11:00:00,29.0,35,28.7,0.0,83,13.2,34.9,2025,3,10,11,69,Summer,0
2025-03-10 12:00:00,30.3,31,29.9,0.0,7,13.5,36.4,2025,3,10,12,69,Summer,0
2025-03-10 13:00:00,31.1,29,31.1,0.0,0,12.1,36.0,2025,3,10,13,69,Summer,0
2025-03-10 14:00:00,31.6,28,31.4,0.0,0,10.5,33.5,2025,3,10,14,69,Summer,0
2025-03-10 15:00:00,31.7,27,30.6,0.0,8,10.1,30.2,2025,3,10,15,69,Summer,0
2025-03-10 16:00:00,31.2,28,29.9,0.0,98,9.8,28.4,2025,3,10,16,69,Summer,0
2025-03-10 17:00:00,30.3,30,29.1,0.0,99,9.1,26.3,2025,3,10,17,69,Summer,0
2025-03-10 18:00:00,29.3,31,28.5,0.0,96,6.5,16.9,2025,3,10,18,69,Summer,0
2025-03-10 19:00:00,27.4,39,27.5,0.0,73,3.8,13.7,2025,3,10,19,69,Summer,0
2025-03-10 20:00:00,26.2,44,26.5,0.0,82,3.8,7.2,2025,3,10,20,69,Summer,0
2025-03-10 21:00:00,25.3,46,25.5,0.0,98,4.6,8.6,2025,3,10,21,69,Summer,0
2025-03-10 22:00:00,24.9,47,25.0,0.0,100,5.1,9.7,2025,3,10,22,69,Summer,0
2025-03-10 23:00:00,24.1,50,24.3,0.0,100,4.7,10.1,2025,3,10,23,69,Summer,0
2025-03-11 00:00:00,23.2,53,23.6,0.0,79,4.3,8.6,2025,3,11,0,70,Summer,0
2025-03-11 01:00:00,22.2,57,22.5,0.0,22,4.7,8.6,2025,3,11,1,70,Summer,0
2025-03-11 02:00:00,21.3,62,21.9,0.0,12,4.0,8.6,2025,3,11,2,70,Summer,0
2025-03-11 03:00:00,20.6,64,21.2,0.0,72,4.3,7.9,2025,3,11,3,70,Summer,0
2025-03-11 04:00:00,19.9,67,20.5,0.0,41,4.2,7.9,2025,3,11,4,70,Summer,0
2025-03-11 05:00:00,19.5,70,20.4,0.0,16,2.0,7.6,2025,3,11,5,70,Summer,0
2025-03-11 06:00:00,19.7,75,21.2,0.0,2,0.7,5.0,2025,3,11,6,70,Summer,0
2025-03-11 07:00:00,20.8,70,22.1,0.0,0,2.1,3.2,2025,3,11,7,70,Summer,0
2025-03-11 08:00:00,23.7,56,24.7,0.0,3,3.2,10.8,2025,3,11,8,70,Summer,0
2025-03-11 09:00:00,27.2,42,27.8,0.0,31,2.7,13.3,2025,3,11,9,70,Summer,0
2025-03-11 10:00:00,30.1,32,30.4,0.0,31,2.9,15.5,2025,3,11,10,70,Summer,0
2025-03-11 11:00:00,32.2,26,33.4,0.0,42,1.3,15.5,2025,3,11,11,70,Summer,0
2025-03-11 12:00:00,33.6,23,35.1,0.0,98,1.3,15.1,2025,3,11,12,70,Summer,0
2025-03-11 13:00:00,34.3,22,35.0,0.0,100,3.2,18.7,2025,3,11,13,70,Summer,0
2025-03-11 14:00:00,34.3,22,33.7,0.0,99,4.8,19.8,2025,3,11,14,70,Summer,0
2025-03-11 15:00:00,34.4,21,33.3,0.0,84,5.4,20.2,2025,3,11,15,70,Summer,0
2025-03-11 16:00:00,34.0,21,32.8,0.0,100,5.7,19.4,2025,3,11,16,70,Summer,0
2025-03-11 17:00:00,32.6,24,31.5,0.0,96,6.4,18.7,2025,3,11,17,70,Summer,0
2025-03-11 18:00:00,29.8,35,29.8,0.0,100,6.0,23.4,2025,3,11,18,70,Summer,0
2025-03-11 19:00:00,28.8,39,29.0,0.0,99,5.4,12.2,2025,3,11,19,70,Summer,0
2025-03-11 20:00:00,27.5,49,28.4,0.0,100,7.1,16.9,2025,3,11,20,70,Summer,0
2025-03-11 21:00:00,26.3,54,27.8,0.0,94,4.8,14.0,2025,3,11,21,70,Summer,0
2025-03-11 22:00:00,25.3,59,27.1,0.0,28,3.6,9.4,2025,3,11,22,70,Summer,0
2025-03-11 23:00:00,24.4,60,26.0,0.0,7,3.7,6.8,2025,3,11,23,70,Summer,0
2025-03-12 00:00:00,23.7,62,25.1,0.0,100,4.6,9.4,2025,3,12,0,71,Summer,0
2025-03-12 01:00:00,22.9,64,24.0,0.0,2,6.5,13.0,2025,3,12,1,71,Summer,0
2025-03-12 02:00:00,22.0,68,23.1,0.0,3,6.1,13.7,2025,3,12,2,71,Summer,0
2025-03-12 03:00:00,21.3,72,22.4,0.0,16,5.8,12.6,2025,3,12,3,71,Summer,0
2025-03-12 04:00:00,20.7,74,21.8,0.0,3,5.8,11.9,2025,3,12,4,71,Summer,0
2025-03-12 05:00:00,20.4,73,21.3,0.0,0,5.6,11.5,2025,3,12,5,71,Summer,0
2025-03-12 06:00:00,19.8,79,20.9,0.0,27,6.5,14.0,2025,3,12,6,71,Summer,0
2025-03-12 07:00:00,20.7,75,21.6,0.0,7,8.0,15.8,2025,3,12,7,71,Summer,0
2025-03-12 08:00:00,22.9,66,24.1,0.0,36,6.8,18.4,2025,3,12,8,71,Summer,0
2025-03-12 09:00:00,26.0,52,26.7,0.0,36,7.6,22.0,2025,3,12,9,71,Summer,0
2025-03-12 10:00:00,28.8,39,28.6,0.0,95,10.8,29.2,2025,3,12,10,71,Summer,0
2025-03-12 11:00:00,30.5,32,30.4,0.0,96,11.1,32.0,2025,3,12,11,71,Summer,0
2025-03-12 12:00:00,31.8,28,31.9,0.0,51,10.4,31.7,2025,3,12,12,71,Summer,0
2025-03-12 13:00:00,32.8,25,32.7,0.0,57,11.1,32.0,2025,3,12,13,71,Summer,0
2025-03-12 14:00:00,32.9,25,32.3,0.0,60,12.0,33.8,2025,3,12,14,71,Summer,0
2025-03-12 15:00:00,32.7,25,31.2,0.0,99,12.2,33.8,2025,3,12,15,71,Summer,0
2025-03-12 16:00:00,31.8,27,30.2,0.0,92,11.7,33.1,2025,3,12,16,71,Summer,0
2025-03-12 17:00:00,30.7,30,29.5,0.0,100,10.2,29.9,2025,3,12,17,71,Summer,0
2025-03-12 18:00:00,29.3,37,29.2,0.0,99,7.5,23.4,2025,3,12,18,71,Summer,0
2025-03-12 19:00:00,28.4,42,28.9,0.0,100,6.0,16.6,2025,3,12,19,71,Summer,0
2025-03-12 20:00:00,27.1,47,28.2,0.0,62,3.7,12.6,2025,3,12,20,71,Summer,0
2025-03-12 21:00:00,26.2,50,27.3,0.0,100,3.5,7.2,2025,3,12,21,71,Summer,0
2025-03-12 22:00:00,25.5,51,26.3,0.0,94,4.4,8.6,2025,3,12,22,71,Summer,0
2025-03-12 23:00:00,25.0,52,25.6,0.0,100,5.0,10.1,2025,3,12,23,71,Summer,0
2025-03-13 00:00:00,23.9,54,24.6,0.0,83,4.4,9.7,2025,3,13,0,72,Summer,0
2025-03-13 01:00:00,23.1,56,23.6,0.0,89,4.7,8.3,2025,3,13,1,72,Summer,0
2025-03-13 02:00:00,22.6,57,23.1,0.0,95,4.5,9.0,2025,3,13,2,72,Summer,0
2025-03-13 03:00:00,22.5,58,23.3,0.0,68,1.9,7.6,2025,3,13,3,72,Summer,0
2025-03-13 04:00:00,21.8,58,22.2,0.0,100,3.9,7.2,2025,3,13,4,72,Summer,0
2025-03-13 05:00:00,21.5,58,21.8,0.0,56,4.6,9.7,2025,3,13,5,72,Summer,0
2025-03-13 06:00:00,21.0,71,22.2,0.0,77,4.9,10.8,2025,3,13,6,72,Summer,0
2025-03-13 07:00:00,21.4,69,22.4,0.0,14,6.0,13.3,2025,3,13,7,72,Summer,0
2025-03-13 08:00:00,23.4,63,24.7,0.0,6,4.3,14.0,2025,3,13,8,72,Summer,0
2025-03-13 09:00:00,26.2,53,27.5,0.0,58,3.8,15.5,2025,3,13,9,72,Summer,0
2025-03-13 10:00:00,28.3,44,29.3,0.0,10,3.9,16.6,2025,3,13,10,72,Summer,0
2025-03-13 11:00:00,26.4,51,26.3,0.0,0,14.8,42.8,2025,3,13,11,72,Summer,0
2025-03-13 12:00:00,29.6,36,31.4,0.0,0,4.9,35.6,2025,3,13,12,72,Summer,0
2025-03-13 13:00:00,31.2,32,33.3,0.0,17,3.3,19.8,2025,3,13,13,72,Summer,0
2025-03-13 14:00:00,32.0,31,33.1,0.0,4,6.3,24.5,2025,3,13,14,72,Summer,0
2025-03-13 15:00:00,31.0,33,30.6,0.3,43,11.2,31.0,2025,3,13,15,72,Summer,1
2025-03-13 16:00:00,30.5,33,30.4,0.0,59,5.6,31.3,2025,3,13,16,72,Summer,0
2025-03-13 17:00:00,22.5,72,23.1,5.6,96,12.9,33.5,2025,3,13,17,72,Summer,1
2025-03-13 18:00:00,26.3,54,27.9,0.0,6,4.0,26.6,2025,3,13,18,72,Summer,0
2025-03-13 19:00:00,25.5,54,26.6,0.0,5,5.4,10.4,2025,3,13,19,72,Summer,0
2025-03-13 20:00:00,24.4,58,25.6,0.0,0,4.8,10.4,2025,3,13,20,72,Summer,0
2025-03-13 21:00:00,23.9,58,24.8,0.0,1,5.1,9.4,2025,3,13,21,72,Summer,0
2025-03-13 22:00:00,23.3,62,24.6,0.0,0,4.1,9.4,2025,3,13,22,72,Summer,0
2025-03-13 23:00:00,22.8,62,23.9,0.0,0,4.0,6.1,2025,3,13,23,72,Summer,0
2025-03-14 00:00:00,22.1,65,23.1,0.0,13,4.7,7.6,2025,3,14,0,73,Summer,0
2025-03-14 01:00:00,21.9,64,22.8,0.0,90,3.9,6.8,2025,3,14,1,73,Summer,0
2025-03-14 02:00:00,21.1,66,22.1,0.0,99,3.7,8.6,2025,3,14,2,73,Summer,0
2025-03-14 03:00:00,20.5,68,21.5,0.0,96,3.0,5.4,2025,3,14,3,73,Summer,0
2025-03-14 04:00:00,19.6,71,20.3,0.0,86,4.2,7.2,2025,3,14,4,73,Summer,0
2025-03-14 05:00:00,19.0,75,19.9,0.0,78,3.5,10.1,2025,3,14,5,73,Summer,0
2025-03-14 06:00:00,19.5,83,21.2,0.0,12,3.3,5.4,2025,3,14,6,73,Summer,0
2025-03-14 07:00:00,20.4,79,22.0,0.0,0,4.8,9.0,2025,3,14,7,73,Summer,0
2025-03-14 08:00:00,23.3,70,25.6,0.0,0,2.3,10.4,2025,3,14,8,73,Summer,0
2025-03-14 09:00:00,26.5,55,28.4,0.0,0,3.2,12.6,2025,3,14,9,73,Summer,0
2025-03-14 10:00:00,28.9,44,30.4,0.0,0,5.5,18.0,2025,3,14,10,73,Summer,0
2025-03-14 11:00:00,30.7,37,32.6,0.0,2,5.8,19.4,2025,3,14,11,73,Summer,0
2025-03-14 12:00:00,32.1,26,33.2,0.0,25,5.2,20.2,2025,3,14,12,73,Summer,0
2025-03-14 13:00:00,32.8,22,33.1,0.0,31,6.3,20.5,2025,3,14,13,73,Summer,0
2025-03-14 14:00:00,33.0,20,32.2,0.0,24,7.1,22.0,2025,3,14,14,73,Summer,0
2025-03-14 15:00:00,33.2,19,30.9,0.0,98,9.4,25.2,2025,3,14,15,73,Summer,0
2025-03-14 16:00:00,31.7,21,28.8,0.0,95,13.6,31.7,2025,3,14,16,73,Summer,0
2025-03-14 17:00:00,30.4,26,29.0,0.0,82,7.7,31.7,2025,3,14,17,73,Summer,0
2025-03-14 18:00:00,28.0,41,28.5,0.0,54,4.6,16.6,2025,3,14,18,73,Summer,0
2025-03-14 19:00:00,27.3,49,28.6,0.0,50,3.4,9.4,2025,3,14,19,73,Summer,0
2025-03-14 20:00:00,26.3,42,25.4,0.0,76,11.1,22.7,2025,3,14,20,73,Summer,0
2025-03-14 21:00:00,24.2,58,24.9,0.0,57,7.5,25.2,2025,3,14,21,73,Summer,0
2025-03-14 22:00:00,22.9,61,22.9,0.0,3,10.8,27.0,2025,3,14,22,73,Summer,0
2025-03-14 23:00:00,22.6,59,22.7,0.0,55,8.8,22.7,2025,3,14,23,73,Summer,0
2025-03-15 00:00:00,21.7,64,21.7,0.1,57,10.2,23.0,2025,3,15,0,74,Summer,1
2025-03-15 01:00:00,20.9,66,20.7,0.0,6,10.2,23.8,2025,3,15,1,74,Summer,0
2025-03-15 02:00:00,20.3,66,20.3,0.0,13,8.0,23.0,2025,3,15,2,74,Summer,0
2025-03-15 03:00:00,19.9,66,20.2,0.0,4,5.7,15.8,2025,3,15,3,74,Summer,0
2025-03-15 04:00:00,19.6,65,19.4,0.0,3,7.2,15.8,2025,3,15,4,74,Summer,0
2025-03-15 05:00:00,19.0,66,18.9,0.0,2,5.7,14.0,2025,3,15,5,74,Summer,0
2025-03-15 06:00:00,19.1,71,18.0,0.0,1,15.0,34.2,2025,3,15,6,74,Summer,0
2025-03-15 07:00:00,19.5,68,18.8,0.0,18,12.5,31.3,2025,3,15,7,74,Summer,0
2025-03-15 08:00:00,20.9,63,20.6,0.0,27,10.1,27.4,2025,3,15,8,74,Summer,0
2025-03-15 09:00:00,23.0,55,22.5,0.0,97,10.7,26.3,2025,3,15,9,74,Summer,0
2025-03-15 10:00:00,25.4,46,25.0,0.0,97,10.9,28.1,2025,3,15,10,74,Summer,0
2025-03-15 11:00:00,27.2,42,27.6,0.0,100,10.3,28.1,2025,3,15,11,74,Summer,0
2025-03-15 12:00:00,28.8,40,29.6,0.0,100,10.1,27.7,2025,3,15,12,74,Summer,0
2025-03-15 13:00:00,30.2,36,31.0,0.0,100,10.1,28.1,2025,3,15,13,74,Summer,0
2025-03-15 14:00:00,30.3,38,31.3,0.4,95,8.6,27.4,2025,3,15,14,74,Summer,1
2025-03-15 15:00:00,30.3,38,30.7,0.0,92,6.8,25.2,2025,3,15,15,74,Summer,0
2025-03-15 16:00:00,29.6,36,29.3,0.0,20,8.3,24.8,2025,3,15,16,74,Summer,0
2025-03-15 17:00:00,28.9,38,29.2,0.0,3,4.5,20.5,2025,3,15,17,74,Summer,0
2025-03-15 18:00:00,26.6,52,28.1,0.0,1,3.8,22.7,2025,3,15,18,74,Summer,0
2025-03-15 19:00:00,25.9,51,26.8,0.0,0,4.8,8.6,2025,3,15,19,74,Summer,0
2025-03-15 20:00:00,24.6,57,24.6,0.0,0,12.3,26.3,2025,3,15,20,74,Summer,0
2025-03-15 21:00:00,23.2,62,23.4,0.0,1,11.2,27.4,2025,3,15,21,74,Summer,0
2025-03-15 22:00:00,22.4,63,22.4,0.0,1,10.4,24.1,2025,3,15,22,74,Summer,0
2025-03-15 23:00:00,21.6,64,21.5,0.0,0,10.3,21.6,2025,3,15,23,74,Summer,0
2025-03-16 00:00:00,20.8,66,20.8,0.0,0,9.0,22.0,2025,3,16,0,75,Summer,0
2025-03-16 01:00:00,20.2,67,20.2,0.0,0,9.0,19.1,2025,3,16,1,75,Summer,0
2025-03-16 02:00:00,19.4,70,19.4,0.0,1,8.3,19.8,2025,3,16,2,75,Summer,0
2025-03-16 03:00:00,18.9,72,19.1,0.0,3,6.6,16.9,2025,3,16,3,75,Summer,0
2025-03-16 04:00:00,18.3,74,18.8,0.0,4,4.7,13.3,2025,3,16,4,75,Summer,0
2025-03-16 05:00:00,18.0,73,17.9,0.1,15,7.1,13.7,2025,3,16,5,75,Summer,1
2025-03-16 06:00:00,19.2,73,19.7,0.0,9,5.9,20.2,2025,3,16,6,75,Summer,0
2025-03-16 07:00:00,19.7,70,19.9,0.0,0,7.0,14.4,2025,3,16,7,75,Summer,0
2025-03-16 08:00:00,21.5,63,22.1,0.0,1,4.9,17.6,2025,3,16,8,75,Summer,0
2025-03-16 09:00:00,23.0,57,23.3,0.0,0,6.1,20.5,2025,3,16,9,75,Summer,0
2025-03-16 10:00:00,25.5,49,26.7,0.0,0,4.1,19.1,2025,3,16,10,75,Summer,0
2025-03-16 11:00:00,27.4,42,29.2,0.0,1,4.1,18.7,2025,3,16,11,75,Summer,0
2025-03-16 12:00:00,29.0,32,30.7,0.0,16,2.9,19.4,2025,3,16,12,75,Summer,0
2025-03-16 13:00:00,29.9,24,29.8,0.0,26,6.8,23.4,2025,3,16,13,75,Summer,0
2025-03-16 14:00:00,29.7,23,27.6,0.0,5,12.2,32.8,2025,3,16,14,75,Summer,0
2025-03-16 15:00:00,29.4,24,26.9,0.0,5,12.9,34.6,2025,3,16,15,75,Summer,0
2025-03-16 16:00:00,28.5,25,25.8,0.0,2,12.4,34.2,2025,3,16,16,75,Summer,0
2025-03-16 17:00:00,27.3,28,24.9,0.0,1,11.7,31.7,2025,3,16,17,75,Summer,0
2025-03-16 18:00:00,26.5,30,24.5,0.0,0,9.1,29.2,2025,3,16,18,75,Summer,0
2025-03-16 19:00:00,25.3,35,23.7,0.0,0,8.2,21.2,2025,3,16,19,75,Summer,0
2025-03-16 20:00:00,24.2,38,22.9,0.0,0,7.1,17.6,2025,3,16,20,75,Summer,0
2025-03-16 21:00:00,23.4,40,22.2,0.0,0,6.6,14.8,2025,3,16,21,75,Summer,0
2025-03-16 22:00:00,22.5,41,21.3,0.0,0,5.7,13.7,2025,3,16,22,75,Summer,0
2025-03-16 23:00:00,21.4,43,20.2,0.0,0,5.2,11.5,2025,3,16,23,75,Summer,0
2025-03-17 00:00:00,20.8,44,19.4,0.0,0,6.1,12.2,2025,3,17,0,76,Summer,0
2025-03-17 01:00:00,20.0,46,18.6,0.0,0,6.0,13.3,2025,3,17,1,76,Summer,0
2025-03-17 02:00:00,19.2,49,17.9,0.0,0,5.4,11.9,2025,3,17,2,76,Summer,0
2025-03-17 03:00:00,18.6,51,17.4,0.0,0,5.2,10.8,2025,3,17,3,76,Summer,0
2025-03-17 04:00:00,17.7,57,16.8,0.0,36,4.5,10.4,2025,3,17,4,76,Summer,0
2025-03-17 05:00:00,17.6,56,16.5,0.0,91,4.7,9.7,2025,3,17,5,76,Summer,0
2025-03-17 06:00:00,18.6,76,19.5,0.0,0,3.3,7.2,2025,3,17,6,76,Summer,0
2025-03-17 07:00:00,19.3,72,19.7,0.0,0,6.3,14.8,2025,3,17,7,76,Summer,0
2025-03-17 08:00:00,21.0,64,21.4,0.0,0,6.0,18.0,2025,3,17,8,76,Summer,0
2025-03-17 09:00:00,23.5,54,23.7,0.0,0,6.6,21.2,2025,3,17,9,76,Summer,0
2025-03-17 10:00:00,25.9,42,25.7,0.0,3,8.2,25.6,2025,3,17,10,76,Summer,0
2025-03-17 11:00:00,27.3,32,26.5,0.0,15,11.3,32.0,2025,3,17,11,76,Summer,0
2025-03-17 12:00:00,27.9,28,26.6,0.0,14,13.2,36.4,2025,3,17,12,76,Summer,0
2025-03-17 13:00:00,28.2,28,26.8,0.0,4,14.0,37.8,2025,3,17,13,76,Summer,0
2025-03-17 14:00:00,28.3,29,26.8,0.0,18,14.0,38.2,2025,3,17,14,76,Summer,0
2025-03-17 15:00:00,27.9,29,25.7,0.0,4,14.0,37.8,2025,3,17,15,76,Summer,0
2025-03-17 16:00:00,27.4,30,25.0,0.0,4,13.4,36.4,2025,3,17,16,76,Summer,0
2025-03-17 17:00:00,26.4,32,24.2,0.0,0,12.5,33.8,2025,3,17,17,76,Summer,0
2025-03-17 18:00:00,25.6,33,23.6,0.0,1,10.1,29.9,2025,3,17,18,76,Summer,0
2025-03-17 19:00:00,24.5,38,23.2,0.0,2,7.3,23.0,2025,3,17,19,76,Summer,0
2025-03-17 20:00:00,23.6,41,22.5,0.0,0,6.2,15.8,2025,3,17,20,76,Summer,0
2025-03-17 21:00:00,22.7,43,21.8,0.0,0,4.9,13.0,2025,3,17,21,76,Summer,0
2025-03-17 22:00:00,22.3,44,21.2,0.0,0,5.9,11.9,2025,3,17,22,76,Summer,0
2025-03-17 23:00:00,21.2,47,20.3,0.0,0,5.2,12.2,2025,3,17,23,76,Summer,0
2025-03-18 00:00:00,20.2,51,19.3,0.0,0,4.8,10.4,2025,3,18,0,77,Summer,0
2025-03-18 01:00:00,19.7,52,18.7,0.0,0,5.6,11.2,2025,3,18,1,77,Summer,0
2025-03-18 02:00:00,18.7,55,17.8,0.0,0,5.5,11.2,2025,3,18,2,77,Summer,0
2025-03-18 03:00:00,18.1,57,17.0,0.0,0,6.4,13.0,2025,3,18,3,77,Summer,0
2025-03-18 04:00:00,17.6,59,16.3,0.0,0,7.4,15.1,2025,3,18,4,77,Summer,0
2025-03-18 05:00:00,17.1,60,15.8,0.0,8,7.2,15.1,2025,3,18,5,77,Summer,0
2025-03-18 06:00:00,17.6,73,17.7,0.0,0,4.8,13.3,2025,3,18,6,77,Summer,0
2025-03-18 07:00:00,18.6,68,18.5,0.0,0,6.4,12.6,2025,3,18,7,77,Summer,0
2025-03-18 08:00:00,20.8,59,20.6,0.0,0,5.9,17.6,2025,3,18,8,77,Summer,0
2025-03-18 09:00:00,23.5,47,22.9,0.0,0,7.4,22.3,2025,3,18,9,77,Summer,0
2025-03-18 10:00:00,26.2,35,25.0,0.0,0,10.8,29.9,2025,3,18,10,77,Summer,0
2025-03-18 11:00:00,27.8,29,27.0,0.0,0,11.3,32.4,2025,3,18,11,77,Summer,0
2025-03-18 12:00:00,28.9,26,28.3,0.0,0,11.2,32.4,2025,3,18,12,77,Summer,0
2025-03-18 13:00:00,29.6,24,28.9,0.0,0,11.3,33.1,2025,3,18,13,77,Summer,0
2025-03-18 14:00:00,29.9,23,28.6,0.0,0,11.4,33.1,2025,3,18,14,77,Summer,0
2025-03-18 15:00:00,29.7,23,27.5,0.0,0,11.8,33.1,2025,3,18,15,77,Summer,0
2025-03-18 16:00:00,29.0,25,26.5,0.0,0,11.5,32.4,2025,3,18,16,77,Summer,0
2025-03-18 17:00:00,27.9,28,25.7,0.0,0,11.0,30.2,2025,3,18,17,77,Summer,0
2025-03-18 18:00:00,26.8,33,25.3,0.0,0,8.8,24.1,2025,3,18,18,77,Summer,0
2025-03-18 19:00:00,25.5,39,24.5,0.0,0,7.9,20.2,2025,3,18,19,77,Summer,0
2025-03-18 20:00:00,24.3,43,23.5,0.0,0,7.1,16.9,2025,3,18,20,77,Summer,0
2025-03-18 21:00:00,23.4,44,22.7,0.0,0,5.5,14.8,2025,3,18,21,77,Summer,0
2025-03-18 22:00:00,22.6,44,21.8,0.0,10,4.8,11.2,2025,3,18,22,77,Summer,0
2025-03-18 23:00:00,22.3,43,21.3,0.0,42,5.3,9.7,2025,3,18,23,77,Summer,0
2025-03-19 00:00:00,22.1,42,20.8,0.0,7,5.8,11.5,2025,3,19,0,78,Summer,0
2025-03-19 01:00:00,21.0,46,19.9,0.0,4,5.6,11.9,2025,3,19,1,78,Summer,0
2025-03-19 02:00:00,19.7,52,18.9,0.0,34,4.8,10.8,2025,3,19,2,78,Summer,0
2025-03-19 03:00:00,18.9,55,18.2,0.0,95,4.3,9.4,2025,3,19,3,78,Summer,0
2025-03-19 04:00:00,18.3,58,17.7,0.0,97,3.8,9.0,2025,3,19,4,78,Summer,0
2025-03-19 05:00:00,17.8,61,17.3,0.0,69,3.6,7.6,2025,3,19,5,78,Summer,0
2025-03-19 06:00:00,17.7,68,17.7,0.0,0,4.1,8.3,2025,3,19,6,78,Summer,0
2025-03-19 07:00:00,19.0,63,18.5,0.0,0,6.7,13.3,2025,3,19,7,78,Summer,0
2025-03-19 08:00:00,22.1,51,21.8,0.0,0,5.0,15.1,2025,3,19,8,78,Summer,0
2025-03-19 09:00:00,25.7,39,25.1,0.0,0,5.2,18.4,2025,3,19,9,78,Summer,0
2025-03-19 10:00:00,28.4,28,27.6,0.0,0,6.5,22.3,2025,3,19,10,78,Summer,0
2025-03-19 11:00:00,30.2,22,29.6,0.0,0,7.5,25.2,2025,3,19,11,78,Summer,0
2025-03-19 12:00:00,31.5,19,30.8,0.0,0,8.7,27.7,2025,3,19,12,78,Summer,0
2025-03-19 13:00:00,32.1,18,31.3,0.0,2,9.4,30.2,2025,3,19,13,78,Summer,0
2025-03-19 14:00:00,32.3,17,30.7,0.0,23,10.6,31.0,2025,3,19,14,78,Summer,0
2025-03-19 15:00:00,31.8,18,29.1,0.0,15,11.1,31.3,2025,3,19,15,78,Summer,0
2025-03-19 16:00:00,30.8,22,28.1,0.0,17,11.9,31.0,2025,3,19,16,78,Summer,0
2025-03-19 17:00:00,29.6,26,27.6,0.0,3,10.7,30.6,2025,3,19,17,78,Summer,0
2025-03-19 18:00:00,28.9,23,26.7,0.0,0,8.1,29.2,2025,3,19,18,78,Summer,0
2025-03-19 19:00:00,27.5,29,26.1,0.0,0,5.1,18.4,2025,3,19,19,78,Summer,0
2025-03-19 20:00:00,25.9,34,25.0,0.0,1,4.5,11.2,2025,3,19,20,78,Summer,0
2025-03-19 21:00:00,24.9,36,24.1,0.0,0,2.9,8.6,2025,3,19,21,78,Summer,0
2025-03-19 22:00:00,24.6,35,23.8,0.0,0,1.8,5.8,2025,3,19,22,78,Summer,0
2025-03-19 23:00:00,24.0,35,23.0,0.0,0,2.3,3.6,2025,3,19,23,78,Summer,0
2025-03-20 00:00:00,23.1,37,21.9,0.0,0,3.6,5.8,2025,3,20,0,79,Summer,0
2025-03-20 01:00:00,22.3,38,21.0,0.0,0,4.4,6.8,2025,3,20,1,79,Summer,0
2025-03-20 02:00:00,21.0,41,19.7,0.0,0,4.6,8.3,2025,3,20,2,79,Summer,0
2025-03-20 03:00:00,20.2,44,19.1,0.0,0,3.5,7.9,2025,3,20,3,79,Summer,0
2025-03-20 04:00:00,19.6,45,18.4,0.0,0,3.6,6.1,2025,3,20,4,79,Summer,0
2025-03-20 05:00:00,19.1,46,17.8,0.0,0,3.4,5.8,2025,3,20,5,79,Summer,0
2025-03-20 06:00:00,20.6,62,21.4,0.0,0,0.4,1.8,2025,3,20,6,79,Summer,0
2025-03-20 07:00:00,21.6,55,21.9,0.0,0,2.2,4.0,2025,3,20,7,79,Summer,0
2025-03-20 08:00:00,24.0,47,24.3,0.0,0,1.9,10.1,2025,3,20,8,79,Summer,0
2025-03-20 09:00:00,27.5,35,27.5,0.0,0,1.4,11.9,2025,3,20,9,79,Summer,0
2025-03-20 10:00:00,30.3,22,29.3,0.0,0,4.2,18.0,2025,3,20,10,79,Summer,0
2025-03-20 11:00:00,31.8,17,30.9,0.0,0,6.6,23.4,2025,3,20,11,79,Summer,0
2025-03-20 12:00:00,32.9,15,31.5,0.0,6,9.8,29.9,2025,3,20,12,79,Summer,0
2025-03-20 13:00:00,33.0,14,31.0,0.0,11,11.9,33.5,2025,3,20,13,79,Summer,0
2025-03-20 14:00:00,32.6,15,30.2,0.0,10,11.4,33.8,2025,3,20,14,79,Summer,0
2025-03-20 15:00:00,32.1,17,29.2,0.0,14,11.3,32.0,2025,3,20,15,79,Summer,0
2025-03-20 16:00:00,31.4,18,27.9,0.0,7,13.9,34.6,2025,3,20,16,79,Summer,0
2025-03-20 17:00:00,30.1,21,26.9,0.0,0,13.7,34.9,2025,3,20,17,79,Summer,0
2025-03-20 18:00:00,29.1,19,26.3,0.0,0,8.0,31.7,2025,3,20,18,79,Summer,0
2025-03-20 19:00:00,27.3,23,25.3,0.0,0,4.0,17.3,2025,3,20,19,79,Summer,0
2025-03-20 20:00:00,26.4,29,24.7,0.0,0,5.8,11.5,2025,3,20,20,79,Summer,0
2025-03-20 21:00:00,25.2,39,24.3,0.0,0,6.7,13.7,2025,3,20,21,79,Summer,0
2025-03-20 22:00:00,24.6,41,23.4,0.0,4,8.7,17.3,2025,3,20,22,79,Summer,0
2025-03-20 23:00:00,23.6,37,21.9,0.0,0,8.2,18.0,2025,3,20,23,79,Summer,0
2025-03-21 00:00:00,22.7,35,20.8,0.0,0,6.3,16.6,2025,3,21,0,80,Summer,0
2025-03-21 01:00:00,21.8,36,19.9,0.0,0,5.5,12.6,2025,3,21,1,80,Summer,0
2025-03-21 02:00:00,21.3,37,19.4,0.0,0,5.6,10.8,2025,3,21,2,80,Summer,0
2025-03-21 03:00:00,20.6,39,18.8,0.0,0,5.6,10.8,2025,3,21,3,80,Summer,0
2025-03-21 04:00:00,20.2,40,18.4,0.0,0,6.0,11.5,2025,3,21,4,80,Summer,0
2025-03-21 05:00:00,19.9,41,17.9,0.0,0,6.5,12.6,2025,3,21,5,80,Summer,0
2025-03-21 06:00:00,19.4,60,18.9,0.0,0,6.0,12.6,2025,3,21,6,80,Summer,0
2025-03-21 07:00:00,20.4,57,19.9,0.0,0,7.0,15.1,2025,3,21,7,80,Summer,0
2025-03-21 08:00:00,22.5,50,22.1,0.0,0,5.6,16.9,2025,3,21,8,80,Summer,0
2025-03-21 09:00:00,25.1,42,24.6,0.0,0,6.1,20.5,2025,3,21,9,80,Summer,0
2025-03-21 10:00:00,27.7,34,27.4,0.0,0,7.4,24.1,2025,3,21,10,80,Summer,0
2025-03-21 11:00:00,30.0,24,29.3,0.0,0,10.2,29.5,2025,3,21,11,80,Summer,0
2025-03-21 12:00:00,31.5,18,30.0,0.0,14,12.6,35.6,2025,3,21,12,80,Summer,0
2025-03-21 13:00:00,31.9,16,29.6,0.0,19,13.8,37.1,2025,3,21,13,80,Summer,0
2025-03-21 14:00:00,32.0,15,28.9,0.0,16,15.1,39.2,2025,3,21,14,80,Summer,0
2025-03-21 15:00:00,31.6,15,27.9,0.0,1,15.5,40.0,2025,3,21,15,80,Summer,0
2025-03-21 16:00:00,30.9,17,27.0,0.0,1,15.4,39.6,2025,3,21,16,80,Summer,0
2025-03-21 17:00:00,29.7,20,26.2,0.0,5,14.1,37.8,2025,3,21,17,80,Summer,0
2025-03-21 18:00:00,28.4,23,25.6,0.0,0,10.4,31.7,2025,3,21,18,80,Summer,0
2025-03-21 19:00:00,26.9,27,24.7,0.0,0,9.2,23.8,2025,3,21,19,80,Summer,0
2025-03-21 20:00:00,25.7,30,23.9,0.0,0,7.1,19.8,2025,3,21,20,80,Summer,0
2025-03-21 21:00:00,24.6,32,22.6,0.0,0,7.8,16.2,2025,3,21,21,80,Summer,0
2025-03-21 22:00:00,23.5,33,21.5,0.0,0,7.0,16.2,2025,3,21,22,80,Summer,0
2025-03-21 23:00:00,22.8,34,20.8,0.0,0,6.9,14.4,2025,3,21,23,80,Summer,0
2025-03-22 00:00:00,21.7,36,19.9,0.0,0,5.3,14.0,2025,3,22,0,81,Summer,0
2025-03-22 01:00:00,21.0,37,19.2,0.0,0,4.7,9.4,2025,3,22,1,81,Summer,0
2025-03-22 02:00:00,20.6,39,19.0,0.0,0,3.9,8.6,2025,3,22,2,81,Summer,0
2025-03-22 03:00:00,20.1,38,17.9,0.0,0,7.1,14.0,2025,3,22,3,81,Summer,0
2025-03-22 04:00:00,18.6,44,16.7,0.0,0,6.1,15.8,2025,3,22,4,81,Summer,0
2025-03-22 05:00:00,18.0,46,16.0,0.0,0,6.9,13.7,2025,3,22,5,81,Summer,0
2025-03-22 06:00:00,19.4,52,18.3,0.0,0,6.3,15.5,2025,3,22,6,81,Summer,0
2025-03-22 07:00:00,20.7,48,19.3,0.0,0,8.0,16.2,2025,3,22,7,81,Summer,0
2025-03-22 08:00:00,23.1,41,22.0,0.0,1,5.6,16.9,2025,3,22,8,81,Summer,0
2025-03-22 09:00:00,26.2,33,25.0,0.0,0,6.1,20.2,2025,3,22,9,81,Summer,0
2025-03-22 10:00:00,28.9,27,27.8,0.0,1,7.9,24.8,2025,3,22,10,81,Summer,0
2025-03-22 11:00:00,30.5,23,29.5,0.0,3,10.5,32.0,2025,3,22,11,81,Summer,0
2025-03-22 12:00:00,31.3,20,29.3,0.0,42,16.1,41.4,2025,3,22,12,81,Summer,0
2025-03-22 13:00:00,30.8,20,28.9,0.0,39,13.1,42.1,2025,3,22,13,81,Summer,0
2025-03-22 14:00:00,31.2,19,28.7,0.0,11,14.5,38.2,2025,3,22,14,81,Summer,0
2025-03-22 15:00:00,31.2,19,28.1,0.0,20,14.2,38.5,2025,3,22,15,81,Summer,0
2025-03-22 16:00:00,30.9,19,27.5,0.0,18,14.2,36.0,2025,3,22,16,81,Summer,0
2025-03-22 17:00:00,29.6,20,26.2,0.0,5,13.4,34.6,2025,3,22,17,81,Summer,0
2025-03-22 18:00:00,28.5,22,25.7,0.0,0,10.7,31.7,2025,3,22,18,81,Summer,0
2025-03-22 19:00:00,26.9,27,25.2,0.0,0,5.5,23.0,2025,3,22,19,81,Summer,0
2025-03-22 20:00:00,25.4,34,24.3,0.0,0,4.3,11.5,2025,3,22,20,81,Summer,0
2025-03-22 21:00:00,24.5,39,23.9,0.0,0,3.5,8.3,2025,3,22,21,81,Summer,0
2025-03-22 22:00:00,23.6,40,22.7,0.0,0,4.7,8.3,2025,3,22,22,81,Summer,0
2025-03-22 23:00:00,22.9,43,22.1,0.0,0,4.6,8.3,2025,3,22,23,81,Summer,0
2025-03-23 00:00:00,22.3,44,21.5,0.0,0,4.3,7.9,2025,3,23,0,82,Summer,0
2025-03-23 01:00:00,21.5,46,20.9,0.0,0,3.0,6.8,2025,3,23,1,82,Summer,0
2025-03-23 02:00:00,20.5,49,20.0,0.0,0,2.2,5.0,2025,3,23,2,82,Summer,0
2025-03-23 03:00:00,19.8,51,19.2,0.0,0,2.2,4.7,2025,3,23,3,82,Summer,0
2025-03-23 04:00:00,18.9,53,18.2,0.0,0,3.2,5.8,2025,3,23,4,82,Summer,0
2025-03-23 05:00:00,18.5,54,17.7,0.0,0,3.4,5.8,2025,3,23,5,82,Summer,0
2025-03-23 06:00:00,18.6,62,18.4,0.0,0,3.4,6.5,2025,3,23,6,82,Summer,0
2025-03-23 07:00:00,20.8,52,20.3,0.0,0,4.7,7.2,2025,3,23,7,82,Summer,0
2025-03-23 08:00:00,24.1,41,23.9,0.0,0,1.9,10.1,2025,3,23,8,82,Summer,0
2025-03-23 09:00:00,27.3,31,26.4,0.0,0,3.8,15.8,2025,3,23,9,82,Summer,0
2025-03-23 10:00:00,29.3,25,28.3,0.0,0,6.5,22.7,2025,3,23,10,82,Summer,0
2025-03-23 11:00:00,30.4,23,30.0,0.0,0,7.4,25.9,2025,3,23,11,82,Summer,0
2025-03-23 12:00:00,31.3,21,31.2,0.0,0,7.5,26.6,2025,3,23,12,82,Summer,0
2025-03-23 13:00:00,32.1,19,32.0,0.0,0,6.5,26.6,2025,3,23,13,82,Summer,0
2025-03-23 14:00:00,32.6,18,31.9,0.0,0,6.5,25.2,2025,3,23,14,82,Summer,0
2025-03-23 15:00:00,32.7,17,30.8,0.0,0,7.8,25.6,2025,3,23,15,82,Summer,0
2025-03-23 16:00:00,32.3,17,29.4,0.0,0,9.3,26.6,2025,3,23,16,82,Summer,0
2025-03-23 17:00:00,31.1,17,28.1,0.0,0,10.3,26.6,2025,3,23,17,82,Summer,0
2025-03-23 18:00:00,29.7,21,27.2,0.0,0,8.3,24.1,2025,3,23,18,82,Summer,0
2025-03-23 19:00:00,28.3,23,26.3,0.0,0,5.6,17.6,2025,3,23,19,82,Summer,0
2025-03-23 20:00:00,27.0,27,25.5,0.0,0,4.2,11.5,2025,3,23,20,82,Summer,0
2025-03-23 21:00:00,25.8,30,24.5,0.0,0,3.4,8.3,2025,3,23,21,82,Summer,0
2025-03-23 22:00:00,25.2,32,23.7,0.0,0,5.2,10.8,2025,3,23,22,82,Summer,0
2025-03-23 23:00:00,24.1,37,23.3,0.0,0,2.7,10.4,2025,3,23,23,82,Summer,0
2025-03-24 00:00:00,23.3,39,22.7,0.0,0,2.2,5.0,2025,3,24,0,83,Summer,0
2025-03-24 01:00:00,22.5,42,21.7,0.0,0,3.1,5.4,2025,3,24,1,83,Summer,0
2025-03-24 02:00:00,22.2,42,21.5,0.0,0,2.1,5.4,2025,3,24,2,83,Summer,0
2025-03-24 03:00:00,22.2,43,21.9,0.0,0,0.5,3.2,2025,3,24,3,83,Summer,0
2025-03-24 04:00:00,21.5,44,21.0,0.0,0,0.9,2.2,2025,3,24,4,83,Summer,0
2025-03-24 05:00:00,20.0,49,19.3,0.0,0,2.6,4.7,2025,3,24,5,83,Summer,0
2025-03-24 06:00:00,20.1,55,19.5,0.0,0,5.7,12.2,2025,3,24,6,83,Summer,0
2025-03-24 07:00:00,21.1,52,20.2,0.0,0,7.5,14.0,2025,3,24,7,83,Summer,0
2025-03-24 08:00:00,24.0,43,23.4,0.0,0,5.4,15.8,2025,3,24,8,83,Summer,0
2025-03-24 09:00:00,27.5,34,26.6,0.0,0,6.2,20.2,2025,3,24,9,83,Summer,0
2025-03-24 10:00:00,30.1,26,29.1,0.0,0,8.5,25.9,2025,3,24,10,83,Summer,0
2025-03-24 11:00:00,31.6,21,31.2,0.0,0,7.9,27.0,2025,3,24,11,83,Summer,0
2025-03-24 12:00:00,32.7,19,32.6,0.0,0,6.7,26.6,2025,3,24,12,83,Summer,0
2025-03-24 13:00:00,33.5,17,33.4,0.0,0,5.7,24.8,2025,3,24,13,83,Summer,0
2025-03-24 14:00:00,33.9,16,33.3,0.0,0,5.7,23.0,2025,3,24,14,83,Summer,0
2025-03-24 15:00:00,33.9,16,32.4,0.0,0,5.8,22.7,2025,3,24,15,83,Summer,0
2025-03-24 16:00:00,33.5,16,31.2,0.0,0,6.6,22.0,2025,3,24,16,83,Summer,0
2025-03-24 17:00:00,32.7,17,30.3,0.0,0,6.5,21.2,2025,3,24,17,83,Summer,0
2025-03-24 18:00:00,31.1,19,29.5,0.0,0,2.7,17.6,2025,3,24,18,83,Summer,0
2025-03-24 19:00:00,29.4,21,27.6,0.0,0,3.8,7.2,2025,3,24,19,83,Summer,0
2025-03-24 20:00:00,28.3,26,26.8,0.0,0,4.5,9.0,2025,3,24,20,83,Summer,0
2025-03-24 21:00:00,27.3,30,25.9,0.0,0,6.0,11.2,2025,3,24,21,83,Summer,0
2025-03-24 22:00:00,26.4,34,25.1,0.0,0,6.7,14.4,2025,3,24,22,83,Summer,0
2025-03-24 23:00:00,25.0,39,24.2,0.0,0,5.4,13.3,2025,3,24,23,83,Summer,0
2025-03-25 00:00:00,24.2,41,23.5,0.0,0,5.1,10.1,2025,3,25,0,84,Summer,0
2025-03-25 01:00:00,23.5,43,22.7,0.0,0,5.8,11.2,2025,3,25,1,84,Summer,0
2025-03-25 02:00:00,22.6,47,22.0,0.0,0,5.8,12.2,2025,3,25,2,84,Summer,0
2025-03-25 03:00:00,21.8,51,21.3,0.0,0,5.5,11.5,2025,3,25,3,84,Summer,0
2025-03-25 04:00:00,21.2,53,20.8,0.0,0,5.3,10.8,2025,3,25,4,84,Summer,0
2025-03-25 05:00:00,20.9,53,20.3,0.0,0,6.3,12.6,2025,3,25,5,84,Summer,0
2025-03-25 06:00:00,21.0,55,20.3,0.0,0,8.1,15.8,2025,3,25,6,84,Summer,0
2025-03-25 07:00:00,22.2,49,21.3,0.0,0,8.5,17.3,2025,3,25,7,84,Summer,0
2025-03-25 08:00:00,25.2,41,24.8,0.0,0,4.1,15.5,2025,3,25,8,84,Summer,0
2025-03-25 09:00:00,29.0,30,28.2,0.0,0,4.3,16.6,2025,3,25,9,84,Summer,0
2025-03-25 10:00:00,31.8,22,31.1,0.0,0,5.5,20.5,2025,3,25,10,84,Summer,0
2025-03-25 11:00:00,33.6,19,33.6,0.0,0,4.9,21.2,2025,3,25,11,84,Summer,0
2025-03-25 12:00:00,34.9,17,35.3,0.0,0,4.2,21.2,2025,3,25,12,84,Summer,0
2025-03-25 13:00:00,35.8,15,36.2,0.0,0,3.9,20.5,2025,3,25,13,84,Summer,0
2025-03-25 14:00:00,36.4,14,35.8,0.0,0,5.5,22.0,2025,3,25,14,84,Summer,0
2025-03-25 15:00:00,36.4,13,34.3,0.0,0,8.7,26.6,2025,3,25,15,84,Summer,0
2025-03-25 16:00:00,35.9,12,32.8,0.0,1,9.7,28.1,2025,3,25,16,84,Summer,0
2025-03-25 17:00:00,35.2,12,32.2,0.0,2,7.6,26.6,2025,3,25,17,84,Summer,0
2025-03-25 18:00:00,33.1,16,30.7,0.0,0,7.2,19.8,2025,3,25,18,84,Summer,0
2025-03-25 19:00:00,31.3,23,29.6,0.0,0,7.6,16.6,2025,3,25,19,84,Summer,0
2025-03-25 20:00:00,29.9,26,28.4,0.0,0,7.1,15.1,2025,3,25,20,84,Summer,0
2025-03-25 21:00:00,28.8,31,27.9,0.0,0,5.6,13.7,2025,3,25,21,84,Summer,0
2025-03-25 22:00:00,27.2,37,26.9,0.0,0,4.4,10.8,2025,3,25,22,84,Summer,0
2025-03-25 23:00:00,26.5,39,26.0,0.0,0,5.6,10.8,2025,3,25,23,84,Summer,0
2025-03-26 00:00:00,25.1,43,24.9,0.0,0,4.1,11.2,2025,3,26,0,85,Summer,0
2025-03-26 01:00:00,24.1,45,23.9,0.0,0,3.9,7.9,2025,3,26,1,85,Summer,0
2025-03-26 02:00:00,23.6,45,23.2,0.0,0,4.5,8.6,2025,3,26,2,85,Summer,0
2025-03-26 03:00:00,22.7,47,22.4,0.0,0,4.0,9.0,2025,3,26,3,85,Summer,0
2025-03-26 04:00:00,22.6,48,22.7,0.0,0,1.5,7.6,2025,3,26,4,85,Summer,0
2025-03-26 05:00:00,22.3,49,22.4,0.0,0,1.5,2.5,2025,3,26,5,85,Summer,0
2025-03-26 06:00:00,21.8,56,22.4,0.0,0,1.5,4.7,2025,3,26,6,85,Summer,0
2025-03-26 07:00:00,23.4,50,23.5,0.0,0,4.3,9.0,2025,3,26,7,85,Summer,0
2025-03-26 08:00:00,27.6,38,27.7,0.0,0,3.6,12.2,2025,3,26,8,85,Summer,0
2025-03-26 09:00:00,31.2,29,30.8,0.0,0,4.5,16.9,2025,3,26,9,85,Summer,0
2025-03-26 10:00:00,34.0,20,33.2,0.0,0,6.8,22.7,2025,3,26,10,85,Summer,0
2025-03-26 11:00:00,35.7,16,35.2,0.0,0,7.0,24.8,2025,3,26,11,85,Summer,0
2025-03-26 12:00:00,36.8,14,36.7,0.0,0,5.6,24.8,2025,3,26,12,85,Summer,0
2025-03-26 13:00:00,37.6,12,37.3,0.0,0,5.4,22.7,2025,3,26,13,85,Summer,0
2025-03-26 14:00:00,37.9,12,36.8,0.0,0,7.1,24.8,2025,3,26,14,85,Summer,0
2025-03-26 15:00:00,37.8,11,35.3,0.0,0,9.8,28.4,2025,3,26,15,85,Summer,0
2025-03-26 16:00:00,37.0,11,33.5,0.0,0,12.2,32.0,2025,3,26,16,85,Summer,0
2025-03-26 17:00:00,36.0,13,32.7,0.0,0,10.7,31.7,2025,3,26,17,85,Summer,0
2025-03-26 18:00:00,34.2,16,32.5,0.0,0,2.8,14.0,2025,3,26,18,85,Summer,0
2025-03-26 19:00:00,32.8,16,30.5,0.0,0,4.9,9.7,2025,3,26,19,85,Summer,0
2025-03-26 20:00:00,31.3,18,29.3,0.0,0,4.4,9.0,2025,3,26,20,85,Summer,0
2025-03-26 21:00:00,30.2,24,28.4,0.0,0,6.8,13.0,2025,3,26,21,85,Summer,0
2025-03-26 22:00:00,28.5,29,27.4,0.0,0,5.4,14.0,2025,3,26,22,85,Summer,0
2025-03-26 23:00:00,27.2,32,26.3,0.0,0,5.1,10.4,2025,3,26,23,85,Summer,0
2025-03-27 00:00:00,26.5,34,25.7,0.0,1,4.5,9.7,2025,3,27,0,86,Summer,0
2025-03-27 01:00:00,26.0,35,25.3,0.0,33,4.3,8.3,2025,3,27,1,86,Summer,0
2025-03-27 02:00:00,25.6,36,24.7,0.0,48,4.8,10.1,2025,3,27,2,86,Summer,0
2025-03-27 03:00:00,25.2,37,24.7,0.0,42,2.5,9.0,2025,3,27,3,86,Summer,0
2025-03-27 04:00:00,25.0,36,23.9,0.0,70,5.5,11.2,2025,3,27,4,86,Summer,0
2025-03-27 05:00:00,24.2,37,23.0,0.0,14,5.0,10.8,2025,3,27,5,86,Summer,0
2025-03-27 06:00:00,24.1,41,23.3,0.0,13,5.7,11.9,2025,3,27,6,86,Summer,0
2025-03-27 07:00:00,24.7,39,23.7,0.0,3,6.7,15.8,2025,3,27,7,86,Summer,0
2025-03-27 08:00:00,27.2,33,26.3,0.0,0,5.9,17.3,2025,3,27,8,86,Summer,0
2025-03-27 09:00:00,30.4,27,29.0,0.0,16,7.3,22.0,2025,3,27,9,86,Summer,0
2025-03-27 10:00:00,32.6,23,31.5,0.0,10,10.1,28.8,2025,3,27,10,86,Summer,0
2025-03-27 11:00:00,34.3,21,33.8,0.0,0,11.0,31.7,2025,3,27,11,86,Summer,0
2025-03-27 12:00:00,35.6,19,35.2,0.0,0,11.8,33.8,2025,3,27,12,86,Summer,0
2025-03-27 13:00:00,36.2,17,35.5,0.0,13,12.2,34.6,2025,3,27,13,86,Summer,0
2025-03-27 14:00:00,36.2,16,34.7,0.0,34,12.8,35.6,2025,3,27,14,86,Summer,0
2025-03-27 15:00:00,35.9,16,34.0,0.0,48,10.5,35.3,2025,3,27,15,86,Summer,0
2025-03-27 16:00:00,35.7,17,33.8,0.0,34,6.5,29.5,2025,3,27,16,86,Summer,0
2025-03-27 17:00:00,34.9,18,33.3,0.0,11,5.2,20.5,2025,3,27,17,86,Summer,0
2025-03-27 18:00:00,33.4,20,32.1,0.0,15,3.9,18.4,2025,3,27,18,86,Summer,0
2025-03-27 19:00:00,31.9,22,30.5,0.0,0,5.0,10.1,2025,3,27,19,86,Summer,0
2025-03-27 20:00:00,30.4,26,29.3,0.0,0,4.3,10.1,2025,3,27,20,86,Summer,0
2025-03-27 21:00:00,29.3,28,28.3,0.0,0,4.7,8.6,2025,3,27,21,86,Summer,0
2025-03-27 22:00:00,29.1,30,28.8,0.0,0,1.8,8.6,2025,3,27,22,86,Summer,0
2025-03-27 23:00:00,28.1,31,27.7,0.0,0,1.6,4.0,2025,3,27,23,86,Summer,0
2025-03-28 00:00:00,26.7,33,25.6,0.0,0,5.2,10.4,2025,3,28,0,87,Summer,0
2025-03-28 01:00:00,25.1,38,24.1,0.0,0,7.0,14.8,2025,3,28,1,87,Summer,0
2025-03-28 02:00:00,24.0,44,22.8,0.0,0,10.1,20.5,2025,3,28,2,87,Summer,0
2025-03-28 03:00:00,23.6,39,21.3,0.0,0,13.3,27.7,2025,3,28,3,87,Summer,0
2025-03-28 04:00:00,22.7,29,19.3,0.0,0,13.4,29.5,2025,3,28,4,87,Summer,0
2025-03-28 05:00:00,22.0,31,18.9,0.0,0,11.3,28.8,2025,3,28,5,87,Summer,0
2025-03-28 06:00:00,21.8,37,19.6,0.0,0,9.3,24.8,2025,3,28,6,87,Summer,0
2025-03-28 07:00:00,22.8,34,20.5,0.0,0,8.4,19.8,2025,3,28,7,87,Summer,0
2025-03-28 08:00:00,24.6,30,22.1,0.0,0,10.0,25.2,2025,3,28,8,87,Summer,0
2025-03-28 09:00:00,26.3,28,23.5,0.0,0,12.3,32.0,2025,3,28,9,87,Summer,0
2025-03-28 10:00:00,27.9,25,25.7,0.0,0,13.3,36.0,2025,3,28,10,87,Summer,0
2025-03-28 11:00:00,29.7,19,28.1,0.0,0,11.6,35.6,2025,3,28,11,87,Summer,0
2025-03-28 12:00:00,30.7,14,28.8,0.0,0,12.0,34.6,2025,3,28,12,87,Summer,0
2025-03-28 13:00:00,31.0,12,28.8,0.0,0,12.8,36.4,2025,3,28,13,87,Summer,0
2025-03-28 14:00:00,31.0,12,28.2,0.0,0,13.2,36.7,2025,3,28,14,87,Summer,0
2025-03-28 15:00:00,30.5,12,26.9,0.0,0,13.5,36.7,2025,3,28,15,87,Summer,0
2025-03-28 16:00:00,29.8,12,25.3,0.0,0,13.8,36.4,2025,3,28,16,87,Summer,0
2025-03-28 17:00:00,28.7,13,24.2,0.0,0,13.5,34.9,2025,3,28,17,87,Summer,0
2025-03-28 18:00:00,27.7,19,24.0,0.0,0,12.8,30.6,2025,3,28,18,87,Summer,0
2025-03-28 19:00:00,26.3,23,22.6,0.0,0,14.6,32.0,2025,3,28,19,87,Summer,0
2025-03-28 20:00:00,25.2,24,21.4,0.0,0,14.8,32.0,2025,3,28,20,87,Summer,0
2025-03-28 21:00:00,24.0,22,19.8,0.0,2,15.5,34.2,2025,3,28,21,87,Summer,0
2025-03-28 22:00:00,23.0,20,18.5,0.0,16,14.7,34.2,2025,3,28,22,87,Summer,0
2025-03-28 23:00:00,22.1,19,17.5,0.0,15,14.0,31.7,2025,3,28,23,87,Summer,0
2025-03-29 00:00:00,21.2,18,16.5,0.0,0,13.8,30.2,2025,3,29,0,88,Summer,0
2025-03-29 01:00:00,20.3,18,15.6,0.0,0,13.6,29.9,2025,3,29,1,88,Summer,0
2025-03-29 02:00:00,19.5,19,14.8,0.0,4,13.1,29.2,2025,3,29,2,88,Summer,0
2025-03-29 03:00:00,18.6,21,14.0,0.0,83,13.1,28.4,2025,3,29,3,88,Summer,0
2025-03-29 04:00:00,17.9,23,13.4,0.0,59,12.9,28.1,2025,3,29,4,88,Summer,0
2025-03-29 05:00:00,17.4,24,12.9,0.0,6,12.7,27.7,2025,3,29,5,88,Summer,0
2025-03-29 06:00:00,16.2,32,12.1,0.0,61,12.3,26.3,2025,3,29,6,88,Summer,0
2025-03-29 07:00:00,16.8,32,13.1,0.0,95,10.8,27.0,2025,3,29,7,88,Summer,0
2025-03-29 08:00:00,18.9,29,15.1,0.0,88,12.0,28.8,2025,3,29,8,88,Summer,0
2025-03-29 09:00:00,21.4,26,17.4,0.0,97,13.6,34.6,2025,3,29,9,88,Summer,0
2025-03-29 10:00:00,23.9,22,20.5,0.0,85,14.8,37.8,2025,3,29,10,88,Summer,0
2025-03-29 11:00:00,25.9,19,23.0,0.0,100,14.9,39.6,2025,3,29,11,88,Summer,0
2025-03-29 12:00:00,27.3,17,24.5,0.0,100,14.0,39.2,2025,3,29,12,88,Summer,0
2025-03-29 13:00:00,28.5,16,25.7,0.0,100,14.3,38.2,2025,3,29,13,88,Summer,0
2025-03-29 14:00:00,28.8,17,25.5,0.0,100,14.7,38.2,2025,3,29,14,88,Summer,0
2025-03-29 15:00:00,28.9,19,25.4,0.0,100,14.7,38.5,2025,3,29,15,88,Summer,0
2025-03-29 16:00:00,28.5,20,24.7,0.0,100,14.9,37.4,2025,3,29,16,88,Summer,0
2025-03-29 17:00:00,27.5,19,23.5,0.0,100,15.2,36.0,2025,3,29,17,88,Summer,0
2025-03-29 18:00:00,26.0,21,22.6,0.0,100,11.0,31.7,2025,3,29,18,88,Summer,0
2025-03-29 19:00:00,25.3,23,21.9,0.0,98,11.4,24.5,2025,3,29,19,88,Summer,0
2025-03-29 20:00:00,24.7,22,21.0,0.0,97,12.7,27.4,2025,3,29,20,88,Summer,0
2025-03-29 21:00:00,24.0,20,20.0,0.0,64,12.1,27.4,2025,3,29,21,88,Summer,0
2025-03-29 22:00:00,23.1,21,19.2,0.0,100,11.8,25.6,2025,3,29,22,88,Summer,0
2025-03-29 23:00:00,22.6,21,18.9,0.0,100,10.4,24.5,2025,3,29,23,88,Summer,0
2025-03-30 00:00:00,22.0,22,18.2,0.0,88,11.1,23.0,2025,3,30,0,89,Summer,0
2025-03-30 01:00:00,21.1,23,17.2,0.0,100,10.9,23.0,2025,3,30,1,89,Summer,0
2025-03-30 02:00:00,20.2,25,16.5,0.0,73,9.9,22.7,2025,3,30,2,89,Summer,0
2025-03-30 03:00:00,19.4,26,15.9,0.0,0,8.9,20.2,2025,3,30,3,89,Summer,0
2025-03-30 04:00:00,18.6,27,15.1,0.0,0,8.6,18.0,2025,3,30,4,89,Summer,0
2025-03-30 05:00:00,18.0,28,14.5,0.0,0,8.9,18.0,2025,3,30,5,89,Summer,0
2025-03-30 06:00:00,17.5,33,14.1,0.0,0,10.0,21.2,2025,3,30,6,89,Summer,0
2025-03-30 07:00:00,18.7,31,15.3,0.0,0,10.3,22.0,2025,3,30,7,89,Summer,0
2025-03-30 08:00:00,21.1,28,18.1,0.0,0,7.5,20.2,2025,3,30,8,89,Summer,0
2025-03-30 09:00:00,24.1,23,21.0,0.0,0,8.8,25.2,2025,3,30,9,89,Summer,0
2025-03-30 10:00:00,27.0,18,24.4,0.0,7,10.8,30.2,2025,3,30,10,89,Summer,0
2025-03-30 11:00:00,29.1,14,26.7,0.0,25,12.3,34.2,2025,3,30,11,89,Summer,0
2025-03-30 12:00:00,30.4,13,28.3,0.0,32,12.4,34.6,2025,3,30,12,89,Summer,0
2025-03-30 13:00:00,31.1,14,29.0,0.0,34,12.6,34.9,2025,3,30,13,89,Summer,0
2025-03-30 14:00:00,31.5,14,29.2,0.0,57,12.3,34.9,2025,3,30,14,89,Summer,0
2025-03-30 15:00:00,31.4,14,28.2,0.0,32,12.2,34.2,2025,3,30,15,89,Summer,0
2025-03-30 16:00:00,30.7,16,27.1,0.0,0,11.9,32.8,2025,3,30,16,89,Summer,0
2025-03-30 17:00:00,29.7,17,26.2,0.0,0,11.6,31.0,2025,3,30,17,89,Summer,0
2025-03-30 18:00:00,28.2,19,25.0,0.0,0,9.4,26.6,2025,3,30,18,89,Summer,0
2025-03-30 19:00:00,27.0,21,24.1,0.0,0,8.9,20.2,2025,3,30,19,89,Summer,0
2025-03-30 20:00:00,25.9,23,23.3,0.0,0,6.6,18.4,2025,3,30,20,89,Summer,0
2025-03-30 21:00:00,25.0,24,22.4,0.0,0,6.6,13.7,2025,3,30,21,89,Summer,0
2025-03-30 22:00:00,24.3,24,21.5,0.0,0,7.1,14.0,2025,3,30,22,89,Summer,0
2025-03-30 23:00:00,23.7,24,20.6,0.0,0,8.2,16.2,2025,3,30,23,89,Summer,0
2025-03-31 00:00:00,22.4,25,19.4,0.0,0,7.4,16.6,2025,3,31,0,90,Summer,0
2025-03-31 01:00:00,21.3,26,18.3,0.0,0,6.7,14.8,2025,3,31,1,90,Summer,0
2025-03-31 02:00:00,20.6,27,17.5,0.0,0,6.9,13.7,2025,3,31,2,90,Summer,0
2025-03-31 03:00:00,19.8,27,16.8,0.0,0,6.3,13.3,2025,3,31,3,90,Summer,0
2025-03-31 04:00:00,19.1,28,16.1,0.0,0,6.4,12.6,2025,3,31,4,90,Summer,0
2025-03-31 05:00:00,18.3,30,15.3,0.0,0,5.9,12.2,2025,3,31,5,90,Summer,0
2025-03-31 06:00:00,17.6,37,15.1,0.0,0,5.2,11.2,2025,3,31,6,90,Summer,0
2025-03-31 07:00:00,19.2,34,16.6,0.0,0,7.2,14.0,2025,3,31,7,90,Summer,0
2025-03-31 08:00:00,22.0,30,19.7,0.0,0,5.4,16.6,2025,3,31,8,90,Summer,0
2025-03-31 09:00:00,25.5,25,23.2,0.0,0,6.3,20.9,2025,3,31,9,90,Summer,0
2025-03-31 10:00:00,28.8,20,27.0,0.0,0,8.3,25.6,2025,3,31,10,90,Summer,0
2025-03-31 11:00:00,31.1,15,29.6,0.0,0,9.7,29.2,2025,3,31,11,90,Summer,0
2025-03-31 12:00:00,32.7,13,31.4,0.0,0,9.9,29.9,2025,3,31,12,90,Summer,0
2025-03-31 13:00:00,33.6,12,32.0,0.0,0,10.6,31.3,2025,3,31,13,90,Summer,0
2025-03-31 14:00:00,33.9,12,31.7,0.0,0,11.4,32.4,2025,3,31,14,90,Summer,0
2025-03-31 15:00:00,33.7,11,30.4,0.0,0,12.5,33.5,2025,3,31,15,90,Summer,0
2025-03-31 16:00:00,33.0,11,28.7,0.0,0,13.4,34.2,2025,3,31,16,90,Summer,0
2025-03-31 17:00:00,31.8,13,27.6,0.0,0,13.5,33.8,2025,3,31,17,90,Summer,0
2025-03-31 18:00:00,30.6,14,26.9,0.0,0,10.5,30.6,2025,3,31,18,90,Summer,0
2025-03-31 19:00:00,28.5,19,25.6,0.0,0,8.1,22.7,2025,3,31,19,90,Summer,0
2025-03-31 20:00:00,27.3,21,24.5,0.0,0,7.8,16.9,2025,3,31,20,90,Summer,0
2025-03-31 21:00:00,26.5,20,23.6,0.0,0,7.0,15.8,2025,3,31,21,90,Summer,0
2025-03-31 22:00:00,26.4,18,22.7,0.0,0,10.6,20.5,2025,3,31,22,90,Summer,0
2025-03-31 23:00:00,25.0,20,21.7,0.0,0,7.8,22.0,2025,3,31,23,90,Summer,0
2025-04-01 00:00:00,23.4,23,20.5,0.0,0,6.0,15.1,2025,4,1,0,91,Summer,0
2025-04-01 01:00:00,22.4,25,19.5,0.0,0,5.9,11.5,2025,4,1,1,91,Summer,0
2025-04-01 02:00:00,21.5,26,18.6,0.0,0,5.9,11.5,2025,4,1,2,91,Summer,0
2025-04-01 03:00:00,20.7,27,17.9,0.0,0,6.0,11.5,2025,4,1,3,91,Summer,0
2025-04-01 04:00:00,20.2,28,17.4,0.0,0,5.6,10.4,2025,4,1,4,91,Summer,0
2025-04-01 05:00:00,19.7,31,17.2,0.0,0,4.4,9.0,2025,4,1,5,91,Summer,0
2025-04-01 06:00:00,19.0,37,16.8,0.0,0,5.1,9.7,2025,4,1,6,91,Summer,0
2025-04-01 07:00:00,21.3,31,18.8,0.0,0,6.3,11.2,2025,4,1,7,91,Summer,0
2025-04-01 08:00:00,23.8,27,21.5,0.0,0,5.4,16.6,2025,4,1,8,91,Summer,0
2025-04-01 09:00:00,26.7,22,24.1,0.0,0,6.8,22.0,2025,4,1,9,91,Summer,0
2025-04-01 10:00:00,29.6,17,27.6,0.0,0,8.4,25.9,2025,4,1,10,91,Summer,0
2025-04-01 11:00:00,31.7,12,29.4,0.0,0,11.8,32.8,2025,4,1,11,91,Summer,0
2025-04-01 12:00:00,32.7,11,30.5,0.0,0,13.1,36.0,2025,4,1,12,91,Summer,0
2025-04-01 13:00:00,33.1,12,31.0,0.0,0,13.4,36.7,2025,4,1,13,91,Summer,0
2025-04-01 14:00:00,33.3,11,30.7,0.0,0,13.4,36.7,2025,4,1,14,91,Summer,0
2025-04-01 15:00:00,33.2,11,29.6,0.0,0,13.6,36.4,2025,4,1,15,91,Summer,0
2025-04-01 16:00:00,32.7,11,28.3,0.0,0,13.4,36.0,2025,4,1,16,91,Summer,0
2025-04-01 17:00:00,31.7,11,27.4,0.0,0,12.5,34.2,2025,4,1,17,91,Summer,0
2025-04-01 18:00:00,30.2,14,26.7,0.0,0,9.6,31.0,2025,4,1,18,91,Summer,0
2025-04-01 19:00:00,28.2,18,25.5,0.0,0,5.5,20.5,2025,4,1,19,91,Summer,0
2025-04-01 20:00:00,26.8,20,24.2,0.0,0,5.2,11.9,2025,4,1,20,91,Summer,0
2025-04-01 21:00:00,25.8,21,23.1,0.0,0,5.7,11.2,2025,4,1,21,91,Summer,0
2025-04-01 22:00:00,24.8,22,22.1,0.0,0,5.4,11.2,2025,4,1,22,91,Summer,0
2025-04-01 23:00:00,23.7,24,21.1,0.0,0,5.4,10.4,2025,4,1,23,91,Summer,0
2025-04-02 00:00:00,22.9,26,20.3,0.0,0,5.3,10.1,2025,4,2,0,92,Summer,0
2025-04-02 01:00:00,21.9,28,19.4,0.0,0,5.2,10.1,2025,4,2,1,92,Summer,0
2025-04-02 02:00:00,21.2,30,18.8,0.0,0,4.7,9.7,2025,4,2,2,92,Summer,0
2025-04-02 03:00:00,20.9,31,18.9,0.0,0,2.4,7.9,2025,4,2,3,92,Summer,0
2025-04-02 04:00:00,21.2,37,20.1,0.0,0,0.9,3.6,2025,4,2,4,92,Summer,0
2025-04-02 05:00:00,20.2,32,18.1,0.0,0,2.5,3.6,2025,4,2,5,92,Summer,0
2025-04-02 06:00:00,18.6,39,16.6,0.0,0,4.5,8.6,2025,4,2,6,92,Summer,0
2025-04-02 07:00:00,20.4,35,18.2,0.0,0,6.0,12.6,2025,4,2,7,92,Summer,0
2025-04-02 08:00:00,24.4,28,22.4,0.0,0,4.6,13.3,2025,4,2,8,92,Summer,0
2025-04-02 09:00:00,28.4,20,26.3,0.0,0,4.0,16.6,2025,4,2,9,92,Summer,0
2025-04-02 10:00:00,31.5,14,29.9,0.0,0,4.2,18.4,2025,4,2,10,92,Summer,0
2025-04-02 11:00:00,33.4,12,32.3,0.0,0,5.4,21.2,2025,4,2,11,92,Summer,0
2025-04-02 12:00:00,34.6,11,33.5,0.0,0,7.5,25.2,2025,4,2,12,92,Summer,0
2025-04-02 13:00:00,35.4,10,33.9,0.0,0,8.8,28.1,2025,4,2,13,92,Summer,0
2025-04-02 14:00:00,35.7,9,33.5,0.0,0,9.9,29.5,2025,4,2,14,92,Summer,0
2025-04-02 15:00:00,35.4,10,32.3,0.0,0,10.9,30.6,2025,4,2,15,92,Summer,0
2025-04-02 16:00:00,34.8,11,30.8,0.0,0,11.8,31.0,2025,4,2,16,92,Summer,0
2025-04-02 17:00:00,33.7,12,30.0,0.0,0,11.3,30.6,2025,4,2,17,92,Summer,0
2025-04-02 18:00:00,32.0,13,29.1,0.0,0,5.2,22.3,2025,4,2,18,92,Summer,0
2025-04-02 19:00:00,29.6,17,27.1,0.0,0,4.9,11.2,2025,4,2,19,92,Summer,0
2025-04-02 20:00:00,29.1,23,27.8,0.0,0,1.4,9.0,2025,4,2,20,92,Summer,0
2025-04-02 21:00:00,27.5,21,25.3,0.0,0,3.9,7.6,2025,4,2,21,92,Summer,0
2025-04-02 22:00:00,26.9,23,25.2,0.0,0,1.9,8.3,2025,4,2,22,92,Summer,0
2025-04-02 23:00:00,26.1,25,24.5,0.0,0,1.6,3.6,2025,4,2,23,92,Summer,0
2025-04-03 00:00:00,25.1,27,23.3,0.0,0,3.1,5.8,2025,4,3,0,93,Summer,0
2025-04-03 01:00:00,24.7,29,23.3,0.0,0,1.2,5.0,2025,4,3,1,93,Summer,0
2025-04-03 02:00:00,23.9,32,22.9,0.0,0,0.4,3.2,2025,4,3,2,93,Summer,0
2025-04-03 03:00:00,22.9,31,21.1,0.0,0,4.0,6.5,2025,4,3,3,93,Summer,0
2025-04-03 04:00:00,22.7,32,20.9,0.0,0,3.7,6.5,2025,4,3,4,93,Summer,0
2025-04-03 05:00:00,21.9,34,20.2,0.0,0,3.6,7.9,2025,4,3,5,93,Summer,0
2025-04-03 06:00:00,20.4,41,19.1,0.0,0,2.9,9.7,2025,4,3,6,93,Summer,0
2025-04-03 07:00:00,22.5,34,20.4,0.0,0,6.7,11.5,2025,4,3,7,93,Summer,0
2025-04-03 08:00:00,26.5,26,24.7,0.0,0,4.1,13.3,2025,4,3,8,93,Summer,0
2025-04-03 09:00:00,30.7,19,28.7,0.0,0,4.4,16.6,2025,4,3,9,93,Summer,0
2025-04-03 10:00:00,33.5,14,31.8,0.0,0,5.6,20.9,2025,4,3,10,93,Summer,0
2025-04-03 11:00:00,35.2,10,34.2,0.0,0,4.2,20.9,2025,4,3,11,93,Summer,0
2025-04-03 12:00:00,36.3,9,35.5,0.0,47,3.9,20.2,2025,4,3,12,93,Summer,0
2025-04-03 13:00:00,36.7,7,34.7,0.0,32,4.1,20.2,2025,4,3,13,93,Summer,0
2025-04-03 14:00:00,37.4,6,35.5,0.0,52,4.3,19.8,2025,4,3,14,93,Summer,0
2025-04-03 15:00:00,37.4,6,33.9,0.0,92,7.0,23.4,2025,4,3,15,93,Summer,0
2025-04-03 16:00:00,36.6,7,32.8,0.0,94,6.5,24.1,2025,4,3,16,93,Summer,0
2025-04-03 17:00:00,35.6,8,32.4,0.0,100,3.3,19.8,2025,4,3,17,93,Summer,0
2025-04-03 18:00:00,34.2,8,30.0,0.0,33,9.4,17.3,2025,4,3,18,93,Summer,0
2025-04-03 19:00:00,32.1,10,28.6,0.0,9,6.4,20.2,2025,4,3,19,93,Summer,0
2025-04-03 20:00:00,31.1,12,27.4,0.0,1,8.6,17.6,2025,4,3,20,93,Summer,0
2025-04-03 21:00:00,29.2,15,26.3,0.0,1,5.2,17.3,2025,4,3,21,93,Summer,0
2025-04-03 22:00:00,27.9,17,25.0,0.0,0,5.4,10.1,2025,4,3,22,93,Summer,0
2025-04-03 23:00:00,27.1,19,24.8,0.0,0,2.4,10.1,2025,4,3,23,93,Summer,0
2025-04-04 00:00:00,26.3,20,24.1,0.0,14,2.8,4.3,2025,4,4,0,94,Summer,0
2025-04-04 01:00:00,25.8,21,23.6,0.0,0,1.9,7.2,2025,4,4,1,94,Summer,0
2025-04-04 02:00:00,24.3,22,21.6,0.0,0,5.1,9.0,2025,4,4,2,94,Summer,0
2025-04-04 03:00:00,23.6,25,21.6,0.0,1,1.7,9.0,2025,4,4,3,94,Summer,0
2025-04-04 04:00:00,22.2,27,20.0,0.0,1,3.4,7.2,2025,4,4,4,94,Summer,0
2025-04-04 05:00:00,21.7,29,19.7,0.0,0,1.9,6.8,2025,4,4,5,94,Summer,0
2025-04-04 06:00:00,22.8,33,21.2,0.0,2,3.3,8.3,2025,4,4,6,94,Summer,0
2025-04-04 07:00:00,25.1,27,22.9,0.0,0,6.2,11.5,2025,4,4,7,94,Summer,0
2025-04-04 08:00:00,28.4,22,26.5,0.0,0,3.9,14.8,2025,4,4,8,94,Summer,0
2025-04-04 09:00:00,31.6,17,29.3,0.0,0,5.1,18.4,2025,4,4,9,94,Summer,0
2025-04-04 10:00:00,34.4,12,32.6,0.0,0,5.2,20.9,2025,4,4,10,94,Summer,0
2025-04-04 11:00:00,35.6,10,34.3,0.0,0,6.6,24.1,2025,4,4,11,94,Summer,0
2025-04-04 12:00:00,36.4,10,35.3,0.0,0,7.6,26.6,2025,4,4,12,94,Summer,0
2025-04-04 13:00:00,36.9,10,35.5,0.0,0,9.2,29.5,2025,4,4,13,94,Summer,0
2025-04-04 14:00:00,37.0,10,34.6,0.0,0,11.4,33.1,2025,4,4,14,94,Summer,0
2025-04-04 15:00:00,36.6,10,33.2,0.0,0,13.2,35.6,2025,4,4,15,94,Summer,0
2025-04-04 16:00:00,35.8,11,31.7,0.0,0,14.2,36.0,2025,4,4,16,94,Summer,0
2025-04-04 17:00:00,35.0,11,31.0,0.0,0,13.4,35.6,2025,4,4,17,94,Summer,0
2025-04-04 18:00:00,34.0,12,30.2,0.0,0,11.3,30.2,2025,4,4,18,94,Summer,0
2025-04-04 19:00:00,32.3,14,28.8,0.0,0,10.2,24.8,2025,4,4,19,94,Summer,0
2025-04-04 20:00:00,31.1,15,28.1,0.0,0,7.5,21.2,2025,4,4,20,94,Summer,0
2025-04-04 21:00:00,30.0,17,27.0,0.0,0,8.4,16.9,2025,4,4,21,94,Summer,0
2025-04-04 22:00:00,29.0,18,25.9,0.0,0,9.4,19.1,2025,4,4,22,94,Summer,0
2025-04-04 23:00:00,28.0,19,24.9,0.0,0,9.2,19.8,2025,4,4,23,94,Summer,0
2025-04-05 00:00:00,26.2,22,23.7,0.0,0,5.2,18.7,2025,4,5,0,95,Summer,0
2025-04-05 01:00:00,25.3,23,22.9,0.0,0,5.0,9.7,2025,4,5,1,95,Summer,0
2025-04-05 02:00:00,24.5,25,22.2,0.0,0,4.5,9.0,2025,4,5,2,95,Summer,0
2025-04-05 03:00:00,23.6,26,21.3,0.0,0,4.7,9.0,2025,4,5,3,95,Summer,0
2025-04-05 04:00:00,22.9,27,20.4,0.0,0,5.4,10.4,2025,4,5,4,95,Summer,0
2025-04-05 05:00:00,22.2,28,19.6,0.0,0,6.3,12.6,2025,4,5,5,95,Summer,0
2025-04-05 06:00:00,22.0,32,19.9,0.0,0,5.9,13.7,2025,4,5,6,95,Summer,0
2025-04-05 07:00:00,23.5,30,21.2,0.0,0,7.3,15.1,2025,4,5,7,95,Summer,0
2025-04-05 08:00:00,26.0,27,24.0,0.0,0,6.5,19.1,2025,4,5,8,95,Summer,0
2025-04-05 09:00:00,28.9,24,26.7,0.0,0,7.8,23.8,2025,4,5,9,95,Summer,0
2025-04-05 10:00:00,31.4,20,29.9,0.0,0,9.5,28.1,2025,4,5,10,95,Summer,0
2025-04-05 11:00:00,33.2,17,31.8,0.0,0,12.3,34.2,2025,4,5,11,95,Summer,0
2025-04-05 12:00:00,34.3,16,32.9,0.0,0,13.8,37.8,2025,4,5,12,95,Summer,0
2025-04-05 13:00:00,34.8,16,33.5,0.0,0,13.6,38.2,2025,4,5,13,95,Summer,0
2025-04-05 14:00:00,35.2,15,33.5,0.0,0,13.1,37.8,2025,4,5,14,95,Summer,0
2025-04-05 15:00:00,35.1,15,32.5,0.0,0,13.8,36.7,2025,4,5,15,95,Summer,0
2025-04-05 16:00:00,34.6,16,31.3,0.0,0,13.6,36.7,2025,4,5,16,95,Summer,0
2025-04-05 17:00:00,33.8,16,30.7,0.0,0,12.5,34.2,2025,4,5,17,95,Summer,0
2025-04-05 18:00:00,32.8,15,29.7,0.0,0,9.7,31.0,2025,4,5,18,95,Summer,0
2025-04-05 19:00:00,31.3,18,28.5,0.0,0,8.5,21.2,2025,4,5,19,95,Summer,0
2025-04-05 20:00:00,29.9,20,27.7,0.0,0,5.4,17.6,2025,4,5,20,95,Summer,0
2025-04-05 21:00:00,29.1,22,27.0,0.0,1,5.8,11.5,2025,4,5,21,95,Summer,0
2025-04-05 22:00:00,28.7,22,26.4,0.0,0,7.2,14.4,2025,4,5,22,95,Summer,0
2025-04-05 23:00:00,27.4,25,25.3,0.0,31,6.2,15.1,2025,4,5,23,95,Summer,0
2025-04-06 00:00:00,25.7,28,23.9,0.0,97,5.2,12.6,2025,4,6,0,96,Summer,0
2025-04-06 01:00:00,25.0,29,23.2,0.0,80,4.2,9.7,2025,4,6,1,96,Summer,0
2025-04-06 02:00:00,24.4,28,22.6,0.0,72,3.6,7.6,2025,4,6,2,96,Summer,0
2025-04-06 03:00:00,23.7,28,21.6,0.0,3,4.8,9.7,2025,4,6,3,96,Summer,0
2025-04-06 04:00:00,22.9,30,20.7,0.0,0,6.2,12.6,2025,4,6,4,96,Summer,0
2025-04-06 05:00:00,22.2,32,20.0,0.0,0,5.8,13.0,2025,4,6,5,96,Summer,0
2025-04-06 06:00:00,22.0,35,20.0,0.0,0,6.1,12.2,2025,4,6,6,96,Summer,0
2025-04-06 07:00:00,23.5,32,21.5,0.0,0,7.2,15.5,2025,4,6,7,96,Summer,0
2025-04-06 08:00:00,26.8,27,25.3,0.0,0,4.4,15.8,2025,4,6,8,96,Summer,0
2025-04-06 09:00:00,30.7,21,28.9,0.0,0,5.4,19.1,2025,4,6,9,96,Summer,0
2025-04-06 10:00:00,33.6,17,32.3,0.0,0,6.9,23.8,2025,4,6,10,96,Summer,0
2025-04-06 11:00:00,35.4,14,34.7,0.0,0,7.4,25.6,2025,4,6,11,96,Summer,0
2025-04-06 12:00:00,36.7,13,36.3,0.0,0,7.0,25.6,2025,4,6,12,96,Summer,0
2025-04-06 13:00:00,37.6,12,37.0,0.0,0,7.2,25.6,2025,4,6,13,96,Summer,0
2025-04-06 14:00:00,38.1,11,36.8,0.0,0,8.2,27.0,2025,4,6,14,96,Summer,0
2025-04-06 15:00:00,38.0,12,35.7,0.0,0,9.7,28.4,2025,4,6,15,96,Summer,0
2025-04-06 16:00:00,37.3,13,34.3,0.0,0,10.3,28.8,2025,4,6,16,96,Summer,0
2025-04-06 17:00:00,36.4,14,33.8,0.0,0,8.1,28.1,2025,4,6,17,96,Summer,0
2025-04-06 18:00:00,35.0,15,32.7,0.0,0,6.1,19.4,2025,4,6,18,96,Summer,0
2025-04-06 19:00:00,33.3,17,31.3,0.0,0,5.2,13.0,2025,4,6,19,96,Summer,0
2025-04-06 20:00:00,31.9,21,30.4,0.0,0,4.0,11.2,2025,4,6,20,96,Summer,0
2025-04-06 21:00:00,31.7,23,31.0,0.0,0,1.2,7.6,2025,4,6,21,96,Summer,0
2025-04-06 22:00:00,30.9,24,30.3,0.0,0,0.7,3.2,2025,4,6,22,96,Summer,0
2025-04-06 23:00:00,30.0,22,28.4,0.0,0,4.6,6.1,2025,4,6,23,96,Summer,0
2025-04-07 00:00:00,28.5,24,26.6,0.0,0,5.4,11.2,2025,4,7,0,97,Summer,0
2025-04-07 01:00:00,27.6,27,26.3,0.0,0,2.9,9.0,2025,4,7,1,97,Summer,0
2025-04-07 02:00:00,26.7,29,25.4,0.0,0,3.3,5.4,2025,4,7,2,97,Summer,0
2025-04-07 03:00:00,25.6,31,24.2,0.0,0,4.6,8.6,2025,4,7,3,97,Summer,0
2025-04-07 04:00:00,24.9,31,23.3,0.0,0,5.1,9.7,2025,4,7,4,97,Summer,0
2025-04-07 05:00:00,24.4,31,22.7,0.0,0,5.2,9.7,2025,4,7,5,97,Summer,0
2025-04-07 06:00:00,24.6,38,23.4,0.0,0,6.6,13.3,2025,4,7,6,97,Summer,0
2025-04-07 07:00:00,26.2,35,24.9,0.0,0,7.5,15.1,2025,4,7,7,97,Summer,0
2025-04-07 08:00:00,29.2,29,28.5,0.0,0,4.2,14.8,2025,4,7,8,97,Summer,0
2025-04-07 09:00:00,32.9,24,32.2,0.0,0,4.0,16.2,2025,4,7,9,97,Summer,0
2025-04-07 10:00:00,35.8,18,35.5,0.0,74,4.6,19.4,2025,4,7,10,97,Summer,0
2025-04-07 11:00:00,37.5,15,37.6,0.0,59,4.7,20.2,2025,4,7,11,97,Summer,0
2025-04-07 12:00:00,38.6,14,39.1,0.0,0,4.5,20.5,2025,4,7,12,97,Summer,0
2025-04-07 13:00:00,39.3,13,39.8,0.0,0,4.2,20.2,2025,4,7,13,97,Summer,0
2025-04-07 14:00:00,39.7,13,39.6,0.0,0,4.7,19.8,2025,4,7,14,97,Summer,0
2025-04-07 15:00:00,39.9,12,38.8,0.0,0,5.0,19.8,2025,4,7,15,97,Summer,0
2025-04-07 16:00:00,39.9,12,38.1,0.0,0,4.1,19.8,2025,4,7,16,97,Summer,0
2025-04-07 17:00:00,39.3,12,37.8,0.0,0,1.7,16.2,2025,4,7,17,97,Summer,0
2025-04-07 18:00:00,37.1,15,35.4,0.0,0,5.4,15.1,2025,4,7,18,97,Summer,0
2025-04-07 19:00:00,35.2,17,33.4,0.0,0,6.2,12.2,2025,4,7,19,97,Summer,0
2025-04-07 20:00:00,33.8,19,32.2,0.0,0,5.2,12.6,2025,4,7,20,97,Summer,0
2025-04-07 21:00:00,33.0,21,31.2,0.0,1,7.6,15.1,2025,4,7,21,97,Summer,0
2025-04-07 22:00:00,31.0,25,30.0,0.0,0,4.8,15.1,2025,4,7,22,97,Summer,0
2025-04-07 23:00:00,30.3,26,29.2,0.0,0,5.5,10.4,2025,4,7,23,97,Summer,0
2025-04-08 00:00:00,29.2,28,28.0,0.0,0,5.3,11.9,2025,4,8,0,98,Summer,0
2025-04-08 01:00:00,28.2,30,27.3,0.0,0,4.3,10.1,2025,4,8,1,98,Summer,0
2025-04-08 02:00:00,27.4,31,26.4,0.0,0,4.4,7.6,2025,4,8,2,98,Summer,0
2025-04-08 03:00:00,26.6,32,25.4,0.0,0,5.4,10.8,2025,4,8,3,98,Summer,0
2025-04-08 04:00:00,25.8,33,24.2,0.0,0,7.0,13.3,2025,4,8,4,98,Summer,0
2025-04-08 05:00:00,25.2,33,23.5,0.0,0,7.6,15.1,2025,4,8,5,98,Summer,0
2025-04-08 06:00:00,25.5,34,23.7,0.0,0,9.4,18.4,2025,4,8,6,98,Summer,0
2025-04-08 07:00:00,26.9,32,25.1,0.0,0,9.7,20.5,2025,4,8,7,98,Summer,0
2025-04-08 08:00:00,29.3,27,27.6,0.0,0,8.8,22.7,2025,4,8,8,98,Summer,0
2025-04-08 09:00:00,32.1,22,30.1,0.0,0,9.6,26.6,2025,4,8,9,98,Summer,0
2025-04-08 10:00:00,34.8,18,33.5,0.0,0,9.7,28.4,2025,4,8,10,98,Summer,0
2025-04-08 11:00:00,37.0,16,36.4,0.0,0,9.7,29.5,2025,4,8,11,98,Summer,0
2025-04-08 12:00:00,38.6,14,38.4,0.0,0,8.5,29.2,2025,4,8,12,98,Summer,0
2025-04-08 13:00:00,39.5,13,39.5,0.0,0,6.9,27.7,2025,4,8,13,98,Summer,0
2025-04-08 14:00:00,39.9,13,39.5,0.0,0,6.4,24.5,2025,4,8,14,98,Summer,0
2025-04-08 15:00:00,39.8,12,38.5,0.0,0,6.4,23.0,2025,4,8,15,98,Summer,0
2025-04-08 16:00:00,39.6,12,37.5,0.0,0,6.0,22.0,2025,4,8,16,98,Summer,0
2025-04-08 17:00:00,39.0,13,37.2,0.0,47,4.8,19.4,2025,4,8,17,98,Summer,0
2025-04-08 18:00:00,37.2,14,35.4,0.0,6,4.0,10.1,2025,4,8,18,98,Summer,0
2025-04-08 19:00:00,35.8,15,33.8,0.0,85,5.5,10.8,2025,4,8,19,98,Summer,0
2025-04-08 20:00:00,34.0,19,32.4,0.0,66,4.7,11.2,2025,4,8,20,98,Summer,0
2025-04-08 21:00:00,33.3,21,32.3,0.0,19,3.1,9.0,2025,4,8,21,98,Summer,0
2025-04-08 22:00:00,32.3,22,31.2,0.0,1,3.7,6.8,2025,4,8,22,98,Summer,0
2025-04-08 23:00:00,31.1,24,29.9,0.0,0,4.0,7.6,2025,4,8,23,98,Summer,0
2025-04-09 00:00:00,30.2,25,28.7,0.0,0,6.5,13.0,2025,4,9,0,99,Summer,0
2025-04-09 01:00:00,28.9,27,27.4,0.0,0,6.2,13.0,2025,4,9,1,99,Summer,0
2025-04-09 02:00:00,28.3,29,26.8,0.0,0,7.2,14.4,2025,4,9,2,99,Summer,0
2025-04-09 03:00:00,27.8,31,26.4,0.0,0,7.0,14.4,2025,4,9,3,99,Summer,0
2025-04-09 04:00:00,26.9,33,25.6,0.0,0,7.3,14.4,2025,4,9,4,99,Summer,0
2025-04-09 05:00:00,26.1,35,24.8,0.0,0,8.0,16.2,2025,4,9,5,99,Summer,0
2025-04-09 06:00:00,27.3,44,27.4,0.0,0,7.6,16.2,2025,4,9,6,99,Summer,0
2025-04-09 07:00:00,28.4,41,28.5,0.0,0,7.6,16.9,2025,4,9,7,99,Summer,0
2025-04-09 08:00:00,30.4,36,30.5,0.0,0,8.0,21.6,2025,4,9,8,99,Summer,0
2025-04-09 09:00:00,33.0,32,33.0,0.0,0,8.3,24.5,2025,4,9,9,99,Summer,0
2025-04-09 10:00:00,35.4,28,36.3,0.0,0,8.4,26.3,2025,4,9,10,99,Summer,0
2025-04-09 11:00:00,37.6,23,38.9,0.0,0,8.1,27.0,2025,4,9,11,99,Summer,0
2025-04-09 12:00:00,39.2,18,40.6,0.0,29,5.7,26.6,2025,4,9,12,99,Summer,0
2025-04-09 13:00:00,40.0,16,41.1,0.0,13,3.6,23.0,2025,4,9,13,99,Summer,0
2025-04-09 14:00:00,40.7,14,41.6,0.0,38,0.2,19.4,2025,4,9,14,99,Summer,0
2025-04-09 15:00:00,40.6,14,39.2,0.0,91,5.9,20.2,2025,4,9,15,99,Summer,0
2025-04-09 16:00:00,39.9,14,38.3,0.0,89,5.8,20.9,2025,4,9,16,99,Summer,0
2025-04-09 17:00:00,38.6,15,36.0,0.0,47,12.5,28.4,2025,4,9,17,99,Summer,0
2025-04-09 18:00:00,38.1,13,35.4,0.0,25,9.7,24.8,2025,4,9,18,99,Summer,0
2025-04-09 19:00:00,36.2,18,34.2,0.0,6,10.5,22.7,2025,4,9,19,99,Summer,0
2025-04-09 20:00:00,34.2,23,33.7,0.0,2,3.9,22.0,2025,4,9,20,99,Summer,0
2025-04-09 21:00:00,33.1,25,32.6,0.0,0,4.1,7.9,2025,4,9,21,99,Summer,0
2025-04-09 22:00:00,32.5,26,32.1,0.0,0,3.9,7.9,2025,4,9,22,99,Summer,0
2025-04-09 23:00:00,31.9,26,30.5,0.0,0,8.9,16.2,2025,4,9,23,99,Summer,0
2025-04-10 00:00:00,30.0,30,29.5,0.0,0,4.7,20.2,2025,4,10,0,100,Summer,0
2025-04-10 01:00:00,29.1,34,29.1,0.0,0,3.1,8.3,2025,4,10,1,100,Summer,0
2025-04-10 02:00:00,28.9,39,29.9,0.0,15,0.6,5.4,2025,4,10,2,100,Summer,0
2025-04-10 03:00:00,27.9,36,27.6,0.0,38,4.3,9.4,2025,4,10,3,100,Summer,0
2025-04-10 04:00:00,26.9,39,27.2,0.0,1,1.7,9.0,2025,4,10,4,100,Summer,0
2025-04-10 05:00:00,26.6,40,27.0,0.0,25,1.3,4.3,2025,4,10,5,100,Summer,0
2025-04-10 06:00:00,27.1,45,26.9,0.0,100,9.9,28.4,2025,4,10,6,100,Summer,0
2025-04-10 07:00:00,27.5,45,27.9,0.0,100,6.5,20.2,2025,4,10,7,100,Summer,0
2025-04-10 08:00:00,29.0,42,29.4,0.0,78,7.0,19.1,2025,4,10,8,100,Summer,0
2025-04-10 09:00:00,31.8,35,32.4,0.0,93,5.1,19.8,2025,4,10,9,100,Summer,0
2025-04-10 10:00:00,35.0,27,36.2,0.0,96,4.7,20.2,2025,4,10,10,100,Summer,0
2025-04-10 11:00:00,37.4,21,39.0,0.0,93,3.3,20.2,2025,4,10,11,100,Summer,0
2025-04-10 12:00:00,38.9,18,40.3,0.0,45,4.3,21.6,2025,4,10,12,100,Summer,0
2025-04-10 13:00:00,37.3,19,36.1,0.0,58,16.8,44.6,2025,4,10,13,100,Summer,0
2025-04-10 14:00:00,37.1,17,34.6,0.0,92,13.9,44.3,2025,4,10,14,100,Summer,0
2025-04-10 15:00:00,37.5,17,36.1,0.0,82,5.4,35.3,2025,4,10,15,100,Summer,0
2025-04-10 16:00:00,27.3,58,26.9,1.3,96,23.3,71.6,2025,4,10,16,100,Summer,1
2025-04-10 17:00:00,29.6,45,30.9,0.1,100,6.2,45.7,2025,4,10,17,100,Summer,1
2025-04-10 18:00:00,34.0,23,32.6,0.0,80,8.7,20.5,2025,4,10,18,100,Summer,0
2025-04-10 19:00:00,33.1,31,34.1,0.0,79,1.0,26.6,2025,4,10,19,100,Summer,0
2025-04-10 20:00:00,32.5,25,31.4,0.0,85,6.8,10.8,2025,4,10,20,100,Summer,0
2025-04-10 21:00:00,32.3,22,30.8,0.0,99,6.6,17.6,2025,4,10,21,100,Summer,0
2025-04-10 22:00:00,30.6,29,28.7,0.0,100,13.2,25.2,2025,4,10,22,100,Summer,0
2025-04-10 23:00:00,28.6,44,28.5,0.0,0,12.0,27.4,2025,4,10,23,100,Summer,0
2025-04-11 00:00:00,27.7,49,28.0,0.0,6,11.9,27.4,2025,4,11,0,101,Summer,0
2025-04-11 01:00:00,26.9,52,27.5,0.0,49,10.4,24.5,2025,4,11,1,101,Summer,0
2025-04-11 02:00:00,26.4,54,27.2,0.0,91,9.3,20.5,2025,4,11,2,101,Summer,0
2025-04-11 03:00:00,25.8,57,26.5,0.0,94,11.5,23.0,2025,4,11,3,101,Summer,0
2025-04-11 04:00:00,25.4,61,26.1,0.0,90,13.1,27.4,2025,4,11,4,101,Summer,0
2025-04-11 05:00:00,24.9,64,25.8,0.0,4,12.7,28.1,2025,4,11,5,101,Summer,0
2025-04-11 06:00:00,23.3,75,24.7,0.0,7,12.4,28.8,2025,4,11,6,101,Summer,0
2025-04-11 07:00:00,23.9,72,25.1,0.0,6,13.2,29.9,2025,4,11,7,101,Summer,0
2025-04-11 08:00:00,25.4,66,26.5,0.0,1,13.5,33.1,2025,4,11,8,101,Summer,0
2025-04-11 09:00:00,27.2,58,28.5,0.0,1,12.1,32.8,2025,4,11,9,101,Summer,0
2025-04-11 10:00:00,29.2,50,30.8,0.0,0,12.8,34.2,2025,4,11,10,101,Summer,0
2025-04-11 11:00:00,31.2,43,33.1,0.0,0,13.7,36.7,2025,4,11,11,101,Summer,0
2025-04-11 12:00:00,33.0,37,35.0,0.0,0,13.5,37.1,2025,4,11,12,101,Summer,0
2025-04-11 13:00:00,34.2,33,36.3,0.0,14,11.5,36.7,2025,4,11,13,101,Summer,0
2025-04-11 14:00:00,28.0,46,28.9,2.0,100,14.8,44.6,2025,4,11,14,101,Summer,1
2025-04-11 15:00:00,27.1,49,28.0,0.0,82,6.0,37.1,2025,4,11,15,101,Summer,0
2025-04-11 16:00:00,28.3,48,28.9,0.0,100,10.3,25.2,2025,4,11,16,101,Summer,0
2025-04-11 17:00:00,27.9,52,29.1,0.0,80,8.5,26.3,2025,4,11,17,101,Summer,0
2025-04-11 18:00:00,22.5,79,21.9,4.3,100,25.8,50.0,2025,4,11,18,101,Summer,1
2025-04-11 19:00:00,23.0,81,26.2,0.2,100,2.4,54.4,2025,4,11,19,101,Summer,1
2025-04-11 20:00:00,22.9,84,25.3,1.4,100,10.3,19.8,2025,4,11,20,101,Summer,1
2025-04-11 21:00:00,22.6,82,24.4,0.2,100,11.8,23.8,2025,4,11,21,101,Summer,1
2025-04-11 22:00:00,22.7,79,24.8,0.0,100,8.5,23.0,2025,4,11,22,101,Summer,0
2025-04-11 23:00:00,22.8,76,24.6,0.0,99,8.8,17.6,2025,4,11,23,101,Summer,0
2025-04-12 00:00:00,22.9,72,24.1,0.0,100,9.9,22.3,2025,4,12,0,102,Summer,0
2025-04-12 01:00:00,22.6,73,24.4,0.0,69,6.2,19.4,2025,4,12,1,102,Summer,0
2025-04-12 02:00:00,21.5,81,23.8,0.0,22,4.6,13.7,2025,4,12,2,102,Summer,0
2025-04-12 03:00:00,21.0,84,23.4,0.0,26,3.8,10.1,2025,4,12,3,102,Summer,0
2025-04-12 04:00:00,20.6,86,22.8,0.0,0,5.1,9.7,2025,4,12,4,102,Summer,0
2025-04-12 05:00:00,20.5,86,22.6,0.0,0,5.2,9.7,2025,4,12,5,102,Summer,0
2025-04-12 06:00:00,21.2,76,22.6,0.0,0,6.4,16.6,2025,4,12,6,102,Summer,0
2025-04-12 07:00:00,22.4,71,24.1,0.0,0,4.6,13.3,2025,4,12,7,102,Summer,0
2025-04-12 08:00:00,24.5,62,26.5,0.0,0,2.7,14.4,2025,4,12,8,102,Summer,0
2025-04-12 09:00:00,27.1,53,28.9,0.0,0,2.9,14.8,2025,4,12,9,102,Summer,0
2025-04-12 10:00:00,29.6,43,31.9,0.0,0,3.4,16.9,2025,4,12,10,102,Summer,0
2025-04-12 11:00:00,31.6,34,33.8,0.0,0,4.7,20.2,2025,4,12,11,102,Summer,0
2025-04-12 12:00:00,33.1,27,35.0,0.0,4,5.1,21.2,2025,4,12,12,102,Summer,0
2025-04-12 13:00:00,34.0,25,35.7,0.0,7,5.0,21.2,2025,4,12,13,102,Summer,0
2025-04-12 14:00:00,34.8,24,36.2,0.0,38,3.3,21.6,2025,4,12,14,102,Summer,0
2025-04-12 15:00:00,32.4,33,33.0,0.8,49,4.9,23.4,2025,4,12,15,102,Summer,1
2025-04-12 16:00:00,29.3,40,29.7,0.3,79,7.5,20.5,2025,4,12,16,102,Summer,1
2025-04-12 17:00:00,28.8,46,29.9,0.0,61,6.1,31.0,2025,4,12,17,102,Summer,0
2025-04-12 18:00:00,26.2,53,27.5,0.0,13,4.9,27.0,2025,4,12,18,102,Summer,0
2025-04-12 19:00:00,25.9,67,29.1,0.0,14,1.9,10.8,2025,4,12,19,102,Summer,0
2025-04-12 20:00:00,25.9,59,27.8,0.0,0,5.0,9.7,2025,4,12,20,102,Summer,0
2025-04-12 21:00:00,25.4,57,26.9,0.0,0,4.9,9.7,2025,4,12,21,102,Summer,0
2025-04-12 22:00:00,24.8,60,26.3,0.0,0,4.8,9.0,2025,4,12,22,102,Summer,0
2025-04-12 23:00:00,24.4,56,25.1,0.0,0,6.7,13.0,2025,4,12,23,102,Summer,0
2025-04-13 00:00:00,23.3,63,24.4,0.0,0,5.3,13.3,2025,4,13,0,103,Summer,0
2025-04-13 01:00:00,22.6,67,23.9,0.0,0,4.7,9.7,2025,4,13,1,103,Summer,0
2025-04-13 02:00:00,22.2,68,23.7,0.0,0,3.8,7.6,2025,4,13,2,103,Summer,0
2025-04-13 03:00:00,21.6,70,23.0,0.0,0,4.3,6.8,2025,4,13,3,103,Summer,0
2025-04-13 04:00:00,21.3,71,22.8,0.0,0,3.4,6.8,2025,4,13,4,103,Summer,0
2025-04-13 05:00:00,21.1,72,22.6,0.0,0,2.8,5.0,2025,4,13,5,103,Summer,0
2025-04-13 06:00:00,22.6,72,25.0,0.0,0,0.9,2.2,2025,4,13,6,103,Summer,0
2025-04-13 07:00:00,24.3,63,26.4,0.0,0,1.8,6.1,2025,4,13,7,103,Summer,0
2025-04-13 08:00:00,27.0,54,29.2,0.0,0,1.7,9.0,2025,4,13,8,103,Summer,0
2025-04-13 09:00:00,29.6,42,30.8,0.0,0,4.0,14.0,2025,4,13,9,103,Summer,0
2025-04-13 10:00:00,31.4,35,32.8,0.0,0,5.6,18.7,2025,4,13,10,103,Summer,0
2025-04-13 11:00:00,32.6,30,34.4,0.0,10,5.2,19.4,2025,4,13,11,103,Summer,0
2025-04-13 12:00:00,33.5,26,35.1,0.0,2,4.5,19.4,2025,4,13,12,103,Summer,0
2025-04-13 13:00:00,34.2,24,36.1,0.0,3,3.2,18.0,2025,4,13,13,103,Summer,0
2025-04-13 14:00:00,34.7,23,35.9,0.0,5,2.1,16.6,2025,4,13,14,103,Summer,0
2025-04-13 15:00:00,35.2,21,35.6,0.0,25,0.9,14.0,2025,4,13,15,103,Summer,0
2025-04-13 16:00:00,35.3,20,34.9,0.0,34,1.3,12.2,2025,4,13,16,103,Summer,0
2025-04-13 17:00:00,35.2,19,34.0,0.0,56,4.4,11.5,2025,4,13,17,103,Summer,0
2025-04-13 18:00:00,31.9,43,34.3,0.0,3,2.7,9.7,2025,4,13,18,103,Summer,0
2025-04-13 19:00:00,30.7,44,32.8,0.0,13,2.6,5.8,2025,4,13,19,103,Summer,0
2025-04-13 20:00:00,29.2,49,31.2,0.0,0,4.3,5.8,2025,4,13,20,103,Summer,0
2025-04-13 21:00:00,28.3,50,30.1,0.0,0,3.4,7.6,2025,4,13,21,103,Summer,0
2025-04-13 22:00:00,27.1,52,28.7,0.0,0,4.0,5.8,2025,4,13,22,103,Summer,0
2025-04-13 23:00:00,25.7,53,26.7,0.0,0,5.4,10.1,2025,4,13,23,103,Summer,0
2025-04-14 00:00:00,24.9,57,26.1,0.0,0,5.4,10.8,2025,4,14,0,104,Summer,0
2025-04-14 01:00:00,24.4,59,25.5,0.0,0,5.4,10.1,2025,4,14,1,104,Summer,0
2025-04-14 02:00:00,23.8,59,24.8,0.0,0,5.4,9.0,2025,4,14,2,104,Summer,0
2025-04-14 03:00:00,23.4,59,24.3,0.0,0,5.4,9.4,2025,4,14,3,104,Summer,0
2025-04-14 04:00:00,22.8,61,23.5,0.0,0,5.5,9.7,2025,4,14,4,104,Summer,0
2025-04-14 05:00:00,22.3,63,23.2,0.0,0,5.0,9.4,2025,4,14,5,104,Summer,0
2025-04-14 06:00:00,23.2,61,24.1,0.0,0,6.0,11.9,2025,4,14,6,104,Summer,0
2025-04-14 07:00:00,24.6,57,25.7,0.0,0,5.3,13.0,2025,4,14,7,104,Summer,0
2025-04-14 08:00:00,26.7,50,27.7,0.0,0,5.8,16.6,2025,4,14,8,104,Summer,0
2025-04-14 09:00:00,28.7,45,29.5,0.0,0,7.2,21.2,2025,4,14,9,104,Summer,0
2025-04-14 10:00:00,30.7,40,32.4,0.0,0,7.4,23.0,2025,4,14,10,104,Summer,0
2025-04-14 11:00:00,32.5,34,34.6,0.0,0,7.3,24.1,2025,4,14,11,104,Summer,0
2025-04-14 12:00:00,33.8,29,35.9,0.0,0,7.0,24.1,2025,4,14,12,104,Summer,0
2025-04-14 13:00:00,34.7,27,36.7,0.0,0,5.7,23.8,2025,4,14,13,104,Summer,0
2025-04-14 14:00:00,35.3,25,36.9,0.0,0,4.4,21.6,2025,4,14,14,104,Summer,0
2025-04-14 15:00:00,35.6,24,36.3,0.0,0,4.0,19.4,2025,4,14,15,104,Summer,0
2025-04-14 16:00:00,35.6,23,35.6,0.0,2,2.8,18.4,2025,4,14,16,104,Summer,0
2025-04-14 17:00:00,35.0,24,34.7,0.0,0,4.7,14.4,2025,4,14,17,104,Summer,0
2025-04-14 18:00:00,34.2,25,33.5,0.0,16,7.7,22.3,2025,4,14,18,104,Summer,0
2025-04-14 19:00:00,33.0,28,32.5,0.0,5,8.2,16.9,2025,4,14,19,104,Summer,0
2025-04-14 20:00:00,31.6,33,31.3,0.0,1,9.1,19.1,2025,4,14,20,104,Summer,0
2025-04-14 21:00:00,30.4,37,30.3,0.0,0,9.1,19.1,2025,4,14,21,104,Summer,0
2025-04-14 22:00:00,29.4,39,29.4,0.0,0,8.8,19.1,2025,4,14,22,104,Summer,0
2025-04-14 23:00:00,28.5,41,28.3,0.0,0,10.1,20.2,2025,4,14,23,104,Summer,0
2025-04-15 00:00:00,27.6,43,27.3,0.0,0,10.0,21.2,2025,4,15,0,105,Summer,0
2025-04-15 01:00:00,26.9,43,26.5,0.0,0,9.7,20.5,2025,4,15,1,105,Summer,0
2025-04-15 02:00:00,26.2,44,25.8,0.0,0,9.6,19.8,2025,4,15,2,105,Summer,0
2025-04-15 03:00:00,25.6,45,25.2,0.0,0,9.4,19.8,2025,4,15,3,105,Summer,0
2025-04-15 04:00:00,25.0,47,24.7,0.0,0,8.6,19.4,2025,4,15,4,105,Summer,0
2025-04-15 05:00:00,24.7,49,24.5,0.0,0,8.0,17.3,2025,4,15,5,105,Summer,0
2025-04-15 06:00:00,25.5,49,25.9,0.0,3,5.7,10.8,2025,4,15,6,105,Summer,0
2025-04-15 07:00:00,27.0,46,27.4,0.0,0,6.5,15.5,2025,4,15,7,105,Summer,0
2025-04-15 08:00:00,29.2,41,29.6,0.0,2,7.5,20.9,2025,4,15,8,105,Summer,0
2025-04-15 09:00:00,31.4,37,31.7,0.0,2,8.6,25.2,2025,4,15,9,105,Summer,0
2025-04-15 10:00:00,33.3,33,34.2,0.0,0,9.8,28.8,2025,4,15,10,105,Summer,0
2025-04-15 11:00:00,34.8,28,36.1,0.0,20,9.1,29.9,2025,4,15,11,105,Summer,0
2025-04-15 12:00:00,35.6,26,37.0,0.0,5,8.3,28.8,2025,4,15,12,105,Summer,0
2025-04-15 13:00:00,36.2,25,37.5,0.0,13,7.0,27.4,2025,4,15,13,105,Summer,0
2025-04-15 14:00:00,36.5,24,37.6,0.0,10,6.0,24.8,2025,4,15,14,105,Summer,0
2025-04-15 15:00:00,36.6,24,37.1,0.0,30,5.3,22.3,2025,4,15,15,105,Summer,0
2025-04-15 16:00:00,36.2,24,35.9,0.0,34,6.8,21.6,2025,4,15,16,105,Summer,0
2025-04-15 17:00:00,35.8,25,35.7,0.0,59,5.5,21.6,2025,4,15,17,105,Summer,0
2025-04-15 18:00:00,33.9,30,34.0,0.0,26,7.5,23.8,2025,4,15,18,105,Summer,0
2025-04-15 19:00:00,32.3,36,33.2,0.0,1,5.9,16.6,2025,4,15,19,105,Summer,0
2025-04-15 20:00:00,31.1,41,32.6,0.0,1,4.7,12.2,2025,4,15,20,105,Summer,0
2025-04-15 21:00:00,30.2,46,32.2,0.0,2,4.1,9.4,2025,4,15,21,105,Summer,0
2025-04-15 22:00:00,29.6,41,30.3,0.0,0,5.9,11.2,2025,4,15,22,105,Summer,0
2025-04-15 23:00:00,28.8,42,29.5,0.0,0,5.9,11.5,2025,4,15,23,105,Summer,0
2025-04-16 00:00:00,28.0,44,28.7,0.0,0,5.8,11.9,2025,4,16,0,106,Summer,0
2025-04-16 01:00:00,27.2,48,28.0,0.0,0,5.8,12.2,2025,4,16,1,106,Summer,0
2025-04-16 02:00:00,26.6,49,27.3,0.0,0,6.5,13.0,2025,4,16,2,106,Summer,0
2025-04-16 03:00:00,26.2,49,26.7,0.0,0,6.9,13.7,2025,4,16,3,106,Summer,0
2025-04-16 04:00:00,25.8,50,26.3,0.0,0,7.1,14.4,2025,4,16,4,106,Summer,0
2025-04-16 05:00:00,25.6,50,25.9,0.0,0,7.4,15.1,2025,4,16,5,106,Summer,0
2025-04-16 06:00:00,26.9,49,27.6,0.0,0,7.3,14.8,2025,4,16,6,106,Summer,0
2025-04-16 07:00:00,28.1,46,29.0,0.0,0,6.1,16.2,2025,4,16,7,106,Summer,0
2025-04-16 08:00:00,30.4,39,31.1,0.0,0,6.2,19.1,2025,4,16,8,106,Summer,0
2025-04-16 09:00:00,32.7,34,33.1,0.0,0,7.6,23.8,2025,4,16,9,106,Summer,0
2025-04-16 10:00:00,34.6,28,35.2,0.0,0,9.5,28.8,2025,4,16,10,106,Summer,0
2025-04-16 11:00:00,35.9,25,37.4,0.0,0,7.7,28.8,2025,4,16,11,106,Summer,0
2025-04-16 12:00:00,37.0,23,39.1,0.0,37,4.8,26.3,2025,4,16,12,106,Summer,0
2025-04-16 13:00:00,37.5,22,39.5,0.0,33,2.4,22.0,2025,4,16,13,106,Summer,0
2025-04-16 14:00:00,37.8,21,39.2,0.0,21,2.9,18.0,2025,4,16,14,106,Summer,0
2025-04-16 15:00:00,38.2,21,38.6,0.0,15,3.5,18.4,2025,4,16,15,106,Summer,0
2025-04-16 16:00:00,38.1,21,38.2,0.0,19,2.9,18.4,2025,4,16,16,106,Summer,0
2025-04-16 17:00:00,37.4,22,36.9,0.0,17,7.4,19.4,2025,4,16,17,106,Summer,0
2025-04-16 18:00:00,36.8,21,36.0,0.0,29,7.1,16.6,2025,4,16,18,106,Summer,0
2025-04-16 19:00:00,34.7,25,34.0,0.0,2,8.0,16.9,2025,4,16,19,106,Summer,0
2025-04-16 20:00:00,33.7,28,33.2,0.0,1,8.8,17.3,2025,4,16,20,106,Summer,0
2025-04-16 21:00:00,32.6,31,32.3,0.0,0,8.8,19.4,2025,4,16,21,106,Summer,0
2025-04-16 22:00:00,31.6,32,31.6,0.0,0,6.8,17.3,2025,4,16,22,106,Summer,0
2025-04-16 23:00:00,30.6,35,30.8,0.0,0,6.0,13.7,2025,4,16,23,106,Summer,0
2025-04-17 00:00:00,29.7,38,29.9,0.0,0,6.4,13.0,2025,4,17,0,107,Summer,0
2025-04-17 01:00:00,28.8,40,29.0,0.0,1,6.4,13.7,2025,4,17,1,107,Summer,0
2025-04-17 02:00:00,28.0,41,28.1,0.0,0,6.8,13.3,2025,4,17,2,107,Summer,0
2025-04-17 03:00:00,27.5,41,27.3,0.0,0,7.6,15.5,2025,4,17,3,107,Summer,0
2025-04-17 04:00:00,27.0,41,26.9,0.0,0,6.5,15.5,2025,4,17,4,107,Summer,0
2025-04-17 05:00:00,26.5,42,26.5,0.0,0,6.0,13.0,2025,4,17,5,107,Summer,0
2025-04-17 06:00:00,26.2,54,27.4,0.0,0,6.5,14.4,2025,4,17,6,107,Summer,0
2025-04-17 07:00:00,27.4,51,28.6,0.0,0,6.9,17.3,2025,4,17,7,107,Summer,0
2025-04-17 08:00:00,29.9,44,30.8,0.0,0,8.4,23.0,2025,4,17,8,107,Summer,0
2025-04-17 09:00:00,33.0,34,33.5,0.0,0,8.7,25.9,2025,4,17,9,107,Summer,0
2025-04-17 10:00:00,35.8,27,36.5,0.0,0,9.1,27.7,2025,4,17,10,107,Summer,0
2025-04-17 11:00:00,37.7,22,38.7,0.0,0,8.7,29.5,2025,4,17,11,107,Summer,0
2025-04-17 12:00:00,39.2,19,40.3,0.0,30,7.8,28.1,2025,4,17,12,107,Summer,0
2025-04-17 13:00:00,40.1,17,40.5,0.0,19,9.4,30.2,2025,4,17,13,107,Summer,0
2025-04-17 14:00:00,40.4,16,39.3,0.0,20,11.3,32.0,2025,4,17,14,107,Summer,0
2025-04-17 15:00:00,40.5,15,38.7,0.0,63,11.2,33.1,2025,4,17,15,107,Summer,0
2025-04-17 16:00:00,40.0,14,36.9,0.0,96,15.8,37.4,2025,4,17,16,107,Summer,0
2025-04-17 17:00:00,38.6,16,36.0,0.0,54,14.4,39.6,2025,4,17,17,107,Summer,0
2025-04-17 18:00:00,37.5,21,36.4,0.0,63,9.9,29.2,2025,4,17,18,107,Summer,0
2025-04-17 19:00:00,35.9,26,36.2,0.0,2,5.2,21.6,2025,4,17,19,107,Summer,0
2025-04-17 20:00:00,34.5,30,35.1,0.0,0,6.0,12.2,2025,4,17,20,107,Summer,0
2025-04-17 21:00:00,32.8,35,34.0,0.0,0,4.0,12.2,2025,4,17,21,107,Summer,0
2025-04-17 22:00:00,31.7,38,32.8,0.0,0,5.1,9.7,2025,4,17,22,107,Summer,0
2025-04-17 23:00:00,30.7,41,31.7,0.0,0,7.2,13.7,2025,4,17,23,107,Summer,0
2025-04-18 00:00:00,29.4,45,30.4,0.0,0,6.9,14.4,2025,4,18,0,108,Summer,0
2025-04-18 01:00:00,28.1,48,29.4,0.0,0,5.6,14.0,2025,4,18,1,108,Summer,0
2025-04-18 02:00:00,27.5,50,28.6,0.0,0,6.7,13.7,2025,4,18,2,108,Summer,0
2025-04-18 03:00:00,27.0,51,27.9,0.0,0,8.0,15.8,2025,4,18,3,108,Summer,0
2025-04-18 04:00:00,26.3,55,27.4,0.0,0,7.6,16.9,2025,4,18,4,108,Summer,0
2025-04-18 05:00:00,25.7,57,26.9,0.0,0,7.6,15.8,2025,4,18,5,108,Summer,0
2025-04-18 06:00:00,26.6,62,28.7,0.0,0,7.3,14.4,2025,4,18,6,108,Summer,0
2025-04-18 07:00:00,27.7,59,29.9,0.0,0,7.7,19.1,2025,4,18,7,108,Summer,0
2025-04-18 08:00:00,29.6,54,31.9,0.0,0,8.5,23.4,2025,4,18,8,108,Summer,0
2025-04-18 09:00:00,32.0,48,34.5,0.0,0,7.6,24.8,2025,4,18,9,108,Summer,0
2025-04-18 10:00:00,34.5,40,37.7,0.0,0,6.8,24.1,2025,4,18,10,108,Summer,0
2025-04-18 11:00:00,36.7,32,40.2,0.0,0,5.4,23.8,2025,4,18,11,108,Summer,0
2025-04-18 12:00:00,38.3,27,41.8,0.0,0,3.9,22.0,2025,4,18,12,108,Summer,0
2025-04-18 13:00:00,39.5,24,42.6,0.0,1,3.6,20.2,2025,4,18,13,108,Summer,0
2025-04-18 14:00:00,40.2,21,42.3,0.0,3,4.6,22.0,2025,4,18,14,108,Summer,0
2025-04-18 15:00:00,40.8,19,41.4,0.0,31,5.8,23.0,2025,4,18,15,108,Summer,0
2025-04-18 16:00:00,40.8,17,40.4,0.0,14,5.5,23.0,2025,4,18,16,108,Summer,0
2025-04-18 17:00:00,40.6,15,39.5,0.0,49,5.4,20.2,2025,4,18,17,108,Summer,0
2025-04-18 18:00:00,37.3,22,35.6,0.0,50,15.4,27.7,2025,4,18,18,108,Summer,0
2025-04-18 19:00:00,33.1,39,33.4,0.0,59,15.9,50.8,2025,4,18,19,108,Summer,0
2025-04-18 20:00:00,32.9,40,33.8,0.0,31,12.3,33.8,2025,4,18,20,108,Summer,0
2025-04-18 21:00:00,32.4,41,33.7,0.0,92,9.6,22.7,2025,4,18,21,108,Summer,0
2025-04-18 22:00:00,32.0,42,32.9,0.0,17,11.4,25.2,2025,4,18,22,108,Summer,0
2025-04-18 23:00:00,30.9,45,32.1,0.0,26,10.1,24.5,2025,4,18,23,108,Summer,0
2025-04-19 00:00:00,30.2,47,31.5,0.0,19,9.6,21.2,2025,4,19,0,109,Summer,0
2025-04-19 01:00:00,29.4,49,30.9,0.0,5,8.1,20.5,2025,4,19,1,109,Summer,0
2025-04-19 02:00:00,28.9,50,30.1,0.0,0,9.9,19.8,2025,4,19,2,109,Summer,0
2025-04-19 03:00:00,28.5,52,29.6,0.0,0,11.0,22.7,2025,4,19,3,109,Summer,0
2025-04-19 04:00:00,28.2,54,29.4,0.0,0,11.5,23.4,2025,4,19,4,109,Summer,0
2025-04-19 05:00:00,27.7,58,29.2,0.0,0,11.5,23.8,2025,4,19,5,109,Summer,0
2025-04-19 06:00:00,27.4,64,29.3,0.0,0,12.9,27.7,2025,4,19,6,109,Summer,0
2025-04-19 07:00:00,28.2,62,30.7,0.0,0,10.8,25.9,2025,4,19,7,109,Summer,0
2025-04-19 08:00:00,30.0,57,32.5,0.0,0,11.1,28.8,2025,4,19,8,109,Summer,0
2025-04-19 09:00:00,32.2,50,34.6,0.0,0,11.1,30.6,2025,4,19,9,109,Summer,0
2025-04-19 10:00:00,34.3,43,37.0,0.0,0,12.9,34.9,2025,4,19,10,109,Summer,0
2025-04-19 11:00:00,36.3,34,39.0,0.0,5,12.0,35.6,2025,4,19,11,109,Summer,0
2025-04-19 12:00:00,38.0,26,40.0,0.0,27,11.1,33.8,2025,4,19,12,109,Summer,0
2025-04-19 13:00:00,39.1,20,39.7,0.0,23,10.7,32.8,2025,4,19,13,109,Summer,0
2025-04-19 14:00:00,39.6,17,38.8,0.0,10,11.1,31.7,2025,4,19,14,109,Summer,0
2025-04-19 15:00:00,39.8,16,38.0,0.0,45,10.5,32.4,2025,4,19,15,109,Summer,0
2025-04-19 16:00:00,39.9,15,37.9,0.0,40,10.1,28.8,2025,4,19,16,109,Summer,0
2025-04-19 17:00:00,38.6,15,36.7,0.0,29,8.3,26.3,2025,4,19,17,109,Summer,0
2025-04-19 18:00:00,32.7,38,32.1,0.0,2,19.7,43.9,2025,4,19,18,109,Summer,0
2025-04-19 19:00:00,32.5,39,32.4,0.0,0,16.4,43.2,2025,4,19,19,109,Summer,0
2025-04-19 20:00:00,31.4,40,31.4,0.0,0,13.5,35.3,2025,4,19,20,109,Summer,0
2025-04-19 21:00:00,30.8,43,31.2,0.0,0,13.5,32.0,2025,4,19,21,109,Summer,0
2025-04-19 22:00:00,29.8,48,30.4,0.0,0,14.5,31.3,2025,4,19,22,109,Summer,0
2025-04-19 23:00:00,29.3,51,30.2,0.0,0,13.4,31.7,2025,4,19,23,109,Summer,0
2025-04-20 00:00:00,28.8,52,29.9,0.0,0,12.8,29.2,2025,4,20,0,110,Summer,0
2025-04-20 01:00:00,28.3,54,29.4,0.0,0,12.2,27.4,2025,4,20,1,110,Summer,0
2025-04-20 02:00:00,28.1,55,29.3,0.0,0,11.7,25.9,2025,4,20,2,110,Summer,0
2025-04-20 03:00:00,27.9,56,29.1,0.0,0,12.0,25.6,2025,4,20,3,110,Summer,0
2025-04-20 04:00:00,27.4,58,28.8,0.0,0,12.2,25.9,2025,4,20,4,110,Summer,0
2025-04-20 05:00:00,27.0,60,28.4,0.0,0,12.7,26.6,2025,4,20,5,110,Summer,0
2025-04-20 06:00:00,27.3,65,29.7,0.0,0,10.0,20.9,2025,4,20,6,110,Summer,0
2025-04-20 07:00:00,28.4,61,30.7,0.0,0,10.7,24.8,2025,4,20,7,110,Summer,0
2025-04-20 08:00:00,30.5,54,33.1,0.0,0,8.4,25.9,2025,4,20,8,110,Summer,0
2025-04-20 09:00:00,33.2,42,35.3,0.0,0,7.2,23.8,2025,4,20,9,110,Summer,0
2025-04-20 10:00:00,35.9,32,38.0,0.0,0,7.2,24.5,2025,4,20,10,110,Summer,0
2025-04-20 11:00:00,37.9,24,39.8,0.0,30,7.4,25.6,2025,4,20,11,110,Summer,0
2025-04-20 12:00:00,38.9,18,39.3,0.0,24,6.4,25.6,2025,4,20,12,110,Summer,0
2025-04-20 13:00:00,39.4,17,39.5,0.0,22,7.5,25.2,2025,4,20,13,110,Summer,0
2025-04-20 14:00:00,40.0,15,39.9,0.0,16,6.5,25.9,2025,4,20,14,110,Summer,0
2025-04-20 15:00:00,39.3,16,38.0,0.0,14,7.7,25.9,2025,4,20,15,110,Summer,0
2025-04-20 16:00:00,36.0,30,35.4,0.0,29,17.4,42.5,2025,4,20,16,110,Summer,0
2025-04-20 17:00:00,35.6,27,34.4,0.0,10,15.4,44.3,2025,4,20,17,110,Summer,0
2025-04-20 18:00:00,38.8,14,36.8,0.0,3,7.2,21.6,2025,4,20,18,110,Summer,0
2025-04-20 19:00:00,35.9,17,34.6,0.0,0,3.6,16.2,2025,4,20,19,110,Summer,0
2025-04-20 20:00:00,34.4,24,33.2,0.0,0,9.0,18.7,2025,4,20,20,110,Summer,0
2025-04-20 21:00:00,33.0,30,32.9,0.0,0,8.0,18.4,2025,4,20,21,110,Summer,0
2025-04-20 22:00:00,32.0,35,32.1,0.0,2,9.2,18.4,2025,4,20,22,110,Summer,0
2025-04-20 23:00:00,31.2,37,32.0,0.0,7,5.4,18.0,2025,4,20,23,110,Summer,0
2025-04-21 00:00:00,30.0,41,31.3,0.0,0,3.1,10.4,2025,4,21,0,111,Summer,0
2025-04-21 01:00:00,29.4,41,30.5,0.0,0,3.9,7.2,2025,4,21,1,111,Summer,0
2025-04-21 02:00:00,28.8,43,29.6,0.0,0,5.8,11.5,2025,4,21,2,111,Summer,0
2025-04-21 03:00:00,28.0,46,29.0,0.0,0,4.9,12.2,2025,4,21,3,111,Summer,0
2025-04-21 04:00:00,27.3,48,28.4,0.0,0,4.9,10.1,2025,4,21,4,111,Summer,0
2025-04-21 05:00:00,26.3,52,27.8,0.0,0,3.4,10.1,2025,4,21,5,111,Summer,0
2025-04-21 06:00:00,29.1,54,32.2,0.0,0,1.3,3.2,2025,4,21,6,111,Summer,0
2025-04-21 07:00:00,30.3,46,32.2,0.0,0,4.6,14.4,2025,4,21,7,111,Summer,0
2025-04-21 08:00:00,31.9,38,33.0,0.0,0,5.1,18.0,2025,4,21,8,111,Summer,0
2025-04-21 09:00:00,34.1,30,34.7,0.0,0,4.2,18.7,2025,4,21,9,111,Summer,0
2025-04-21 10:00:00,36.6,20,36.9,0.0,0,5.2,21.6,2025,4,21,10,111,Summer,0
2025-04-21 11:00:00,38.5,14,38.3,0.0,0,6.7,24.8,2025,4,21,11,111,Summer,0
2025-04-21 12:00:00,39.6,10,38.7,0.0,0,8.6,28.8,2025,4,21,12,111,Summer,0
2025-04-21 13:00:00,40.3,8,38.9,0.0,40,9.8,31.0,2025,4,21,13,111,Summer,0
2025-04-21 14:00:00,40.4,7,38.0,0.0,98,10.2,31.7,2025,4,21,14,111,Summer,0
2025-04-21 15:00:00,40.2,6,36.8,0.0,98,9.6,31.3,2025,4,21,15,111,Summer,0
2025-04-21 16:00:00,39.8,6,35.8,0.0,49,8.2,28.8,2025,4,21,16,111,Summer,0
2025-04-21 17:00:00,39.3,6,35.2,0.0,68,8.3,24.1,2025,4,21,17,111,Summer,0
2025-04-21 18:00:00,37.7,6,33.8,0.0,57,7.3,16.2,2025,4,21,18,111,Summer,0
2025-04-21 19:00:00,36.0,5,31.2,0.0,51,11.3,22.7,2025,4,21,19,111,Summer,0
2025-04-21 20:00:00,34.4,6,29.5,0.0,8,11.9,27.7,2025,4,21,20,111,Summer,0
2025-04-21 21:00:00,32.8,8,28.5,0.0,5,9.4,24.1,2025,4,21,21,111,Summer,0
2025-04-21 22:00:00,31.6,9,27.4,0.0,0,8.9,19.8,2025,4,21,22,111,Summer,0
2025-04-21 23:00:00,30.3,9,26.3,0.0,0,7.1,17.6,2025,4,21,23,111,Summer,0
2025-04-22 00:00:00,29.3,9,25.5,0.0,0,6.2,14.0,2025,4,22,0,112,Summer,0
2025-04-22 01:00:00,28.6,10,24.6,0.0,0,7.0,14.0,2025,4,22,1,112,Summer,0
2025-04-22 02:00:00,27.4,11,23.3,0.0,0,8.2,16.6,2025,4,22,2,112,Summer,0
2025-04-22 03:00:00,26.2,13,22.5,0.0,0,6.8,16.9,2025,4,22,3,112,Summer,0
2025-04-22 04:00:00,25.0,14,21.4,0.0,0,5.7,14.0,2025,4,22,4,112,Summer,0
2025-04-22 05:00:00,24.6,15,20.7,0.0,0,8.2,16.2,2025,4,22,5,112,Summer,0
2025-04-22 06:00:00,25.4,19,22.0,0.0,0,8.3,16.9,2025,4,22,6,112,Summer,0
2025-04-22 07:00:00,26.9,17,23.3,0.0,0,9.6,20.5,2025,4,22,7,112,Summer,0
2025-04-22 08:00:00,30.1,15,26.8,0.0,0,8.0,21.6,2025,4,22,8,112,Summer,0
2025-04-22 09:00:00,33.5,13,30.3,0.0,0,9.0,26.3,2025,4,22,9,112,Summer,0
2025-04-22 10:00:00,36.2,11,34.0,0.0,0,9.7,29.2,2025,4,22,10,112,Summer,0
2025-04-22 11:00:00,38.1,6,35.5,0.0,0,11.5,33.1,2025,4,22,11,112,Summer,0
2025-04-22 12:00:00,38.8,6,36.5,0.0,0,11.4,33.8,2025,4,22,12,112,Summer,0
2025-04-22 13:00:00,39.3,5,36.9,0.0,0,11.2,33.5,2025,4,22,13,112,Summer,0
2025-04-22 14:00:00,39.5,6,36.8,0.0,0,11.0,33.1,2025,4,22,14,112,Summer,0
2025-04-22 15:00:00,39.2,7,35.8,0.0,0,11.7,32.8,2025,4,22,15,112,Summer,0
2025-04-22 16:00:00,38.7,7,34.4,0.0,0,12.2,33.1,2025,4,22,16,112,Summer,0
2025-04-22 17:00:00,37.8,7,33.4,0.0,0,11.8,32.0,2025,4,22,17,112,Summer,0
2025-04-22 18:00:00,36.4,7,32.6,0.0,0,7.0,25.9,2025,4,22,18,112,Summer,0
2025-04-22 19:00:00,34.2,9,30.8,0.0,0,4.6,14.8,2025,4,22,19,112,Summer,0
2025-04-22 20:00:00,33.3,9,29.8,0.0,0,5.8,11.2,2025,4,22,20,112,Summer,0
2025-04-22 21:00:00,32.7,10,28.7,0.0,0,9.6,19.4,2025,4,22,21,112,Summer,0
2025-04-22 22:00:00,31.1,10,27.1,0.0,0,9.0,19.8,2025,4,22,22,112,Summer,0
2025-04-22 23:00:00,29.6,10,25.5,0.0,0,8.1,18.4,2025,4,22,23,112,Summer,0
2025-04-23 00:00:00,28.5,10,24.5,0.0,0,7.0,16.6,2025,4,23,0,113,Summer,0
2025-04-23 01:00:00,27.3,11,23.4,0.0,0,6.7,14.0,2025,4,23,1,113,Summer,0
2025-04-23 02:00:00,26.2,12,22.4,0.0,0,6.7,15.5,2025,4,23,2,113,Summer,0
2025-04-23 03:00:00,25.1,14,21.5,0.0,0,5.9,13.7,2025,4,23,3,113,Summer,0
2025-04-23 04:00:00,24.4,15,20.9,0.0,0,5.8,12.6,2025,4,23,4,113,Summer,0
2025-04-23 05:00:00,23.8,16,20.4,0.0,0,5.4,11.9,2025,4,23,5,113,Summer,0
2025-04-23 06:00:00,24.9,21,22.2,0.0,0,4.5,10.1,2025,4,23,6,113,Summer,0
2025-04-23 07:00:00,26.9,20,24.1,0.0,0,6.4,15.8,2025,4,23,7,113,Summer,0
2025-04-23 08:00:00,29.7,18,27.0,0.0,0,7.4,20.5,2025,4,23,8,113,Summer,0
2025-04-23 09:00:00,32.6,17,30.2,0.0,0,7.9,24.5,2025,4,23,9,113,Summer,0
2025-04-23 10:00:00,35.6,15,34.3,0.0,0,8.3,26.6,2025,4,23,10,113,Summer,0
2025-04-23 11:00:00,37.6,9,35.5,0.0,0,11.4,32.4,2025,4,23,11,113,Summer,0
2025-04-23 12:00:00,38.6,7,36.2,0.0,0,13.1,36.4,2025,4,23,12,113,Summer,0
2025-04-23 13:00:00,39.1,6,36.4,0.0,0,13.7,37.8,2025,4,23,13,113,Summer,0
2025-04-23 14:00:00,39.2,7,36.2,0.0,0,13.5,37.8,2025,4,23,14,113,Summer,0
2025-04-23 15:00:00,39.0,7,35.3,0.0,0,13.0,36.7,2025,4,23,15,113,Summer,0
2025-04-23 16:00:00,38.6,7,34.2,0.0,0,12.2,34.9,2025,4,23,16,113,Summer,0
2025-04-23 17:00:00,37.8,7,33.4,0.0,0,11.4,31.3,2025,4,23,17,113,Summer,0
2025-04-23 18:00:00,36.5,8,32.6,0.0,0,8.6,30.2,2025,4,23,18,113,Summer,0
2025-04-23 19:00:00,34.5,9,31.2,0.0,0,5.3,17.6,2025,4,23,19,113,Summer,0
2025-04-23 20:00:00,33.6,10,30.2,0.0,0,5.9,11.9,2025,4,23,20,113,Summer,0
2025-04-23 21:00:00,32.7,10,29.1,0.0,0,7.8,15.1,2025,4,23,21,113,Summer,0
2025-04-23 22:00:00,32.0,10,28.1,0.0,0,8.6,18.0,2025,4,23,22,113,Summer,0
2025-04-23 23:00:00,29.9,11,26.3,0.0,0,6.5,17.3,2025,4,23,23,113,Summer,0
2025-04-24 00:00:00,29.0,12,25.3,0.0,0,6.5,14.0,2025,4,24,0,114,Summer,0
2025-04-24 01:00:00,27.3,13,24.0,0.0,0,4.5,13.0,2025,4,24,1,114,Summer,0
2025-04-24 02:00:00,26.6,14,23.3,0.0,0,4.9,9.7,2025,4,24,2,114,Summer,0
2025-04-24 03:00:00,26.2,14,22.9,0.0,0,4.9,9.0,2025,4,24,3,114,Summer,0
2025-04-24 04:00:00,25.6,14,21.9,0.0,0,6.7,13.0,2025,4,24,4,114,Summer,0
2025-04-24 05:00:00,24.4,15,20.8,0.0,0,6.6,17.6,2025,4,24,5,114,Summer,0
2025-04-24 06:00:00,25.2,18,22.1,0.0,0,6.1,14.0,2025,4,24,6,114,Summer,0
2025-04-24 07:00:00,27.0,17,23.8,0.0,0,7.2,15.5,2025,4,24,7,114,Summer,0
2025-04-24 08:00:00,29.9,14,26.8,0.0,0,6.1,18.4,2025,4,24,8,114,Summer,0
2025-04-24 09:00:00,33.0,11,30.0,0.0,0,6.0,22.3,2025,4,24,9,114,Summer,0
2025-04-24 10:00:00,36.3,10,34.6,0.0,0,5.1,20.9,2025,4,24,10,114,Summer,0
2025-04-24 11:00:00,38.4,7,37.1,0.0,0,5.4,22.3,2025,4,24,11,114,Summer,0
2025-04-24 12:00:00,39.7,6,38.2,0.0,0,6.8,24.8,2025,4,24,12,114,Summer,0
2025-04-24 13:00:00,40.4,5,37.9,0.0,0,11.4,32.8,2025,4,24,13,114,Summer,0
2025-04-24 14:00:00,40.3,5,36.6,0.0,0,15.3,40.3,2025,4,24,14,114,Summer,0
2025-04-24 15:00:00,39.9,5,35.7,0.0,0,14.1,41.0,2025,4,24,15,114,Summer,0
2025-04-24 16:00:00,39.5,5,34.9,0.0,0,11.4,36.7,2025,4,24,16,114,Summer,0
2025-04-24 17:00:00,38.7,5,33.9,0.0,0,12.8,30.2,2025,4,24,17,114,Summer,0
2025-04-24 18:00:00,37.7,7,33.8,0.0,0,7.6,27.7,2025,4,24,18,114,Summer,0
2025-04-24 19:00:00,35.6,10,33.0,0.0,0,2.1,15.5,2025,4,24,19,114,Summer,0
2025-04-24 20:00:00,33.9,15,32.4,0.0,0,0.4,5.0,2025,4,24,20,114,Summer,0
2025-04-24 21:00:00,32.4,11,29.1,0.0,0,5.4,10.8,2025,4,24,21,114,Summer,0
2025-04-24 22:00:00,31.4,16,29.5,0.0,0,1.0,10.8,2025,4,24,22,114,Summer,0
2025-04-24 23:00:00,29.8,14,26.2,0.0,0,9.1,15.8,2025,4,24,23,114,Summer,0
2025-04-25 00:00:00,29.4,14,26.2,0.0,0,6.7,22.0,2025,4,25,0,115,Summer,0
2025-04-25 01:00:00,29.3,13,25.9,0.0,0,6.7,14.4,2025,4,25,1,115,Summer,0
2025-04-25 02:00:00,28.1,15,25.7,0.0,0,0.6,13.0,2025,4,25,2,115,Summer,0
2025-04-25 03:00:00,27.0,20,25.0,0.0,0,1.1,8.6,2025,4,25,3,115,Summer,0
2025-04-25 04:00:00,25.6,20,23.0,0.0,0,3.8,7.2,2025,4,25,4,115,Summer,0
2025-04-25 05:00:00,25.3,21,22.5,0.0,0,5.9,11.2,2025,4,25,5,115,Summer,0
2025-04-25 06:00:00,26.4,24,24.2,0.0,0,5.6,12.6,2025,4,25,6,115,Summer,0
2025-04-25 07:00:00,29.0,20,26.4,0.0,0,7.5,15.8,2025,4,25,7,115,Summer,0
2025-04-25 08:00:00,31.4,16,28.7,0.0,0,6.8,19.4,2025,4,25,8,115,Summer,0
2025-04-25 09:00:00,34.9,12,32.5,0.0,0,4.6,20.2,2025,4,25,9,115,Summer,0
2025-04-25 10:00:00,37.3,10,35.7,0.0,0,5.4,21.6,2025,4,25,10,115,Summer,0
2025-04-25 11:00:00,39.7,7,38.3,0.0,0,5.5,21.6,2025,4,25,11,115,Summer,0
2025-04-25 12:00:00,41.0,4,39.1,0.0,0,7.9,26.3,2025,4,25,12,115,Summer,0
2025-04-25 13:00:00,41.6,5,39.1,0.0,0,10.6,31.0,2025,4,25,13,115,Summer,0
2025-04-25 14:00:00,41.4,5,38.1,0.0,2,13.3,36.0,2025,4,25,14,115,Summer,0
2025-04-25 15:00:00,41.0,6,36.9,0.0,8,14.3,37.1,2025,4,25,15,115,Summer,0
2025-04-25 16:00:00,40.2,6,35.6,0.0,11,13.0,37.1,2025,4,25,16,115,Summer,0
2025-04-25 17:00:00,39.8,6,35.1,0.0,4,13.1,32.8,2025,4,25,17,115,Summer,0
2025-04-25 18:00:00,38.5,6,34.2,0.0,2,9.9,28.4,2025,4,25,18,115,Summer,0
2025-04-25 19:00:00,35.9,11,32.6,0.0,0,8.8,21.2,2025,4,25,19,115,Summer,0
2025-04-25 20:00:00,33.9,15,32.2,0.0,0,1.8,16.6,2025,4,25,20,115,Summer,0
2025-04-25 21:00:00,32.7,18,31.3,0.0,0,1.0,4.3,2025,4,25,21,115,Summer,0
2025-04-25 22:00:00,32.2,23,31.7,0.0,0,0.9,4.7,2025,4,25,22,115,Summer,0
2025-04-25 23:00:00,31.0,16,28.4,0.0,0,5.5,9.4,2025,4,25,23,115,Summer,0
2025-04-26 00:00:00,31.8,13,28.4,0.0,0,8.1,13.7,2025,4,26,0,116,Summer,0
2025-04-26 01:00:00,30.7,12,27.3,0.0,0,6.7,17.3,2025,4,26,1,116,Summer,0
2025-04-26 02:00:00,29.6,13,26.2,0.0,51,6.8,12.6,2025,4,26,2,116,Summer,0
2025-04-26 03:00:00,29.1,15,26.7,0.0,2,1.9,12.6,2025,4,26,3,116,Summer,0
2025-04-26 04:00:00,27.7,15,24.4,0.0,9,6.5,15.1,2025,4,26,4,116,Summer,0
2025-04-26 05:00:00,26.0,18,23.2,0.0,55,4.4,13.0,2025,4,26,5,116,Summer,0
2025-04-26 06:00:00,26.8,28,25.6,0.0,36,2.2,9.7,2025,4,26,6,116,Summer,0
2025-04-26 07:00:00,28.9,23,27.2,0.0,0,5.1,11.9,2025,4,26,7,116,Summer,0
2025-04-26 08:00:00,33.2,17,31.4,0.0,20,3.7,13.3,2025,4,26,8,116,Summer,0
2025-04-26 09:00:00,37.0,11,34.6,0.0,14,4.4,17.3,2025,4,26,9,116,Summer,0
2025-04-26 10:00:00,39.2,7,37.2,0.0,15,5.0,19.4,2025,4,26,10,116,Summer,0
2025-04-26 11:00:00,40.4,6,38.7,0.0,79,5.8,22.3,2025,4,26,11,116,Summer,0
2025-04-26 12:00:00,41.5,5,39.7,0.0,38,7.7,25.9,2025,4,26,12,116,Summer,0
2025-04-26 13:00:00,41.4,7,38.9,0.0,92,13.4,36.7,2025,4,26,13,116,Summer,0
2025-04-26 14:00:00,38.6,10,34.0,0.0,100,17.9,45.4,2025,4,26,14,116,Summer,0
2025-04-26 15:00:00,39.5,8,35.6,0.0,71,11.4,43.9,2025,4,26,15,116,Summer,0
2025-04-26 16:00:00,39.5,8,35.2,0.0,39,15.0,36.4,2025,4,26,16,116,Summer,0
2025-04-26 17:00:00,38.6,8,33.6,0.0,20,18.8,43.2,2025,4,26,17,116,Summer,0
2025-04-26 18:00:00,37.1,10,32.9,0.0,98,14.3,41.4,2025,4,26,18,116,Summer,0
2025-04-26 19:00:00,35.9,11,32.1,0.0,95,11.2,31.0,2025,4,26,19,116,Summer,0
2025-04-26 20:00:00,34.7,12,31.6,0.0,97,7.4,22.7,2025,4,26,20,116,Summer,0
2025-04-26 21:00:00,33.4,14,30.8,0.0,100,5.5,15.5,2025,4,26,21,116,Summer,0
2025-04-26 22:00:00,32.2,16,29.7,0.0,100,6.2,13.7,2025,4,26,22,116,Summer,0
2025-04-26 23:00:00,31.5,17,29.1,0.0,100,5.8,13.0,2025,4,26,23,116,Summer,0
2025-04-27 00:00:00,31.1,18,28.6,0.0,100,6.8,13.3,2025,4,27,0,117,Summer,0
2025-04-27 01:00:00,30.5,19,28.1,0.0,89,6.8,14.4,2025,4,27,1,117,Summer,0
2025-04-27 02:00:00,29.7,20,27.3,0.0,54,7.2,13.7,2025,4,27,2,117,Summer,0
2025-04-27 03:00:00,29.1,19,26.7,0.0,33,5.9,14.0,2025,4,27,3,117,Summer,0
2025-04-27 04:00:00,28.6,19,26.1,0.0,95,5.7,11.5,2025,4,27,4,117,Summer,0
2025-04-27 05:00:00,28.3,19,25.7,0.0,98,5.9,11.2,2025,4,27,5,117,Summer,0
2025-04-27 06:00:00,29.4,25,28.1,0.0,47,3.7,7.9,2025,4,27,6,117,Summer,0
2025-04-27 07:00:00,30.5,24,29.1,0.0,6,4.9,15.8,2025,4,27,7,117,Summer,0
2025-04-27 08:00:00,32.9,20,31.4,0.0,9,4.8,16.9,2025,4,27,8,117,Summer,0
2025-04-27 09:00:00,35.1,14,33.2,0.0,0,2.8,17.3,2025,4,27,9,117,Summer,0
2025-04-27 10:00:00,37.1,11,36.0,0.0,0,2.4,16.6,2025,4,27,10,117,Summer,0
2025-04-27 11:00:00,38.5,10,38.1,0.0,6,3.1,18.7,2025,4,27,11,117,Summer,0
2025-04-27 12:00:00,39.8,8,39.0,0.0,18,3.6,19.8,2025,4,27,12,117,Summer,0
2025-04-27 13:00:00,40.6,7,39.4,0.0,19,5.2,21.6,2025,4,27,13,117,Summer,0
2025-04-27 14:00:00,40.8,7,38.7,0.0,2,6.5,24.1,2025,4,27,14,117,Summer,0
2025-04-27 15:00:00,40.8,7,38.3,0.0,9,4.0,23.4,2025,4,27,15,117,Summer,0
2025-04-27 16:00:00,40.5,7,37.4,0.0,7,4.9,18.7,2025,4,27,16,117,Summer,0
2025-04-27 17:00:00,39.2,7,35.1,0.0,12,11.2,27.0,2025,4,27,17,117,Summer,0
2025-04-27 18:00:00,38.1,7,34.8,0.0,1,4.0,14.4,2025,4,27,18,117,Summer,0
2025-04-27 19:00:00,36.2,13,34.5,0.0,0,0.4,9.0,2025,4,27,19,117,Summer,0
2025-04-27 20:00:00,35.0,11,32.4,0.0,0,2.7,5.0,2025,4,27,20,117,Summer,0
2025-04-27 21:00:00,34.2,10,30.4,0.0,0,9.2,17.6,2025,4,27,21,117,Summer,0
2025-04-27 22:00:00,32.1,13,29.2,0.0,0,5.3,18.0,2025,4,27,22,117,Summer,0
2025-04-27 23:00:00,30.9,15,28.4,0.0,0,3.7,10.8,2025,4,27,23,117,Summer,0
2025-04-28 00:00:00,30.1,16,27.9,0.0,0,2.4,7.6,2025,4,28,0,118,Summer,0
2025-04-28 01:00:00,28.9,17,26.3,0.0,0,4.6,9.0,2025,4,28,1,118,Summer,0
2025-04-28 02:00:00,28.5,19,26.4,0.0,0,2.0,9.0,2025,4,28,2,118,Summer,0
2025-04-28 03:00:00,27.9,18,25.2,0.0,0,5.5,10.4,2025,4,28,3,118,Summer,0
2025-04-28 04:00:00,26.5,21,24.2,0.0,0,3.8,12.6,2025,4,28,4,118,Summer,0
2025-04-28 05:00:00,26.5,22,24.8,0.0,0,0.8,7.2,2025,4,28,5,118,Summer,0
2025-04-28 06:00:00,27.9,27,26.4,0.0,0,5.4,14.0,2025,4,28,6,118,Summer,0
2025-04-28 07:00:00,28.9,26,27.0,0.0,0,8.3,18.7,2025,4,28,7,118,Summer,0
2025-04-28 08:00:00,30.6,24,28.5,0.0,0,9.5,25.2,2025,4,28,8,118,Summer,0
2025-04-28 09:00:00,33.3,20,31.4,0.0,0,8.5,25.6,2025,4,28,9,118,Summer,0
2025-04-28 10:00:00,35.7,17,34.9,0.0,0,7.7,25.6,2025,4,28,10,118,Summer,0
2025-04-28 11:00:00,37.6,15,37.5,0.0,0,7.1,25.2,2025,4,28,11,118,Summer,0
2025-04-28 12:00:00,39.2,13,39.5,0.0,10,5.3,24.8,2025,4,28,12,118,Summer,0
2025-04-28 13:00:00,40.0,11,39.8,0.0,2,4.4,23.4,2025,4,28,13,118,Summer,0
2025-04-28 14:00:00,40.7,9,40.2,0.0,32,2.4,21.2,2025,4,28,14,118,Summer,0
2025-04-28 15:00:00,41.1,8,39.1,0.0,80,4.4,18.7,2025,4,28,15,118,Summer,0
2025-04-28 16:00:00,40.0,9,36.2,0.0,100,13.0,31.7,2025,4,28,16,118,Summer,0
2025-04-28 17:00:00,37.2,15,33.8,0.0,38,16.4,38.9,2025,4,28,17,118,Summer,0
2025-04-28 18:00:00,35.3,19,32.3,0.0,4,17.3,37.4,2025,4,28,18,118,Summer,0
2025-04-28 19:00:00,33.6,23,31.5,0.0,0,13.4,37.8,2025,4,28,19,118,Summer,0
2025-04-28 20:00:00,32.3,27,31.4,0.0,0,8.6,28.1,2025,4,28,20,118,Summer,0
2025-04-28 21:00:00,31.4,30,30.3,0.0,0,10.3,20.9,2025,4,28,21,118,Summer,0
2025-04-28 22:00:00,30.4,32,29.0,0.0,0,13.5,28.4,2025,4,28,22,118,Summer,0
2025-04-28 23:00:00,29.6,33,28.2,0.0,0,11.9,28.4,2025,4,28,23,118,Summer,0
2025-04-29 00:00:00,28.8,33,27.4,0.0,0,10.8,24.5,2025,4,29,0,119,Summer,0
2025-04-29 01:00:00,28.0,34,26.4,0.0,0,11.9,24.5,2025,4,29,1,119,Summer,0
2025-04-29 02:00:00,27.4,35,25.7,0.0,0,13.1,27.0,2025,4,29,2,119,Summer,0
2025-04-29 03:00:00,26.7,37,24.9,0.0,0,13.9,28.4,2025,4,29,3,119,Summer,0
2025-04-29 04:00:00,25.9,40,24.3,0.0,0,13.5,29.2,2025,4,29,4,119,Summer,0
2025-04-29 05:00:00,25.0,45,23.9,0.0,0,12.6,27.7,2025,4,29,5,119,Summer,0
2025-04-29 06:00:00,25.1,59,25.5,0.0,0,12.3,25.9,2025,4,29,6,119,Summer,0
2025-04-29 07:00:00,25.9,58,26.3,0.0,0,14.2,32.8,2025,4,29,7,119,Summer,0
2025-04-29 08:00:00,27.5,53,27.8,0.0,0,15.0,36.4,2025,4,29,8,119,Summer,0
2025-04-29 09:00:00,29.8,45,29.8,0.0,0,14.9,37.8,2025,4,29,9,119,Summer,0
2025-04-29 10:00:00,32.1,38,32.9,0.0,0,14.0,37.8,2025,4,29,10,119,Summer,0
2025-04-29 11:00:00,34.0,32,35.4,0.0,0,12.6,37.1,2025,4,29,11,119,Summer,0
2025-04-29 12:00:00,35.5,29,37.3,0.0,0,10.7,34.9,2025,4,29,12,119,Summer,0
2025-04-29 13:00:00,36.6,26,38.5,0.0,0,8.7,31.7,2025,4,29,13,119,Summer,0
2025-04-29 14:00:00,37.2,24,38.7,0.0,9,6.5,27.7,2025,4,29,14,119,Summer,0
2025-04-29 15:00:00,37.5,22,38.1,0.0,17,3.9,23.8,2025,4,29,15,119,Summer,0
2025-04-29 16:00:00,37.3,20,36.6,0.0,5,5.4,22.0,2025,4,29,16,119,Summer,0
2025-04-29 17:00:00,36.9,19,35.7,0.0,17,7.1,22.0,2025,4,29,17,119,Summer,0
2025-04-29 18:00:00,35.4,22,34.8,0.0,1,4.8,13.0,2025,4,29,18,119,Summer,0
2025-04-29 19:00:00,34.4,25,33.5,0.0,0,8.4,15.5,2025,4,29,19,119,Summer,0
2025-04-29 20:00:00,32.8,30,32.0,0.0,0,10.8,23.0,2025,4,29,20,119,Summer,0
2025-04-29 21:00:00,31.9,32,31.6,0.0,0,8.1,22.3,2025,4,29,21,119,Summer,0
2025-04-29 22:00:00,30.8,35,30.5,0.0,0,9.5,19.4,2025,4,29,22,119,Summer,0
2025-04-29 23:00:00,29.9,39,30.1,0.0,0,8.6,19.1,2025,4,29,23,119,Summer,0
2025-04-30 00:00:00,29.1,41,29.5,0.0,0,7.7,17.3,2025,4,30,0,120,Summer,0
2025-04-30 01:00:00,28.3,43,28.7,0.0,0,7.7,15.5,2025,4,30,1,120,Summer,0
2025-04-30 02:00:00,27.8,45,28.0,0.0,0,9.1,17.6,2025,4,30,2,120,Summer,0
2025-04-30 03:00:00,27.4,46,27.6,0.0,0,9.0,18.4,2025,4,30,3,120,Summer,0
2025-04-30 04:00:00,26.9,48,27.0,0.0,0,9.9,19.8,2025,4,30,4,120,Summer,0
2025-04-30 05:00:00,26.3,50,26.5,0.0,0,9.4,20.2,2025,4,30,5,120,Summer,0
2025-04-30 06:00:00,26.7,54,27.7,0.0,0,9.0,20.5,2025,4,30,6,120,Summer,0
2025-04-30 07:00:00,27.5,53,28.6,0.0,0,9.9,24.1,2025,4,30,7,120,Summer,0
2025-04-30 08:00:00,29.1,50,30.3,0.0,0,10.7,27.7,2025,4,30,8,120,Summer,0
2025-04-30 09:00:00,31.2,45,32.3,0.0,0,11.8,32.0,2025,4,30,9,120,Summer,0
2025-04-30 10:00:00,33.2,38,35.0,0.0,0,11.0,32.4,2025,4,30,10,120,Summer,0
2025-04-30 11:00:00,34.8,32,37.1,0.0,23,8.8,31.3,2025,4,30,11,120,Summer,0
2025-04-30 12:00:00,35.8,28,37.7,0.0,15,7.4,28.1,2025,4,30,12,120,Summer,0
2025-04-30 13:00:00,36.5,26,38.2,0.0,30,6.7,26.3,2025,4,30,13,120,Summer,0
2025-04-30 14:00:00,36.8,24,38.0,0.0,50,5.5,24.5,2025,4,30,14,120,Summer,0
2025-04-30 15:00:00,36.4,24,36.5,0.0,96,4.1,23.0,2025,4,30,15,120,Summer,0
2025-04-30 16:00:00,35.3,26,34.9,0.0,98,8.9,24.5,2025,4,30,16,120,Summer,0
2025-04-30 17:00:00,34.7,27,33.9,0.0,92,12.3,30.2,2025,4,30,17,120,Summer,0
2025-04-30 18:00:00,34.6,25,33.5,0.0,75,10.6,24.1,2025,4,30,18,120,Summer,0
2025-04-30 19:00:00,33.6,26,32.5,0.0,46,10.5,24.8,2025,4,30,19,120,Summer,0
2025-04-30 20:00:00,32.6,28,32.0,0.0,4,7.4,21.6,2025,4,30,20,120,Summer,0
2025-04-30 21:00:00,31.8,29,31.1,0.0,2,8.3,15.8,2025,4,30,21,120,Summer,0
2025-04-30 22:00:00,30.9,33,30.0,0.0,0,11.3,22.7,2025,4,30,22,120,Summer,0
2025-04-30 23:00:00,29.6,39,29.3,0.0,0,10.9,23.0,2025,4,30,23,120,Summer,0
2025-05-01 00:00:00,28.6,42,28.5,0.0,0,10.8,23.0,2025,5,1,0,121,Summer,0
2025-05-01 01:00:00,28.0,44,27.8,0.0,0,10.9,22.3,2025,5,1,1,121,Summer,0
2025-05-01 02:00:00,27.4,45,27.2,0.0,0,11.9,24.8,2025,5,1,2,121,Summer,0
2025-05-01 03:00:00,26.9,47,26.7,0.0,0,11.9,24.8,2025,5,1,3,121,Summer,0
2025-05-01 04:00:00,26.4,49,26.3,0.0,0,12.0,24.8,2025,5,1,4,121,Summer,0
2025-05-01 05:00:00,25.9,51,25.8,0.0,0,12.1,25.2,2025,5,1,5,121,Summer,0
2025-05-01 06:00:00,27.4,61,29.6,0.0,0,8.2,17.3,2025,5,1,6,121,Summer,0
2025-05-01 07:00:00,28.4,58,30.4,0.0,0,10.4,24.8,2025,5,1,7,121,Summer,0
2025-05-01 08:00:00,30.0,53,31.5,0.0,0,13.0,32.4,2025,5,1,8,121,Summer,0
2025-05-01 09:00:00,32.0,45,33.2,0.0,0,12.7,33.5,2025,5,1,9,121,Summer,0
2025-05-01 10:00:00,34.0,36,35.3,0.0,5,12.8,34.9,2025,5,1,10,121,Summer,0
2025-05-01 11:00:00,35.4,29,36.8,0.0,47,10.3,34.9,2025,5,1,11,121,Summer,0
2025-05-01 12:00:00,36.2,26,37.5,0.0,60,7.9,30.2,2025,5,1,12,121,Summer,0
2025-05-01 13:00:00,36.6,25,37.5,0.0,14,6.8,26.3,2025,5,1,13,121,Summer,0
2025-05-01 14:00:00,37.6,19,38.5,0.0,100,2.2,23.0,2025,5,1,14,121,Summer,0
2025-05-01 15:00:00,36.3,19,35.1,0.0,100,5.4,17.6,2025,5,1,15,121,Summer,0
2025-05-01 16:00:00,36.5,20,35.1,0.0,57,8.9,23.4,2025,5,1,16,121,Summer,0
2025-05-01 17:00:00,35.4,23,34.0,0.0,77,11.3,28.4,2025,5,1,17,121,Summer,0
2025-05-01 18:00:00,35.4,22,34.6,0.0,100,6.6,23.4,2025,5,1,18,121,Summer,0
2025-05-01 19:00:00,34.2,24,33.2,0.0,99,8.3,16.6,2025,5,1,19,121,Summer,0
2025-05-01 20:00:00,33.0,26,31.9,0.0,98,9.5,19.1,2025,5,1,20,121,Summer,0
2025-05-01 21:00:00,32.0,28,30.9,0.0,85,9.9,20.2,2025,5,1,21,121,Summer,0
2025-05-01 22:00:00,30.2,37,29.4,0.0,5,13.5,28.1,2025,5,1,22,121,Summer,0
2025-05-01 23:00:00,28.9,45,28.6,0.0,20,14.7,31.0,2025,5,1,23,121,Summer,0
2025-05-02 00:00:00,28.4,46,28.3,0.0,78,13.3,31.0,2025,5,2,0,122,Summer,0
2025-05-02 01:00:00,27.9,47,27.9,0.0,56,12.7,27.7,2025,5,2,1,122,Summer,0
2025-05-02 02:00:00,27.5,48,27.6,0.0,20,12.0,26.6,2025,5,2,2,122,Summer,0
2025-05-02 03:00:00,26.9,50,27.0,0.0,0,12.1,25.2,2025,5,2,3,122,Summer,0
2025-05-02 04:00:00,26.5,50,26.4,0.0,4,12.7,26.3,2025,5,2,4,122,Summer,0
2025-05-02 05:00:00,26.0,52,26.1,0.0,40,11.9,26.3,2025,5,2,5,122,Summer,0
2025-05-02 06:00:00,22.5,93,26.3,3.2,100,5.3,22.0,2025,5,2,6,122,Summer,1
2025-05-02 07:00:00,22.5,94,26.3,3.5,100,4.9,13.7,2025,5,2,7,122,Summer,1
2025-05-02 08:00:00,22.2,95,25.2,2.2,100,10.8,19.4,2025,5,2,8,122,Summer,1
2025-05-02 09:00:00,21.7,95,24.3,2.2,100,11.3,28.1,2025,5,2,9,122,Summer,1
2025-05-02 10:00:00,22.7,90,25.5,1.2,100,10.1,22.7,2025,5,2,10,122,Summer,1
2025-05-02 11:00:00,24.0,82,26.8,0.1,100,9.7,27.0,2025,5,2,11,122,Summer,1
2025-05-02 12:00:00,25.6,73,28.3,0.0,100,9.4,26.6,2025,5,2,12,122,Summer,0
2025-05-02 13:00:00,26.6,68,29.4,0.0,98,10.3,26.3,2025,5,2,13,122,Summer,0
2025-05-02 14:00:00,27.7,64,31.0,0.0,38,9.0,27.4,2025,5,2,14,122,Summer,0
2025-05-02 15:00:00,28.2,63,31.5,0.0,58,7.8,23.8,2025,5,2,15,122,Summer,0
2025-05-02 16:00:00,28.3,61,31.3,0.0,70,5.9,20.9,2025,5,2,16,122,Summer,0
2025-05-02 17:00:00,28.2,61,31.0,0.0,72,6.3,15.8,2025,5,2,17,122,Summer,0
2025-05-02 18:00:00,28.6,53,30.6,0.0,82,5.7,16.6,2025,5,2,18,122,Summer,0
2025-05-02 19:00:00,28.1,55,30.5,0.0,44,3.7,14.8,2025,5,2,19,122,Summer,0
2025-05-02 20:00:00,27.9,56,30.2,0.0,65,4.6,10.1,2025,5,2,20,122,Summer,0
2025-05-02 21:00:00,27.7,56,30.0,0.0,10,4.9,11.2,2025,5,2,21,122,Summer,0
2025-05-02 22:00:00,27.3,58,29.8,0.0,98,3.9,9.7,2025,5,2,22,122,Summer,0
2025-05-02 23:00:00,26.8,61,29.4,0.0,68,3.3,7.9,2025,5,2,23,122,Summer,0
2025-05-03 00:00:00,26.1,64,28.9,0.0,89,2.5,6.5,2025,5,3,0,123,Summer,0
2025-05-03 01:00:00,25.5,66,27.8,0.0,59,5.6,10.4,2025,5,3,1,123,Summer,0
2025-05-03 02:00:00,24.9,68,27.2,0.0,79,5.7,11.2,2025,5,3,2,123,Summer,0
2025-05-03 03:00:00,24.5,69,26.8,0.0,51,5.9,12.6,2025,5,3,3,123,Summer,0
2025-05-03 04:00:00,24.0,72,26.9,0.0,100,2.3,11.5,2025,5,3,4,123,Summer,0
2025-05-03 05:00:00,24.0,72,27.0,0.0,69,1.1,4.0,2025,5,3,5,123,Summer,0
2025-05-03 06:00:00,24.6,77,27.9,0.0,63,5.4,14.4,2025,5,3,6,123,Summer,0
2025-05-03 07:00:00,25.5,73,28.2,0.0,19,8.5,20.5,2025,5,3,7,123,Summer,0
2025-05-03 08:00:00,27.9,59,30.7,0.0,58,4.8,23.8,2025,5,3,8,123,Summer,0
2025-05-03 09:00:00,29.8,50,31.5,0.0,20,9.1,26.6,2025,5,3,9,123,Summer,0
2025-05-03 10:00:00,32.0,40,34.7,0.0,64,3.5,27.0,2025,5,3,10,123,Summer,0
2025-05-03 11:00:00,32.3,34,33.6,0.0,44,4.7,29.9,2025,5,3,11,123,Summer,0
2025-05-03 12:00:00,33.9,31,35.3,0.0,15,7.4,25.2,2025,5,3,12,123,Summer,0
2025-05-03 13:00:00,35.4,29,38.1,0.0,28,4.8,25.6,2025,5,3,13,123,Summer,0
2025-05-03 14:00:00,28.4,56,32.1,3.4,98,2.9,21.6,2025,5,3,14,123,Summer,1
2025-05-03 15:00:00,29.6,48,31.8,0.0,98,3.1,17.6,2025,5,3,15,123,Summer,0
2025-05-03 16:00:00,30.5,45,32.0,0.0,93,6.9,21.2,2025,5,3,16,123,Summer,0
2025-05-03 17:00:00,30.3,45,32.1,0.0,100,4.1,18.0,2025,5,3,17,123,Summer,0
2025-05-03 18:00:00,28.4,49,29.0,0.0,67,12.3,49.0,2025,5,3,18,123,Summer,0
2025-05-03 19:00:00,28.8,49,30.2,0.0,100,7.1,25.6,2025,5,3,19,123,Summer,0
2025-05-03 20:00:00,28.9,48,30.5,0.0,80,5.1,18.4,2025,5,3,20,123,Summer,0
2025-05-03 21:00:00,28.5,49,30.3,0.0,100,4.0,11.2,2025,5,3,21,123,Summer,0
2025-05-03 22:00:00,28.1,50,29.9,0.0,100,3.6,7.9,2025,5,3,22,123,Summer,0
2025-05-03 23:00:00,27.6,51,29.0,0.0,100,6.0,11.9,2025,5,3,23,123,Summer,0
2025-05-04 00:00:00,27.1,52,28.5,0.0,100,5.5,12.6,2025,5,4,0,124,Summer,0
2025-05-04 01:00:00,26.8,53,28.5,0.0,51,3.4,10.8,2025,5,4,1,124,Summer,0
2025-05-04 02:00:00,26.2,55,27.9,0.0,65,4.0,8.3,2025,5,4,2,124,Summer,0
2025-05-04 03:00:00,25.6,58,27.0,0.0,100,6.0,12.2,2025,5,4,3,124,Summer,0
2025-05-04 04:00:00,24.9,62,26.5,0.0,100,6.1,12.2,2025,5,4,4,124,Summer,0
2025-05-04 05:00:00,24.4,64,26.0,0.0,100,6.3,12.6,2025,5,4,5,124,Summer,0
2025-05-04 06:00:00,27.4,64,30.8,0.0,99,3.1,5.4,2025,5,4,6,124,Summer,0
2025-05-04 07:00:00,28.1,65,31.9,0.0,85,3.4,10.8,2025,5,4,7,124,Summer,0
2025-05-04 08:00:00,30.0,59,33.9,0.0,98,3.6,14.0,2025,5,4,8,124,Summer,0
2025-05-04 09:00:00,32.1,49,35.1,0.0,91,5.4,19.4,2025,5,4,9,124,Summer,0
2025-05-04 10:00:00,34.0,39,37.0,0.0,77,4.7,20.2,2025,5,4,10,124,Summer,0
2025-05-04 11:00:00,34.8,35,38.5,0.0,74,2.4,20.2,2025,5,4,11,124,Summer,0
2025-05-04 12:00:00,32.0,41,33.9,0.0,94,7.8,30.2,2025,5,4,12,124,Summer,0
2025-05-04 13:00:00,32.3,40,33.3,0.4,96,11.5,30.6,2025,5,4,13,124,Summer,1
2025-05-04 14:00:00,31.1,49,34.4,1.6,99,0.8,35.6,2025,5,4,14,124,Summer,1
2025-05-04 15:00:00,31.5,45,33.6,0.0,100,4.9,16.6,2025,5,4,15,124,Summer,0
2025-05-04 16:00:00,32.5,41,34.5,0.0,100,4.0,15.5,2025,5,4,16,124,Summer,0
2025-05-04 17:00:00,32.3,41,34.0,0.0,100,6.6,15.8,2025,5,4,17,124,Summer,0
2025-05-04 18:00:00,32.7,36,33.1,0.0,100,10.3,24.8,2025,5,4,18,124,Summer,0
2025-05-04 19:00:00,31.5,40,32.9,0.0,96,5.8,24.5,2025,5,4,19,124,Summer,0
2025-05-04 20:00:00,31.0,43,32.7,0.0,100,4.2,11.9,2025,5,4,20,124,Summer,0
2025-05-04 21:00:00,30.7,45,33.1,0.0,95,1.0,10.1,2025,5,4,21,124,Summer,0
2025-05-04 22:00:00,30.2,46,32.2,0.0,100,3.6,7.6,2025,5,4,22,124,Summer,0
2025-05-04 23:00:00,29.1,52,31.3,0.0,91,6.0,13.0,2025,5,4,23,124,Summer,0
2025-05-05 00:00:00,27.8,62,30.5,0.0,5,7.4,15.8,2025,5,5,0,125,Summer,0
2025-05-05 01:00:00,26.8,68,29.8,0.0,0,7.4,15.8,2025,5,5,1,125,Summer,0
2025-05-05 02:00:00,26.1,72,29.0,0.0,87,8.7,17.6,2025,5,5,2,125,Summer,0
2025-05-05 03:00:00,25.7,73,28.6,0.0,100,7.9,17.6,2025,5,5,3,125,Summer,0
2025-05-05 04:00:00,25.3,74,28.5,0.0,99,6.1,15.8,2025,5,5,4,125,Summer,0
2025-05-05 05:00:00,25.0,74,27.9,0.0,65,6.4,13.3,2025,5,5,5,125,Summer,0
2025-05-05 06:00:00,24.2,71,26.1,0.0,99,8.0,20.5,2025,5,5,6,125,Summer,0
2025-05-05 07:00:00,25.4,65,27.0,0.0,100,9.8,24.1,2025,5,5,7,125,Summer,0
2025-05-05 08:00:00,27.0,60,28.5,0.0,100,10.5,27.0,2025,5,5,8,125,Summer,0
2025-05-05 09:00:00,29.0,53,30.5,0.0,100,11.1,30.6,2025,5,5,9,125,Summer,0
2025-05-05 10:00:00,31.2,45,33.1,0.0,100,9.7,30.2,2025,5,5,10,125,Summer,0
2025-05-05 11:00:00,32.8,39,35.0,0.0,99,8.6,29.5,2025,5,5,11,125,Summer,0
2025-05-05 12:00:00,33.8,34,36.1,0.0,100,6.9,29.5,2025,5,5,12,125,Summer,0
2025-05-05 13:00:00,35.0,30,36.9,0.0,100,4.0,25.9,2025,5,5,13,125,Summer,0
2025-05-05 14:00:00,35.6,28,37.3,0.0,100,2.7,20.2,2025,5,5,14,125,Summer,0
2025-05-05 15:00:00,33.0,36,33.2,0.1,100,12.7,33.1,2025,5,5,15,125,Summer,1
2025-05-05 16:00:00,32.9,37,33.5,0.0,100,10.1,35.6,2025,5,5,16,125,Summer,0
2025-05-05 17:00:00,32.0,40,32.3,0.0,100,13.4,32.0,2025,5,5,17,125,Summer,0
2025-05-05 18:00:00,28.4,60,31.0,0.0,100,7.8,17.6,2025,5,5,18,125,Summer,0
2025-05-05 19:00:00,27.0,66,29.3,0.0,100,10.1,20.5,2025,5,5,19,125,Summer,0
2025-05-05 20:00:00,25.9,71,28.8,0.0,100,7.8,22.0,2025,5,5,20,125,Summer,0
2025-05-05 21:00:00,25.3,75,28.1,0.0,100,8.4,16.6,2025,5,5,21,125,Summer,0
2025-05-05 22:00:00,24.7,77,27.9,0.0,100,6.3,16.9,2025,5,5,22,125,Summer,0
2025-05-05 23:00:00,24.2,79,27.1,0.0,100,7.1,13.7,2025,5,5,23,125,Summer,0
2025-05-06 00:00:00,23.8,80,26.7,0.0,81,6.6,14.0,2025,5,6,0,126,Summer,0
2025-05-06 01:00:00,23.4,82,26.6,0.0,25,4.8,13.0,2025,5,6,1,126,Summer,0
2025-05-06 02:00:00,23.1,83,26.4,0.0,0,4.0,9.4,2025,5,6,2,126,Summer,0
2025-05-06 03:00:00,22.9,83,26.1,0.0,0,4.1,7.9,2025,5,6,3,126,Summer,0
2025-05-06 04:00:00,22.6,85,25.6,0.0,12,5.6,11.2,2025,5,6,4,126,Summer,0
2025-05-06 05:00:00,22.2,87,25.4,0.0,90,4.2,11.2,2025,5,6,5,126,Summer,0
2025-05-06 06:00:00,23.6,81,26.8,0.0,100,5.3,11.2,2025,5,6,6,126,Summer,0
2025-05-06 07:00:00,24.9,75,28.1,0.0,99,4.9,13.7,2025,5,6,7,126,Summer,0
2025-05-06 08:00:00,26.7,66,29.7,0.0,100,5.8,17.6,2025,5,6,8,126,Summer,0
2025-05-06 09:00:00,28.7,57,31.0,0.0,100,7.7,22.7,2025,5,6,9,126,Summer,0
2025-05-06 10:00:00,30.4,49,33.1,0.0,100,7.6,24.1,2025,5,6,10,126,Summer,0
2025-05-06 11:00:00,31.6,44,34.6,0.0,100,7.2,23.8,2025,5,6,11,126,Summer,0
2025-05-06 12:00:00,32.8,40,35.7,0.0,100,8.2,26.3,2025,5,6,12,126,Summer,0
2025-05-06 13:00:00,33.5,38,35.9,0.0,100,8.3,27.0,2025,5,6,13,126,Summer,0
2025-05-06 14:00:00,34.4,33,36.0,0.0,100,7.6,26.3,2025,5,6,14,126,Summer,0
2025-05-06 15:00:00,28.1,59,28.8,0.3,83,19.3,46.4,2025,5,6,15,126,Summer,1
2025-05-06 16:00:00,30.3,48,32.1,0.1,77,7.6,43.2,2025,5,6,16,126,Summer,1
2025-05-06 17:00:00,30.6,47,31.9,0.0,27,10.2,25.9,2025,5,6,17,126,Summer,0
2025-05-06 18:00:00,29.4,52,31.3,0.0,32,8.8,17.6,2025,5,6,18,126,Summer,0
2025-05-06 19:00:00,28.0,58,30.0,0.0,16,8.4,18.0,2025,5,6,19,126,Summer,0
2025-05-06 20:00:00,27.4,57,29.2,0.0,57,8.3,16.6,2025,5,6,20,126,Summer,0
2025-05-06 21:00:00,26.8,60,28.6,0.0,97,8.5,18.7,2025,5,6,21,126,Summer,0
2025-05-06 22:00:00,26.1,62,28.0,0.0,98,8.3,16.2,2025,5,6,22,126,Summer,0
2025-05-06 23:00:00,25.6,64,27.4,0.0,100,8.7,17.6,2025,5,6,23,126,Summer,0
2025-05-07 00:00:00,25.2,67,27.1,0.0,100,8.2,16.9,2025,5,7,0,127,Summer,0
2025-05-07 01:00:00,24.9,69,27.0,0.0,100,7.6,15.8,2025,5,7,1,127,Summer,0
2025-05-07 02:00:00,24.6,71,26.9,0.0,100,7.1,14.8,2025,5,7,2,127,Summer,0
2025-05-07 03:00:00,24.3,73,26.8,0.0,100,6.7,13.7,2025,5,7,3,127,Summer,0
2025-05-07 04:00:00,24.0,75,26.4,0.0,44,7.4,14.0,2025,5,7,4,127,Summer,0
2025-05-07 05:00:00,23.7,77,25.8,0.0,78,9.1,17.6,2025,5,7,5,127,Summer,0
2025-05-07 06:00:00,24.8,78,27.8,0.0,93,7.9,18.4,2025,5,7,6,127,Summer,0
2025-05-07 07:00:00,25.8,74,28.9,0.0,94,7.8,19.1,2025,5,7,7,127,Summer,0
2025-05-07 08:00:00,27.6,64,30.3,0.0,63,7.6,21.6,2025,5,7,8,127,Summer,0
2025-05-07 09:00:00,29.0,57,31.5,0.0,99,7.5,21.6,2025,5,7,9,127,Summer,0
2025-05-07 10:00:00,30.0,52,32.2,0.1,100,10.7,31.3,2025,5,7,10,127,Summer,1
2025-05-07 11:00:00,31.0,46,33.0,0.0,99,10.5,33.1,2025,5,7,11,127,Summer,0
2025-05-07 12:00:00,32.3,41,34.6,0.0,100,10.0,32.8,2025,5,7,12,127,Summer,0
2025-05-07 13:00:00,33.2,38,35.2,0.0,93,10.6,31.7,2025,5,7,13,127,Summer,0
2025-05-07 14:00:00,33.3,37,34.9,0.3,86,10.0,30.2,2025,5,7,14,127,Summer,1
2025-05-07 15:00:00,32.8,39,33.8,0.0,58,10.0,28.8,2025,5,7,15,127,Summer,0
2025-05-07 16:00:00,32.8,39,33.8,0.0,62,9.5,28.1,2025,5,7,16,127,Summer,0
2025-05-07 17:00:00,31.4,42,32.3,0.0,73,10.4,26.6,2025,5,7,17,127,Summer,0
2025-05-07 18:00:00,27.1,74,31.5,0.1,57,3.3,11.5,2025,5,7,18,127,Summer,1
2025-05-07 19:00:00,26.9,74,31.4,0.0,1,1.8,9.4,2025,5,7,19,127,Summer,0
2025-05-07 20:00:00,26.7,76,31.1,0.0,1,3.6,6.8,2025,5,7,20,127,Summer,0
2025-05-07 21:00:00,26.2,74,30.1,0.0,8,4.1,10.4,2025,5,7,21,127,Summer,0
2025-05-07 22:00:00,25.8,77,29.9,0.0,37,3.2,7.9,2025,5,7,22,127,Summer,0
2025-05-07 23:00:00,25.3,79,29.4,0.0,19,3.3,5.8,2025,5,7,23,127,Summer,0
2025-05-08 00:00:00,25.1,80,29.4,0.0,66,1.8,5.8,2025,5,8,0,128,Summer,0
2025-05-08 01:00:00,24.8,81,28.9,0.0,43,2.8,4.7,2025,5,8,1,128,Summer,0
2025-05-08 02:00:00,24.6,82,28.6,0.0,55,3.5,5.8,2025,5,8,2,128,Summer,0
2025-05-08 03:00:00,24.3,82,28.1,0.0,21,3.9,6.5,2025,5,8,3,128,Summer,0
2025-05-08 04:00:00,24.2,81,27.7,0.0,9,4.4,7.9,2025,5,8,4,128,Summer,0
2025-05-08 05:00:00,23.9,81,27.2,0.0,5,4.8,9.0,2025,5,8,5,128,Summer,0
2025-05-08 06:00:00,24.4,82,28.3,2.5,98,3.2,20.9,2025,5,8,6,128,Summer,1
2025-05-08 07:00:00,25.0,81,28.2,0.0,99,9.4,19.4,2025,5,8,7,128,Summer,0
2025-05-08 08:00:00,26.7,68,29.8,0.0,14,6.2,21.6,2025,5,8,8,128,Summer,0
2025-05-08 09:00:00,29.4,57,32.0,0.0,5,8.2,22.3,2025,5,8,9,128,Summer,0
2025-05-08 10:00:00,31.0,51,33.8,0.0,2,9.9,27.0,2025,5,8,10,128,Summer,0
2025-05-08 11:00:00,30.7,51,33.9,0.0,30,11.6,29.9,2025,5,8,11,128,Summer,0
2025-05-08 12:00:00,31.2,48,33.9,0.0,62,9.9,32.0,2025,5,8,12,128,Summer,0
2025-05-08 13:00:00,31.6,47,34.5,0.0,97,9.4,31.0,2025,5,8,13,128,Summer,0
2025-05-08 14:00:00,31.3,49,33.7,0.0,100,7.5,27.4,2025,5,8,14,128,Summer,0
2025-05-08 15:00:00,31.9,48,34.9,0.0,100,4.6,23.8,2025,5,8,15,128,Summer,0
2025-05-08 16:00:00,29.8,54,32.4,0.2,98,6.1,21.2,2025,5,8,16,128,Summer,1
2025-05-08 17:00:00,29.8,56,32.7,0.0,91,6.4,18.0,2025,5,8,17,128,Summer,0
2025-05-08 18:00:00,32.4,36,33.7,0.0,33,2.9,16.6,2025,5,8,18,128,Summer,0
2025-05-08 19:00:00,31.2,43,33.2,0.0,24,3.1,5.8,2025,5,8,19,128,Summer,0
2025-05-08 20:00:00,30.3,46,32.1,0.0,21,5.6,10.4,2025,5,8,20,128,Summer,0
2025-05-08 21:00:00,29.2,52,31.5,0.0,6,5.3,11.9,2025,5,8,21,128,Summer,0
2025-05-08 22:00:00,28.4,56,30.8,0.0,12,5.2,10.4,2025,5,8,22,128,Summer,0
2025-05-08 23:00:00,27.9,57,30.2,0.0,25,6.5,13.0,2025,5,8,23,128,Summer,0
2025-05-09 00:00:00,26.9,63,28.9,0.0,35,9.8,19.4,2025,5,9,0,129,Summer,0
2025-05-09 01:00:00,26.3,65,28.5,0.0,64,8.2,20.5,2025,5,9,1,129,Summer,0
2025-05-09 02:00:00,26.0,66,28.4,0.0,78,6.9,15.8,2025,5,9,2,129,Summer,0
2025-05-09 03:00:00,25.8,67,28.4,0.0,35,5.4,13.3,2025,5,9,3,129,Summer,0
2025-05-09 04:00:00,25.5,69,28.4,0.0,18,4.2,10.4,2025,5,9,4,129,Summer,0
2025-05-09 05:00:00,25.1,71,28.0,0.0,13,4.0,8.6,2025,5,9,5,129,Summer,0
2025-05-09 06:00:00,26.3,67,29.2,0.0,19,5.4,13.3,2025,5,9,6,129,Summer,0
2025-05-09 07:00:00,27.5,62,30.3,0.0,5,5.2,15.5,2025,5,9,7,129,Summer,0
2025-05-09 08:00:00,29.6,55,32.9,0.0,23,2.4,14.0,2025,5,9,8,129,Summer,0
2025-05-09 09:00:00,31.6,48,34.5,0.0,16,4.0,16.6,2025,5,9,9,129,Summer,0
2025-05-09 10:00:00,32.8,44,36.0,0.0,11,5.2,24.5,2025,5,9,10,129,Summer,0
2025-05-09 11:00:00,34.0,39,37.3,0.0,12,6.9,26.6,2025,5,9,11,129,Summer,0
2025-05-09 12:00:00,35.2,35,38.6,0.0,9,6.8,26.6,2025,5,9,12,129,Summer,0
2025-05-09 13:00:00,36.3,31,39.4,0.0,13,6.3,25.9,2025,5,9,13,129,Summer,0
2025-05-09 14:00:00,37.0,29,39.0,0.0,27,7.3,24.8,2025,5,9,14,129,Summer,0
2025-05-09 15:00:00,37.1,28,38.0,0.0,100,7.6,24.5,2025,5,9,15,129,Summer,0
2025-05-09 16:00:00,32.9,43,34.7,1.0,88,9.1,28.8,2025,5,9,16,129,Summer,1
2025-05-09 17:00:00,31.9,45,34.0,0.1,92,7.2,24.8,2025,5,9,17,129,Summer,1
2025-05-09 18:00:00,34.1,34,35.3,0.0,35,5.0,16.2,2025,5,9,18,129,Summer,0
2025-05-09 19:00:00,33.0,37,34.3,0.0,38,5.4,12.6,2025,5,9,19,129,Summer,0
2025-05-09 20:00:00,32.1,39,33.6,0.0,19,4.3,13.3,2025,5,9,20,129,Summer,0
2025-05-09 21:00:00,31.1,44,33.3,0.0,11,2.4,9.0,2025,5,9,21,129,Summer,0
2025-05-09 22:00:00,30.4,46,32.7,0.0,8,2.8,6.8,2025,5,9,22,129,Summer,0
2025-05-09 23:00:00,29.9,54,33.2,0.0,9,1.3,6.5,2025,5,9,23,129,Summer,0
2025-05-10 00:00:00,29.5,54,32.7,0.0,8,1.2,4.0,2025,5,10,0,130,Summer,0
2025-05-10 01:00:00,28.9,55,31.9,0.0,7,2.3,5.8,2025,5,10,1,130,Summer,0
2025-05-10 02:00:00,28.7,54,31.5,0.0,9,1.3,4.7,2025,5,10,2,130,Summer,0
2025-05-10 03:00:00,28.1,52,30.2,0.0,6,3.4,7.2,2025,5,10,3,130,Summer,0
2025-05-10 04:00:00,27.5,54,29.4,0.0,20,4.5,9.0,2025,5,10,4,130,Summer,0
2025-05-10 05:00:00,26.6,59,29.0,0.0,30,3.3,8.6,2025,5,10,5,130,Summer,0
2025-05-10 06:00:00,28.3,60,31.3,0.0,32,4.4,9.7,2025,5,10,6,130,Summer,0
2025-05-10 07:00:00,29.7,55,33.0,0.0,21,2.8,10.8,2025,5,10,7,130,Summer,0
2025-05-10 08:00:00,32.0,47,34.9,0.0,6,3.6,14.4,2025,5,10,8,130,Summer,0
2025-05-10 09:00:00,33.8,39,36.1,0.0,2,3.6,18.7,2025,5,10,9,130,Summer,0
2025-05-10 10:00:00,35.1,35,37.7,0.0,11,4.8,20.2,2025,5,10,10,130,Summer,0
2025-05-10 11:00:00,36.2,32,39.3,0.0,16,4.9,21.2,2025,5,10,11,130,Summer,0
2025-05-10 12:00:00,37.1,30,40.3,0.0,100,4.8,22.3,2025,5,10,12,130,Summer,0
2025-05-10 13:00:00,36.2,30,37.3,0.0,100,5.6,21.6,2025,5,10,13,130,Summer,0
2025-05-10 14:00:00,29.1,60,30.6,1.5,45,18.2,50.0,2025,5,10,14,130,Summer,1
2025-05-10 15:00:00,32.2,45,34.3,0.0,31,7.2,41.4,2025,5,10,15,130,Summer,0
2025-05-10 16:00:00,32.9,45,35.2,0.0,27,8.6,23.0,2025,5,10,16,130,Summer,0
2025-05-10 17:00:00,31.5,50,34.0,0.0,84,8.5,28.8,2025,5,10,17,130,Summer,0
2025-05-10 18:00:00,31.6,51,35.2,0.0,8,2.7,6.8,2025,5,10,18,130,Summer,0
2025-05-10 19:00:00,30.2,57,33.7,0.0,5,5.0,9.0,2025,5,10,19,130,Summer,0
2025-05-10 20:00:00,29.4,68,34.3,0.0,63,3.0,10.1,2025,5,10,20,130,Summer,0
2025-05-10 21:00:00,29.3,69,34.5,0.0,28,2.0,4.7,2025,5,10,21,130,Summer,0
2025-05-10 22:00:00,29.1,67,34.1,0.0,13,0.6,3.6,2025,5,10,22,130,Summer,0
2025-05-10 23:00:00,28.6,69,33.5,0.0,0,1.0,1.8,2025,5,10,23,130,Summer,0
2025-05-11 00:00:00,28.2,70,32.9,0.0,0,1.4,2.9,2025,5,11,0,131,Summer,0
2025-05-11 01:00:00,27.4,73,32.1,0.0,0,2.3,4.3,2025,5,11,1,131,Summer,0
2025-05-11 02:00:00,26.7,73,30.7,0.0,0,4.1,8.3,2025,5,11,2,131,Summer,0
2025-05-11 03:00:00,26.1,76,30.1,0.0,0,3.7,8.3,2025,5,11,3,131,Summer,0
2025-05-11 04:00:00,25.5,78,29.5,0.0,0,3.8,7.9,2025,5,11,4,131,Summer,0
2025-05-11 05:00:00,25.1,79,29.1,0.0,0,3.5,7.9,2025,5,11,5,131,Summer,0
2025-05-11 06:00:00,26.3,80,30.8,0.0,0,4.5,9.0,2025,5,11,6,131,Summer,0
2025-05-11 07:00:00,27.7,71,32.2,0.0,0,2.7,10.1,2025,5,11,7,131,Summer,0
2025-05-11 08:00:00,29.7,60,33.6,0.0,0,3.5,13.3,2025,5,11,8,131,Summer,0
2025-05-11 09:00:00,31.7,49,34.6,0.0,0,5.4,18.0,2025,5,11,9,131,Summer,0
2025-05-11 10:00:00,33.3,43,36.6,0.0,0,5.8,19.8,2025,5,11,10,131,Summer,0
2025-05-11 11:00:00,34.8,38,38.3,0.0,8,6.5,25.2,2025,5,11,11,131,Summer,0
2025-05-11 12:00:00,36.1,33,39.2,0.0,7,6.8,25.2,2025,5,11,12,131,Summer,0
2025-05-11 13:00:00,37.2,29,39.8,0.0,15,7.6,25.2,2025,5,11,13,131,Summer,0
2025-05-11 14:00:00,37.8,26,38.8,0.0,18,9.8,28.1,2025,5,11,14,131,Summer,0
2025-05-11 15:00:00,38.0,23,37.5,0.0,20,11.1,30.6,2025,5,11,15,131,Summer,0
2025-05-11 16:00:00,38.2,22,37.9,0.0,7,8.0,29.9,2025,5,11,16,131,Summer,0
2025-05-11 17:00:00,37.9,22,37.2,0.0,11,9.2,22.7,2025,5,11,17,131,Summer,0
2025-05-11 18:00:00,35.8,40,39.7,0.0,5,0.6,10.4,2025,5,11,18,131,Summer,0
2025-05-11 19:00:00,34.1,43,37.6,0.0,35,0.7,2.2,2025,5,11,19,131,Summer,0
2025-05-11 20:00:00,32.8,32,32.0,0.0,22,14.0,29.5,2025,5,11,20,131,Summer,0
2025-05-11 21:00:00,31.0,38,31.7,0.0,38,7.4,30.2,2025,5,11,21,131,Summer,0
2025-05-11 22:00:00,30.0,44,31.5,0.0,22,5.6,15.5,2025,5,11,22,131,Summer,0
2025-05-11 23:00:00,29.7,43,30.7,0.0,3,6.5,12.6,2025,5,11,23,131,Summer,0
2025-05-12 00:00:00,28.8,44,29.7,0.0,0,6.5,13.3,2025,5,12,0,132,Summer,0
2025-05-12 01:00:00,27.9,50,29.3,0.0,0,5.6,12.6,2025,5,12,1,132,Summer,0
2025-05-12 02:00:00,27.8,52,29.9,0.0,0,2.8,9.4,2025,5,12,2,132,Summer,0
2025-05-12 03:00:00,27.6,51,29.8,0.0,0,0.7,4.0,2025,5,12,3,132,Summer,0
2025-05-12 04:00:00,26.8,54,28.7,0.0,0,2.7,4.0,2025,5,12,4,132,Summer,0
2025-05-12 05:00:00,25.5,56,26.9,0.0,0,5.1,9.0,2025,5,12,5,132,Summer,0
2025-05-12 06:00:00,26.2,57,27.9,0.0,0,5.6,13.7,2025,5,12,6,132,Summer,0
2025-05-12 07:00:00,27.9,52,29.6,0.0,0,5.6,15.1,2025,5,12,7,132,Summer,0
2025-05-12 08:00:00,30.7,42,32.1,0.0,1,5.2,16.9,2025,5,12,8,132,Summer,0
2025-05-12 09:00:00,33.1,34,33.7,0.0,3,7.6,23.0,2025,5,12,9,132,Summer,0
2025-05-12 10:00:00,35.1,28,35.9,0.0,0,9.0,27.0,2025,5,12,10,132,Summer,0
2025-05-12 11:00:00,36.9,24,37.6,0.0,0,11.1,31.7,2025,5,12,11,132,Summer,0
2025-05-12 12:00:00,38.2,22,39.0,0.0,1,11.3,34.2,2025,5,12,12,132,Summer,0
2025-05-12 13:00:00,39.2,19,39.6,0.0,14,11.3,33.5,2025,5,12,13,132,Summer,0
2025-05-12 14:00:00,39.6,18,38.9,0.0,11,12.5,34.9,2025,5,12,14,132,Summer,0
2025-05-12 15:00:00,39.4,17,37.7,0.0,17,13.5,36.0,2025,5,12,15,132,Summer,0
2025-05-12 16:00:00,39.2,17,37.4,0.0,6,12.2,36.0,2025,5,12,16,132,Summer,0
2025-05-12 17:00:00,38.6,18,37.0,0.0,23,10.8,32.0,2025,5,12,17,132,Summer,0
2025-05-12 18:00:00,36.9,19,36.0,0.0,0,5.7,23.0,2025,5,12,18,132,Summer,0
2025-05-12 19:00:00,35.3,28,36.4,0.0,1,1.3,12.2,2025,5,12,19,132,Summer,0
2025-05-12 20:00:00,34.7,34,36.9,0.0,0,0.3,3.2,2025,5,12,20,132,Summer,0
2025-05-12 21:00:00,33.6,31,34.8,0.0,0,0.8,3.2,2025,5,12,21,132,Summer,0
2025-05-12 22:00:00,31.7,31,31.9,0.0,0,4.2,7.6,2025,5,12,22,132,Summer,0
2025-05-12 23:00:00,31.1,32,31.1,0.0,0,5.4,11.5,2025,5,12,23,132,Summer,0
2025-05-13 00:00:00,30.5,33,30.3,0.0,0,5.7,11.2,2025,5,13,0,133,Summer,0
2025-05-13 01:00:00,29.6,34,29.4,0.0,0,5.2,12.6,2025,5,13,1,133,Summer,0
2025-05-13 02:00:00,29.5,33,29.0,0.0,0,6.3,13.0,2025,5,13,2,133,Summer,0
2025-05-13 03:00:00,28.7,35,28.0,0.0,0,8.3,15.8,2025,5,13,3,133,Summer,0
2025-05-13 04:00:00,28.4,35,27.3,0.0,0,10.2,20.5,2025,5,13,4,133,Summer,0
2025-05-13 05:00:00,28.1,35,26.9,0.0,0,10.3,20.5,2025,5,13,5,133,Summer,0
2025-05-13 06:00:00,30.1,37,29.9,0.0,84,9.4,22.3,2025,5,13,6,133,Summer,0
2025-05-13 07:00:00,31.2,35,31.1,0.0,3,8.3,20.2,2025,5,13,7,133,Summer,0
2025-05-13 08:00:00,32.9,31,32.7,0.0,6,9.0,24.1,2025,5,13,8,133,Summer,0
2025-05-13 09:00:00,34.9,28,34.5,0.0,0,10.7,29.2,2025,5,13,9,133,Summer,0
2025-05-13 10:00:00,37.0,24,36.9,0.0,0,12.6,34.2,2025,5,13,10,133,Summer,0
2025-05-13 11:00:00,39.0,19,38.7,0.0,1,14.0,37.8,2025,5,13,11,133,Summer,0
2025-05-13 12:00:00,40.3,16,39.9,0.0,5,13.9,40.7,2025,5,13,12,133,Summer,0
2025-05-13 13:00:00,41.0,15,40.3,0.0,13,13.3,38.9,2025,5,13,13,133,Summer,0
2025-05-13 14:00:00,41.3,14,40.1,0.0,58,13.3,37.1,2025,5,13,14,133,Summer,0
2025-05-13 15:00:00,40.7,14,38.0,0.0,48,13.8,36.7,2025,5,13,15,133,Summer,0
2025-05-13 16:00:00,40.5,14,37.9,0.0,16,13.7,36.4,2025,5,13,16,133,Summer,0
2025-05-13 17:00:00,38.9,16,35.7,0.0,1,18.7,42.8,2025,5,13,17,133,Summer,0
2025-05-13 18:00:00,38.2,17,36.4,0.0,2,9.2,24.1,2025,5,13,18,133,Summer,0
2025-05-13 19:00:00,36.8,18,34.7,0.0,0,11.4,25.2,2025,5,13,19,133,Summer,0
2025-05-13 20:00:00,35.2,21,33.9,0.0,1,7.2,25.2,2025,5,13,20,133,Summer,0
2025-05-13 21:00:00,33.9,22,32.9,0.0,1,5.1,15.1,2025,5,13,21,133,Summer,0
2025-05-13 22:00:00,33.6,22,32.4,0.0,0,5.5,11.5,2025,5,13,22,133,Summer,0
2025-05-13 23:00:00,32.9,22,31.7,0.0,0,5.5,11.2,2025,5,13,23,133,Summer,0
2025-05-14 00:00:00,32.2,23,30.9,0.0,0,6.3,12.2,2025,5,14,0,134,Summer,0
2025-05-14 01:00:00,31.8,23,30.3,0.0,0,7.4,15.1,2025,5,14,1,134,Summer,0
2025-05-14 02:00:00,31.2,25,29.3,0.0,0,9.9,19.4,2025,5,14,2,134,Summer,0
2025-05-14 03:00:00,30.2,27,28.6,0.0,0,8.6,20.2,2025,5,14,3,134,Summer,0
2025-05-14 04:00:00,29.1,28,27.2,0.0,0,10.7,21.6,2025,5,14,4,134,Summer,0
2025-05-14 05:00:00,28.5,29,26.6,0.0,0,10.3,22.7,2025,5,14,5,134,Summer,0
2025-05-14 06:00:00,28.6,36,28.0,0.0,0,8.0,17.3,2025,5,14,6,134,Summer,0
2025-05-14 07:00:00,30.2,33,29.8,0.0,0,6.9,17.6,2025,5,14,7,134,Summer,0
2025-05-14 08:00:00,32.6,29,32.2,0.0,0,7.0,20.5,2025,5,14,8,134,Summer,0
2025-05-14 09:00:00,35.1,25,34.5,0.0,0,8.6,25.6,2025,5,14,9,134,Summer,0
2025-05-14 10:00:00,37.2,23,37.4,0.0,0,10.2,29.9,2025,5,14,10,134,Summer,0
2025-05-14 11:00:00,38.9,20,39.4,0.0,5,11.2,32.8,2025,5,14,11,134,Summer,0
2025-05-14 12:00:00,40.3,16,40.3,0.0,12,11.9,34.2,2025,5,14,12,134,Summer,0
2025-05-14 13:00:00,41.0,13,40.0,0.0,4,13.4,37.1,2025,5,14,13,134,Summer,0
2025-05-14 14:00:00,41.2,12,39.4,0.0,4,13.6,37.4,2025,5,14,14,134,Summer,0
2025-05-14 15:00:00,41.1,12,38.5,0.0,1,14.0,36.7,2025,5,14,15,134,Summer,0
2025-05-14 16:00:00,40.9,12,37.8,0.0,1,13.4,36.4,2025,5,14,16,134,Summer,0
2025-05-14 17:00:00,40.2,12,36.7,0.0,2,16.2,37.1,2025,5,14,17,134,Summer,0
2025-05-14 18:00:00,39.6,13,37.1,0.0,0,9.6,28.1,2025,5,14,18,134,Summer,0
2025-05-14 19:00:00,37.9,15,36.2,0.0,0,5.7,22.0,2025,5,14,19,134,Summer,0
2025-05-14 20:00:00,37.0,17,35.5,0.0,0,5.6,12.2,2025,5,14,20,134,Summer,0
2025-05-14 21:00:00,35.5,20,34.7,0.0,0,3.3,12.2,2025,5,14,21,134,Summer,0
2025-05-14 22:00:00,34.3,23,33.7,0.0,0,3.6,10.1,2025,5,14,22,134,Summer,0
2025-05-14 23:00:00,34.0,23,33.9,0.0,0,0.8,6.8,2025,5,14,23,134,Summer,0
2025-05-15 00:00:00,33.2,30,34.1,0.0,0,0.7,4.0,2025,5,15,0,135,Summer,0
2025-05-15 01:00:00,31.9,27,31.8,0.0,0,1.3,4.3,2025,5,15,1,135,Summer,0
2025-05-15 02:00:00,31.2,29,31.3,0.0,0,1.1,4.3,2025,5,15,2,135,Summer,0
2025-05-15 03:00:00,30.7,30,30.9,0.0,0,0.6,3.6,2025,5,15,3,135,Summer,0
2025-05-15 04:00:00,30.0,32,30.4,0.0,0,1.0,2.5,2025,5,15,4,135,Summer,0
2025-05-15 05:00:00,29.7,33,30.1,0.0,0,0.5,2.9,2025,5,15,5,135,Summer,0
2025-05-15 06:00:00,30.3,32,29.7,0.0,0,7.3,16.2,2025,5,15,6,135,Summer,0
2025-05-15 07:00:00,31.8,30,31.4,0.0,0,6.2,16.9,2025,5,15,7,135,Summer,0
2025-05-15 08:00:00,34.1,26,33.9,0.0,0,6.0,19.1,2025,5,15,8,135,Summer,0
2025-05-15 09:00:00,36.8,22,36.4,0.0,0,6.2,20.9,2025,5,15,9,135,Summer,0
2025-05-15 10:00:00,38.6,19,38.6,0.0,0,8.8,27.0,2025,5,15,10,135,Summer,0
2025-05-15 11:00:00,39.8,17,39.9,0.0,0,10.7,31.7,2025,5,15,11,135,Summer,0
2025-05-15 12:00:00,40.8,15,40.7,0.0,0,11.7,34.2,2025,5,15,12,135,Summer,0
2025-05-15 13:00:00,41.6,13,41.0,0.0,0,11.8,34.2,2025,5,15,13,135,Summer,0
2025-05-15 14:00:00,41.9,12,40.6,0.0,0,12.2,34.9,2025,5,15,14,135,Summer,0
2025-05-15 15:00:00,41.7,12,39.7,0.0,0,12.2,34.9,2025,5,15,15,135,Summer,0
2025-05-15 16:00:00,41.3,13,38.8,0.0,0,11.6,33.1,2025,5,15,16,135,Summer,0
2025-05-15 17:00:00,41.0,13,38.6,0.0,0,10.0,30.6,2025,5,15,17,135,Summer,0
2025-05-15 18:00:00,40.1,13,37.9,0.0,0,8.6,29.2,2025,5,15,18,135,Summer,0
2025-05-15 19:00:00,38.6,14,36.6,0.0,0,7.4,20.2,2025,5,15,19,135,Summer,0
2025-05-15 20:00:00,37.8,15,35.8,0.0,0,8.1,17.3,2025,5,15,20,135,Summer,0
2025-05-15 21:00:00,36.8,15,34.8,0.0,0,6.8,17.3,2025,5,15,21,135,Summer,0
2025-05-15 22:00:00,36.1,15,34.2,0.0,0,5.9,14.4,2025,5,15,22,135,Summer,0
2025-05-15 23:00:00,34.6,17,32.8,0.0,0,5.1,11.5,2025,5,15,23,135,Summer,0
2025-05-16 00:00:00,33.1,20,31.5,0.0,0,6.1,13.3,2025,5,16,0,136,Summer,0
2025-05-16 01:00:00,31.8,23,30.5,0.0,0,5.2,12.6,2025,5,16,1,136,Summer,0
2025-05-16 02:00:00,31.3,24,30.0,0.0,0,5.7,12.2,2025,5,16,2,136,Summer,0
2025-05-16 03:00:00,30.3,26,29.2,0.0,0,5.1,11.5,2025,5,16,3,136,Summer,0
2025-05-16 04:00:00,29.4,28,28.1,0.0,0,6.2,13.0,2025,5,16,4,136,Summer,0
2025-05-16 05:00:00,28.8,29,27.6,0.0,0,6.0,12.6,2025,5,16,5,136,Summer,0
2025-05-16 06:00:00,31.2,30,31.2,0.0,0,2.7,6.1,2025,5,16,6,136,Summer,0
2025-05-16 07:00:00,33.7,25,32.9,0.0,0,7.0,15.5,2025,5,16,7,136,Summer,0
2025-05-16 08:00:00,35.9,22,34.9,0.0,1,7.9,22.0,2025,5,16,8,136,Summer,0
2025-05-16 09:00:00,37.4,20,36.2,0.0,0,9.6,27.0,2025,5,16,9,136,Summer,0
2025-05-16 10:00:00,39.4,18,38.6,0.0,0,12.2,33.1,2025,5,16,10,136,Summer,0
2025-05-16 11:00:00,40.7,17,40.3,0.0,8,13.9,37.4,2025,5,16,11,136,Summer,0
2025-05-16 12:00:00,41.8,15,40.8,0.0,8,17.2,47.9,2025,5,16,12,136,Summer,0
2025-05-16 13:00:00,42.4,13,40.8,0.0,46,17.0,47.9,2025,5,16,13,136,Summer,0
2025-05-16 14:00:00,42.4,13,39.6,0.0,22,18.1,44.6,2025,5,16,14,136,Summer,0
2025-05-16 15:00:00,42.7,13,39.9,0.0,15,17.2,45.7,2025,5,16,15,136,Summer,0
2025-05-16 16:00:00,41.9,13,39.8,0.0,3,10.7,42.8,2025,5,16,16,136,Summer,0
2025-05-16 17:00:00,39.8,17,37.8,0.0,6,14.0,32.8,2025,5,16,17,136,Summer,0
2025-05-16 18:00:00,36.7,30,36.5,0.0,5,15.5,37.4,2025,5,16,18,136,Summer,0
2025-05-16 19:00:00,35.2,35,36.4,0.0,2,8.7,33.5,2025,5,16,19,136,Summer,0
2025-05-16 20:00:00,34.6,35,35.8,0.0,3,7.7,18.7,2025,5,16,20,136,Summer,0
2025-05-16 21:00:00,33.6,36,34.7,0.0,0,7.9,18.4,2025,5,16,21,136,Summer,0
2025-05-16 22:00:00,33.0,36,33.6,0.0,17,8.9,18.0,2025,5,16,22,136,Summer,0
2025-05-16 23:00:00,32.4,37,32.8,0.0,13,10.3,21.2,2025,5,16,23,136,Summer,0
2025-05-17 00:00:00,31.4,41,32.6,0.0,2,7.8,23.0,2025,5,17,0,137,Summer,0
2025-05-17 01:00:00,30.7,44,32.1,0.0,11,7.1,15.8,2025,5,17,1,137,Summer,0
2025-05-17 02:00:00,29.7,46,31.6,0.0,29,3.8,15.1,2025,5,17,2,137,Summer,0
2025-05-17 03:00:00,29.8,44,31.1,0.0,23,5.6,11.2,2025,5,17,3,137,Summer,0
2025-05-17 04:00:00,29.7,41,30.4,0.0,30,6.3,15.1,2025,5,17,4,137,Summer,0
2025-05-17 05:00:00,29.2,39,29.8,0.0,21,4.6,13.0,2025,5,17,5,137,Summer,0
2025-05-17 06:00:00,32.9,28,31.9,0.0,25,10.5,28.1,2025,5,17,6,137,Summer,0
2025-05-17 07:00:00,33.4,28,33.7,0.0,15,3.1,24.1,2025,5,17,7,137,Summer,0
2025-05-17 08:00:00,34.8,27,34.3,0.0,4,9.9,25.2,2025,5,17,8,137,Summer,0
2025-05-17 09:00:00,36.5,25,36.6,0.0,15,6.0,27.4,2025,5,17,9,137,Summer,0
2025-05-17 10:00:00,39.1,22,39.6,0.0,0,9.4,28.1,2025,5,17,10,137,Summer,0
2025-05-17 11:00:00,40.6,21,41.4,0.0,0,12.4,42.5,2025,5,17,11,137,Summer,0
2025-05-17 12:00:00,41.5,19,42.1,0.0,11,13.9,42.5,2025,5,17,12,137,Summer,0
2025-05-17 13:00:00,41.3,17,40.6,0.0,15,15.4,46.4,2025,5,17,13,137,Summer,0
2025-05-17 14:00:00,42.8,14,40.9,0.0,29,15.9,41.4,2025,5,17,14,137,Summer,0
2025-05-17 15:00:00,42.1,14,39.0,0.0,25,19.7,49.0,2025,5,17,15,137,Summer,0
2025-05-17 16:00:00,42.0,14,39.1,0.0,38,17.9,47.5,2025,5,17,16,137,Summer,0
2025-05-17 17:00:00,41.4,15,38.6,0.0,14,18.0,43.2,2025,5,17,17,137,Summer,0
2025-05-17 18:00:00,38.8,21,38.4,0.0,6,7.4,17.6,2025,5,17,18,137,Summer,0
2025-05-17 19:00:00,36.1,26,35.1,0.0,2,14.1,31.0,2025,5,17,19,137,Summer,0
2025-05-17 20:00:00,34.8,29,34.9,0.0,0,9.0,31.7,2025,5,17,20,137,Summer,0
2025-05-17 21:00:00,33.6,32,34.4,0.0,0,5.7,18.7,2025,5,17,21,137,Summer,0
2025-05-17 22:00:00,32.6,35,33.3,0.0,0,6.7,14.0,2025,5,17,22,137,Summer,0
2025-05-17 23:00:00,31.7,37,32.1,0.0,0,8.0,16.2,2025,5,17,23,137,Summer,0
2025-05-18 00:00:00,30.9,37,31.1,0.0,0,8.5,17.3,2025,5,18,0,138,Summer,0
2025-05-18 01:00:00,30.1,39,30.2,0.0,0,8.8,18.0,2025,5,18,1,138,Summer,0
2025-05-18 02:00:00,29.5,39,29.6,0.0,0,8.7,18.7,2025,5,18,2,138,Summer,0
2025-05-18 03:00:00,29.7,34,28.9,0.0,0,9.6,18.7,2025,5,18,3,138,Summer,0
2025-05-18 04:00:00,30.3,27,28.4,0.0,0,11.1,22.0,2025,5,18,4,138,Summer,0
2025-05-18 05:00:00,29.9,27,28.8,0.0,0,4.9,22.0,2025,5,18,5,138,Summer,0
2025-05-18 06:00:00,31.4,30,30.9,0.0,0,6.6,16.9,2025,5,18,6,138,Summer,0
2025-05-18 07:00:00,32.4,30,32.9,0.0,0,1.9,12.6,2025,5,18,7,138,Summer,0
2025-05-18 08:00:00,34.2,28,34.9,0.0,0,2.4,13.0,2025,5,18,8,138,Summer,0
2025-05-18 09:00:00,36.4,26,36.8,0.0,0,5.0,19.1,2025,5,18,9,138,Summer,0
2025-05-18 10:00:00,38.4,24,39.2,0.0,0,9.4,28.1,2025,5,18,10,138,Summer,0
2025-05-18 11:00:00,39.6,24,40.9,0.0,0,12.2,34.2,2025,5,18,11,138,Summer,0
2025-05-18 12:00:00,40.8,22,42.3,0.0,0,12.6,35.6,2025,5,18,12,138,Summer,0
2025-05-18 13:00:00,41.4,21,42.7,0.0,10,13.1,36.0,2025,5,18,13,138,Summer,0
2025-05-18 14:00:00,41.8,20,42.1,0.0,47,13.6,36.7,2025,5,18,14,138,Summer,0
2025-05-18 15:00:00,41.9,18,40.5,0.0,37,14.4,37.8,2025,5,18,15,138,Summer,0
2025-05-18 16:00:00,42.1,16,40.6,0.0,11,13.1,37.1,2025,5,18,16,138,Summer,0
2025-05-18 17:00:00,41.8,16,40.7,0.0,11,9.1,33.5,2025,5,18,17,138,Summer,0
2025-05-18 18:00:00,36.4,37,37.7,0.0,2,14.0,36.7,2025,5,18,18,138,Summer,0
2025-05-18 19:00:00,35.4,38,37.3,0.0,0,9.7,31.3,2025,5,18,19,138,Summer,0
2025-05-18 20:00:00,34.3,43,36.3,0.0,0,12.2,26.3,2025,5,18,20,138,Summer,0
2025-05-18 21:00:00,33.1,49,36.0,0.0,0,10.5,25.9,2025,5,18,21,138,Summer,0
2025-05-18 22:00:00,32.3,52,35.3,0.0,0,10.0,21.6,2025,5,18,22,138,Summer,0
2025-05-18 23:00:00,31.9,52,34.6,0.0,0,10.0,22.0,2025,5,18,23,138,Summer,0
2025-05-19 00:00:00,31.3,52,33.7,0.0,0,11.0,22.7,2025,5,19,0,139,Summer,0
2025-05-19 01:00:00,30.6,54,33.0,0.0,0,10.9,23.4,2025,5,19,1,139,Summer,0
2025-05-19 02:00:00,29.9,57,32.6,0.0,0,9.9,23.0,2025,5,19,2,139,Summer,0
2025-05-19 03:00:00,29.4,60,32.3,0.0,0,9.1,20.5,2025,5,19,3,139,Summer,0
2025-05-19 04:00:00,28.8,63,31.9,0.0,0,8.6,18.4,2025,5,19,4,139,Summer,0
2025-05-19 05:00:00,28.2,66,31.4,0.0,0,8.7,18.4,2025,5,19,5,139,Summer,0
2025-05-19 06:00:00,29.3,64,32.7,0.0,3,9.2,21.6,2025,5,19,6,139,Summer,0
2025-05-19 07:00:00,30.2,61,33.6,0.0,5,9.4,24.1,2025,5,19,7,139,Summer,0
2025-05-19 08:00:00,31.8,56,35.3,0.0,10,9.3,25.9,2025,5,19,8,139,Summer,0
2025-05-19 09:00:00,34.1,48,37.6,0.0,5,7.2,25.6,2025,5,19,9,139,Summer,0
2025-05-19 10:00:00,36.2,41,40.4,0.0,0,4.2,23.4,2025,5,19,10,139,Summer,0
2025-05-19 11:00:00,38.3,35,42.9,0.0,0,4.5,20.2,2025,5,19,11,139,Summer,0
2025-05-19 12:00:00,39.7,30,43.9,0.0,2,5.8,27.7,2025,5,19,12,139,Summer,0
2025-05-19 13:00:00,40.8,27,45.0,0.0,27,3.5,27.0,2025,5,19,13,139,Summer,0
2025-05-19 14:00:00,42.0,22,43.3,0.0,32,9.7,29.5,2025,5,19,14,139,Summer,0
2025-05-19 15:00:00,41.7,19,41.1,0.0,15,11.3,34.2,2025,5,19,15,139,Summer,0
2025-05-19 16:00:00,41.3,21,41.6,0.0,10,8.3,31.3,2025,5,19,16,139,Summer,0
2025-05-19 17:00:00,40.2,24,41.1,0.0,0,7.2,24.1,2025,5,19,17,139,Summer,0
2025-05-19 18:00:00,37.0,39,39.5,0.0,1,12.8,32.4,2025,5,19,18,139,Summer,0
2025-05-19 19:00:00,35.9,42,38.7,0.0,0,11.1,28.8,2025,5,19,19,139,Summer,0
2025-05-19 20:00:00,34.1,48,37.1,0.0,0,11.3,30.2,2025,5,19,20,139,Summer,0
2025-05-19 21:00:00,33.3,51,36.7,0.0,0,9.5,25.6,2025,5,19,21,139,Summer,0
2025-05-19 22:00:00,32.6,54,36.3,0.0,0,7.6,20.5,2025,5,19,22,139,Summer,0
2025-05-19 23:00:00,32.1,55,35.8,0.0,0,7.5,17.6,2025,5,19,23,139,Summer,0
2025-05-20 00:00:00,31.6,56,35.1,0.0,1,8.3,16.6,2025,5,20,0,140,Summer,0
2025-05-20 01:00:00,31.2,57,34.8,0.0,1,6.9,16.9,2025,5,20,1,140,Summer,0
2025-05-20 02:00:00,30.6,59,34.2,0.0,0,7.2,14.0,2025,5,20,2,140,Summer,0
2025-05-20 03:00:00,29.9,62,33.4,0.0,0,8.4,18.0,2025,5,20,3,140,Summer,0
2025-05-20 04:00:00,29.0,67,32.7,0.0,0,9.2,19.4,2025,5,20,4,140,Summer,0
2025-05-20 05:00:00,28.0,71,31.7,0.0,0,9.5,21.2,2025,5,20,5,140,Summer,0
2025-05-20 06:00:00,29.6,66,33.3,0.0,0,10.0,24.5,2025,5,20,6,140,Summer,0
2025-05-20 07:00:00,30.5,61,34.1,0.0,0,9.3,24.1,2025,5,20,7,140,Summer,0
2025-05-20 08:00:00,32.3,55,36.0,0.0,0,7.4,23.8,2025,5,20,8,140,Summer,0
2025-05-20 09:00:00,34.5,47,38.1,0.0,0,6.6,23.0,2025,5,20,9,140,Summer,0
2025-05-20 10:00:00,36.8,38,41.1,0.0,0,3.6,22.3,2025,5,20,10,140,Summer,0
2025-05-20 11:00:00,39.0,31,43.5,0.0,0,2.4,18.4,2025,5,20,11,140,Summer,0
2025-05-20 12:00:00,41.1,24,44.0,0.0,1,7.3,25.6,2025,5,20,12,140,Summer,0
2025-05-20 13:00:00,42.2,21,43.3,0.0,18,14.2,37.8,2025,5,20,13,140,Summer,0
2025-05-20 14:00:00,42.4,19,42.4,0.0,28,15.2,41.0,2025,5,20,14,140,Summer,0
2025-05-20 15:00:00,42.6,17,41.0,0.0,57,16.6,40.3,2025,5,20,15,140,Summer,0
2025-05-20 16:00:00,39.0,24,37.5,0.0,89,20.6,53.3,2025,5,20,16,140,Summer,0
2025-05-20 17:00:00,39.0,24,38.9,0.0,86,11.7,47.2,2025,5,20,17,140,Summer,0
2025-05-20 18:00:00,39.8,23,39.8,0.0,0,10.0,22.3,2025,5,20,18,140,Summer,0
2025-05-20 19:00:00,35.9,47,39.6,0.0,0,11.4,24.5,2025,5,20,19,140,Summer,0
2025-05-20 20:00:00,34.4,52,38.5,0.0,0,9.0,24.5,2025,5,20,20,140,Summer,0
2025-05-20 21:00:00,33.8,54,38.2,0.0,0,7.8,18.7,2025,5,20,21,140,Summer,0
2025-05-20 22:00:00,33.0,56,37.2,0.0,0,8.3,17.6,2025,5,20,22,140,Summer,0
2025-05-20 23:00:00,32.3,58,36.4,0.0,0,8.7,17.6,2025,5,20,23,140,Summer,0
2025-05-21 00:00:00,32.0,56,35.5,0.0,0,10.6,22.3,2025,5,21,0,141,Summer,0
2025-05-21 01:00:00,31.8,55,35.0,0.0,0,10.6,22.3,2025,5,21,1,141,Summer,0
2025-05-21 02:00:00,31.5,55,34.7,0.0,0,9.4,22.3,2025,5,21,2,141,Summer,0
2025-05-21 03:00:00,30.8,57,34.2,0.0,0,7.8,19.1,2025,5,21,3,141,Summer,0
2025-05-21 04:00:00,30.3,59,33.6,0.0,0,8.2,16.6,2025,5,21,4,141,Summer,0
2025-05-21 05:00:00,29.8,60,33.1,0.0,0,7.9,16.6,2025,5,21,5,141,Summer,0
2025-05-21 06:00:00,31.9,59,36.2,0.0,38,6.6,17.6,2025,5,21,6,141,Summer,0
2025-05-21 07:00:00,31.0,61,34.2,0.0,1,14.4,36.4,2025,5,21,7,141,Summer,0
2025-05-21 08:00:00,32.4,52,35.1,0.0,0,12.2,32.4,2025,5,21,8,141,Summer,0
2025-05-21 09:00:00,34.6,43,37.0,0.0,0,9.9,31.3,2025,5,21,9,141,Summer,0
2025-05-21 10:00:00,36.9,36,40.2,0.0,0,6.5,28.4,2025,5,21,10,141,Summer,0
2025-05-21 11:00:00,38.8,30,42.8,0.0,0,4.2,23.0,2025,5,21,11,141,Summer,0
2025-05-21 12:00:00,40.3,26,44.1,0.0,0,4.6,20.9,2025,5,21,12,141,Summer,0
2025-05-21 13:00:00,41.3,24,44.6,0.0,17,4.8,22.0,2025,5,21,13,141,Summer,0
2025-05-21 14:00:00,42.2,21,44.6,0.0,20,3.4,21.6,2025,5,21,14,141,Summer,0
2025-05-21 15:00:00,43.0,18,43.9,0.0,32,2.5,19.4,2025,5,21,15,141,Summer,0
2025-05-21 16:00:00,41.3,17,38.3,0.0,100,22.6,50.8,2025,5,21,16,141,Summer,0
2025-05-21 17:00:00,37.7,26,37.3,0.0,95,14.0,55.1,2025,5,21,17,141,Summer,0
2025-05-21 18:00:00,35.0,48,38.2,0.0,2,13.7,37.1,2025,5,21,18,141,Summer,0
2025-05-21 19:00:00,34.4,48,37.0,0.0,4,14.9,31.3,2025,5,21,19,141,Summer,0
2025-05-21 20:00:00,33.2,53,36.3,0.0,13,13.6,36.0,2025,5,21,20,141,Summer,0
2025-05-21 21:00:00,32.4,57,35.8,0.0,33,12.8,29.5,2025,5,21,21,141,Summer,0
2025-05-21 22:00:00,31.7,60,35.5,0.0,0,11.0,27.4,2025,5,21,22,141,Summer,0
2025-05-21 23:00:00,31.2,61,34.7,0.0,1,12.7,27.0,2025,5,21,23,141,Summer,0
2025-05-22 00:00:00,30.9,61,34.4,0.0,0,11.6,26.6,2025,5,22,0,142,Summer,0
2025-05-22 01:00:00,30.5,62,34.0,0.0,0,10.6,24.5,2025,5,22,1,142,Summer,0
2025-05-22 02:00:00,30.1,63,33.5,0.0,0,10.6,22.3,2025,5,22,2,142,Summer,0
2025-05-22 03:00:00,29.7,64,33.1,0.0,0,10.1,22.3,2025,5,22,3,142,Summer,0
2025-05-22 04:00:00,29.2,66,32.7,0.0,5,9.9,21.2,2025,5,22,4,142,Summer,0
2025-05-22 05:00:00,28.4,70,31.6,0.0,0,12.4,25.6,2025,5,22,5,142,Summer,0
2025-05-22 06:00:00,25.0,78,28.2,0.0,0,7.5,18.0,2025,5,22,6,142,Summer,0
2025-05-22 07:00:00,26.3,71,29.2,0.0,0,9.2,22.7,2025,5,22,7,142,Summer,0
2025-05-22 08:00:00,28.2,64,30.6,0.0,12,12.0,30.2,2025,5,22,8,142,Summer,0
2025-05-22 09:00:00,30.0,58,32.1,0.0,2,14.4,36.4,2025,5,22,9,142,Summer,0
2025-05-22 10:00:00,31.9,53,35.0,0.0,33,14.2,37.1,2025,5,22,10,142,Summer,0
2025-05-22 11:00:00,33.5,48,36.9,0.0,7,14.7,38.5,2025,5,22,11,142,Summer,0
2025-05-22 12:00:00,34.9,44,38.4,0.0,5,13.6,38.9,2025,5,22,12,142,Summer,0
2025-05-22 13:00:00,36.0,39,39.8,0.0,0,11.2,36.7,2025,5,22,13,142,Summer,0
2025-05-22 14:00:00,36.8,36,40.1,0.0,0,9.3,32.0,2025,5,22,14,142,Summer,0
2025-05-22 15:00:00,37.0,36,39.6,0.0,0,8.7,28.4,2025,5,22,15,142,Summer,0
2025-05-22 16:00:00,36.8,36,38.9,0.0,0,9.1,26.6,2025,5,22,16,142,Summer,0
2025-05-22 17:00:00,36.3,37,38.3,0.0,1,9.8,26.3,2025,5,22,17,142,Summer,0
2025-05-22 18:00:00,32.4,50,34.9,0.0,0,11.4,25.9,2025,5,22,18,142,Summer,0
2025-05-22 19:00:00,31.5,53,34.1,0.0,0,10.6,25.2,2025,5,22,19,142,Summer,0
2025-05-22 20:00:00,30.6,56,33.2,0.0,0,11.5,24.5,2025,5,22,20,142,Summer,0
2025-05-22 21:00:00,29.8,59,32.7,0.0,0,10.4,24.5,2025,5,22,21,142,Summer,0
2025-05-22 22:00:00,29.4,60,32.1,0.0,0,10.4,22.3,2025,5,22,22,142,Summer,0
2025-05-22 23:00:00,28.9,61,31.6,0.0,0,9.4,21.6,2025,5,22,23,142,Summer,0
2025-05-23 00:00:00,28.4,62,30.9,0.0,0,10.7,22.3,2025,5,23,0,143,Summer,0
2025-05-23 01:00:00,28.0,64,30.4,0.0,0,11.3,24.1,2025,5,23,1,143,Summer,0
2025-05-23 02:00:00,27.5,66,30.0,0.0,0,11.2,23.8,2025,5,23,2,143,Summer,0
2025-05-23 03:00:00,27.1,68,29.7,0.0,0,10.8,23.4,2025,5,23,3,143,Summer,0
2025-05-23 04:00:00,26.7,71,29.4,0.0,0,10.9,22.7,2025,5,23,4,143,Summer,0
2025-05-23 05:00:00,26.4,74,29.1,0.0,0,11.8,24.5,2025,5,23,5,143,Summer,0
2025-05-23 06:00:00,27.5,70,30.6,0.0,0,10.7,25.6,2025,5,23,6,143,Summer,0
2025-05-23 07:00:00,28.6,68,31.9,0.0,0,11.7,27.7,2025,5,23,7,143,Summer,0
2025-05-23 08:00:00,30.4,62,33.5,0.0,0,13.0,32.0,2025,5,23,8,143,Summer,0
2025-05-23 09:00:00,32.4,52,35.0,0.0,0,13.9,35.6,2025,5,23,9,143,Summer,0
2025-05-23 10:00:00,34.2,45,37.2,0.0,0,13.4,36.0,2025,5,23,10,143,Summer,0
2025-05-23 11:00:00,35.7,41,39.2,0.0,0,12.7,36.0,2025,5,23,11,143,Summer,0
2025-05-23 12:00:00,36.7,38,40.4,0.0,0,12.4,35.6,2025,5,23,12,143,Summer,0
2025-05-23 13:00:00,37.6,36,41.3,0.0,0,11.2,34.9,2025,5,23,13,143,Summer,0
2025-05-23 14:00:00,38.1,35,41.4,0.0,1,10.7,32.8,2025,5,23,14,143,Summer,0
2025-05-23 15:00:00,38.2,35,40.8,0.0,18,11.0,31.3,2025,5,23,15,143,Summer,0
2025-05-23 16:00:00,37.1,38,39.5,1.5,26,11.5,31.0,2025,5,23,16,143,Summer,1
2025-05-23 17:00:00,36.2,40,38.6,0.0,70,11.7,28.4,2025,5,23,17,143,Summer,0
2025-05-23 18:00:00,35.5,39,37.3,0.0,10,12.4,28.1,2025,5,23,18,143,Summer,0
2025-05-23 19:00:00,34.4,42,36.0,0.0,7,14.0,29.9,2025,5,23,19,143,Summer,0
2025-05-23 20:00:00,33.5,45,35.5,0.0,1,12.2,30.6,2025,5,23,20,143,Summer,0
2025-05-23 21:00:00,32.7,48,35.0,0.0,0,11.2,26.3,2025,5,23,21,143,Summer,0
2025-05-23 22:00:00,32.1,49,34.3,0.0,0,11.3,24.1,2025,5,23,22,143,Summer,0
2025-05-23 23:00:00,31.4,52,33.9,0.0,0,9.7,24.1,2025,5,23,23,143,Summer,0
2025-05-24 00:00:00,30.8,54,33.2,0.0,0,11.0,22.7,2025,5,24,0,144,Summer,0
2025-05-24 01:00:00,30.2,56,32.6,0.0,0,11.8,24.8,2025,5,24,1,144,Summer,0
2025-05-24 02:00:00,29.7,58,32.2,0.0,0,11.7,24.8,2025,5,24,2,144,Summer,0
2025-05-24 03:00:00,29.3,60,31.9,0.0,0,11.4,24.5,2025,5,24,3,144,Summer,0
2025-05-24 04:00:00,28.9,62,31.6,0.0,0,11.6,24.5,2025,5,24,4,144,Summer,0
2025-05-24 05:00:00,28.5,64,31.1,0.0,2,12.4,26.3,2025,5,24,5,144,Summer,0
2025-05-24 06:00:00,30.7,59,33.7,0.0,33,12.0,27.4,2025,5,24,6,144,Summer,0
2025-05-24 07:00:00,31.4,57,34.4,0.0,19,12.9,29.5,2025,5,24,7,144,Summer,0
2025-05-24 08:00:00,32.9,53,35.7,0.0,1,14.5,34.9,2025,5,24,8,144,Summer,0
2025-05-24 09:00:00,34.3,48,36.6,0.0,1,16.8,41.4,2025,5,24,9,144,Summer,0
2025-05-24 10:00:00,35.6,44,38.6,0.0,2,15.6,41.8,2025,5,24,10,144,Summer,0
2025-05-24 11:00:00,36.5,42,40.2,0.0,19,14.3,40.3,2025,5,24,11,144,Summer,0
2025-05-24 12:00:00,37.0,41,40.9,0.0,73,12.9,38.5,2025,5,24,12,144,Summer,0
2025-05-24 13:00:00,37.7,39,41.3,0.0,37,13.2,36.7,2025,5,24,13,144,Summer,0
2025-05-24 14:00:00,37.7,38,41.1,0.0,62,10.6,36.4,2025,5,24,14,144,Summer,0
2025-05-24 15:00:00,36.2,40,38.3,0.0,68,13.4,34.9,2025,5,24,15,144,Summer,0
2025-05-24 16:00:00,35.6,42,38.8,0.4,72,6.6,36.0,2025,5,24,16,144,Summer,1
2025-05-24 17:00:00,35.8,41,38.4,0.0,29,10.1,26.3,2025,5,24,17,144,Summer,0
2025-05-24 18:00:00,36.3,36,37.4,0.0,24,15.1,33.8,2025,5,24,18,144,Summer,0
2025-05-24 19:00:00,35.4,38,36.8,0.0,77,12.8,33.5,2025,5,24,19,144,Summer,0
2025-05-24 20:00:00,34.2,42,35.7,0.0,0,13.9,29.9,2025,5,24,20,144,Summer,0
2025-05-24 21:00:00,33.6,43,34.9,0.0,0,14.8,32.8,2025,5,24,21,144,Summer,0
2025-05-24 22:00:00,32.7,46,34.3,0.0,0,13.9,31.3,2025,5,24,22,144,Summer,0
2025-05-24 23:00:00,31.8,49,33.5,0.0,0,14.5,31.7,2025,5,24,23,144,Summer,0
2025-05-25 00:00:00,31.1,52,32.7,0.0,0,16.2,35.3,2025,5,25,0,145,Summer,0
2025-05-25 01:00:00,30.7,54,32.5,0.0,0,14.0,35.3,2025,5,25,1,145,Summer,0
2025-05-25 02:00:00,30.1,56,32.2,0.0,1,13.2,29.5,2025,5,25,2,145,Summer,0
2025-05-25 03:00:00,29.6,58,31.7,0.0,1,13.8,31.0,2025,5,25,3,145,Summer,0
2025-05-25 04:00:00,29.0,62,31.5,0.0,6,12.4,29.5,2025,5,25,4,145,Summer,0
2025-05-25 05:00:00,28.4,65,31.1,0.0,2,11.8,27.0,2025,5,25,5,145,Summer,0
2025-05-25 06:00:00,23.0,90,26.2,0.0,94,8.8,18.4,2025,5,25,6,145,Summer,0
2025-05-25 07:00:00,24.0,82,27.4,0.0,22,5.2,19.4,2025,5,25,7,145,Summer,0
2025-05-25 08:00:00,25.3,73,28.0,0.0,96,7.9,20.5,2025,5,25,8,145,Summer,0
2025-05-25 09:00:00,26.2,68,28.3,0.0,87,11.2,27.0,2025,5,25,9,145,Summer,0
2025-05-25 10:00:00,27.1,54,28.1,0.0,96,9.7,27.4,2025,5,25,10,145,Summer,0
2025-05-25 11:00:00,28.2,58,30.5,0.0,100,7.3,25.6,2025,5,25,11,145,Summer,0
2025-05-25 12:00:00,28.5,60,31.8,0.0,90,4.3,19.1,2025,5,25,12,145,Summer,0
2025-05-25 13:00:00,30.4,58,35.6,0.0,100,2.8,15.8,2025,5,25,13,145,Summer,0
2025-05-25 14:00:00,30.8,58,34.9,0.0,85,3.5,13.3,2025,5,25,14,145,Summer,0
2025-05-25 15:00:00,31.1,58,35.2,0.0,87,4.3,13.7,2025,5,25,15,145,Summer,0
2025-05-25 16:00:00,30.8,58,34.5,0.0,36,7.1,19.4,2025,5,25,16,145,Summer,0
2025-05-25 17:00:00,31.2,57,35.2,0.0,10,4.1,17.6,2025,5,25,17,145,Summer,0
2025-05-25 18:00:00,30.2,65,34.4,0.0,19,7.7,20.9,2025,5,25,18,145,Summer,0
2025-05-25 19:00:00,29.0,73,34.1,0.0,18,5.4,17.6,2025,5,25,19,145,Summer,0
2025-05-25 20:00:00,28.4,74,32.9,0.0,94,7.7,13.0,2025,5,25,20,145,Summer,0
2025-05-25 21:00:00,26.4,81,30.6,0.4,58,8.7,24.1,2025,5,25,21,145,Summer,1
2025-05-25 22:00:00,26.4,85,30.9,0.0,17,9.3,16.6,2025,5,25,22,145,Summer,0
2025-05-25 23:00:00,26.3,83,30.7,0.0,31,7.9,18.0,2025,5,25,23,145,Summer,0
2025-05-26 00:00:00,26.3,81,30.5,0.1,46,7.3,15.8,2025,5,26,0,146,Summer,1
2025-05-26 01:00:00,25.5,82,29.1,0.7,75,10.4,19.4,2025,5,26,1,146,Summer,1
2025-05-26 02:00:00,25.3,83,28.8,0.4,59,10.6,19.4,2025,5,26,2,146,Summer,1
2025-05-26 03:00:00,24.2,87,27.0,0.2,61,13.9,29.2,2025,5,26,3,146,Summer,1
2025-05-26 04:00:00,24.3,84,27.1,0.0,30,12.0,27.0,2025,5,26,4,146,Summer,0
2025-05-26 05:00:00,24.1,84,27.0,0.2,55,11.2,26.3,2025,5,26,5,146,Summer,1
2025-05-26 06:00:00,26.7,79,29.7,0.1,69,15.6,30.6,2025,5,26,6,146,Summer,1
2025-05-26 07:00:00,27.8,76,32.1,0.0,52,8.8,30.2,2025,5,26,7,146,Summer,0
2025-05-26 08:00:00,28.7,70,32.4,0.0,13,10.6,27.0,2025,5,26,8,146,Summer,0
2025-05-26 09:00:00,30.0,66,34.1,0.0,48,8.9,25.6,2025,5,26,9,146,Summer,0
2025-05-26 10:00:00,31.4,59,35.6,0.0,22,8.4,24.1,2025,5,26,10,146,Summer,0
2025-05-26 11:00:00,32.3,55,36.4,0.1,39,7.7,23.8,2025,5,26,11,146,Summer,1
2025-05-26 12:00:00,33.9,48,38.8,0.0,2,6.8,22.7,2025,5,26,12,146,Summer,0
2025-05-26 13:00:00,34.9,43,39.8,0.0,11,4.8,21.2,2025,5,26,13,146,Summer,0
2025-05-26 14:00:00,35.5,40,39.8,0.0,6,3.6,17.3,2025,5,26,14,146,Summer,0
2025-05-26 15:00:00,35.7,39,39.3,0.0,4,2.5,14.8,2025,5,26,15,146,Summer,0
2025-05-26 16:00:00,35.6,39,38.8,0.0,2,2.3,11.9,2025,5,26,16,146,Summer,0
2025-05-26 17:00:00,35.3,40,38.2,0.0,4,4.5,11.5,2025,5,26,17,146,Summer,0
2025-05-26 18:00:00,32.3,57,37.0,0.0,2,3.9,8.3,2025,5,26,18,146,Summer,0
2025-05-26 19:00:00,30.7,63,35.1,0.0,2,6.1,11.5,2025,5,26,19,146,Summer,0
2025-05-26 20:00:00,29.6,67,34.1,0.0,1,5.5,12.6,2025,5,26,20,146,Summer,0
2025-05-26 21:00:00,29.1,70,33.9,0.0,0,4.7,10.1,2025,5,26,21,146,Summer,0
2025-05-26 22:00:00,28.5,74,33.6,0.0,0,4.6,8.6,2025,5,26,22,146,Summer,0
2025-05-26 23:00:00,28.2,76,33.3,0.0,0,4.6,7.9,2025,5,26,23,146,Summer,0
2025-05-27 00:00:00,27.8,77,32.8,0.0,0,4.9,9.0,2025,5,27,0,147,Summer,0
2025-05-27 01:00:00,27.5,78,32.4,0.0,0,5.0,9.4,2025,5,27,1,147,Summer,0
2025-05-27 02:00:00,27.1,79,31.8,0.0,0,6.0,11.2,2025,5,27,2,147,Summer,0
2025-05-27 03:00:00,26.8,79,31.3,0.0,0,6.5,12.6,2025,5,27,3,147,Summer,0
2025-05-27 04:00:00,26.5,80,30.8,0.0,0,6.7,13.0,2025,5,27,4,147,Summer,0
2025-05-27 05:00:00,26.2,80,30.2,0.0,0,7.9,15.1,2025,5,27,5,147,Summer,0
2025-05-27 06:00:00,27.5,80,32.5,0.0,0,6.7,15.5,2025,5,27,6,147,Summer,0
2025-05-27 07:00:00,28.7,76,34.1,0.0,0,4.9,12.6,2025,5,27,7,147,Summer,0
2025-05-27 08:00:00,30.2,70,35.5,0.0,0,6.1,16.6,2025,5,27,8,147,Summer,0
2025-05-27 09:00:00,31.6,63,36.1,0.0,0,8.8,23.8,2025,5,27,9,147,Summer,0
2025-05-27 10:00:00,32.8,56,37.8,0.0,17,7.2,24.1,2025,5,27,10,147,Summer,0
2025-05-27 11:00:00,33.7,51,39.3,0.0,6,4.9,21.6,2025,5,27,11,147,Summer,0
2025-05-27 12:00:00,34.5,48,40.3,0.0,5,4.1,17.6,2025,5,27,12,147,Summer,0
2025-05-27 13:00:00,35.2,45,40.9,0.0,5,3.2,16.9,2025,5,27,13,147,Summer,0
2025-05-27 14:00:00,35.8,41,40.8,0.0,2,2.5,15.5,2025,5,27,14,147,Summer,0
2025-05-27 15:00:00,36.1,40,40.2,0.0,0,2.3,14.0,2025,5,27,15,147,Summer,0
2025-05-27 16:00:00,36.0,40,39.5,0.0,1,2.4,12.6,2025,5,27,16,147,Summer,0
2025-05-27 17:00:00,35.4,42,39.0,0.0,0,3.7,11.5,2025,5,27,17,147,Summer,0
2025-05-27 18:00:00,34.2,48,38.3,0.0,2,3.8,8.3,2025,5,27,18,147,Summer,0
2025-05-27 19:00:00,32.6,55,37.0,0.0,4,5.4,9.7,2025,5,27,19,147,Summer,0
2025-05-27 20:00:00,31.6,60,35.9,0.0,4,7.7,14.8,2025,5,27,20,147,Summer,0
2025-05-27 21:00:00,30.8,63,35.2,0.0,2,6.7,15.1,2025,5,27,21,147,Summer,0
2025-05-27 22:00:00,30.2,65,34.7,0.0,0,5.6,13.3,2025,5,27,22,147,Summer,0
2025-05-27 23:00:00,29.6,67,34.1,0.0,0,5.2,10.8,2025,5,27,23,147,Summer,0
2025-05-28 00:00:00,29.0,69,33.5,0.0,0,5.5,11.2,2025,5,28,0,148,Summer,0
2025-05-28 01:00:00,28.6,70,33.0,0.0,0,5.7,11.2,2025,5,28,1,148,Summer,0
2025-05-28 02:00:00,28.3,71,32.6,0.0,0,6.2,12.2,2025,5,28,2,148,Summer,0
2025-05-28 03:00:00,28.1,72,32.3,0.0,0,6.5,12.6,2025,5,28,3,148,Summer,0
2025-05-28 04:00:00,27.9,73,31.9,0.0,0,7.8,15.8,2025,5,28,4,148,Summer,0
2025-05-28 05:00:00,27.4,75,31.5,0.0,0,7.9,15.5,2025,5,28,5,148,Summer,0
2025-05-28 06:00:00,29.8,70,34.7,0.0,0,6.9,14.4,2025,5,28,6,148,Summer,0
2025-05-28 07:00:00,31.2,64,36.7,0.0,0,2.1,12.6,2025,5,28,7,148,Summer,0
2025-05-28 08:00:00,32.7,59,37.7,0.0,0,4.8,15.8,2025,5,28,8,148,Summer,0
2025-05-28 09:00:00,34.0,53,38.9,0.0,5,4.3,18.4,2025,5,28,9,148,Summer,0
2025-05-28 10:00:00,35.4,46,40.5,0.0,6,3.6,17.6,2025,5,28,10,148,Summer,0
2025-05-28 11:00:00,36.6,42,42.1,0.0,6,3.2,18.4,2025,5,28,11,148,Summer,0
2025-05-28 12:00:00,37.6,39,43.4,0.0,10,2.2,17.6,2025,5,28,12,148,Summer,0
2025-05-28 13:00:00,38.7,36,44.3,0.0,20,1.9,18.0,2025,5,28,13,148,Summer,0
2025-05-28 14:00:00,39.4,33,44.3,0.0,22,1.8,18.4,2025,5,28,14,148,Summer,0
2025-05-28 15:00:00,39.5,32,43.0,0.0,56,3.3,15.8,2025,5,28,15,148,Summer,0
2025-05-28 16:00:00,39.1,32,41.2,0.0,46,9.2,25.9,2025,5,28,16,148,Summer,0
2025-05-28 17:00:00,37.7,33,39.2,0.0,32,11.3,29.9,2025,5,28,17,148,Summer,0
2025-05-28 18:00:00,36.5,38,39.7,0.0,11,2.8,6.8,2025,5,28,18,148,Summer,0
2025-05-28 19:00:00,34.5,46,38.2,0.0,3,5.4,10.1,2025,5,28,19,148,Summer,0
2025-05-28 20:00:00,32.6,56,37.1,0.0,0,5.3,14.8,2025,5,28,20,148,Summer,0
2025-05-28 21:00:00,31.4,62,36.2,0.0,0,5.6,13.7,2025,5,28,21,148,Summer,0
2025-05-28 22:00:00,30.6,67,35.5,0.0,0,6.9,14.4,2025,5,28,22,148,Summer,0
2025-05-28 23:00:00,29.8,71,34.6,0.0,0,8.3,17.6,2025,5,28,23,148,Summer,0
2025-05-29 00:00:00,29.1,75,34.1,0.0,7,7.5,18.0,2025,5,29,0,149,Summer,0
2025-05-29 01:00:00,28.4,79,33.7,0.0,11,6.9,15.1,2025,5,29,1,149,Summer,0
2025-05-29 02:00:00,28.0,81,33.5,0.0,77,5.7,14.0,2025,5,29,2,149,Summer,0
2025-05-29 03:00:00,27.8,82,33.5,0.0,100,4.4,11.9,2025,5,29,3,149,Summer,0
2025-05-29 04:00:00,27.8,82,33.3,0.0,100,5.7,11.9,2025,5,29,4,149,Summer,0
2025-05-29 05:00:00,27.6,82,33.1,0.0,100,5.0,12.2,2025,5,29,5,149,Summer,0
2025-05-29 06:00:00,30.3,68,35.9,0.3,36,2.8,11.2,2025,5,29,6,149,Summer,1
2025-05-29 07:00:00,31.4,65,36.7,0.0,65,5.4,16.6,2025,5,29,7,149,Summer,0
2025-05-29 08:00:00,32.7,58,37.5,0.0,75,6.2,17.6,2025,5,29,8,149,Summer,0
2025-05-29 09:00:00,34.8,50,38.7,0.0,99,8.8,25.2,2025,5,29,9,149,Summer,0
2025-05-29 10:00:00,36.3,41,39.5,0.0,29,7.4,25.9,2025,5,29,10,149,Summer,0
2025-05-29 11:00:00,38.3,35,42.8,0.0,19,5.7,23.4,2025,5,29,11,149,Summer,0
2025-05-29 12:00:00,39.0,32,43.1,0.0,58,4.5,22.3,2025,5,29,12,149,Summer,0
2025-05-29 13:00:00,39.8,29,43.1,0.0,51,6.2,22.7,2025,5,29,13,149,Summer,0
2025-05-29 14:00:00,40.1,28,42.3,0.0,95,7.2,24.5,2025,5,29,14,149,Summer,0
2025-05-29 15:00:00,39.5,27,41.1,0.0,98,6.4,24.1,2025,5,29,15,149,Summer,0
2025-05-29 16:00:00,39.7,25,41.0,0.0,99,4.2,20.2,2025,5,29,16,149,Summer,0
2025-05-29 17:00:00,39.0,25,40.4,0.0,56,2.6,15.8,2025,5,29,17,149,Summer,0
2025-05-29 18:00:00,35.7,41,38.6,0.0,78,7.6,16.9,2025,5,29,18,149,Summer,0
2025-05-29 19:00:00,34.3,46,37.9,0.0,80,5.2,16.6,2025,5,29,19,149,Summer,0
2025-05-29 20:00:00,33.3,47,36.1,0.0,100,7.6,15.8,2025,5,29,20,149,Summer,0
2025-05-29 21:00:00,32.6,48,35.5,0.0,66,6.8,15.8,2025,5,29,21,149,Summer,0
2025-05-29 22:00:00,31.4,53,34.8,0.0,4,5.0,14.4,2025,5,29,22,149,Summer,0
2025-05-29 23:00:00,30.6,54,33.7,0.0,0,5.1,10.1,2025,5,29,23,149,Summer,0
2025-05-30 00:00:00,29.9,54,32.6,0.0,0,6.0,11.5,2025,5,30,0,150,Summer,0
2025-05-30 01:00:00,29.5,53,31.9,0.0,6,6.4,13.7,2025,5,30,1,150,Summer,0
2025-05-30 02:00:00,28.8,55,31.2,0.0,0,6.0,13.0,2025,5,30,2,150,Summer,0
2025-05-30 03:00:00,28.2,60,31.3,0.0,0,4.8,11.9,2025,5,30,3,150,Summer,0
2025-05-30 04:00:00,28.0,61,31.3,0.0,0,3.1,8.6,2025,5,30,4,150,Summer,0
2025-05-30 05:00:00,27.1,69,30.9,0.0,0,3.2,9.0,2025,5,30,5,150,Summer,0
2025-05-30 06:00:00,28.3,65,32.0,0.0,98,4.3,11.5,2025,5,30,6,150,Summer,0
2025-05-30 07:00:00,29.3,62,33.4,0.0,94,2.2,9.0,2025,5,30,7,150,Summer,0
2025-05-30 08:00:00,31.6,55,35.8,0.0,96,2.3,10.1,2025,5,30,8,150,Summer,0
2025-05-30 09:00:00,34.5,39,36.7,0.0,5,6.9,18.4,2025,5,30,9,150,Summer,0
2025-05-30 10:00:00,35.2,34,35.8,0.0,100,13.2,33.1,2025,5,30,10,150,Summer,0
2025-05-30 11:00:00,34.6,33,35.1,0.0,100,10.7,33.1,2025,5,30,11,150,Summer,0
2025-05-30 12:00:00,34.3,36,36.0,0.0,77,6.2,26.6,2025,5,30,12,150,Summer,0
2025-05-30 13:00:00,35.5,37,37.7,0.0,100,6.3,20.2,2025,5,30,13,150,Summer,0
2025-05-30 14:00:00,34.3,42,36.9,0.0,91,6.7,20.5,2025,5,30,14,150,Summer,0
2025-05-30 15:00:00,35.4,38,38.1,0.0,26,3.6,20.2,2025,5,30,15,150,Summer,0
2025-05-30 16:00:00,36.1,34,38.5,0.0,60,2.4,14.8,2025,5,30,16,150,Summer,0
2025-05-30 17:00:00,36.0,31,37.9,0.0,15,1.8,13.0,2025,5,30,17,150,Summer,0
2025-05-30 18:00:00,33.0,46,35.8,0.0,92,6.5,13.7,2025,5,30,18,150,Summer,0
2025-05-30 19:00:00,31.5,51,34.6,0.0,57,5.7,14.0,2025,5,30,19,150,Summer,0
2025-05-30 20:00:00,30.5,54,33.5,0.0,1,5.8,11.9,2025,5,30,20,150,Summer,0
2025-05-30 21:00:00,29.6,55,32.3,0.0,84,6.9,14.0,2025,5,30,21,150,Summer,0
2025-05-30 22:00:00,29.1,55,31.7,0.0,51,6.0,14.4,2025,5,30,22,150,Summer,0
2025-05-30 23:00:00,28.4,59,31.3,0.0,7,4.7,11.9,2025,5,30,23,150,Summer,0
2025-05-31 00:00:00,27.5,64,30.8,0.0,0,4.0,9.0,2025,5,31,0,151,Summer,0
2025-05-31 01:00:00,26.8,65,29.8,0.0,0,4.5,7.6,2025,5,31,1,151,Summer,0
2025-05-31 02:00:00,26.5,62,28.9,0.0,0,5.2,9.4,2025,5,31,2,151,Summer,0
2025-05-31 03:00:00,26.3,63,28.8,0.0,0,4.9,9.4,2025,5,31,3,151,Summer,0
2025-05-31 04:00:00,26.1,64,28.7,0.0,0,5.0,8.3,2025,5,31,4,151,Summer,0
2025-05-31 05:00:00,26.3,60,28.2,0.0,0,6.6,11.9,2025,5,31,5,151,Summer,0
2025-05-31 06:00:00,28.3,65,31.9,0.0,0,4.8,11.2,2025,5,31,6,151,Summer,0
2025-05-31 07:00:00,30.3,60,34.2,0.0,2,4.7,11.2,2025,5,31,7,151,Summer,0
2025-05-31 08:00:00,32.5,53,36.6,0.0,0,3.8,13.0,2025,5,31,8,151,Summer,0
2025-05-31 09:00:00,34.7,42,37.8,0.0,8,4.0,15.5,2025,5,31,9,151,Summer,0
2025-05-31 10:00:00,36.5,34,39.8,0.0,9,2.8,15.1,2025,5,31,10,151,Summer,0
2025-05-31 11:00:00,37.9,30,41.6,0.0,9,3.0,15.8,2025,5,31,11,151,Summer,0
2025-05-31 12:00:00,39.1,27,42.5,0.0,24,4.0,18.4,2025,5,31,12,151,Summer,0
2025-05-31 13:00:00,39.7,24,41.6,0.0,44,7.9,24.1,2025,5,31,13,151,Summer,0
2025-05-31 14:00:00,39.0,23,38.7,0.0,50,12.0,32.4,2025,5,31,14,151,Summer,0
2025-05-31 15:00:00,39.5,20,39.1,0.0,20,6.9,30.6,2025,5,31,15,151,Summer,0
2025-05-31 16:00:00,38.9,19,37.9,0.0,100,9.4,23.0,2025,5,31,16,151,Summer,0
2025-05-31 17:00:00,35.4,28,34.6,0.0,99,14.4,32.0,2025,5,31,17,151,Summer,0
2025-05-31 18:00:00,28.5,67,31.8,1.0,100,9.6,20.2,2025,5,31,18,151,Summer,1
2025-05-31 19:00:00,29.8,56,32.8,0.0,100,5.9,19.4,2025,5,31,19,151,Summer,0
2025-05-31 20:00:00,29.9,52,32.0,0.0,97,8.6,15.8,2025,5,31,20,151,Summer,0
2025-05-31 21:00:00,29.0,54,31.0,0.0,53,9.2,23.0,2025,5,31,21,151,Summer,0
2025-05-31 22:00:00,28.7,57,31.6,0.0,44,4.5,18.7,2025,5,31,22,151,Summer,0
2025-05-31 23:00:00,28.6,54,30.7,0.0,62,6.6,11.9,2025,5,31,23,151,Summer,0
2025-06-01 00:00:00,28.2,62,31.7,0.0,3,3.2,15.1,2025,6,1,0,152,Monsoon,0
2025-06-01 01:00:00,27.3,64,30.4,0.0,2,4.1,7.6,2025,6,1,1,152,Monsoon,0
2025-06-01 02:00:00,27.2,58,29.2,0.0,22,7.5,15.5,2025,6,1,2,152,Monsoon,0
2025-06-01 03:00:00,27.4,54,28.6,0.0,1,9.4,19.1,2025,6,1,3,152,Monsoon,0
2025-06-01 04:00:00,27.1,53,27.9,0.0,1,10.5,21.2,2025,6,1,4,152,Monsoon,0
2025-06-01 05:00:00,27.0,55,27.7,0.0,3,12.3,25.2,2025,6,1,5,152,Monsoon,0
2025-06-01 06:00:00,29.5,51,31.0,0.0,10,10.7,22.7,2025,6,1,6,152,Monsoon,0
2025-06-01 07:00:00,31.6,45,33.1,0.0,1,11.0,23.8,2025,6,1,7,152,Monsoon,0
2025-06-01 08:00:00,33.7,43,35.1,0.0,7,14.5,34.6,2025,6,1,8,152,Monsoon,0
2025-06-01 09:00:00,34.8,41,35.7,0.0,77,18.6,43.2,2025,6,1,9,152,Monsoon,0
2025-06-01 10:00:00,35.3,35,35.4,0.0,100,17.7,47.9,2025,6,1,10,152,Monsoon,0
2025-06-01 11:00:00,34.9,34,35.6,0.0,95,11.1,42.8,2025,6,1,11,152,Monsoon,0
2025-06-01 12:00:00,36.2,30,37.7,0.0,9,4.4,28.4,2025,6,1,12,152,Monsoon,0
2025-06-01 13:00:00,37.3,27,39.4,0.0,100,7.6,24.8,2025,6,1,13,152,Monsoon,0
2025-06-01 14:00:00,35.4,31,36.4,0.0,28,6.5,27.4,2025,6,1,14,152,Monsoon,0
2025-06-01 15:00:00,36.3,30,37.0,0.0,96,8.1,24.1,2025,6,1,15,152,Monsoon,0
2025-06-01 16:00:00,36.0,30,36.6,0.0,100,9.0,24.8,2025,6,1,16,152,Monsoon,0
2025-06-01 17:00:00,36.0,27,35.8,0.0,100,9.7,24.5,2025,6,1,17,152,Monsoon,0
2025-06-01 18:00:00,26.4,71,28.4,2.9,100,14.9,36.4,2025,6,1,18,152,Monsoon,1
2025-06-01 19:00:00,27.0,67,29.4,1.3,99,10.4,27.4,2025,6,1,19,152,Monsoon,1
2025-06-01 20:00:00,26.9,64,28.9,0.0,100,11.2,23.8,2025,6,1,20,152,Monsoon,0
2025-06-01 21:00:00,27.3,61,29.6,0.0,89,7.8,22.7,2025,6,1,21,152,Monsoon,0
2025-06-01 22:00:00,27.7,60,30.2,0.0,6,6.3,16.2,2025,6,1,22,152,Monsoon,0
2025-06-01 23:00:00,27.4,62,30.2,0.0,22,5.3,12.6,2025,6,1,23,152,Monsoon,0
2025-06-02 00:00:00,27.2,62,29.9,0.0,1,5.2,10.1,2025,6,2,0,153,Monsoon,0
2025-06-02 01:00:00,26.8,60,28.7,0.0,1,7.0,13.7,2025,6,2,1,153,Monsoon,0
2025-06-02 02:00:00,26.1,59,27.2,0.0,3,10.1,20.5,2025,6,2,2,153,Monsoon,0
2025-06-02 03:00:00,25.6,59,26.7,0.0,0,8.9,20.5,2025,6,2,3,153,Monsoon,0
2025-06-02 04:00:00,25.1,66,27.8,0.0,1,1.5,20.2,2025,6,2,4,153,Monsoon,0
2025-06-02 05:00:00,24.1,73,27.0,0.0,0,3.7,13.3,2025,6,2,5,153,Monsoon,0
2025-06-02 06:00:00,28.3,60,31.7,0.0,26,2.5,5.0,2025,6,2,6,153,Monsoon,0
2025-06-02 07:00:00,29.1,57,32.0,0.0,18,5.3,13.7,2025,6,2,7,153,Monsoon,0
2025-06-02 08:00:00,30.4,53,33.4,0.0,34,4.2,15.5,2025,6,2,8,153,Monsoon,0
2025-06-02 09:00:00,32.0,48,35.1,0.0,3,3.7,16.6,2025,6,2,9,153,Monsoon,0
2025-06-02 10:00:00,33.7,43,37.7,0.0,3,2.3,15.8,2025,6,2,10,153,Monsoon,0
2025-06-02 11:00:00,35.3,38,39.7,0.0,2,2.3,24.5,2025,6,2,11,153,Monsoon,0
2025-06-02 12:00:00,36.4,33,39.7,0.0,58,6.1,24.1,2025,6,2,12,153,Monsoon,0
2025-06-02 13:00:00,37.1,29,38.5,0.0,35,9.3,28.8,2025,6,2,13,153,Monsoon,0
2025-06-02 14:00:00,36.7,30,37.5,0.0,52,10.3,29.5,2025,6,2,14,153,Monsoon,0
2025-06-02 15:00:00,36.1,32,38.1,0.3,24,2.8,29.5,2025,6,2,15,153,Monsoon,1
2025-06-02 16:00:00,36.3,32,38.4,0.0,74,2.3,16.6,2025,6,2,16,153,Monsoon,0
2025-06-02 17:00:00,35.3,32,36.6,0.0,85,5.4,16.2,2025,6,2,17,153,Monsoon,0
2025-06-02 18:00:00,32.1,43,33.4,0.0,100,10.1,29.5,2025,6,2,18,153,Monsoon,0
2025-06-02 19:00:00,31.5,45,33.2,0.0,100,8.3,22.0,2025,6,2,19,153,Monsoon,0
2025-06-02 20:00:00,30.5,44,31.7,0.0,100,8.7,20.5,2025,6,2,20,153,Monsoon,0
2025-06-02 21:00:00,29.4,46,30.3,0.0,100,9.1,21.6,2025,6,2,21,153,Monsoon,0
2025-06-02 22:00:00,28.9,47,30.3,0.0,100,5.3,20.2,2025,6,2,22,153,Monsoon,0
2025-06-02 23:00:00,28.4,55,31.3,0.0,82,1.5,13.0,2025,6,2,23,153,Monsoon,0
2025-06-03 00:00:00,28.1,61,31.6,0.0,80,0.9,5.8,2025,6,3,0,154,Monsoon,0
2025-06-03 01:00:00,27.7,60,31.1,0.0,40,0.5,2.5,2025,6,3,1,154,Monsoon,0
2025-06-03 02:00:00,27.0,58,29.4,0.0,0,3.1,5.4,2025,6,3,2,154,Monsoon,0
2025-06-03 03:00:00,26.8,50,27.5,0.0,0,7.7,16.6,2025,6,3,3,154,Monsoon,0
2025-06-03 04:00:00,26.3,50,26.6,0.0,10,9.0,17.6,2025,6,3,4,154,Monsoon,0
2025-06-03 05:00:00,25.8,55,26.7,0.0,100,8.0,20.2,2025,6,3,5,154,Monsoon,0
2025-06-03 06:00:00,26.7,57,28.3,0.0,53,7.5,18.7,2025,6,3,6,154,Monsoon,0
2025-06-03 07:00:00,27.5,55,29.5,0.0,17,5.3,16.6,2025,6,3,7,154,Monsoon,0
2025-06-03 08:00:00,29.6,47,31.2,0.0,3,5.7,18.0,2025,6,3,8,154,Monsoon,0
2025-06-03 09:00:00,31.7,39,33.3,0.0,42,2.9,19.1,2025,6,3,9,154,Monsoon,0
2025-06-03 10:00:00,33.3,34,35.1,0.0,100,2.6,16.6,2025,6,3,10,154,Monsoon,0
2025-06-03 11:00:00,34.6,31,36.1,0.0,100,6.4,23.0,2025,6,3,11,154,Monsoon,0
2025-06-03 12:00:00,34.2,31,34.1,0.0,100,11.9,32.0,2025,6,3,12,154,Monsoon,0
2025-06-03 13:00:00,34.0,33,34.0,0.0,100,12.3,33.8,2025,6,3,13,154,Monsoon,0
2025-06-03 14:00:00,34.5,33,34.9,0.0,100,10.7,33.1,2025,6,3,14,154,Monsoon,0
2025-06-03 15:00:00,33.5,35,34.3,0.0,96,8.2,30.2,2025,6,3,15,154,Monsoon,0
2025-06-03 16:00:00,33.7,34,35.0,0.0,2,4.6,22.7,2025,6,3,16,154,Monsoon,0
2025-06-03 17:00:00,34.0,32,35.4,0.0,12,2.6,16.2,2025,6,3,17,154,Monsoon,0
2025-06-03 18:00:00,31.1,41,32.1,0.0,40,7.8,19.8,2025,6,3,18,154,Monsoon,0
2025-06-03 19:00:00,30.2,46,32.0,0.0,97,5.5,18.0,2025,6,3,19,154,Monsoon,0
2025-06-03 20:00:00,29.7,56,33.1,0.0,100,2.8,11.9,2025,6,3,20,154,Monsoon,0
2025-06-03 21:00:00,29.1,58,32.4,0.0,100,3.2,6.5,2025,6,3,21,154,Monsoon,0
2025-06-03 22:00:00,28.5,57,31.2,0.0,63,5.0,9.7,2025,6,3,22,154,Monsoon,0
2025-06-03 23:00:00,27.1,60,29.1,0.0,100,8.5,18.7,2025,6,3,23,154,Monsoon,0
2025-06-04 00:00:00,25.9,65,28.0,0.0,100,8.1,20.5,2025,6,4,0,155,Monsoon,0
2025-06-04 01:00:00,25.3,70,27.7,0.0,47,7.5,17.3,2025,6,4,1,155,Monsoon,0
2025-06-04 02:00:00,25.0,71,27.6,0.0,44,6.9,16.2,2025,6,4,2,155,Monsoon,0
2025-06-04 03:00:00,24.7,74,27.7,0.0,17,4.2,15.1,2025,6,4,3,155,Monsoon,0
2025-06-04 04:00:00,24.5,76,27.9,0.0,62,3.2,10.1,2025,6,4,4,155,Monsoon,0
2025-06-04 05:00:00,24.5,75,27.8,0.0,51,3.2,15.5,2025,6,4,5,155,Monsoon,0
2025-06-04 06:00:00,26.3,67,29.5,0.0,99,3.4,7.9,2025,6,4,6,155,Monsoon,0
2025-06-04 07:00:00,26.6,67,29.6,0.0,95,5.2,13.7,2025,6,4,7,155,Monsoon,0
2025-06-04 08:00:00,27.6,63,30.6,0.0,100,5.5,16.9,2025,6,4,8,155,Monsoon,0
2025-06-04 09:00:00,28.2,61,31.4,0.0,82,4.9,16.6,2025,6,4,9,155,Monsoon,0
2025-06-04 10:00:00,31.2,50,34.9,0.0,8,3.9,19.1,2025,6,4,10,155,Monsoon,0
2025-06-04 11:00:00,33.3,42,37.2,0.0,3,4.9,20.5,2025,6,4,11,155,Monsoon,0
2025-06-04 12:00:00,34.9,36,39.3,0.0,12,2.2,24.8,2025,6,4,12,155,Monsoon,0
2025-06-04 13:00:00,36.4,29,39.8,0.0,53,1.1,22.0,2025,6,4,13,155,Monsoon,0
2025-06-04 14:00:00,29.5,51,30.1,0.3,99,19.8,51.1,2025,6,4,14,155,Monsoon,1
2025-06-04 15:00:00,30.3,49,32.4,0.0,96,5.7,46.4,2025,6,4,15,155,Monsoon,0
2025-06-04 16:00:00,31.5,43,33.4,0.0,58,5.0,18.7,2025,6,4,16,155,Monsoon,0
2025-06-04 17:00:00,31.3,44,33.2,0.0,8,4.9,22.0,2025,6,4,17,155,Monsoon,0
2025-06-04 18:00:00,32.4,32,32.3,0.0,6,8.4,22.0,2025,6,4,18,155,Monsoon,0
2025-06-04 19:00:00,30.8,38,31.3,0.0,1,7.6,18.0,2025,6,4,19,155,Monsoon,0
2025-06-04 20:00:00,29.6,44,30.4,0.0,1,8.2,17.6,2025,6,4,20,155,Monsoon,0
2025-06-04 21:00:00,28.3,52,30.4,0.0,74,4.3,16.2,2025,6,4,21,155,Monsoon,0
2025-06-04 22:00:00,27.4,60,30.3,0.0,100,3.1,8.3,2025,6,4,22,155,Monsoon,0
2025-06-04 23:00:00,27.1,59,29.8,0.0,100,3.2,9.7,2025,6,4,23,155,Monsoon,0
2025-06-05 00:00:00,26.9,59,29.0,0.0,24,5.6,10.8,2025,6,5,0,156,Monsoon,0
2025-06-05 01:00:00,26.1,63,28.5,0.0,70,5.1,11.9,2025,6,5,1,156,Monsoon,0
2025-06-05 02:00:00,25.7,65,27.9,0.0,48,6.4,16.2,2025,6,5,2,156,Monsoon,0
2025-06-05 03:00:00,25.3,67,27.7,0.0,12,5.8,12.2,2025,6,5,3,156,Monsoon,0
2025-06-05 04:00:00,24.8,70,27.3,0.0,16,5.1,11.5,2025,6,5,4,156,Monsoon,0
2025-06-05 05:00:00,24.4,72,27.2,0.0,53,3.9,11.2,2025,6,5,5,156,Monsoon,0
2025-06-05 06:00:00,26.4,67,29.9,0.0,4,1.9,5.4,2025,6,5,6,156,Monsoon,0
2025-06-05 07:00:00,27.8,59,30.7,0.0,9,3.8,11.9,2025,6,5,7,156,Monsoon,0
2025-06-05 08:00:00,29.6,48,31.4,0.0,1,6.4,19.8,2025,6,5,8,156,Monsoon,0
2025-06-05 09:00:00,31.3,40,32.8,0.0,0,3.6,19.8,2025,6,5,9,156,Monsoon,0
2025-06-05 10:00:00,33.0,35,35.6,0.0,0,0.7,16.2,2025,6,5,10,156,Monsoon,0
2025-06-05 11:00:00,34.4,31,37.3,0.0,0,2.0,18.0,2025,6,5,11,156,Monsoon,0
2025-06-05 12:00:00,35.6,28,38.6,0.0,7,2.4,18.4,2025,6,5,12,156,Monsoon,0
2025-06-05 13:00:00,36.3,26,38.9,0.0,11,3.2,19.1,2025,6,5,13,156,Monsoon,0
2025-06-05 14:00:00,36.9,25,38.7,0.0,9,3.6,19.4,2025,6,5,14,156,Monsoon,0
2025-06-05 15:00:00,37.2,24,37.8,0.0,13,4.2,19.8,2025,6,5,15,156,Monsoon,0
2025-06-05 16:00:00,37.0,24,37.5,0.0,19,2.8,19.1,2025,6,5,16,156,Monsoon,0
2025-06-05 17:00:00,35.9,25,35.8,0.0,15,6.4,18.4,2025,6,5,17,156,Monsoon,0
2025-06-05 18:00:00,34.0,29,33.7,0.0,10,9.4,30.2,2025,6,5,18,156,Monsoon,0
2025-06-05 19:00:00,32.4,36,33.4,0.0,5,5.4,20.5,2025,6,5,19,156,Monsoon,0
2025-06-05 20:00:00,31.2,52,34.7,0.0,4,2.0,11.9,2025,6,5,20,156,Monsoon,0
2025-06-05 21:00:00,31.1,52,34.8,0.0,3,1.4,4.7,2025,6,5,21,156,Monsoon,0
2025-06-05 22:00:00,30.3,54,33.8,0.0,1,1.8,5.0,2025,6,5,22,156,Monsoon,0
2025-06-05 23:00:00,29.1,54,32.0,0.0,4,2.0,4.7,2025,6,5,23,156,Monsoon,0
2025-06-06 00:00:00,28.5,51,30.5,0.0,5,4.7,9.7,2025,6,6,0,157,Monsoon,0
2025-06-06 01:00:00,28.2,51,29.8,0.0,19,5.8,11.5,2025,6,6,1,157,Monsoon,0
2025-06-06 02:00:00,27.6,54,29.5,0.0,19,4.6,11.9,2025,6,6,2,157,Monsoon,0
2025-06-06 03:00:00,27.0,56,29.0,0.0,22,4.5,9.0,2025,6,6,3,157,Monsoon,0
2025-06-06 04:00:00,26.5,58,28.4,0.0,12,4.7,12.6,2025,6,6,4,157,Monsoon,0
2025-06-06 05:00:00,25.9,60,28.2,0.0,8,3.4,9.4,2025,6,6,5,157,Monsoon,0
2025-06-06 06:00:00,29.0,58,32.2,0.0,6,3.7,6.8,2025,6,6,6,157,Monsoon,0
2025-06-06 07:00:00,30.5,50,33.5,0.0,11,3.0,10.1,2025,6,6,7,157,Monsoon,0
2025-06-06 08:00:00,32.6,40,35.0,0.0,0,1.1,9.7,2025,6,6,8,157,Monsoon,0
2025-06-06 09:00:00,34.1,34,35.9,0.0,2,2.1,13.3,2025,6,6,9,157,Monsoon,0
2025-06-06 10:00:00,35.6,29,37.8,0.0,32,2.2,15.8,2025,6,6,10,157,Monsoon,0
2025-06-06 11:00:00,36.1,29,37.8,0.0,15,6.5,23.0,2025,6,6,11,157,Monsoon,0
2025-06-06 12:00:00,36.5,29,38.4,0.0,15,9.5,29.5,2025,6,6,12,157,Monsoon,0
2025-06-06 13:00:00,37.2,28,39.1,0.0,11,10.2,31.3,2025,6,6,13,157,Monsoon,0
2025-06-06 14:00:00,37.7,27,39.3,0.0,33,10.0,31.7,2025,6,6,14,157,Monsoon,0
2025-06-06 15:00:00,37.8,27,38.4,0.0,22,9.7,30.6,2025,6,6,15,157,Monsoon,0
2025-06-06 16:00:00,37.7,27,38.3,0.0,21,8.0,28.8,2025,6,6,16,157,Monsoon,0
2025-06-06 17:00:00,37.4,27,38.1,0.0,16,7.2,24.1,2025,6,6,17,157,Monsoon,0
2025-06-06 18:00:00,36.7,26,37.3,0.0,6,5.0,16.9,2025,6,6,18,157,Monsoon,0
2025-06-06 19:00:00,34.8,33,35.7,0.0,0,8.6,18.0,2025,6,6,19,157,Monsoon,0
2025-06-06 20:00:00,33.6,38,35.1,0.0,0,6.4,18.7,2025,6,6,20,157,Monsoon,0
2025-06-06 21:00:00,32.5,41,34.6,0.0,0,4.3,13.3,2025,6,6,21,157,Monsoon,0
2025-06-06 22:00:00,31.7,45,34.0,0.0,0,4.4,10.1,2025,6,6,22,157,Monsoon,0
2025-06-06 23:00:00,30.8,48,33.3,0.0,0,4.0,9.0,2025,6,6,23,157,Monsoon,0
2025-06-07 00:00:00,30.3,49,32.5,0.0,0,5.2,11.2,2025,6,7,0,158,Monsoon,0
2025-06-07 01:00:00,29.7,50,31.5,0.0,0,7.4,15.5,2025,6,7,1,158,Monsoon,0
2025-06-07 02:00:00,29.1,51,30.9,0.0,0,7.4,15.8,2025,6,7,2,158,Monsoon,0
2025-06-07 03:00:00,28.6,52,30.3,0.0,0,8.0,16.2,2025,6,7,3,158,Monsoon,0
2025-06-07 04:00:00,28.3,52,29.8,0.0,0,7.9,16.2,2025,6,7,4,158,Monsoon,0
2025-06-07 05:00:00,28.0,52,29.5,0.0,0,7.2,16.2,2025,6,7,5,158,Monsoon,0
2025-06-07 06:00:00,30.2,51,32.3,0.0,0,7.2,16.2,2025,6,7,6,158,Monsoon,0
2025-06-07 07:00:00,31.9,46,34.5,0.0,0,5.1,14.8,2025,6,7,7,158,Monsoon,0
2025-06-07 08:00:00,34.4,40,36.8,0.0,0,5.6,18.0,2025,6,7,8,158,Monsoon,0
2025-06-07 09:00:00,36.9,30,37.9,0.0,0,7.3,23.4,2025,6,7,9,158,Monsoon,0
2025-06-07 10:00:00,38.1,26,40.1,0.0,0,4.5,23.4,2025,6,7,10,158,Monsoon,0
2025-06-07 11:00:00,39.4,24,41.8,0.0,2,5.0,21.6,2025,6,7,11,158,Monsoon,0
2025-06-07 12:00:00,40.9,22,42.8,0.0,5,9.3,30.2,2025,6,7,12,158,Monsoon,0
2025-06-07 13:00:00,41.2,22,43.0,0.0,21,7.7,32.0,2025,6,7,13,158,Monsoon,0
2025-06-07 14:00:00,40.3,23,41.8,0.0,34,6.8,27.0,2025,6,7,14,158,Monsoon,0
2025-06-07 15:00:00,40.2,24,41.1,0.0,10,6.7,24.1,2025,6,7,15,158,Monsoon,0
2025-06-07 16:00:00,39.8,24,40.4,0.0,37,8.5,25.2,2025,6,7,16,158,Monsoon,0
2025-06-07 17:00:00,38.8,27,39.8,0.0,13,8.1,24.8,2025,6,7,17,158,Monsoon,0
2025-06-07 18:00:00,37.0,33,38.4,0.0,1,10.4,24.8,2025,6,7,18,158,Monsoon,0
2025-06-07 19:00:00,35.8,35,37.5,0.0,0,7.9,24.5,2025,6,7,19,158,Monsoon,0
2025-06-07 20:00:00,34.9,37,36.6,0.0,1,8.3,17.6,2025,6,7,20,158,Monsoon,0
2025-06-07 21:00:00,34.1,40,36.5,0.0,2,4.8,16.9,2025,6,7,21,158,Monsoon,0
2025-06-07 22:00:00,33.4,43,36.0,0.0,0,5.0,11.5,2025,6,7,22,158,Monsoon,0
2025-06-07 23:00:00,32.9,44,35.7,0.0,0,4.0,10.4,2025,6,7,23,158,Monsoon,0
2025-06-08 00:00:00,32.3,46,34.9,0.0,0,5.6,11.5,2025,6,8,0,159,Monsoon,0
2025-06-08 01:00:00,31.2,50,33.8,0.0,0,6.9,15.1,2025,6,8,1,159,Monsoon,0
2025-06-08 02:00:00,30.5,52,33.1,0.0,0,6.7,14.4,2025,6,8,2,159,Monsoon,0
2025-06-08 03:00:00,29.9,53,32.2,0.0,0,7.4,15.5,2025,6,8,3,159,Monsoon,0
2025-06-08 04:00:00,29.6,52,31.7,0.0,0,7.4,15.5,2025,6,8,4,159,Monsoon,0
2025-06-08 05:00:00,29.6,51,31.6,0.0,0,7.3,15.5,2025,6,8,5,159,Monsoon,0
2025-06-08 06:00:00,31.3,49,33.8,0.0,0,7.3,16.6,2025,6,8,6,159,Monsoon,0
2025-06-08 07:00:00,32.8,45,35.4,0.0,0,6.1,17.3,2025,6,8,7,159,Monsoon,0
2025-06-08 08:00:00,35.0,40,38.1,0.0,0,2.7,16.9,2025,6,8,8,159,Monsoon,0
2025-06-08 09:00:00,37.2,34,40.0,0.0,0,3.1,15.8,2025,6,8,9,159,Monsoon,0
2025-06-08 10:00:00,39.1,29,42.1,0.0,0,4.7,20.2,2025,6,8,10,159,Monsoon,0
2025-06-08 11:00:00,40.6,25,43.7,0.0,7,5.4,22.7,2025,6,8,11,159,Monsoon,0
2025-06-08 12:00:00,41.8,23,44.3,0.0,16,7.8,26.3,2025,6,8,12,159,Monsoon,0
2025-06-08 13:00:00,42.6,21,44.4,0.0,6,10.0,29.9,2025,6,8,13,159,Monsoon,0
2025-06-08 14:00:00,42.8,20,43.8,0.0,18,11.4,32.8,2025,6,8,14,159,Monsoon,0
2025-06-08 15:00:00,42.8,20,43.0,0.0,13,11.9,32.8,2025,6,8,15,159,Monsoon,0
2025-06-08 16:00:00,42.0,21,41.8,0.0,10,14.0,35.3,2025,6,8,16,159,Monsoon,0
2025-06-08 17:00:00,41.0,23,40.9,0.0,0,14.6,35.6,2025,6,8,17,159,Monsoon,0
2025-06-08 18:00:00,41.6,20,40.9,0.0,0,13.0,33.5,2025,6,8,18,159,Monsoon,0
2025-06-08 19:00:00,40.2,23,40.7,0.0,1,8.1,28.4,2025,6,8,19,159,Monsoon,0
2025-06-08 20:00:00,38.6,29,40.4,0.0,0,5.5,17.6,2025,6,8,20,159,Monsoon,0
2025-06-08 21:00:00,37.0,41,41.4,0.0,0,1.7,11.9,2025,6,8,21,159,Monsoon,0
2025-06-08 22:00:00,35.8,41,39.4,0.0,0,3.3,6.8,2025,6,8,22,159,Monsoon,0
2025-06-08 23:00:00,34.7,43,38.2,0.0,0,3.2,7.2,2025,6,8,23,159,Monsoon,0
2025-06-09 00:00:00,33.9,45,37.5,0.0,0,3.1,6.8,2025,6,9,0,160,Monsoon,0
2025-06-09 01:00:00,33.4,42,35.3,0.0,0,9.0,17.6,2025,6,9,1,160,Monsoon,0
2025-06-09 02:00:00,31.8,43,33.5,0.0,0,6.8,19.1,2025,6,9,2,160,Monsoon,0
2025-06-09 03:00:00,30.9,43,32.6,0.0,0,5.1,14.0,2025,6,9,3,160,Monsoon,0
2025-06-09 04:00:00,30.2,46,32.3,0.0,0,3.1,10.4,2025,6,9,4,160,Monsoon,0
2025-06-09 05:00:00,30.0,44,31.5,0.0,0,5.1,11.5,2025,6,9,5,160,Monsoon,0
2025-06-09 06:00:00,32.5,45,35.0,0.0,0,5.6,11.9,2025,6,9,6,160,Monsoon,0
2025-06-09 07:00:00,33.7,42,36.2,0.0,0,5.6,15.8,2025,6,9,7,160,Monsoon,0
2025-06-09 08:00:00,35.8,36,38.1,0.0,0,5.9,18.7,2025,6,9,8,160,Monsoon,0
2025-06-09 09:00:00,37.8,31,39.3,0.0,0,9.3,27.0,2025,6,9,9,160,Monsoon,0
2025-06-09 10:00:00,39.9,25,41.1,0.0,0,10.8,31.0,2025,6,9,10,160,Monsoon,0
2025-06-09 11:00:00,41.4,21,42.6,0.0,0,11.9,33.8,2025,6,9,11,160,Monsoon,0
2025-06-09 12:00:00,42.5,19,43.7,0.0,0,11.8,34.2,2025,6,9,12,160,Monsoon,0
2025-06-09 13:00:00,43.3,17,44.2,0.0,0,12.0,34.2,2025,6,9,13,160,Monsoon,0
2025-06-09 14:00:00,43.7,16,43.6,0.0,0,13.4,36.4,2025,6,9,14,160,Monsoon,0
2025-06-09 15:00:00,43.4,16,42.3,0.0,0,15.5,39.2,2025,6,9,15,160,Monsoon,0
2025-06-09 16:00:00,42.4,19,41.1,0.0,0,16.5,40.7,2025,6,9,16,160,Monsoon,0
2025-06-09 17:00:00,41.7,21,41.0,0.0,0,14.8,40.3,2025,6,9,17,160,Monsoon,0
2025-06-09 18:00:00,41.5,18,40.0,0.0,1,15.9,40.3,2025,6,9,18,160,Monsoon,0
2025-06-09 19:00:00,40.0,18,38.4,0.0,0,14.5,35.3,2025,6,9,19,160,Monsoon,0
2025-06-09 20:00:00,39.2,17,37.3,0.0,0,12.0,31.7,2025,6,9,20,160,Monsoon,0
2025-06-09 21:00:00,37.9,18,36.6,0.0,0,8.5,24.8,2025,6,9,21,160,Monsoon,0
2025-06-09 22:00:00,36.7,21,35.8,0.0,0,6.9,16.9,2025,6,9,22,160,Monsoon,0
2025-06-09 23:00:00,36.0,22,35.0,0.0,0,7.8,15.5,2025,6,9,23,160,Monsoon,0
2025-06-10 00:00:00,34.4,25,33.6,0.0,0,8.0,16.6,2025,6,10,0,161,Monsoon,0
2025-06-10 01:00:00,32.8,28,32.0,0.0,0,8.1,17.3,2025,6,10,1,161,Monsoon,0
2025-06-10 02:00:00,31.8,28,31.0,0.0,0,8.0,16.9,2025,6,10,2,161,Monsoon,0
2025-06-10 03:00:00,31.1,28,30.1,0.0,0,7.7,16.6,2025,6,10,3,161,Monsoon,0
2025-06-10 04:00:00,30.5,28,29.4,0.0,0,8.0,15.8,2025,6,10,4,161,Monsoon,0
2025-06-10 05:00:00,30.1,28,28.6,0.0,0,9.0,18.4,2025,6,10,5,161,Monsoon,0
2025-06-10 06:00:00,32.0,29,31.3,0.0,0,7.9,17.6,2025,6,10,6,161,Monsoon,0
2025-06-10 07:00:00,33.7,26,33.0,0.0,0,7.2,17.3,2025,6,10,7,161,Monsoon,0
2025-06-10 08:00:00,35.7,22,34.6,0.0,0,9.3,24.5,2025,6,10,8,161,Monsoon,0
2025-06-10 09:00:00,37.8,20,36.3,0.0,0,11.5,30.6,2025,6,10,9,161,Monsoon,0
2025-06-10 10:00:00,39.5,19,39.0,0.0,0,12.5,34.2,2025,6,10,10,161,Monsoon,0
2025-06-10 11:00:00,41.0,18,41.2,0.0,0,12.4,34.6,2025,6,10,11,161,Monsoon,0
2025-06-10 12:00:00,42.2,17,42.6,0.0,0,12.5,34.9,2025,6,10,12,161,Monsoon,0
2025-06-10 13:00:00,42.7,16,42.7,0.0,0,14.0,37.8,2025,6,10,13,161,Monsoon,0
2025-06-10 14:00:00,43.1,15,42.5,0.0,0,14.4,38.2,2025,6,10,14,161,Monsoon,0
2025-06-10 15:00:00,42.9,15,41.6,0.0,0,14.4,38.5,2025,6,10,15,161,Monsoon,0
2025-06-10 16:00:00,42.3,16,40.8,0.0,0,13.0,37.4,2025,6,10,16,161,Monsoon,0
2025-06-10 17:00:00,41.6,18,40.6,0.0,0,10.8,33.5,2025,6,10,17,161,Monsoon,0
2025-06-10 18:00:00,41.6,17,40.3,0.0,0,11.1,33.8,2025,6,10,18,161,Monsoon,0
2025-06-10 19:00:00,40.3,19,39.8,0.0,0,7.9,22.7,2025,6,10,19,161,Monsoon,0
2025-06-10 20:00:00,39.7,19,39.4,0.0,0,5.5,15.8,2025,6,10,20,161,Monsoon,0
2025-06-10 21:00:00,38.6,22,39.4,0.0,0,1.0,10.8,2025,6,10,21,161,Monsoon,0
2025-06-10 22:00:00,36.5,26,37.3,0.0,0,2.2,5.8,2025,6,10,22,161,Monsoon,0
2025-06-10 23:00:00,35.9,28,37.1,0.0,0,1.2,5.8,2025,6,10,23,161,Monsoon,0
2025-06-11 00:00:00,34.2,30,34.9,0.0,0,4.2,8.6,2025,6,11,0,162,Monsoon,0
2025-06-11 01:00:00,32.7,36,34.0,0.0,0,3.3,9.7,2025,6,11,1,162,Monsoon,0
2025-06-11 02:00:00,31.8,39,33.1,0.0,0,5.5,11.2,2025,6,11,2,162,Monsoon,0
2025-06-11 03:00:00,31.0,41,32.6,0.0,0,3.8,11.5,2025,6,11,3,162,Monsoon,0
2025-06-11 04:00:00,30.4,45,32.5,0.0,0,2.6,7.9,2025,6,11,4,162,Monsoon,0
2025-06-11 05:00:00,30.1,44,32.1,0.0,0,2.1,5.8,2025,6,11,5,162,Monsoon,0
2025-06-11 06:00:00,32.9,29,32.0,0.0,0,11.4,23.8,2025,6,11,6,162,Monsoon,0
2025-06-11 07:00:00,34.2,27,33.5,0.0,0,9.4,24.1,2025,6,11,7,162,Monsoon,0
2025-06-11 08:00:00,36.1,25,35.5,0.0,0,10.4,26.6,2025,6,11,8,162,Monsoon,0
2025-06-11 09:00:00,38.1,24,37.8,0.0,0,10.6,29.2,2025,6,11,9,162,Monsoon,0
2025-06-11 10:00:00,39.8,23,40.6,0.0,0,10.0,29.2,2025,6,11,10,162,Monsoon,0
2025-06-11 11:00:00,41.2,22,42.9,0.0,0,9.3,29.2,2025,6,11,11,162,Monsoon,0
2025-06-11 12:00:00,42.3,20,44.4,0.0,0,8.5,28.4,2025,6,11,12,162,Monsoon,0
2025-06-11 13:00:00,43.1,19,45.1,0.0,0,8.3,27.7,2025,6,11,13,162,Monsoon,0
2025-06-11 14:00:00,43.6,19,45.1,0.0,0,8.8,27.7,2025,6,11,14,162,Monsoon,0
2025-06-11 15:00:00,43.4,19,44.2,0.0,0,9.4,28.4,2025,6,11,15,162,Monsoon,0
2025-06-11 16:00:00,42.7,21,43.1,0.0,0,9.5,28.4,2025,6,11,16,162,Monsoon,0
2025-06-11 17:00:00,41.5,24,42.5,0.0,0,9.3,27.0,2025,6,11,17,162,Monsoon,0
2025-06-11 18:00:00,40.8,24,42.2,0.0,0,4.9,20.9,2025,6,11,18,162,Monsoon,0
2025-06-11 19:00:00,38.6,35,40.8,0.0,1,11.2,23.0,2025,6,11,19,162,Monsoon,0
2025-06-11 20:00:00,36.8,45,40.6,0.0,0,11.6,26.6,2025,6,11,20,162,Monsoon,0
2025-06-11 21:00:00,36.0,50,40.4,0.0,2,10.6,25.6,2025,6,11,21,162,Monsoon,0
2025-06-11 22:00:00,34.9,55,40.1,0.0,2,8.5,22.3,2025,6,11,22,162,Monsoon,0
2025-06-11 23:00:00,34.2,58,39.7,0.0,0,7.3,18.0,2025,6,11,23,162,Monsoon,0
2025-06-12 00:00:00,33.5,60,38.9,0.0,0,7.5,16.2,2025,6,12,0,163,Monsoon,0
2025-06-12 01:00:00,33.0,61,38.4,0.0,0,6.9,15.8,2025,6,12,1,163,Monsoon,0
2025-06-12 02:00:00,32.6,62,37.7,0.0,1,7.5,15.1,2025,6,12,2,163,Monsoon,0
2025-06-12 03:00:00,32.1,63,37.0,0.0,1,8.4,17.3,2025,6,12,3,163,Monsoon,0
2025-06-12 04:00:00,31.6,64,36.5,0.0,0,7.6,17.3,2025,6,12,4,163,Monsoon,0
2025-06-12 05:00:00,31.1,65,35.9,0.0,3,8.1,16.6,2025,6,12,5,163,Monsoon,0
2025-06-12 06:00:00,32.4,62,37.5,0.0,0,6.6,16.6,2025,6,12,6,163,Monsoon,0
2025-06-12 07:00:00,33.7,55,38.5,0.0,1,5.9,17.3,2025,6,12,7,163,Monsoon,0
2025-06-12 08:00:00,35.6,47,39.9,0.0,1,5.9,19.1,2025,6,12,8,163,Monsoon,0
2025-06-12 09:00:00,37.6,40,41.5,0.0,0,5.9,20.5,2025,6,12,9,163,Monsoon,0
2025-06-12 10:00:00,39.3,36,43.5,0.0,0,8.1,25.9,2025,6,12,10,163,Monsoon,0
2025-06-12 11:00:00,40.8,33,45.3,0.0,55,8.8,27.4,2025,6,12,11,163,Monsoon,0
2025-06-12 12:00:00,41.5,30,45.6,0.0,47,8.1,28.8,2025,6,12,12,163,Monsoon,0
2025-06-12 13:00:00,41.9,29,46.2,0.1,35,6.6,26.3,2025,6,12,13,163,Monsoon,1
2025-06-12 14:00:00,42.6,27,46.4,0.0,13,5.5,24.5,2025,6,12,14,163,Monsoon,0
2025-06-12 15:00:00,43.1,25,46.2,0.0,19,3.9,21.6,2025,6,12,15,163,Monsoon,0
2025-06-12 16:00:00,41.9,27,44.3,0.0,31,6.4,20.9,2025,6,12,16,163,Monsoon,0
2025-06-12 17:00:00,38.6,40,42.8,0.4,41,6.4,22.3,2025,6,12,17,163,Monsoon,1
2025-06-12 18:00:00,40.0,30,41.8,0.0,18,10.5,28.1,2025,6,12,18,163,Monsoon,0
2025-06-12 19:00:00,38.3,39,41.3,0.0,7,11.7,25.6,2025,6,12,19,163,Monsoon,0
2025-06-12 20:00:00,37.2,42,40.7,0.0,1,10.5,25.2,2025,6,12,20,163,Monsoon,0
2025-06-12 21:00:00,36.5,45,40.2,0.0,0,10.6,22.0,2025,6,12,21,163,Monsoon,0
2025-06-12 22:00:00,35.5,49,39.5,0.0,0,9.6,22.3,2025,6,12,22,163,Monsoon,0
2025-06-12 23:00:00,34.7,51,38.9,0.0,0,8.9,20.2,2025,6,12,23,163,Monsoon,0
2025-06-13 00:00:00,34.0,52,37.6,0.0,0,10.9,22.7,2025,6,13,0,164,Monsoon,0
2025-06-13 01:00:00,33.2,53,36.9,0.0,0,9.3,23.0,2025,6,13,1,164,Monsoon,0
2025-06-13 02:00:00,32.6,55,36.3,0.0,1,9.6,20.5,2025,6,13,2,164,Monsoon,0
2025-06-13 03:00:00,32.1,56,35.8,0.0,10,8.9,20.2,2025,6,13,3,164,Monsoon,0
2025-06-13 04:00:00,31.7,58,35.6,0.0,9,8.3,18.4,2025,6,13,4,164,Monsoon,0
2025-06-13 05:00:00,31.3,60,35.2,0.0,12,9.2,19.4,2025,6,13,5,164,Monsoon,0
2025-06-13 06:00:00,33.2,60,38.4,0.0,0,7.8,17.6,2025,6,13,6,164,Monsoon,0
2025-06-13 07:00:00,34.4,55,39.3,0.0,0,9.3,22.7,2025,6,13,7,164,Monsoon,0
2025-06-13 08:00:00,36.0,48,40.1,0.0,0,10.3,27.4,2025,6,13,8,164,Monsoon,0
2025-06-13 09:00:00,37.8,41,41.6,0.0,0,9.2,27.7,2025,6,13,9,164,Monsoon,0
2025-06-13 10:00:00,39.6,36,43.6,0.0,6,9.3,27.7,2025,6,13,10,164,Monsoon,0
2025-06-13 11:00:00,40.8,32,44.6,0.0,24,10.0,29.9,2025,6,13,11,164,Monsoon,0
2025-06-13 12:00:00,41.1,33,45.6,0.0,37,8.7,29.9,2025,6,13,12,164,Monsoon,0
2025-06-13 13:00:00,39.4,41,44.2,0.0,55,13.4,38.2,2025,6,13,13,164,Monsoon,0
2025-06-13 14:00:00,39.8,39,45.2,0.0,36,6.0,36.7,2025,6,13,14,164,Monsoon,0
2025-06-13 15:00:00,40.3,37,44.8,0.0,12,6.3,22.7,2025,6,13,15,164,Monsoon,0
2025-06-13 16:00:00,40.5,36,44.6,0.0,41,7.3,23.4,2025,6,13,16,164,Monsoon,0
2025-06-13 17:00:00,40.0,37,43.9,0.0,53,8.7,23.8,2025,6,13,17,164,Monsoon,0
2025-06-13 18:00:00,36.3,47,39.9,0.0,1,12.6,32.4,2025,6,13,18,164,Monsoon,0
2025-06-13 19:00:00,35.2,51,39.1,0.0,3,12.3,29.5,2025,6,13,19,164,Monsoon,0
2025-06-13 20:00:00,34.5,55,38.9,0.0,1,11.0,27.0,2025,6,13,20,164,Monsoon,0
2025-06-13 21:00:00,33.9,58,38.9,0.0,1,8.9,23.8,2025,6,13,21,164,Monsoon,0
2025-06-13 22:00:00,33.3,60,38.5,0.0,0,8.5,19.1,2025,6,13,22,164,Monsoon,0
2025-06-13 23:00:00,32.7,62,37.8,0.0,0,8.8,18.7,2025,6,13,23,164,Monsoon,0
2025-06-14 00:00:00,32.2,64,37.3,0.0,0,8.9,18.0,2025,6,14,0,165,Monsoon,0
2025-06-14 01:00:00,31.9,64,36.7,0.0,2,9.4,19.4,2025,6,14,1,165,Monsoon,0
2025-06-14 02:00:00,31.6,64,36.5,0.0,0,7.5,19.4,2025,6,14,2,165,Monsoon,0
2025-06-14 03:00:00,31.3,64,36.3,0.0,0,6.5,15.1,2025,6,14,3,165,Monsoon,0
2025-06-14 04:00:00,31.0,65,35.8,0.0,0,7.0,14.4,2025,6,14,4,165,Monsoon,0
2025-06-14 05:00:00,30.6,67,35.5,0.0,1,6.6,14.0,2025,6,14,5,165,Monsoon,0
2025-06-14 06:00:00,31.3,65,36.4,0.0,0,6.5,15.5,2025,6,14,6,165,Monsoon,0
2025-06-14 07:00:00,32.5,61,37.8,0.0,0,6.1,17.6,2025,6,14,7,165,Monsoon,0
2025-06-14 08:00:00,34.4,55,39.6,0.0,0,6.3,19.8,2025,6,14,8,165,Monsoon,0
2025-06-14 09:00:00,36.3,49,41.4,0.0,0,6.2,21.2,2025,6,14,9,165,Monsoon,0
2025-06-14 10:00:00,38.1,43,43.5,0.0,0,5.5,21.6,2025,6,14,10,165,Monsoon,0
2025-06-14 11:00:00,39.6,37,45.4,0.0,2,4.5,21.2,2025,6,14,11,165,Monsoon,0
2025-06-14 12:00:00,40.8,33,46.6,0.0,37,3.1,20.5,2025,6,14,12,165,Monsoon,0
2025-06-14 13:00:00,41.6,30,46.5,0.0,34,3.3,19.1,2025,6,14,13,165,Monsoon,0
2025-06-14 14:00:00,42.3,28,46.1,0.0,24,4.2,20.2,2025,6,14,14,165,Monsoon,0
2025-06-14 15:00:00,42.9,25,45.6,0.0,21,4.2,20.5,2025,6,14,15,165,Monsoon,0
2025-06-14 16:00:00,42.3,25,44.1,0.0,38,7.6,22.3,2025,6,14,16,165,Monsoon,0
2025-06-14 17:00:00,38.4,43,42.4,0.3,16,13.5,32.8,2025,6,14,17,165,Monsoon,1
2025-06-14 18:00:00,39.2,32,41.4,0.0,11,9.4,24.1,2025,6,14,18,165,Monsoon,0
2025-06-14 19:00:00,37.8,35,40.2,0.0,7,9.4,23.0,2025,6,14,19,165,Monsoon,0
2025-06-14 20:00:00,37.1,36,39.8,0.0,6,6.8,20.9,2025,6,14,20,165,Monsoon,0
2025-06-14 21:00:00,36.3,39,38.8,0.0,4,9.2,18.7,2025,6,14,21,165,Monsoon,0
2025-06-14 22:00:00,35.3,44,38.4,0.0,2,9.0,19.4,2025,6,14,22,165,Monsoon,0
2025-06-14 23:00:00,34.8,46,37.9,0.0,2,9.7,20.5,2025,6,14,23,165,Monsoon,0
2025-06-15 00:00:00,34.2,46,37.2,0.0,1,8.9,20.5,2025,6,15,0,166,Monsoon,0
2025-06-15 01:00:00,33.6,47,36.7,0.0,1,7.7,18.4,2025,6,15,1,166,Monsoon,0
2025-06-15 02:00:00,32.9,50,36.2,0.0,3,7.3,15.8,2025,6,15,2,166,Monsoon,0
2025-06-15 03:00:00,32.2,53,35.8,0.0,14,6.4,15.5,2025,6,15,3,166,Monsoon,0
2025-06-15 04:00:00,31.8,54,35.6,0.0,7,5.1,13.3,2025,6,15,4,166,Monsoon,0
2025-06-15 05:00:00,31.5,55,35.2,0.0,10,6.1,12.2,2025,6,15,5,166,Monsoon,0
2025-06-15 06:00:00,29.6,70,33.4,0.2,90,13.6,30.2,2025,6,15,6,166,Monsoon,1
2025-06-15 07:00:00,30.8,62,33.3,0.0,94,18.5,32.4,2025,6,15,7,166,Monsoon,0
2025-06-15 08:00:00,31.2,56,34.8,0.7,13,6.5,45.0,2025,6,15,8,166,Monsoon,1
2025-06-15 09:00:00,33.7,48,37.0,0.4,54,7.5,20.9,2025,6,15,9,166,Monsoon,1
2025-06-15 10:00:00,35.7,41,37.9,0.0,91,11.9,28.4,2025,6,15,10,166,Monsoon,0
2025-06-15 11:00:00,33.3,58,37.2,0.0,15,14.8,36.0,2025,6,15,11,166,Monsoon,0
2025-06-15 12:00:00,35.3,50,39.9,0.0,98,11.2,37.1,2025,6,15,12,166,Monsoon,0
2025-06-15 13:00:00,37.5,43,42.7,0.0,87,10.4,30.6,2025,6,15,13,166,Monsoon,0
2025-06-15 14:00:00,37.9,41,42.5,0.0,23,9.7,29.9,2025,6,15,14,166,Monsoon,0
2025-06-15 15:00:00,37.8,41,42.0,0.0,38,7.9,28.1,2025,6,15,15,166,Monsoon,0
2025-06-15 16:00:00,37.5,42,41.6,0.0,64,7.0,24.1,2025,6,15,16,166,Monsoon,0
2025-06-15 17:00:00,37.4,43,41.8,0.0,81,5.9,21.2,2025,6,15,17,166,Monsoon,0
2025-06-15 18:00:00,33.9,58,39.2,0.0,34,7.3,22.0,2025,6,15,18,166,Monsoon,0
2025-06-15 19:00:00,33.2,60,38.7,0.0,26,5.9,18.4,2025,6,15,19,166,Monsoon,0
2025-06-15 20:00:00,32.9,62,38.9,0.0,28,3.2,14.0,2025,6,15,20,166,Monsoon,0
2025-06-15 21:00:00,32.8,64,39.1,0.0,100,2.4,7.9,2025,6,15,21,166,Monsoon,0
2025-06-15 22:00:00,32.6,66,38.8,0.0,53,4.3,8.6,2025,6,15,22,166,Monsoon,0
2025-06-15 23:00:00,32.2,68,38.3,0.0,30,5.8,11.5,2025,6,15,23,166,Monsoon,0
2025-06-16 00:00:00,31.6,70,37.8,0.0,53,5.4,11.9,2025,6,16,0,167,Monsoon,0
2025-06-16 01:00:00,30.9,73,36.8,0.0,1,6.9,14.4,2025,6,16,1,167,Monsoon,0
2025-06-16 02:00:00,30.1,78,36.4,0.0,9,6.4,14.8,2025,6,16,2,167,Monsoon,0
2025-06-16 03:00:00,29.7,81,36.1,0.0,9,6.2,13.7,2025,6,16,3,167,Monsoon,0
2025-06-16 04:00:00,29.1,83,34.3,0.0,28,13.8,23.8,2025,6,16,4,167,Monsoon,0
2025-06-16 05:00:00,25.4,92,29.5,3.5,90,13.3,49.7,2025,6,16,5,167,Monsoon,1
2025-06-16 06:00:00,24.8,98,30.1,11.2,100,7.1,30.2,2025,6,16,6,167,Monsoon,1
2025-06-16 07:00:00,25.6,96,31.6,2.2,97,4.4,18.7,2025,6,16,7,167,Monsoon,1
2025-06-16 08:00:00,26.9,90,33.3,0.6,100,2.5,10.4,2025,6,16,8,167,Monsoon,1
2025-06-16 09:00:00,27.4,90,34.0,0.4,100,3.7,12.2,2025,6,16,9,167,Monsoon,1
2025-06-16 10:00:00,27.5,89,33.8,0.1,100,5.3,13.7,2025,6,16,10,167,Monsoon,1
2025-06-16 11:00:00,29.7,79,35.8,0.0,95,7.0,18.0,2025,6,16,11,167,Monsoon,0
2025-06-16 12:00:00,30.7,76,37.2,0.0,100,5.4,18.4,2025,6,16,12,167,Monsoon,0
2025-06-16 13:00:00,31.5,73,38.1,0.0,97,7.4,20.2,2025,6,16,13,167,Monsoon,0
2025-06-16 14:00:00,31.8,71,38.1,0.0,100,7.0,21.2,2025,6,16,14,167,Monsoon,0
2025-06-16 15:00:00,32.0,69,38.4,0.0,100,4.6,19.1,2025,6,16,15,167,Monsoon,0
2025-06-16 16:00:00,32.0,69,38.2,0.0,100,6.0,14.8,2025,6,16,16,167,Monsoon,0
2025-06-16 17:00:00,31.8,70,38.1,0.0,100,5.4,15.1,2025,6,16,17,167,Monsoon,0
2025-06-16 18:00:00,31.8,74,39.2,0.0,100,1.7,11.2,2025,6,16,18,167,Monsoon,0
2025-06-16 19:00:00,30.7,77,37.5,0.0,100,4.0,8.6,2025,6,16,19,167,Monsoon,0
2025-06-16 20:00:00,30.0,79,36.3,0.0,100,6.4,12.2,2025,6,16,20,167,Monsoon,0
2025-06-16 21:00:00,29.7,79,36.0,0.0,72,5.8,12.6,2025,6,16,21,167,Monsoon,0
2025-06-16 22:00:00,28.1,84,34.2,6.9,94,4.3,14.8,2025,6,16,22,167,Monsoon,1
2025-06-16 23:00:00,27.2,95,34.0,0.7,65,5.7,12.6,2025,6,16,23,167,Monsoon,1
2025-06-17 00:00:00,26.7,96,33.0,0.4,100,7.3,15.1,2025,6,17,0,168,Monsoon,1
2025-06-17 01:00:00,26.3,99,32.4,0.5,100,9.2,19.8,2025,6,17,1,168,Monsoon,1
2025-06-17 02:00:00,26.2,97,32.3,1.5,100,7.0,14.4,2025,6,17,2,168,Monsoon,1
2025-06-17 03:00:00,26.2,93,31.9,0.8,100,7.2,14.0,2025,6,17,3,168,Monsoon,1
2025-06-17 04:00:00,25.6,96,31.6,7.3,100,4.8,12.6,2025,6,17,4,168,Monsoon,1
2025-06-17 05:00:00,25.2,95,29.8,3.2,100,11.1,25.9,2025,6,17,5,168,Monsoon,1
2025-06-17 06:00:00,26.1,95,32.5,0.3,99,3.5,8.3,2025,6,17,6,168,Monsoon,1
2025-06-17 07:00:00,27.0,90,33.3,0.3,100,3.8,11.9,2025,6,17,7,168,Monsoon,1
2025-06-17 08:00:00,27.4,89,33.9,0.2,76,4.2,12.2,2025,6,17,8,168,Monsoon,1
2025-06-17 09:00:00,29.2,83,35.7,0.0,31,5.7,17.3,2025,6,17,9,168,Monsoon,0
2025-06-17 10:00:00,30.8,76,38.0,0.0,15,5.6,17.6,2025,6,17,10,168,Monsoon,0
2025-06-17 11:00:00,31.9,72,39.8,0.0,3,6.4,22.3,2025,6,17,11,168,Monsoon,0
2025-06-17 12:00:00,32.6,69,40.9,0.0,20,5.6,21.6,2025,6,17,12,168,Monsoon,0
2025-06-17 13:00:00,33.2,67,41.4,0.0,24,4.9,20.5,2025,6,17,13,168,Monsoon,0
2025-06-17 14:00:00,33.4,65,40.8,0.0,19,5.0,19.4,2025,6,17,14,168,Monsoon,0
2025-06-17 15:00:00,33.7,64,40.4,0.0,19,5.6,18.4,2025,6,17,15,168,Monsoon,0
2025-06-17 16:00:00,33.5,64,39.6,0.0,30,6.9,18.0,2025,6,17,16,168,Monsoon,0
2025-06-17 17:00:00,32.9,67,39.3,0.0,49,6.0,16.9,2025,6,17,17,168,Monsoon,0
2025-06-17 18:00:00,30.9,73,37.5,0.0,100,3.4,10.1,2025,6,17,18,168,Monsoon,0
2025-06-17 19:00:00,30.0,78,36.3,0.0,100,5.5,10.8,2025,6,17,19,168,Monsoon,0
2025-06-17 20:00:00,28.8,80,34.4,0.3,100,8.6,16.9,2025,6,17,20,168,Monsoon,1
2025-06-17 21:00:00,27.8,84,33.2,0.5,100,8.1,18.7,2025,6,17,21,168,Monsoon,1
2025-06-17 22:00:00,27.2,83,32.4,0.5,100,6.4,15.8,2025,6,17,22,168,Monsoon,1
2025-06-17 23:00:00,26.2,89,31.9,1.1,100,3.4,13.3,2025,6,17,23,168,Monsoon,1
2025-06-18 00:00:00,25.6,90,31.0,1.0,100,4.6,9.7,2025,6,18,0,169,Monsoon,1
2025-06-18 01:00:00,25.2,94,30.8,1.1,100,3.4,8.6,2025,6,18,1,169,Monsoon,1
2025-06-18 02:00:00,24.9,94,30.2,1.2,100,5.6,9.7,2025,6,18,2,169,Monsoon,1
2025-06-18 03:00:00,24.5,93,29.3,0.6,100,5.9,13.0,2025,6,18,3,169,Monsoon,1
2025-06-18 04:00:00,24.0,94,28.3,0.8,100,7.8,14.8,2025,6,18,4,169,Monsoon,1
2025-06-18 05:00:00,24.0,94,28.5,0.6,100,6.1,14.8,2025,6,18,5,169,Monsoon,1
2025-06-18 06:00:00,25.8,90,31.4,0.0,87,4.0,15.8,2025,6,18,6,169,Monsoon,0
2025-06-18 07:00:00,26.3,90,31.6,0.0,77,7.4,18.7,2025,6,18,7,169,Monsoon,0
2025-06-18 08:00:00,27.4,85,33.1,0.0,40,5.6,18.0,2025,6,18,8,169,Monsoon,0
2025-06-18 09:00:00,28.8,80,34.9,0.0,5,4.3,17.3,2025,6,18,9,169,Monsoon,0
2025-06-18 10:00:00,30.3,74,37.3,0.0,6,2.2,15.1,2025,6,18,10,169,Monsoon,0
2025-06-18 11:00:00,31.3,71,39.0,0.0,13,3.3,16.9,2025,6,18,11,169,Monsoon,0
2025-06-18 12:00:00,32.0,67,39.9,0.0,13,2.9,17.6,2025,6,18,12,169,Monsoon,0
2025-06-18 13:00:00,32.8,64,40.5,0.0,24,2.4,16.2,2025,6,18,13,169,Monsoon,0
2025-06-18 14:00:00,33.1,62,40.2,0.0,17,2.6,14.4,2025,6,18,14,169,Monsoon,0
2025-06-18 15:00:00,33.2,59,38.9,0.0,27,3.3,14.0,2025,6,18,15,169,Monsoon,0
2025-06-18 16:00:00,33.2,57,38.5,0.0,9,3.1,12.2,2025,6,18,16,169,Monsoon,0
2025-06-18 17:00:00,33.1,56,38.2,0.0,6,2.8,9.7,2025,6,18,17,169,Monsoon,0
2025-06-18 18:00:00,31.4,71,37.9,0.0,86,4.5,9.4,2025,6,18,18,169,Monsoon,0
2025-06-18 19:00:00,30.2,76,36.2,0.0,100,6.3,12.2,2025,6,18,19,169,Monsoon,0
2025-06-18 20:00:00,29.5,77,35.4,0.0,98,6.1,13.3,2025,6,18,20,169,Monsoon,0
2025-06-18 21:00:00,29.1,80,35.3,0.0,100,5.6,12.2,2025,6,18,21,169,Monsoon,0
2025-06-18 22:00:00,28.9,82,35.2,0.0,100,4.7,11.2,2025,6,18,22,169,Monsoon,0
2025-06-18 23:00:00,28.6,83,34.9,0.0,98,4.8,9.4,2025,6,18,23,169,Monsoon,0
2025-06-19 00:00:00,28.3,85,34.7,0.0,44,4.2,9.0,2025,6,19,0,170,Monsoon,0
2025-06-19 01:00:00,28.0,86,34.2,0.0,14,5.5,11.5,2025,6,19,1,170,Monsoon,0
2025-06-19 02:00:00,27.7,88,34.1,0.0,31,4.3,10.8,2025,6,19,2,170,Monsoon,0
2025-06-19 03:00:00,27.5,88,33.8,0.0,97,5.1,9.4,2025,6,19,3,170,Monsoon,0
2025-06-19 04:00:00,27.4,88,33.3,0.0,22,6.2,12.2,2025,6,19,4,170,Monsoon,0
2025-06-19 05:00:00,27.2,86,32.5,0.0,96,7.8,15.5,2025,6,19,5,170,Monsoon,0
2025-06-19 06:00:00,27.0,88,32.9,0.0,18,5.2,13.0,2025,6,19,6,170,Monsoon,0
2025-06-19 07:00:00,28.0,84,34.4,0.0,9,2.4,11.5,2025,6,19,7,170,Monsoon,0
2025-06-19 08:00:00,29.3,78,35.6,0.0,12,3.4,11.9,2025,6,19,8,170,Monsoon,0
2025-06-19 09:00:00,30.5,74,36.7,0.0,68,5.1,16.2,2025,6,19,9,170,Monsoon,0
2025-06-19 10:00:00,31.1,73,37.1,0.0,57,7.2,21.6,2025,6,19,10,170,Monsoon,0
2025-06-19 11:00:00,31.5,70,37.3,0.0,25,7.2,24.8,2025,6,19,11,170,Monsoon,0
2025-06-19 12:00:00,32.0,68,38.4,0.1,31,8.8,27.4,2025,6,19,12,170,Monsoon,1
2025-06-19 13:00:00,32.3,64,38.0,0.0,15,9.9,28.4,2025,6,19,13,170,Monsoon,0
2025-06-19 14:00:00,32.7,61,38.2,0.0,58,9.7,28.8,2025,6,19,14,170,Monsoon,0
2025-06-19 15:00:00,32.7,61,37.5,0.0,33,9.1,26.6,2025,6,19,15,170,Monsoon,0
2025-06-19 16:00:00,32.5,62,37.4,0.0,21,8.5,24.5,2025,6,19,16,170,Monsoon,0
2025-06-19 17:00:00,31.9,65,36.8,0.0,28,9.5,21.6,2025,6,19,17,170,Monsoon,0
2025-06-19 18:00:00,31.3,69,37.1,0.0,7,5.2,15.8,2025,6,19,18,170,Monsoon,0
2025-06-19 19:00:00,30.0,76,36.1,0.0,23,5.1,10.8,2025,6,19,19,170,Monsoon,0
2025-06-19 20:00:00,29.6,80,36.3,0.0,7,3.5,9.7,2025,6,19,20,170,Monsoon,0
2025-06-19 21:00:00,29.0,82,35.5,0.0,99,4.8,8.6,2025,6,19,21,170,Monsoon,0
2025-06-19 22:00:00,28.6,85,35.0,0.0,100,5.4,10.8,2025,6,19,22,170,Monsoon,0
2025-06-19 23:00:00,28.1,87,34.6,0.0,99,4.4,10.4,2025,6,19,23,170,Monsoon,0
2025-06-20 00:00:00,27.7,88,34.0,0.0,100,5.1,9.0,2025,6,20,0,171,Monsoon,0
2025-06-20 01:00:00,27.4,89,33.5,0.0,92,6.0,11.9,2025,6,20,1,171,Monsoon,0
2025-06-20 02:00:00,27.2,90,33.5,0.0,95,5.1,11.9,2025,6,20,2,171,Monsoon,0
2025-06-20 03:00:00,26.4,92,31.0,0.0,100,13.8,28.4,2025,6,20,3,171,Monsoon,0
2025-06-20 04:00:00,25.5,93,30.6,0.1,100,8.5,29.5,2025,6,20,4,171,Monsoon,1
2025-06-20 05:00:00,25.5,94,30.7,0.0,100,7.3,20.5,2025,6,20,5,171,Monsoon,0
2025-06-20 06:00:00,27.2,93,33.7,0.0,100,5.5,12.6,2025,6,20,6,171,Monsoon,0
2025-06-20 07:00:00,28.0,89,34.7,0.0,100,5.2,13.7,2025,6,20,7,171,Monsoon,0
2025-06-20 08:00:00,29.0,83,35.2,0.0,100,8.0,19.8,2025,6,20,8,171,Monsoon,0
2025-06-20 09:00:00,29.8,79,35.5,0.0,100,9.8,23.0,2025,6,20,9,171,Monsoon,0
2025-06-20 10:00:00,30.2,77,35.9,0.1,100,10.6,29.2,2025,6,20,10,171,Monsoon,1
2025-06-20 11:00:00,31.2,75,37.6,0.1,100,8.4,28.8,2025,6,20,11,171,Monsoon,1
2025-06-20 12:00:00,31.7,72,37.6,0.1,100,10.7,29.2,2025,6,20,12,171,Monsoon,1
2025-06-20 13:00:00,30.1,76,35.4,0.8,100,11.0,29.9,2025,6,20,13,171,Monsoon,1
2025-06-20 14:00:00,30.4,74,35.9,0.0,100,10.1,26.3,2025,6,20,14,171,Monsoon,0
2025-06-20 15:00:00,30.9,72,36.5,0.0,100,8.7,23.0,2025,6,20,15,171,Monsoon,0
2025-06-20 16:00:00,30.8,73,36.6,0.0,100,8.1,21.2,2025,6,20,16,171,Monsoon,0
2025-06-20 17:00:00,30.7,73,36.4,0.0,100,8.7,19.1,2025,6,20,17,171,Monsoon,0
2025-06-20 18:00:00,30.0,80,36.5,0.0,100,6.3,17.6,2025,6,20,18,171,Monsoon,0
2025-06-20 19:00:00,29.0,84,35.6,0.0,100,5.6,13.7,2025,6,20,19,171,Monsoon,0
2025-06-20 20:00:00,28.4,87,35.1,0.0,100,5.1,11.2,2025,6,20,20,171,Monsoon,0
2025-06-20 21:00:00,28.1,89,34.6,0.0,100,6.4,13.0,2025,6,20,21,171,Monsoon,0
2025-06-20 22:00:00,27.7,91,34.2,0.0,100,6.6,13.0,2025,6,20,22,171,Monsoon,0
2025-06-20 23:00:00,27.5,92,33.8,0.0,100,7.2,15.1,2025,6,20,23,171,Monsoon,0
2025-06-21 00:00:00,27.2,93,33.6,0.0,100,6.7,14.4,2025,6,21,0,172,Monsoon,0
2025-06-21 01:00:00,27.0,94,33.3,0.0,100,6.7,13.7,2025,6,21,1,172,Monsoon,0
2025-06-21 02:00:00,26.8,94,33.0,0.0,80,6.5,14.0,2025,6,21,2,172,Monsoon,0
2025-06-21 03:00:00,26.5,94,32.9,0.0,34,4.8,13.0,2025,6,21,3,172,Monsoon,0
2025-06-21 04:00:00,26.3,95,32.7,0.0,25,4.2,9.0,2025,6,21,4,172,Monsoon,0
2025-06-21 05:00:00,26.2,95,32.8,0.0,38,2.6,7.9,2025,6,21,5,172,Monsoon,0
2025-06-21 06:00:00,26.8,95,33.1,1.3,69,6.9,14.8,2025,6,21,6,172,Monsoon,1
2025-06-21 07:00:00,27.8,92,35.0,0.1,13,2.9,13.0,2025,6,21,7,172,Monsoon,1
2025-06-21 08:00:00,29.3,84,36.2,0.0,15,5.2,14.8,2025,6,21,8,172,Monsoon,0
2025-06-21 09:00:00,30.8,73,36.8,0.0,16,7.0,19.8,2025,6,21,9,172,Monsoon,0
2025-06-21 10:00:00,32.1,65,38.0,0.0,77,7.3,20.5,2025,6,21,10,172,Monsoon,0
2025-06-21 11:00:00,33.1,62,39.8,0.0,58,7.1,21.6,2025,6,21,11,172,Monsoon,0
2025-06-21 12:00:00,33.8,59,40.8,0.0,42,6.2,20.9,2025,6,21,12,172,Monsoon,0
2025-06-21 13:00:00,34.3,56,40.9,0.1,89,5.4,19.1,2025,6,21,13,172,Monsoon,1
2025-06-21 14:00:00,34.6,57,41.5,0.1,18,4.8,17.3,2025,6,21,14,172,Monsoon,1
2025-06-21 15:00:00,34.7,57,41.1,0.0,18,3.9,16.2,2025,6,21,15,172,Monsoon,0
2025-06-21 16:00:00,34.7,58,41.0,0.0,9,3.1,13.3,2025,6,21,16,172,Monsoon,0
2025-06-21 17:00:00,34.3,59,40.8,0.0,4,2.6,10.4,2025,6,21,17,172,Monsoon,0
2025-06-21 18:00:00,31.9,71,38.7,0.0,34,3.4,11.2,2025,6,21,18,172,Monsoon,0
2025-06-21 19:00:00,31.4,74,38.4,0.0,25,3.9,8.6,2025,6,21,19,172,Monsoon,0
2025-06-21 20:00:00,30.8,79,37.9,0.0,13,4.9,9.7,2025,6,21,20,172,Monsoon,0
2025-06-21 21:00:00,30.3,81,37.6,0.0,6,4.0,10.1,2025,6,21,21,172,Monsoon,0
2025-06-21 22:00:00,30.0,83,37.4,0.0,1,3.5,7.6,2025,6,21,22,172,Monsoon,0
2025-06-21 23:00:00,29.6,84,36.7,0.0,1,5.0,9.4,2025,6,21,23,172,Monsoon,0
2025-06-22 00:00:00,29.2,85,36.0,0.0,7,6.1,11.9,2025,6,22,0,173,Monsoon,0
2025-06-22 01:00:00,28.9,86,35.6,0.0,7,5.4,11.9,2025,6,22,1,173,Monsoon,0
2025-06-22 02:00:00,28.5,87,35.2,0.0,6,5.2,10.8,2025,6,22,2,173,Monsoon,0
2025-06-22 03:00:00,28.4,86,34.7,0.0,33,6.3,12.6,2025,6,22,3,173,Monsoon,0
2025-06-22 04:00:00,28.2,86,34.6,0.0,88,5.1,12.2,2025,6,22,4,173,Monsoon,0
2025-06-22 05:00:00,28.0,87,34.4,0.0,26,4.5,9.7,2025,6,22,5,173,Monsoon,0
2025-06-22 06:00:00,29.5,83,36.2,0.0,100,5.6,10.8,2025,6,22,6,173,Monsoon,0
2025-06-22 07:00:00,30.3,81,37.7,0.0,99,2.8,11.2,2025,6,22,7,173,Monsoon,0
2025-06-22 08:00:00,31.5,74,38.8,0.0,100,1.5,9.4,2025,6,22,8,173,Monsoon,0
2025-06-22 09:00:00,32.5,66,38.9,0.1,100,3.6,13.7,2025,6,22,9,173,Monsoon,1
2025-06-22 10:00:00,33.6,62,40.1,0.0,89,4.3,15.8,2025,6,22,10,173,Monsoon,0
2025-06-22 11:00:00,34.0,60,40.9,0.0,100,3.3,15.8,2025,6,22,11,173,Monsoon,0
2025-06-22 12:00:00,33.6,60,38.9,0.0,98,8.1,22.0,2025,6,22,12,173,Monsoon,0
2025-06-22 13:00:00,31.9,68,38.1,0.6,100,5.3,27.4,2025,6,22,13,173,Monsoon,1
2025-06-22 14:00:00,32.7,66,39.0,0.1,88,5.5,17.3,2025,6,22,14,173,Monsoon,1
2025-06-22 15:00:00,33.8,62,40.3,0.0,95,4.6,17.3,2025,6,22,15,173,Monsoon,0
2025-06-22 16:00:00,33.9,61,40.1,0.0,96,5.1,15.5,2025,6,22,16,173,Monsoon,0
2025-06-22 17:00:00,33.5,63,39.7,0.0,78,5.4,15.8,2025,6,22,17,173,Monsoon,0
2025-06-22 18:00:00,32.1,68,37.9,0.0,25,7.9,22.3,2025,6,22,18,173,Monsoon,0
2025-06-22 19:00:00,30.9,74,37.2,0.0,67,6.5,16.9,2025,6,22,19,173,Monsoon,0
2025-06-22 20:00:00,30.3,78,36.8,0.0,26,5.6,13.0,2025,6,22,20,173,Monsoon,0
2025-06-22 21:00:00,29.8,80,36.3,0.0,8,6.0,12.2,2025,6,22,21,173,Monsoon,0
2025-06-22 22:00:00,29.4,82,36.1,0.0,91,4.6,12.2,2025,6,22,22,173,Monsoon,0
2025-06-22 23:00:00,29.1,83,35.8,0.0,100,4.9,9.7,2025,6,22,23,173,Monsoon,0
2025-06-23 00:00:00,28.9,84,35.3,0.0,87,6.1,12.2,2025,6,23,0,174,Monsoon,0
2025-06-23 01:00:00,28.6,86,35.0,0.0,40,5.9,11.9,2025,6,23,1,174,Monsoon,0
2025-06-23 02:00:00,28.3,87,35.0,0.0,7,4.5,11.9,2025,6,23,2,174,Monsoon,0
2025-06-23 03:00:00,28.1,89,34.9,0.0,6,4.0,8.3,2025,6,23,3,174,Monsoon,0
2025-06-23 04:00:00,27.8,91,34.9,0.0,32,2.7,7.9,2025,6,23,4,174,Monsoon,0
2025-06-23 05:00:00,27.9,90,35.3,0.0,20,1.2,5.8,2025,6,23,5,174,Monsoon,0
2025-06-23 06:00:00,29.4,88,37.2,0.0,100,3.6,8.3,2025,6,23,6,174,Monsoon,0
2025-06-23 07:00:00,30.0,83,36.9,0.0,95,6.7,18.0,2025,6,23,7,174,Monsoon,0
2025-06-23 08:00:00,30.9,77,38.1,0.0,98,3.6,17.3,2025,6,23,8,174,Monsoon,0
2025-06-23 09:00:00,32.2,71,39.5,0.0,34,2.1,14.0,2025,6,23,9,174,Monsoon,0
2025-06-23 10:00:00,33.6,62,40.6,0.0,12,1.6,15.1,2025,6,23,10,174,Monsoon,0
2025-06-23 11:00:00,34.4,59,41.6,0.0,32,5.4,19.1,2025,6,23,11,174,Monsoon,0
2025-06-23 12:00:00,35.1,56,42.2,0.0,28,6.0,20.5,2025,6,23,12,174,Monsoon,0
2025-06-23 13:00:00,35.7,53,42.8,0.0,32,5.2,21.2,2025,6,23,13,174,Monsoon,0
2025-06-23 14:00:00,35.6,53,41.9,0.1,40,5.8,22.0,2025,6,23,14,174,Monsoon,1
2025-06-23 15:00:00,35.7,53,41.2,0.0,22,6.4,22.0,2025,6,23,15,174,Monsoon,0
2025-06-23 16:00:00,35.5,53,40.9,0.0,25,6.8,21.2,2025,6,23,16,174,Monsoon,0
2025-06-23 17:00:00,34.8,56,40.0,0.0,30,8.6,21.2,2025,6,23,17,174,Monsoon,0
2025-06-23 18:00:00,32.1,70,38.4,0.0,19,7.5,25.9,2025,6,23,18,174,Monsoon,0
2025-06-23 19:00:00,31.3,76,38.2,0.0,15,5.2,16.9,2025,6,23,19,174,Monsoon,0
2025-06-23 20:00:00,30.9,79,38.2,0.0,0,4.0,10.8,2025,6,23,20,174,Monsoon,0
2025-06-23 21:00:00,30.4,80,37.4,0.0,0,5.3,10.4,2025,6,23,21,174,Monsoon,0
2025-06-23 22:00:00,29.7,83,36.5,0.0,0,6.6,13.7,2025,6,23,22,174,Monsoon,0
2025-06-23 23:00:00,29.2,84,35.7,0.0,0,6.7,15.1,2025,6,23,23,174,Monsoon,0
2025-06-24 00:00:00,28.7,86,35.4,0.0,0,5.8,13.7,2025,6,24,0,175,Monsoon,0
2025-06-24 01:00:00,28.4,88,35.0,0.0,0,6.1,12.2,2025,6,24,1,175,Monsoon,0
2025-06-24 02:00:00,28.1,89,34.6,0.0,0,6.9,14.0,2025,6,24,2,175,Monsoon,0
2025-06-24 03:00:00,27.8,91,34.1,0.0,0,7.6,15.5,2025,6,24,3,175,Monsoon,0
2025-06-24 04:00:00,27.5,92,34.1,0.0,2,5.3,15.5,2025,6,24,4,175,Monsoon,0
2025-06-24 05:00:00,27.3,93,33.8,0.0,17,6.0,11.9,2025,6,24,5,175,Monsoon,0
2025-06-24 06:00:00,27.9,88,34.1,0.0,100,6.2,14.4,2025,6,24,6,175,Monsoon,0
2025-06-24 07:00:00,28.5,84,35.0,0.0,95,3.9,14.0,2025,6,24,7,175,Monsoon,0
2025-06-24 08:00:00,30.1,78,36.7,0.0,94,4.0,14.8,2025,6,24,8,175,Monsoon,0
2025-06-24 09:00:00,31.6,72,38.3,0.1,48,4.8,16.9,2025,6,24,9,175,Monsoon,1
2025-06-24 10:00:00,32.5,68,39.0,0.2,100,5.1,18.4,2025,6,24,10,175,Monsoon,1
2025-06-24 11:00:00,33.4,65,40.1,0.0,64,3.7,18.0,2025,6,24,11,175,Monsoon,0
2025-06-24 12:00:00,34.9,59,42.6,0.1,11,3.6,17.3,2025,6,24,12,175,Monsoon,1
2025-06-24 13:00:00,35.6,56,43.7,0.1,39,2.9,17.6,2025,6,24,13,175,Monsoon,1
2025-06-24 14:00:00,36.0,53,43.6,0.3,42,1.8,16.2,2025,6,24,14,175,Monsoon,1
2025-06-24 15:00:00,36.1,52,42.6,0.2,21,0.7,14.0,2025,6,24,15,175,Monsoon,1
2025-06-24 16:00:00,36.0,52,42.0,0.1,14,2.4,12.6,2025,6,24,16,175,Monsoon,1
2025-06-24 17:00:00,35.6,52,41.2,0.0,25,4.5,13.7,2025,6,24,17,175,Monsoon,0
2025-06-24 18:00:00,31.1,81,38.9,0.0,18,4.2,14.4,2025,6,24,18,175,Monsoon,0
2025-06-24 19:00:00,30.9,83,38.9,0.0,21,4.4,10.8,2025,6,24,19,175,Monsoon,0
2025-06-24 20:00:00,30.8,84,38.6,0.0,23,5.4,11.5,2025,6,24,20,175,Monsoon,0
2025-06-24 21:00:00,30.6,84,38.3,0.0,20,4.7,10.8,2025,6,24,21,175,Monsoon,0
2025-06-24 22:00:00,30.5,81,37.4,0.0,26,6.9,13.7,2025,6,24,22,175,Monsoon,0
2025-06-24 23:00:00,30.2,80,36.9,0.0,20,6.7,13.7,2025,6,24,23,175,Monsoon,0
2025-06-25 00:00:00,29.9,81,36.5,0.0,30,7.5,14.8,2025,6,25,0,176,Monsoon,0
2025-06-25 01:00:00,29.6,82,35.9,0.0,100,8.4,17.3,2025,6,25,1,176,Monsoon,0
2025-06-25 02:00:00,28.9,82,34.5,0.4,96,9.5,19.1,2025,6,25,2,176,Monsoon,1
2025-06-25 03:00:00,26.9,93,32.3,8.6,100,12.0,21.2,2025,6,25,3,176,Monsoon,1
2025-06-25 04:00:00,26.5,96,32.5,2.3,100,7.9,25.9,2025,6,25,4,176,Monsoon,1
2025-06-25 05:00:00,26.6,97,33.2,0.1,100,5.4,15.5,2025,6,25,5,176,Monsoon,1
2025-06-25 06:00:00,27.3,94,34.2,0.3,100,4.3,12.6,2025,6,25,6,176,Monsoon,1
2025-06-25 07:00:00,27.9,93,34.6,0.0,100,8.1,17.6,2025,6,25,7,176,Monsoon,0
2025-06-25 08:00:00,28.8,88,35.1,0.0,100,10.4,23.8,2025,6,25,8,176,Monsoon,0
2025-06-25 09:00:00,28.8,86,34.9,0.1,100,10.5,25.9,2025,6,25,9,176,Monsoon,1
2025-06-25 10:00:00,28.6,87,34.6,0.1,100,10.6,26.3,2025,6,25,10,176,Monsoon,1
2025-06-25 11:00:00,28.3,87,34.0,0.3,100,11.7,27.0,2025,6,25,11,176,Monsoon,1
2025-06-25 12:00:00,28.7,85,34.3,0.6,100,11.9,28.4,2025,6,25,12,176,Monsoon,1
2025-06-25 13:00:00,30.0,78,35.6,0.1,100,10.4,27.4,2025,6,25,13,176,Monsoon,1
2025-06-25 14:00:00,31.5,70,36.9,0.0,100,10.8,26.3,2025,6,25,14,176,Monsoon,0
2025-06-25 15:00:00,32.0,67,37.4,0.0,100,10.1,27.4,2025,6,25,15,176,Monsoon,0
2025-06-25 16:00:00,32.1,68,37.6,0.0,100,9.8,24.5,2025,6,25,16,176,Monsoon,0
2025-06-25 17:00:00,31.9,69,37.7,0.0,100,8.3,24.1,2025,6,25,17,176,Monsoon,0
2025-06-25 18:00:00,30.9,78,37.8,0.0,99,6.0,15.1,2025,6,25,18,176,Monsoon,0
2025-06-25 19:00:00,29.9,83,36.5,0.0,97,8.8,17.6,2025,6,25,19,176,Monsoon,0
2025-06-25 20:00:00,29.2,86,35.8,0.0,58,8.1,18.0,2025,6,25,20,176,Monsoon,0
2025-06-25 21:00:00,28.7,88,34.9,0.0,5,10.1,20.2,2025,6,25,21,176,Monsoon,0
2025-06-25 22:00:00,28.4,89,34.7,0.0,3,9.4,20.9,2025,6,25,22,176,Monsoon,0
2025-06-25 23:00:00,28.3,89,34.5,0.0,5,9.4,19.4,2025,6,25,23,176,Monsoon,0
2025-06-26 00:00:00,28.1,90,34.3,0.0,0,9.9,22.3,2025,6,26,0,177,Monsoon,0
2025-06-26 01:00:00,28.0,91,34.6,0.0,99,6.8,20.2,2025,6,26,1,177,Monsoon,0
2025-06-26 02:00:00,26.5,93,32.2,6.4,100,8.4,17.6,2025,6,26,2,177,Monsoon,1
2025-06-26 03:00:00,26.0,95,31.7,0.3,99,8.2,19.8,2025,6,26,3,177,Monsoon,1
2025-06-26 04:00:00,26.3,95,31.9,1.1,100,8.9,16.2,2025,6,26,4,177,Monsoon,1
2025-06-26 05:00:00,26.3,95,31.6,3.6,100,11.6,20.5,2025,6,26,5,177,Monsoon,1
2025-06-26 06:00:00,28.3,87,34.4,0.0,99,8.3,20.9,2025,6,26,6,177,Monsoon,0
2025-06-26 07:00:00,29.0,85,35.5,0.0,97,7.0,16.6,2025,6,26,7,177,Monsoon,0
2025-06-26 08:00:00,30.2,81,37.0,0.0,100,6.6,17.6,2025,6,26,8,177,Monsoon,0
2025-06-26 09:00:00,31.4,73,37.5,0.1,98,8.7,23.0,2025,6,26,9,177,Monsoon,1
2025-06-26 10:00:00,32.5,68,38.8,0.0,100,8.3,24.1,2025,6,26,10,177,Monsoon,0
2025-06-26 11:00:00,33.3,64,39.9,0.0,98,9.2,25.2,2025,6,26,11,177,Monsoon,0
2025-06-26 12:00:00,33.8,61,40.4,0.0,97,10.6,26.6,2025,6,26,12,177,Monsoon,0
2025-06-26 13:00:00,34.3,60,40.9,0.0,100,10.4,28.1,2025,6,26,13,177,Monsoon,0
2025-06-26 14:00:00,34.4,58,40.7,0.0,98,10.0,26.6,2025,6,26,14,177,Monsoon,0
2025-06-26 15:00:00,34.5,58,40.2,0.0,87,9.2,25.2,2025,6,26,15,177,Monsoon,0
2025-06-26 16:00:00,34.0,59,39.3,0.0,69,9.4,22.7,2025,6,26,16,177,Monsoon,0
2025-06-26 17:00:00,33.4,63,39.0,0.0,8,8.6,21.6,2025,6,26,17,177,Monsoon,0
2025-06-26 18:00:00,32.6,68,39.0,0.0,87,6.7,19.1,2025,6,26,18,177,Monsoon,0
2025-06-26 19:00:00,31.3,75,37.9,0.0,100,6.7,13.7,2025,6,26,19,177,Monsoon,0
2025-06-26 20:00:00,30.7,78,37.2,0.0,100,7.5,14.8,2025,6,26,20,177,Monsoon,0
2025-06-26 21:00:00,30.4,79,36.7,0.0,63,8.1,16.6,2025,6,26,21,177,Monsoon,0
2025-06-26 22:00:00,30.0,78,35.9,0.0,87,9.0,18.0,2025,6,26,22,177,Monsoon,0
2025-06-26 23:00:00,29.6,79,35.4,0.0,57,8.8,18.4,2025,6,26,23,177,Monsoon,0
2025-06-27 00:00:00,29.2,81,35.0,0.0,56,8.1,17.6,2025,6,27,0,178,Monsoon,0
2025-06-27 01:00:00,28.8,83,34.8,0.0,53,6.9,16.2,2025,6,27,1,178,Monsoon,0
2025-06-27 02:00:00,28.4,84,34.4,0.0,66,7.2,13.7,2025,6,27,2,178,Monsoon,0
2025-06-27 03:00:00,28.1,86,34.0,0.0,43,8.0,15.5,2025,6,27,3,178,Monsoon,0
2025-06-27 04:00:00,27.8,87,33.6,0.0,9,8.4,16.6,2025,6,27,4,178,Monsoon,0
2025-06-27 05:00:00,27.7,87,33.3,0.0,2,8.8,17.6,2025,6,27,5,178,Monsoon,0
2025-06-27 06:00:00,29.0,84,35.2,0.0,62,8.5,18.7,2025,6,27,6,178,Monsoon,0
2025-06-27 07:00:00,29.8,80,36.1,0.0,93,6.8,17.3,2025,6,27,7,178,Monsoon,0
2025-06-27 08:00:00,30.5,77,36.7,0.0,39,7.2,18.7,2025,6,27,8,178,Monsoon,0
2025-06-27 09:00:00,30.9,75,37.1,0.1,86,8.2,24.1,2025,6,27,9,178,Monsoon,1
2025-06-27 10:00:00,31.0,74,37.4,0.1,52,6.4,26.6,2025,6,27,10,178,Monsoon,1
2025-06-27 11:00:00,32.1,70,39.1,0.1,100,6.1,22.7,2025,6,27,11,178,Monsoon,1
2025-06-27 12:00:00,32.7,68,40.4,0.0,62,5.2,22.3,2025,6,27,12,178,Monsoon,0
2025-06-27 13:00:00,33.4,64,40.9,0.0,98,6.0,21.2,2025,6,27,13,178,Monsoon,0
2025-06-27 14:00:00,33.7,62,40.3,0.1,94,8.3,22.3,2025,6,27,14,178,Monsoon,1
2025-06-27 15:00:00,33.6,62,39.4,0.0,100,8.1,23.8,2025,6,27,15,178,Monsoon,0
2025-06-27 16:00:00,33.5,63,39.3,0.0,70,7.8,21.6,2025,6,27,16,178,Monsoon,0
2025-06-27 17:00:00,33.2,64,39.0,0.1,83,7.9,19.4,2025,6,27,17,178,Monsoon,1
2025-06-27 18:00:00,32.9,64,38.6,0.0,64,7.4,20.2,2025,6,27,18,178,Monsoon,0
2025-06-27 19:00:00,31.5,72,37.9,0.0,68,5.6,15.5,2025,6,27,19,178,Monsoon,0
2025-06-27 20:00:00,30.7,75,37.1,0.0,56,5.7,11.9,2025,6,27,20,178,Monsoon,0
2025-06-27 21:00:00,30.1,79,36.7,0.0,64,4.7,11.2,2025,6,27,21,178,Monsoon,0
2025-06-27 22:00:00,29.6,81,36.3,0.0,35,4.5,9.4,2025,6,27,22,178,Monsoon,0
2025-06-27 23:00:00,29.3,83,36.1,0.0,33,4.2,8.6,2025,6,27,23,178,Monsoon,0
2025-06-28 00:00:00,29.3,84,36.3,0.0,39,3.4,7.9,2025,6,28,0,179,Monsoon,0
2025-06-28 01:00:00,26.9,89,33.1,3.7,76,3.1,23.8,2025,6,28,1,179,Monsoon,1
2025-06-28 02:00:00,26.4,92,32.1,3.9,73,6.8,12.6,2025,6,28,2,179,Monsoon,1
2025-06-28 03:00:00,26.0,94,31.4,0.1,87,8.5,18.7,2025,6,28,3,179,Monsoon,1
2025-06-28 04:00:00,25.7,95,31.4,0.0,87,6.0,16.2,2025,6,28,4,179,Monsoon,0
2025-06-28 05:00:00,25.6,96,31.5,0.0,63,5.0,11.5,2025,6,28,5,179,Monsoon,0
2025-06-28 06:00:00,27.7,84,33.8,0.0,47,2.3,7.2,2025,6,28,6,179,Monsoon,0
2025-06-28 07:00:00,29.2,78,35.8,0.0,43,1.3,7.6,2025,6,28,7,179,Monsoon,0
2025-06-28 08:00:00,30.7,73,37.0,0.0,89,3.8,12.6,2025,6,28,8,179,Monsoon,0
2025-06-28 09:00:00,31.9,68,38.2,0.0,70,3.5,13.7,2025,6,28,9,179,Monsoon,0
2025-06-28 10:00:00,33.0,62,39.4,0.0,98,4.0,15.1,2025,6,28,10,179,Monsoon,0
2025-06-28 11:00:00,34.0,57,40.5,0.0,93,4.9,16.9,2025,6,28,11,179,Monsoon,0
2025-06-28 12:00:00,34.7,55,41.8,0.0,87,3.3,18.0,2025,6,28,12,179,Monsoon,0
2025-06-28 13:00:00,35.3,54,42.6,0.0,53,3.2,15.8,2025,6,28,13,179,Monsoon,0
2025-06-28 14:00:00,35.8,53,42.7,0.0,16,4.9,18.0,2025,6,28,14,179,Monsoon,0
2025-06-28 15:00:00,35.4,53,41.1,0.0,37,6.6,20.5,2025,6,28,15,179,Monsoon,0
2025-06-28 16:00:00,35.1,54,40.2,0.1,37,7.6,21.6,2025,6,28,16,179,Monsoon,1
2025-06-28 17:00:00,35.0,54,40.5,0.0,50,4.9,20.9,2025,6,28,17,179,Monsoon,0
2025-06-28 18:00:00,31.2,75,38.1,0.0,100,4.8,14.4,2025,6,28,18,179,Monsoon,0
2025-06-28 19:00:00,30.8,80,38.3,0.0,100,3.1,11.2,2025,6,28,19,179,Monsoon,0
2025-06-28 20:00:00,30.6,80,38.0,0.0,100,4.3,9.0,2025,6,28,20,179,Monsoon,0
2025-06-28 21:00:00,30.4,81,37.7,0.0,100,4.2,9.4,2025,6,28,21,179,Monsoon,0
2025-06-28 22:00:00,30.1,82,37.2,0.0,100,4.7,9.7,2025,6,28,22,179,Monsoon,0
2025-06-28 23:00:00,29.4,84,36.1,0.5,100,6.8,13.3,2025,6,28,23,179,Monsoon,1
2025-06-29 00:00:00,27.1,93,33.1,7.3,99,8.7,16.9,2025,6,29,0,180,Monsoon,1
2025-06-29 01:00:00,26.4,96,31.8,3.7,100,12.4,27.4,2025,6,29,1,180,Monsoon,1
2025-06-29 02:00:00,26.6,96,32.9,0.1,100,7.0,23.4,2025,6,29,2,180,Monsoon,1
2025-06-29 03:00:00,26.4,97,33.0,0.3,100,5.1,15.1,2025,6,29,3,180,Monsoon,1
2025-06-29 04:00:00,26.3,98,32.5,0.2,100,7.2,14.0,2025,6,29,4,180,Monsoon,1
2025-06-29 05:00:00,26.1,97,32.2,0.1,100,7.1,16.6,2025,6,29,5,180,Monsoon,1
2025-06-29 06:00:00,28.8,83,35.1,0.0,100,5.0,10.8,2025,6,29,6,180,Monsoon,0
2025-06-29 07:00:00,29.4,75,35.4,0.0,100,2.8,11.5,2025,6,29,7,180,Monsoon,0
2025-06-29 08:00:00,30.1,71,36.2,0.0,100,1.5,7.6,2025,6,29,8,180,Monsoon,0
2025-06-29 09:00:00,30.8,68,36.5,0.0,100,3.1,10.4,2025,6,29,9,180,Monsoon,0
2025-06-29 10:00:00,31.5,65,36.7,0.0,100,5.9,16.2,2025,6,29,10,180,Monsoon,0
2025-06-29 11:00:00,32.3,62,37.7,0.0,100,5.4,17.6,2025,6,29,11,180,Monsoon,0
2025-06-29 12:00:00,33.4,60,38.9,0.0,100,6.1,19.4,2025,6,29,12,180,Monsoon,0
2025-06-29 13:00:00,33.1,62,39.2,0.1,100,4.7,20.9,2025,6,29,13,180,Monsoon,1
2025-06-29 14:00:00,31.3,72,37.4,4.2,100,6.2,21.2,2025,6,29,14,180,Monsoon,1
2025-06-29 15:00:00,31.5,71,37.6,0.1,100,6.6,18.7,2025,6,29,15,180,Monsoon,1
2025-06-29 16:00:00,31.1,73,37.6,0.1,100,4.9,18.7,2025,6,29,16,180,Monsoon,1
2025-06-29 17:00:00,31.0,74,37.9,0.0,100,2.8,13.7,2025,6,29,17,180,Monsoon,0
2025-06-29 18:00:00,30.5,74,36.2,0.0,100,8.3,19.8,2025,6,29,18,180,Monsoon,0
2025-06-29 19:00:00,29.8,78,35.9,0.0,100,6.5,19.1,2025,6,29,19,180,Monsoon,0
2025-06-29 20:00:00,29.3,81,35.7,0.0,100,4.9,14.4,2025,6,29,20,180,Monsoon,0
2025-06-29 21:00:00,29.0,81,35.1,0.0,100,6.9,14.0,2025,6,29,21,180,Monsoon,0
2025-06-29 22:00:00,28.9,83,35.1,0.0,100,6.2,14.4,2025,6,29,22,180,Monsoon,0
2025-06-29 23:00:00,28.6,83,34.8,0.0,100,5.8,12.6,2025,6,29,23,180,Monsoon,0
2025-06-30 00:00:00,28.4,84,34.6,0.0,99,5.5,11.9,2025,6,30,0,181,Monsoon,0
2025-06-30 01:00:00,27.8,89,34.7,0.0,89,2.9,11.9,2025,6,30,1,181,Monsoon,0
2025-06-30 02:00:00,25.9,94,31.0,0.2,100,10.1,22.3,2025,6,30,2,181,Monsoon,1
2025-06-30 03:00:00,25.5,96,31.1,0.1,100,7.1,19.8,2025,6,30,3,181,Monsoon,1
2025-06-30 04:00:00,25.4,95,31.1,0.1,100,4.0,17.3,2025,6,30,4,181,Monsoon,1
2025-06-30 05:00:00,25.4,94,31.0,0.1,100,5.0,10.8,2025,6,30,5,181,Monsoon,1
2025-06-30 06:00:00,26.3,92,32.3,0.2,100,4.2,16.9,2025,6,30,6,181,Monsoon,1
2025-06-30 07:00:00,26.0,93,31.2,0.6,100,9.1,22.0,2025,6,30,7,181,Monsoon,1
2025-06-30 08:00:00,26.5,87,31.4,0.1,75,8.6,22.3,2025,6,30,8,181,Monsoon,1
2025-06-30 09:00:00,28.4,80,33.9,0.0,95,6.7,22.7,2025,6,30,9,181,Monsoon,0
2025-06-30 10:00:00,30.0,75,36.0,0.0,99,5.2,22.7,2025,6,30,10,181,Monsoon,0
2025-06-30 11:00:00,30.8,73,36.9,0.1,88,5.9,25.2,2025,6,30,11,181,Monsoon,1
2025-06-30 12:00:00,31.5,72,39.5,0.2,51,1.8,22.7,2025,6,30,12,181,Monsoon,1
2025-06-30 13:00:00,31.7,72,38.9,0.3,79,3.1,18.7,2025,6,30,13,181,Monsoon,1
2025-06-30 14:00:00,31.1,75,38.2,0.7,64,2.1,18.7,2025,6,30,14,181,Monsoon,1
2025-06-30 15:00:00,28.8,86,34.9,3.9,100,9.1,32.0,2025,6,30,15,181,Monsoon,1
2025-06-30 16:00:00,27.2,91,33.3,4.2,100,7.1,26.6,2025,6,30,16,181,Monsoon,1
2025-06-30 17:00:00,27.4,89,33.6,0.2,100,5.4,16.6,2025,6,30,17,181,Monsoon,1
2025-06-30 18:00:00,28.7,85,35.6,0.0,100,3.2,12.2,2025,6,30,18,181,Monsoon,0
2025-06-30 19:00:00,28.4,87,35.5,0.0,100,2.2,7.9,2025,6,30,19,181,Monsoon,0
2025-06-30 20:00:00,27.7,90,34.1,0.6,100,5.6,16.2,2025,6,30,20,181,Monsoon,1
2025-06-30 21:00:00,26.0,95,32.6,5.4,100,1.7,18.7,2025,6,30,21,181,Monsoon,1
2025-06-30 22:00:00,26.1,97,32.4,0.3,100,5.4,13.0,2025,6,30,22,181,Monsoon,1
2025-06-30 23:00:00,26.1,99,33.1,0.0,100,2.3,9.4,2025,6,30,23,181,Monsoon,0
2025-07-01 00:00:00,26.2,99,33.1,0.0,100,3.0,6.8,2025,7,1,0,182,Monsoon,0
2025-07-01 01:00:00,26.0,99,33.1,0.1,100,0.8,6.1,2025,7,1,1,182,Monsoon,1
2025-07-01 02:00:00,26.0,99,32.8,0.1,100,3.4,6.1,2025,7,1,2,182,Monsoon,1
2025-07-01 03:00:00,25.7,98,31.9,0.0,99,5.4,11.9,2025,7,1,3,182,Monsoon,0
2025-07-01 04:00:00,25.2,98,31.1,0.0,78,4.6,9.7,2025,7,1,4,182,Monsoon,0
2025-07-01 05:00:00,25.0,97,30.7,0.0,85,4.8,10.8,2025,7,1,5,182,Monsoon,0
2025-07-01 06:00:00,26.0,97,31.6,2.2,100,10.1,22.7,2025,7,1,6,182,Monsoon,1
2025-07-01 07:00:00,26.2,98,32.7,0.8,100,5.3,23.4,2025,7,1,7,182,Monsoon,1
2025-07-01 08:00:00,26.6,99,33.7,3.1,100,3.1,13.7,2025,7,1,8,182,Monsoon,1
2025-07-01 09:00:00,26.7,97,33.3,2.2,100,5.9,13.0,2025,7,1,9,182,Monsoon,1
2025-07-01 10:00:00,27.8,89,34.2,0.6,61,5.9,15.8,2025,7,1,10,182,Monsoon,1
2025-07-01 11:00:00,30.2,75,36.1,0.0,35,7.6,20.5,2025,7,1,11,182,Monsoon,0
2025-07-01 12:00:00,31.7,67,38.7,0.0,16,7.0,23.0,2025,7,1,12,182,Monsoon,0
2025-07-01 13:00:00,32.4,64,39.1,0.0,21,7.1,21.2,2025,7,1,13,182,Monsoon,0
2025-07-01 14:00:00,32.8,61,38.9,0.0,34,6.7,20.5,2025,7,1,14,182,Monsoon,0
2025-07-01 15:00:00,33.2,59,38.5,0.0,39,6.0,18.7,2025,7,1,15,182,Monsoon,0
2025-07-01 16:00:00,33.2,59,38.5,0.0,48,5.2,15.8,2025,7,1,16,182,Monsoon,0
2025-07-01 17:00:00,32.4,64,38.1,0.0,33,5.4,13.3,2025,7,1,17,182,Monsoon,0
2025-07-01 18:00:00,30.6,76,37.1,0.0,48,4.4,12.2,2025,7,1,18,182,Monsoon,0
2025-07-01 19:00:00,29.7,81,36.6,0.0,39,3.6,9.0,2025,7,1,19,182,Monsoon,0
2025-07-01 20:00:00,29.5,84,37.0,0.0,30,2.1,6.5,2025,7,1,20,182,Monsoon,0
2025-07-01 21:00:00,29.2,84,36.2,0.0,6,3.2,5.4,2025,7,1,21,182,Monsoon,0
2025-07-01 22:00:00,28.7,85,35.5,0.0,2,4.0,7.6,2025,7,1,22,182,Monsoon,0
2025-07-01 23:00:00,28.4,87,35.3,0.0,2,3.5,7.2,2025,7,1,23,182,Monsoon,0
2025-07-02 00:00:00,28.1,88,34.9,0.0,23,3.5,6.8,2025,7,2,0,183,Monsoon,0
2025-07-02 01:00:00,27.8,89,34.6,0.0,4,3.5,6.5,2025,7,2,1,183,Monsoon,0
2025-07-02 02:00:00,27.5,90,34.1,0.0,12,4.1,7.9,2025,7,2,2,183,Monsoon,0
2025-07-02 03:00:00,27.2,92,33.8,0.0,11,3.8,7.9,2025,7,2,3,183,Monsoon,0
2025-07-02 04:00:00,27.0,93,33.6,0.0,27,3.8,7.2,2025,7,2,4,183,Monsoon,0
2025-07-02 05:00:00,26.9,93,33.5,0.0,21,3.9,7.9,2025,7,2,5,183,Monsoon,0
2025-07-02 06:00:00,27.2,94,33.8,0.2,30,6.2,13.3,2025,7,2,6,183,Monsoon,1
2025-07-02 07:00:00,28.1,91,35.2,0.0,24,4.1,13.3,2025,7,2,7,183,Monsoon,0
2025-07-02 08:00:00,29.5,83,36.4,0.0,1,5.5,15.5,2025,7,2,8,183,Monsoon,0
2025-07-02 09:00:00,30.9,74,36.7,0.0,22,8.8,22.0,2025,7,2,9,183,Monsoon,0
2025-07-02 10:00:00,31.7,71,37.8,0.0,14,9.6,27.7,2025,7,2,10,183,Monsoon,0
2025-07-02 11:00:00,32.4,70,39.7,0.0,19,9.5,29.5,2025,7,2,11,183,Monsoon,0
2025-07-02 12:00:00,32.5,69,39.8,0.1,80,10.3,31.3,2025,7,2,12,183,Monsoon,1
2025-07-02 13:00:00,32.2,70,39.0,0.1,63,7.8,31.0,2025,7,2,13,183,Monsoon,1
2025-07-02 14:00:00,32.8,68,39.2,0.0,29,7.2,24.8,2025,7,2,14,183,Monsoon,0
2025-07-02 15:00:00,33.2,66,39.8,0.0,19,7.2,24.5,2025,7,2,15,183,Monsoon,0
2025-07-02 16:00:00,32.7,68,38.9,0.3,41,6.9,24.1,2025,7,2,16,183,Monsoon,1
2025-07-02 17:00:00,31.9,70,38.1,0.4,37,6.7,19.4,2025,7,2,17,183,Monsoon,1
2025-07-02 18:00:00,31.4,73,37.8,0.0,46,7.1,20.5,2025,7,2,18,183,Monsoon,0
2025-07-02 19:00:00,30.2,80,37.1,0.0,47,5.6,15.5,2025,7,2,19,183,Monsoon,0
2025-07-02 20:00:00,29.7,84,36.9,0.0,42,5.0,11.9,2025,7,2,20,183,Monsoon,0
2025-07-02 21:00:00,29.4,86,36.4,0.0,42,6.6,12.2,2025,7,2,21,183,Monsoon,0
2025-07-02 22:00:00,29.0,87,35.9,0.0,32,6.3,14.4,2025,7,2,22,183,Monsoon,0
2025-07-02 23:00:00,28.6,89,35.5,0.0,32,6.1,12.2,2025,7,2,23,183,Monsoon,0
2025-07-03 00:00:00,28.2,89,34.5,0.0,40,7.7,15.1,2025,7,3,0,184,Monsoon,0
2025-07-03 01:00:00,27.8,89,33.7,0.1,34,8.3,16.9,2025,7,3,1,184,Monsoon,1
2025-07-03 02:00:00,27.4,90,33.5,0.0,12,6.5,16.9,2025,7,3,2,184,Monsoon,0
2025-07-03 03:00:00,27.1,92,33.1,0.0,15,8.0,15.5,2025,7,3,3,184,Monsoon,0
2025-07-03 04:00:00,26.9,92,32.7,0.0,4,8.3,19.4,2025,7,3,4,184,Monsoon,0
2025-07-03 05:00:00,26.6,93,32.2,0.0,61,8.8,17.3,2025,7,3,5,184,Monsoon,0
2025-07-03 06:00:00,27.0,95,33.4,0.1,92,7.0,13.7,2025,7,3,6,184,Monsoon,1
2025-07-03 07:00:00,27.7,90,34.1,0.0,71,6.3,16.2,2025,7,3,7,184,Monsoon,0
2025-07-03 08:00:00,29.0,83,35.2,0.0,84,7.6,19.1,2025,7,3,8,184,Monsoon,0
2025-07-03 09:00:00,30.5,73,35.7,0.0,80,11.0,27.0,2025,7,3,9,184,Monsoon,0
2025-07-03 10:00:00,31.6,68,37.2,0.1,76,9.9,26.6,2025,7,3,10,184,Monsoon,1
2025-07-03 11:00:00,32.3,65,38.1,0.1,67,10.3,25.9,2025,7,3,11,184,Monsoon,1
2025-07-03 12:00:00,32.7,65,39.5,0.2,35,8.3,26.3,2025,7,3,12,184,Monsoon,1
2025-07-03 13:00:00,33.1,64,40.3,0.0,14,7.1,23.8,2025,7,3,13,184,Monsoon,0
2025-07-03 14:00:00,33.5,62,40.1,0.0,56,6.7,20.5,2025,7,3,14,184,Monsoon,0
2025-07-03 15:00:00,33.4,61,39.0,0.0,93,7.0,19.4,2025,7,3,15,184,Monsoon,0
2025-07-03 16:00:00,33.3,62,39.0,0.0,100,6.9,18.7,2025,7,3,16,184,Monsoon,0
2025-07-03 17:00:00,33.0,64,39.1,0.3,99,6.0,17.6,2025,7,3,17,184,Monsoon,1
2025-07-03 18:00:00,31.7,73,38.5,0.0,37,4.7,16.9,2025,7,3,18,184,Monsoon,0
2025-07-03 19:00:00,30.8,79,38.2,0.0,96,3.6,9.7,2025,7,3,19,184,Monsoon,0
2025-07-03 20:00:00,30.2,80,37.2,0.0,100,4.5,8.6,2025,7,3,20,184,Monsoon,0
2025-07-03 21:00:00,29.8,82,36.7,0.0,100,4.5,8.6,2025,7,3,21,184,Monsoon,0
2025-07-03 22:00:00,29.4,83,36.1,0.0,84,5.8,10.4,2025,7,3,22,184,Monsoon,0
2025-07-03 23:00:00,29.0,84,35.3,0.0,28,8.1,15.8,2025,7,3,23,184,Monsoon,0
2025-07-04 00:00:00,28.5,85,34.5,0.0,16,8.4,18.4,2025,7,4,0,185,Monsoon,0
2025-07-04 01:00:00,27.9,88,33.8,0.0,17,8.3,16.9,2025,7,4,1,185,Monsoon,0
2025-07-04 02:00:00,27.5,89,33.5,0.0,14,7.2,18.0,2025,7,4,2,185,Monsoon,0
2025-07-04 03:00:00,27.2,90,33.2,0.0,2,7.3,14.4,2025,7,4,3,185,Monsoon,0
2025-07-04 04:00:00,26.9,92,32.9,0.0,5,7.3,16.6,2025,7,4,4,185,Monsoon,0
2025-07-04 05:00:00,26.7,93,33.0,0.0,0,4.6,14.8,2025,7,4,5,185,Monsoon,0
2025-07-04 06:00:00,27.8,92,34.6,0.0,54,5.9,11.2,2025,7,4,6,185,Monsoon,0
2025-07-04 07:00:00,28.7,87,35.6,0.0,20,5.1,14.0,2025,7,4,7,185,Monsoon,0
2025-07-04 08:00:00,29.8,81,36.8,0.0,4,3.6,14.0,2025,7,4,8,185,Monsoon,0
2025-07-04 09:00:00,31.1,75,38.0,0.0,2,3.5,15.5,2025,7,4,9,185,Monsoon,0
2025-07-04 10:00:00,32.2,68,39.2,0.0,13,4.1,15.8,2025,7,4,10,185,Monsoon,0
2025-07-04 11:00:00,33.0,64,40.2,0.0,17,4.4,16.2,2025,7,4,11,185,Monsoon,0
2025-07-04 12:00:00,33.6,61,41.1,0.1,18,4.3,16.6,2025,7,4,12,185,Monsoon,1
2025-07-04 13:00:00,34.1,60,42.2,0.0,10,3.1,16.6,2025,7,4,13,185,Monsoon,0
2025-07-04 14:00:00,34.2,61,41.9,0.0,29,1.6,14.4,2025,7,4,14,185,Monsoon,0
2025-07-04 15:00:00,34.1,61,40.8,0.0,39,3.6,13.7,2025,7,4,15,185,Monsoon,0
2025-07-04 16:00:00,34.0,61,40.4,0.0,26,4.4,14.0,2025,7,4,16,185,Monsoon,0
2025-07-04 17:00:00,33.8,62,40.0,0.0,13,5.2,14.0,2025,7,4,17,185,Monsoon,0
2025-07-04 18:00:00,30.1,80,37.1,0.1,38,4.0,16.2,2025,7,4,18,185,Monsoon,1
2025-07-04 19:00:00,29.6,82,36.4,0.0,25,4.7,13.7,2025,7,4,19,185,Monsoon,0
2025-07-04 20:00:00,29.4,84,36.4,0.0,36,4.4,9.4,2025,7,4,20,185,Monsoon,0
2025-07-04 21:00:00,29.2,85,36.2,0.0,31,4.9,10.8,2025,7,4,21,185,Monsoon,0
2025-07-04 22:00:00,29.0,87,36.0,0.1,13,5.2,10.1,2025,7,4,22,185,Monsoon,1
2025-07-04 23:00:00,28.7,88,35.3,0.0,9,7.7,15.1,2025,7,4,23,185,Monsoon,0
2025-07-05 00:00:00,28.4,89,35.3,0.0,31,5.2,16.6,2025,7,5,0,186,Monsoon,0
2025-07-05 01:00:00,27.7,90,34.0,1.3,45,6.5,13.0,2025,7,5,1,186,Monsoon,1
2025-07-05 02:00:00,27.0,94,33.6,0.9,79,4.7,13.7,2025,7,5,2,186,Monsoon,1
2025-07-05 03:00:00,26.5,97,33.5,0.3,37,2.3,8.3,2025,7,5,3,186,Monsoon,1
2025-07-05 04:00:00,26.6,95,33.1,0.1,5,5.1,13.7,2025,7,5,4,186,Monsoon,1
2025-07-05 05:00:00,26.5,96,33.3,0.0,12,2.8,7.6,2025,7,5,5,186,Monsoon,0
2025-07-05 06:00:00,28.7,88,36.1,0.0,21,2.5,9.4,2025,7,5,6,186,Monsoon,0
2025-07-05 07:00:00,29.6,83,36.8,0.0,100,3.1,10.8,2025,7,5,7,186,Monsoon,0
2025-07-05 08:00:00,30.3,79,37.7,0.0,1,1.3,11.2,2025,7,5,8,186,Monsoon,0
2025-07-05 09:00:00,31.9,71,38.7,0.1,22,4.2,16.2,2025,7,5,9,186,Monsoon,1
2025-07-05 10:00:00,32.9,67,40.2,0.1,4,3.6,17.3,2025,7,5,10,186,Monsoon,1
2025-07-05 11:00:00,33.9,64,42.5,0.0,21,2.3,16.2,2025,7,5,11,186,Monsoon,0
2025-07-05 12:00:00,34.5,61,43.1,0.1,46,1.6,14.4,2025,7,5,12,186,Monsoon,1
2025-07-05 13:00:00,34.5,60,42.7,0.2,72,2.1,14.0,2025,7,5,13,186,Monsoon,1
2025-07-05 14:00:00,35.0,58,42.7,0.2,6,1.5,14.0,2025,7,5,14,186,Monsoon,1
2025-07-05 15:00:00,35.2,57,41.8,0.0,18,3.4,14.0,2025,7,5,15,186,Monsoon,0
2025-07-05 16:00:00,34.7,58,40.9,0.0,49,5.2,16.6,2025,7,5,16,186,Monsoon,0
2025-07-05 17:00:00,34.2,62,40.6,0.0,29,5.0,15.8,2025,7,5,17,186,Monsoon,0
2025-07-05 18:00:00,33.3,65,40.3,0.0,69,2.2,7.9,2025,7,5,18,186,Monsoon,0
2025-07-05 19:00:00,31.3,74,37.7,0.1,52,7.1,13.7,2025,7,5,19,186,Monsoon,1
2025-07-05 20:00:00,30.5,79,37.0,0.0,15,6.9,17.3,2025,7,5,20,186,Monsoon,0
2025-07-05 21:00:00,29.9,82,36.7,0.0,16,6.9,14.0,2025,7,5,21,186,Monsoon,0
2025-07-05 22:00:00,29.3,84,36.1,0.0,6,5.5,15.1,2025,7,5,22,186,Monsoon,0
2025-07-05 23:00:00,29.0,84,35.6,0.0,26,5.1,11.9,2025,7,5,23,186,Monsoon,0
2025-07-06 00:00:00,28.6,87,35.5,0.0,100,4.1,10.8,2025,7,6,0,187,Monsoon,0
2025-07-06 01:00:00,28.3,88,34.8,0.0,83,5.8,13.0,2025,7,6,1,187,Monsoon,0
2025-07-06 02:00:00,27.6,91,33.9,0.1,57,7.2,16.6,2025,7,6,2,187,Monsoon,1
2025-07-06 03:00:00,27.3,91,33.7,0.4,6,4.8,15.8,2025,7,6,3,187,Monsoon,1
2025-07-06 04:00:00,27.1,93,33.6,0.0,12,5.2,12.2,2025,7,6,4,187,Monsoon,0
2025-07-06 05:00:00,27.0,93,33.9,0.0,22,2.8,10.1,2025,7,6,5,187,Monsoon,0
2025-07-06 06:00:00,27.6,88,33.9,0.8,86,4.8,13.3,2025,7,6,6,187,Monsoon,1
2025-07-06 07:00:00,28.6,83,35.0,0.1,79,3.5,11.5,2025,7,6,7,187,Monsoon,1
2025-07-06 08:00:00,29.9,77,36.3,0.0,92,3.8,13.3,2025,7,6,8,187,Monsoon,0
2025-07-06 09:00:00,31.0,73,37.1,0.0,61,6.5,18.7,2025,7,6,9,187,Monsoon,0
2025-07-06 10:00:00,32.3,67,38.8,0.0,39,5.6,21.6,2025,7,6,10,187,Monsoon,0
2025-07-06 11:00:00,33.8,60,41.3,0.0,45,2.2,18.4,2025,7,6,11,187,Monsoon,0
2025-07-06 12:00:00,34.5,57,42.0,0.1,24,2.1,14.0,2025,7,6,12,187,Monsoon,1
2025-07-06 13:00:00,35.4,54,43.2,0.0,21,0.9,14.0,2025,7,6,13,187,Monsoon,0
2025-07-06 14:00:00,35.7,53,42.7,0.1,30,1.9,13.3,2025,7,6,14,187,Monsoon,1
2025-07-06 15:00:00,35.3,54,41.1,0.1,26,3.5,15.1,2025,7,6,15,187,Monsoon,1
2025-07-06 16:00:00,35.0,55,41.1,0.1,34,2.7,14.8,2025,7,6,16,187,Monsoon,1
2025-07-06 17:00:00,34.6,58,40.7,0.1,40,3.7,12.6,2025,7,6,17,187,Monsoon,1
2025-07-06 18:00:00,33.2,65,40.1,0.0,50,1.3,7.9,2025,7,6,18,187,Monsoon,0
2025-07-06 19:00:00,32.3,71,39.4,0.0,55,3.9,8.3,2025,7,6,19,187,Monsoon,0
2025-07-06 20:00:00,31.5,77,39.1,0.0,57,3.8,10.1,2025,7,6,20,187,Monsoon,0
2025-07-06 21:00:00,31.1,80,38.4,0.0,100,6.1,11.2,2025,7,6,21,187,Monsoon,0
2025-07-06 22:00:00,29.8,81,36.0,0.0,100,8.1,19.4,2025,7,6,22,187,Monsoon,0
2025-07-06 23:00:00,26.7,92,32.5,5.5,100,7.8,16.9,2025,7,6,23,187,Monsoon,1
2025-07-07 00:00:00,26.5,93,32.7,2.3,100,4.8,16.2,2025,7,7,0,188,Monsoon,1
2025-07-07 01:00:00,26.6,93,33.1,0.0,100,2.6,11.9,2025,7,7,1,188,Monsoon,0
2025-07-07 02:00:00,26.5,93,33.0,0.0,99,2.6,6.8,2025,7,7,2,188,Monsoon,0
2025-07-07 03:00:00,26.4,93,33.1,0.0,100,1.1,11.9,2025,7,7,3,188,Monsoon,0
2025-07-07 04:00:00,26.3,96,32.5,0.0,97,5.7,11.2,2025,7,7,4,188,Monsoon,0
2025-07-07 05:00:00,26.2,97,32.4,0.0,98,6.2,12.2,2025,7,7,5,188,Monsoon,0
2025-07-07 06:00:00,25.9,96,32.4,5.1,100,2.4,16.6,2025,7,7,6,188,Monsoon,1
2025-07-07 07:00:00,26.2,97,32.8,2.4,100,4.1,9.0,2025,7,7,7,188,Monsoon,1
2025-07-07 08:00:00,26.4,97,32.7,3.1,100,6.6,15.1,2025,7,7,8,188,Monsoon,1
2025-07-07 09:00:00,27.3,92,34.2,0.6,100,2.5,13.3,2025,7,7,9,188,Monsoon,1
2025-07-07 10:00:00,28.0,87,34.9,0.0,100,2.1,12.2,2025,7,7,10,188,Monsoon,0
2025-07-07 11:00:00,29.4,81,36.0,0.0,100,3.5,13.7,2025,7,7,11,188,Monsoon,0
2025-07-07 12:00:00,31.3,73,39.6,0.0,100,2.2,13.7,2025,7,7,12,188,Monsoon,0
2025-07-07 13:00:00,32.5,67,40.7,0.0,98,2.0,13.7,2025,7,7,13,188,Monsoon,0
2025-07-07 14:00:00,33.0,66,41.3,0.0,78,2.3,13.0,2025,7,7,14,188,Monsoon,0
2025-07-07 15:00:00,33.2,65,40.6,0.0,40,2.7,12.6,2025,7,7,15,188,Monsoon,0
2025-07-07 16:00:00,33.2,64,39.9,0.0,86,3.1,13.0,2025,7,7,16,188,Monsoon,0
2025-07-07 17:00:00,33.0,66,39.8,0.0,97,3.6,11.5,2025,7,7,17,188,Monsoon,0
2025-07-07 18:00:00,31.0,75,37.7,0.0,100,5.1,11.9,2025,7,7,18,188,Monsoon,0
2025-07-07 19:00:00,30.0,79,36.5,0.0,100,5.3,12.2,2025,7,7,19,188,Monsoon,0
2025-07-07 20:00:00,29.6,81,36.3,0.0,94,4.0,10.8,2025,7,7,20,188,Monsoon,0
2025-07-07 21:00:00,29.3,82,36.2,0.0,55,3.4,7.6,2025,7,7,21,188,Monsoon,0
2025-07-07 22:00:00,29.1,83,36.2,0.0,14,1.5,6.1,2025,7,7,22,188,Monsoon,0
2025-07-07 23:00:00,28.7,84,35.8,0.0,9,0.9,2.2,2025,7,7,23,188,Monsoon,0
2025-07-08 00:00:00,28.4,87,35.4,0.0,9,2.2,3.6,2025,7,8,0,189,Monsoon,0
2025-07-08 01:00:00,28.1,88,34.9,0.0,7,3.3,5.8,2025,7,8,1,189,Monsoon,0
2025-07-08 02:00:00,27.7,90,34.5,0.0,16,3.3,6.5,2025,7,8,2,189,Monsoon,0
2025-07-08 03:00:00,27.4,91,34.0,0.0,33,4.4,8.6,2025,7,8,3,189,Monsoon,0
2025-07-08 04:00:00,27.2,92,33.8,0.0,14,3.6,9.0,2025,7,8,4,189,Monsoon,0
2025-07-08 05:00:00,27.1,92,33.8,0.0,46,3.1,6.5,2025,7,8,5,189,Monsoon,0
2025-07-08 06:00:00,29.0,87,36.2,0.0,97,3.9,9.0,2025,7,8,6,189,Monsoon,0
2025-07-08 07:00:00,29.8,82,36.7,0.0,100,5.4,13.3,2025,7,8,7,189,Monsoon,0
2025-07-08 08:00:00,30.3,78,36.7,0.0,100,6.4,17.3,2025,7,8,8,189,Monsoon,0
2025-07-08 09:00:00,31.1,75,37.9,0.0,100,4.6,19.1,2025,7,8,9,189,Monsoon,0
2025-07-08 10:00:00,32.1,71,38.9,0.0,100,5.6,17.6,2025,7,8,10,189,Monsoon,0
2025-07-08 11:00:00,33.1,66,39.9,0.0,99,9.2,24.5,2025,7,8,11,189,Monsoon,0
2025-07-08 12:00:00,33.7,63,40.5,0.0,100,9.0,25.2,2025,7,8,12,189,Monsoon,0
2025-07-08 13:00:00,33.9,61,40.7,0.0,95,8.6,24.8,2025,7,8,13,189,Monsoon,0
2025-07-08 14:00:00,34.0,61,40.3,0.0,100,8.3,24.5,2025,7,8,14,189,Monsoon,0
2025-07-08 15:00:00,34.0,61,39.7,0.0,100,8.4,22.7,2025,7,8,15,189,Monsoon,0
2025-07-08 16:00:00,34.0,61,39.9,0.0,100,7.3,23.8,2025,7,8,16,189,Monsoon,0
2025-07-08 17:00:00,33.7,62,40.1,0.0,100,4.5,21.2,2025,7,8,17,189,Monsoon,0
2025-07-08 18:00:00,33.0,67,39.9,0.0,100,3.4,10.1,2025,7,8,18,189,Monsoon,0
2025-07-08 19:00:00,31.6,75,38.8,0.0,100,3.7,8.3,2025,7,8,19,189,Monsoon,0
2025-07-08 20:00:00,31.1,78,38.6,0.0,100,2.7,7.6,2025,7,8,20,189,Monsoon,0
2025-07-08 21:00:00,30.9,76,38.2,0.0,100,1.8,4.7,2025,7,8,21,189,Monsoon,0
2025-07-08 22:00:00,30.4,79,37.9,0.0,100,0.8,4.3,2025,7,8,22,189,Monsoon,0
2025-07-08 23:00:00,29.9,82,37.5,0.0,100,1.2,2.5,2025,7,8,23,189,Monsoon,0
2025-07-09 00:00:00,29.4,85,37.0,0.0,100,1.5,2.5,2025,7,9,0,190,Monsoon,0
2025-07-09 01:00:00,29.0,85,35.6,0.0,100,5.8,10.4,2025,7,9,1,190,Monsoon,0
2025-07-09 02:00:00,28.4,83,34.5,0.0,100,5.9,13.0,2025,7,9,2,190,Monsoon,0
2025-07-09 03:00:00,27.7,86,33.8,0.0,100,4.5,12.6,2025,7,9,3,190,Monsoon,0
2025-07-09 04:00:00,27.4,86,32.5,0.2,100,10.2,19.8,2025,7,9,4,190,Monsoon,1
2025-07-09 05:00:00,27.0,89,33.1,0.0,100,3.6,24.8,2025,7,9,5,190,Monsoon,0
2025-07-09 06:00:00,27.6,84,33.7,0.0,100,2.7,9.7,2025,7,9,6,190,Monsoon,0
2025-07-09 07:00:00,28.2,83,34.4,0.0,96,3.1,10.1,2025,7,9,7,190,Monsoon,0
2025-07-09 08:00:00,29.3,80,35.6,0.0,100,4.2,13.7,2025,7,9,8,190,Monsoon,0
2025-07-09 09:00:00,30.6,75,37.1,0.0,100,4.6,15.8,2025,7,9,9,190,Monsoon,0
2025-07-09 10:00:00,31.7,70,38.2,0.0,100,3.8,15.5,2025,7,9,10,190,Monsoon,0
2025-07-09 11:00:00,28.7,82,34.5,11.3,100,8.2,32.8,2025,7,9,11,190,Monsoon,1
2025-07-09 12:00:00,28.0,84,34.5,0.8,100,1.4,20.5,2025,7,9,12,190,Monsoon,1
2025-07-09 13:00:00,29.3,81,36.4,0.1,100,1.2,9.7,2025,7,9,13,190,Monsoon,1
2025-07-09 14:00:00,30.3,78,37.5,0.0,100,1.7,9.4,2025,7,9,14,190,Monsoon,0
2025-07-09 15:00:00,30.9,76,37.9,0.0,100,3.9,12.6,2025,7,9,15,190,Monsoon,0
2025-07-09 16:00:00,30.9,77,38.0,0.0,100,4.1,13.7,2025,7,9,16,190,Monsoon,0
2025-07-09 17:00:00,30.7,79,37.8,0.0,100,4.5,12.2,2025,7,9,17,190,Monsoon,0
2025-07-09 18:00:00,31.1,72,38.0,0.0,100,1.5,6.5,2025,7,9,18,190,Monsoon,0
2025-07-09 19:00:00,30.0,80,37.2,0.0,100,2.9,5.8,2025,7,9,19,190,Monsoon,0
2025-07-09 20:00:00,29.2,86,36.7,0.0,100,2.4,7.2,2025,7,9,20,190,Monsoon,0
2025-07-09 21:00:00,29.2,85,36.6,0.0,100,2.3,3.6,2025,7,9,21,190,Monsoon,0
2025-07-09 22:00:00,28.4,85,35.1,2.5,100,2.0,5.0,2025,7,9,22,190,Monsoon,1
2025-07-09 23:00:00,27.6,89,34.2,0.0,100,2.9,6.5,2025,7,9,23,190,Monsoon,0
2025-07-10 00:00:00,27.1,91,34.0,0.3,100,1.5,5.8,2025,7,10,0,191,Monsoon,1
2025-07-10 01:00:00,26.7,94,33.5,0.3,100,2.0,5.4,2025,7,10,1,191,Monsoon,1
2025-07-10 02:00:00,26.6,95,33.6,0.4,100,1.7,5.4,2025,7,10,2,191,Monsoon,1
2025-07-10 03:00:00,26.6,95,33.5,0.3,100,1.8,4.7,2025,7,10,3,191,Monsoon,1
2025-07-10 04:00:00,26.2,95,32.6,0.6,100,3.9,8.3,2025,7,10,4,191,Monsoon,1
2025-07-10 05:00:00,25.6,95,31.2,0.9,100,6.1,16.9,2025,7,10,5,191,Monsoon,1
2025-07-10 06:00:00,26.2,93,31.9,0.3,99,6.3,11.5,2025,7,10,6,191,Monsoon,1
2025-07-10 07:00:00,26.5,86,31.8,0.0,100,4.2,11.9,2025,7,10,7,191,Monsoon,0
2025-07-10 08:00:00,26.9,82,32.0,0.0,100,4.4,13.3,2025,7,10,8,191,Monsoon,0
2025-07-10 09:00:00,27.6,78,33.0,0.0,100,1.8,12.6,2025,7,10,9,191,Monsoon,0
2025-07-10 10:00:00,28.0,76,33.3,0.0,100,2.8,9.7,2025,7,10,10,191,Monsoon,0
2025-07-10 11:00:00,28.1,76,33.4,0.0,100,3.7,10.8,2025,7,10,11,191,Monsoon,0
2025-07-10 12:00:00,29.0,74,33.8,0.0,100,7.9,20.5,2025,7,10,12,191,Monsoon,0
2025-07-10 13:00:00,29.1,74,33.9,0.0,100,8.5,23.4,2025,7,10,13,191,Monsoon,0
2025-07-10 14:00:00,28.6,78,33.9,0.0,99,6.7,22.3,2025,7,10,14,191,Monsoon,0
2025-07-10 15:00:00,29.0,77,34.3,0.0,95,7.9,20.2,2025,7,10,15,191,Monsoon,0
2025-07-10 16:00:00,29.6,76,35.6,0.0,91,5.2,21.6,2025,7,10,16,191,Monsoon,0
2025-07-10 17:00:00,29.5,77,35.7,0.0,66,3.8,15.5,2025,7,10,17,191,Monsoon,0
2025-07-10 18:00:00,28.1,82,34.2,0.0,100,3.1,12.2,2025,7,10,18,191,Monsoon,0
2025-07-10 19:00:00,27.5,88,34.1,0.4,100,2.1,7.2,2025,7,10,19,191,Monsoon,1
2025-07-10 20:00:00,27.2,90,34.0,0.1,100,1.7,4.3,2025,7,10,20,191,Monsoon,1
2025-07-10 21:00:00,26.9,92,33.6,0.0,99,1.8,3.6,2025,7,10,21,191,Monsoon,0
2025-07-10 22:00:00,26.6,92,33.2,0.0,97,2.3,4.7,2025,7,10,22,191,Monsoon,0
2025-07-10 23:00:00,26.4,93,32.6,0.0,72,4.4,8.6,2025,7,10,23,191,Monsoon,0
2025-07-11 00:00:00,25.9,95,32.4,0.0,100,2.4,9.0,2025,7,11,0,192,Monsoon,0
2025-07-11 01:00:00,25.8,96,32.5,0.0,100,1.0,4.7,2025,7,11,1,192,Monsoon,0
2025-07-11 02:00:00,25.7,96,32.4,0.0,100,0.7,2.5,2025,7,11,2,192,Monsoon,0
2025-07-11 03:00:00,25.7,96,32.1,0.0,99,2.1,4.0,2025,7,11,3,192,Monsoon,0
2025-07-11 04:00:00,25.6,97,32.1,0.0,100,1.8,6.5,2025,7,11,4,192,Monsoon,0
2025-07-11 05:00:00,25.7,97,32.2,0.0,100,1.5,3.6,2025,7,11,5,192,Monsoon,0
2025-07-11 06:00:00,27.0,90,33.3,0.1,100,3.6,8.3,2025,7,11,6,192,Monsoon,1
2025-07-11 07:00:00,26.9,90,33.2,0.1,100,2.9,10.8,2025,7,11,7,192,Monsoon,1
2025-07-11 08:00:00,27.2,89,33.9,0.1,100,1.5,6.8,2025,7,11,8,192,Monsoon,1
2025-07-11 09:00:00,27.9,87,34.4,0.0,100,3.8,11.9,2025,7,11,9,192,Monsoon,0
2025-07-11 10:00:00,28.7,80,34.9,0.0,100,3.2,13.3,2025,7,11,10,192,Monsoon,0
2025-07-11 11:00:00,29.6,73,35.2,0.0,100,3.8,13.3,2025,7,11,11,192,Monsoon,0
2025-07-11 12:00:00,30.3,70,35.9,0.1,82,3.5,14.0,2025,7,11,12,192,Monsoon,1
2025-07-11 13:00:00,30.8,68,36.4,0.0,100,4.2,15.1,2025,7,11,13,192,Monsoon,0
2025-07-11 14:00:00,31.0,67,36.8,0.0,57,2.4,14.8,2025,7,11,14,192,Monsoon,0
2025-07-11 15:00:00,31.6,66,38.3,0.0,7,1.1,12.6,2025,7,11,15,192,Monsoon,0
2025-07-11 16:00:00,31.6,66,37.7,0.0,19,1.4,9.4,2025,7,11,16,192,Monsoon,0
2025-07-11 17:00:00,31.3,66,37.1,0.0,20,2.2,8.6,2025,7,11,17,192,Monsoon,0
2025-07-11 18:00:00,30.1,75,36.4,0.0,24,3.0,7.2,2025,7,11,18,192,Monsoon,0
2025-07-11 19:00:00,28.9,83,35.6,0.0,34,2.9,6.5,2025,7,11,19,192,Monsoon,0
2025-07-11 20:00:00,28.7,83,35.4,0.0,39,2.4,5.4,2025,7,11,20,192,Monsoon,0
2025-07-11 21:00:00,28.7,82,35.6,0.0,74,0.3,3.2,2025,7,11,21,192,Monsoon,0
2025-07-11 22:00:00,28.4,84,35.2,0.0,62,0.9,1.8,2025,7,11,22,192,Monsoon,0
2025-07-11 23:00:00,28.1,84,34.9,0.0,100,0.5,1.8,2025,7,11,23,192,Monsoon,0
2025-07-12 00:00:00,27.7,86,34.4,0.0,100,1.0,1.4,2025,7,12,0,193,Monsoon,0
2025-07-12 01:00:00,27.4,88,34.0,0.0,99,1.3,1.8,2025,7,12,1,193,Monsoon,0
2025-07-12 02:00:00,27.1,89,33.8,0.0,99,0.9,2.5,2025,7,12,2,193,Monsoon,0
2025-07-12 03:00:00,27.0,90,33.7,0.0,100,0.4,1.1,2025,7,12,3,193,Monsoon,0
2025-07-12 04:00:00,26.8,91,33.4,0.0,95,1.8,4.0,2025,7,12,4,193,Monsoon,0
2025-07-12 05:00:00,26.5,91,32.5,0.0,90,4.5,9.0,2025,7,12,5,193,Monsoon,0
2025-07-12 06:00:00,27.1,88,33.5,0.0,97,2.1,7.9,2025,7,12,6,193,Monsoon,0
2025-07-12 07:00:00,27.9,85,34.5,0.0,8,1.5,7.6,2025,7,12,7,193,Monsoon,0
2025-07-12 08:00:00,29.2,79,35.6,0.0,86,2.5,10.8,2025,7,12,8,193,Monsoon,0
2025-07-12 09:00:00,29.9,76,36.3,0.0,27,2.8,11.9,2025,7,12,9,193,Monsoon,0
2025-07-12 10:00:00,31.2,69,37.9,0.0,46,1.8,13.7,2025,7,12,10,193,Monsoon,0
2025-07-12 11:00:00,32.0,66,39.6,0.0,9,0.8,11.9,2025,7,12,11,193,Monsoon,0
2025-07-12 12:00:00,32.8,63,41.0,0.0,10,1.4,15.5,2025,7,12,12,193,Monsoon,0
2025-07-12 13:00:00,33.2,64,41.9,0.0,10,1.0,15.1,2025,7,12,13,193,Monsoon,0
2025-07-12 14:00:00,33.3,63,41.1,0.0,11,2.1,14.0,2025,7,12,14,193,Monsoon,0
2025-07-12 15:00:00,33.5,64,40.8,0.0,16,1.5,13.0,2025,7,12,15,193,Monsoon,0
2025-07-12 16:00:00,33.4,63,40.2,0.0,41,0.8,10.4,2025,7,12,16,193,Monsoon,0
2025-07-12 17:00:00,29.4,81,35.5,2.6,86,7.6,20.5,2025,7,12,17,193,Monsoon,1
2025-07-12 18:00:00,30.5,72,35.7,0.1,68,9.3,20.2,2025,7,12,18,193,Monsoon,1
2025-07-12 19:00:00,28.3,83,34.4,0.0,86,5.0,20.5,2025,7,12,19,193,Monsoon,0
2025-07-12 20:00:00,27.7,87,33.9,0.0,99,4.7,10.8,2025,7,12,20,193,Monsoon,0
2025-07-12 21:00:00,27.5,89,34.0,0.0,100,3.1,9.4,2025,7,12,21,193,Monsoon,0
2025-07-12 22:00:00,27.3,90,34.0,0.0,100,2.2,6.5,2025,7,12,22,193,Monsoon,0
2025-07-12 23:00:00,27.2,91,34.0,0.0,100,2.1,5.0,2025,7,12,23,193,Monsoon,0
2025-07-13 00:00:00,27.0,92,33.9,0.0,100,1.8,4.0,2025,7,13,0,194,Monsoon,0
2025-07-13 01:00:00,26.8,93,33.4,0.0,100,2.4,5.4,2025,7,13,1,194,Monsoon,0
2025-07-13 02:00:00,26.7,92,33.6,0.0,100,0.4,4.7,2025,7,13,2,194,Monsoon,0
2025-07-13 03:00:00,26.5,93,33.1,0.0,100,1.7,3.2,2025,7,13,3,194,Monsoon,0
2025-07-13 04:00:00,26.3,94,32.9,0.0,100,1.8,3.2,2025,7,13,4,194,Monsoon,0
2025-07-13 05:00:00,26.3,95,32.8,0.0,100,3.1,5.4,2025,7,13,5,194,Monsoon,0
2025-07-13 06:00:00,28.0,93,35.0,0.0,100,5.4,10.4,2025,7,13,6,194,Monsoon,0
2025-07-13 07:00:00,28.6,91,36.2,0.0,100,2.3,10.8,2025,7,13,7,194,Monsoon,0
2025-07-13 08:00:00,29.1,84,35.6,1.6,100,6.1,13.3,2025,7,13,8,194,Monsoon,1
2025-07-13 09:00:00,28.4,79,33.6,2.2,98,7.0,25.2,2025,7,13,9,194,Monsoon,1
2025-07-13 10:00:00,29.9,76,36.1,0.0,99,4.7,17.6,2025,7,13,10,194,Monsoon,0
2025-07-13 11:00:00,31.0,75,38.4,0.1,100,5.5,23.8,2025,7,13,11,194,Monsoon,1
2025-07-13 12:00:00,31.7,72,39.0,0.1,100,8.1,29.2,2025,7,13,12,194,Monsoon,1
2025-07-13 13:00:00,32.4,69,39.4,0.1,100,8.8,30.2,2025,7,13,13,194,Monsoon,1
2025-07-13 14:00:00,32.5,69,39.5,0.1,100,8.1,29.5,2025,7,13,14,194,Monsoon,1
2025-07-13 15:00:00,28.7,84,34.2,6.2,100,11.0,26.6,2025,7,13,15,194,Monsoon,1
2025-07-13 16:00:00,27.9,85,33.6,0.1,100,6.6,27.7,2025,7,13,16,194,Monsoon,1
2025-07-13 17:00:00,27.6,87,33.9,0.0,100,4.3,16.9,2025,7,13,17,194,Monsoon,0
2025-07-13 18:00:00,26.3,95,32.6,7.1,100,4.4,26.6,2025,7,13,18,194,Monsoon,1
2025-07-13 19:00:00,26.5,97,33.3,0.4,100,3.2,10.4,2025,7,13,19,194,Monsoon,1
2025-07-13 20:00:00,26.8,96,34.2,0.4,100,0.8,7.2,2025,7,13,20,194,Monsoon,1
2025-07-13 21:00:00,27.2,93,33.7,0.2,100,5.5,9.0,2025,7,13,21,194,Monsoon,1
2025-07-13 22:00:00,27.6,90,33.9,0.0,100,7.0,11.2,2025,7,13,22,194,Monsoon,0
2025-07-13 23:00:00,27.8,89,33.7,0.0,100,9.6,17.3,2025,7,13,23,194,Monsoon,0
2025-07-14 00:00:00,27.9,88,33.7,0.0,100,9.2,18.4,2025,7,14,0,195,Monsoon,0
2025-07-14 01:00:00,27.7,89,33.7,0.0,100,8.2,16.9,2025,7,14,1,195,Monsoon,0
2025-07-14 02:00:00,27.4,90,33.4,0.0,100,7.7,15.5,2025,7,14,2,195,Monsoon,0
2025-07-14 03:00:00,27.3,90,33.3,0.0,99,7.5,14.8,2025,7,14,3,195,Monsoon,0
2025-07-14 04:00:00,27.1,91,33.0,0.0,100,7.7,15.5,2025,7,14,4,195,Monsoon,0
2025-07-14 05:00:00,27.0,91,32.7,0.0,100,8.8,17.6,2025,7,14,5,195,Monsoon,0
2025-07-14 06:00:00,25.8,96,31.0,0.0,100,11.0,21.6,2025,7,14,6,195,Monsoon,0
2025-07-14 07:00:00,26.5,93,31.3,0.2,100,13.9,31.0,2025,7,14,7,195,Monsoon,1
2025-07-14 08:00:00,27.2,89,31.8,0.1,100,16.0,32.4,2025,7,14,8,195,Monsoon,1
2025-07-14 09:00:00,28.7,80,32.8,0.1,100,17.6,38.2,2025,7,14,9,195,Monsoon,1
2025-07-14 10:00:00,29.7,75,33.6,0.1,100,17.9,40.3,2025,7,14,10,195,Monsoon,1
2025-07-14 11:00:00,30.1,73,34.0,0.2,100,18.7,42.1,2025,7,14,11,195,Monsoon,1
2025-07-14 12:00:00,30.4,73,35.1,0.3,100,17.3,41.8,2025,7,14,12,195,Monsoon,1
2025-07-14 13:00:00,30.5,74,35.5,0.6,100,16.1,41.0,2025,7,14,13,195,Monsoon,1
2025-07-14 14:00:00,30.3,73,35.2,0.2,100,12.7,37.8,2025,7,14,14,195,Monsoon,1
2025-07-14 15:00:00,30.4,74,35.6,0.2,100,11.9,29.2,2025,7,14,15,195,Monsoon,1
2025-07-14 16:00:00,30.5,76,35.8,1.2,100,13.6,33.8,2025,7,14,16,195,Monsoon,1
2025-07-14 17:00:00,27.2,90,32.4,5.4,100,12.1,34.9,2025,7,14,17,195,Monsoon,1
2025-07-14 18:00:00,27.3,88,32.5,3.5,100,10.9,31.0,2025,7,14,18,195,Monsoon,1
2025-07-14 19:00:00,27.5,91,33.1,0.3,100,11.1,22.7,2025,7,14,19,195,Monsoon,1
2025-07-14 20:00:00,26.9,93,32.3,1.5,100,12.1,26.6,2025,7,14,20,195,Monsoon,1
2025-07-14 21:00:00,26.4,93,31.1,3.5,100,13.9,30.2,2025,7,14,21,195,Monsoon,1
2025-07-14 22:00:00,26.8,91,31.3,0.0,100,15.9,31.0,2025,7,14,22,195,Monsoon,0
2025-07-14 23:00:00,26.5,90,30.8,0.2,100,15.1,33.1,2025,7,14,23,195,Monsoon,1
2025-07-15 00:00:00,25.8,92,29.8,0.2,100,15.9,33.5,2025,7,15,0,196,Monsoon,1
2025-07-15 01:00:00,26.0,92,30.2,0.1,100,15.2,32.8,2025,7,15,1,196,Monsoon,1
2025-07-15 02:00:00,26.0,92,30.2,0.1,100,15.2,31.7,2025,7,15,2,196,Monsoon,1
2025-07-15 03:00:00,25.9,91,29.8,0.2,100,16.6,35.3,2025,7,15,3,196,Monsoon,1
2025-07-15 04:00:00,25.6,94,29.9,0.2,100,14.5,37.8,2025,7,15,4,196,Monsoon,1
2025-07-15 05:00:00,25.6,94,30.1,0.0,100,12.8,29.2,2025,7,15,5,196,Monsoon,0
2025-07-15 06:00:00,26.2,92,30.6,0.1,100,15.6,31.7,2025,7,15,6,196,Monsoon,1
2025-07-15 07:00:00,26.6,91,31.0,0.1,100,15.7,32.4,2025,7,15,7,196,Monsoon,1
2025-07-15 08:00:00,27.3,87,31.5,0.0,100,16.6,34.2,2025,7,15,8,196,Monsoon,0
2025-07-15 09:00:00,27.6,85,32.1,0.0,100,14.1,34.9,2025,7,15,9,196,Monsoon,0
2025-07-15 10:00:00,28.4,81,32.7,0.0,97,15.8,37.1,2025,7,15,10,196,Monsoon,0
2025-07-15 11:00:00,29.8,74,33.7,0.1,96,17.2,38.9,2025,7,15,11,196,Monsoon,1
2025-07-15 12:00:00,30.6,70,35.2,0.0,100,16.6,40.0,2025,7,15,12,196,Monsoon,0
2025-07-15 13:00:00,31.4,66,36.2,0.0,97,16.4,38.9,2025,7,15,13,196,Monsoon,0
2025-07-15 14:00:00,32.1,63,36.9,0.1,61,15.4,37.8,2025,7,15,14,196,Monsoon,1
2025-07-15 15:00:00,32.2,63,36.4,0.1,54,14.6,35.6,2025,7,15,15,196,Monsoon,1
2025-07-15 16:00:00,30.6,71,35.4,0.2,40,12.3,35.3,2025,7,15,16,196,Monsoon,1
2025-07-15 17:00:00,30.2,77,36.2,0.0,60,7.7,27.4,2025,7,15,17,196,Monsoon,0
2025-07-15 18:00:00,29.2,81,35.2,0.0,100,7.7,22.7,2025,7,15,18,196,Monsoon,0
2025-07-15 19:00:00,28.0,86,33.7,2.7,100,8.8,16.9,2025,7,15,19,196,Monsoon,1
2025-07-15 20:00:00,27.3,91,33.1,1.4,100,9.6,16.6,2025,7,15,20,196,Monsoon,1
2025-07-15 21:00:00,27.3,92,33.2,0.7,100,9.4,16.9,2025,7,15,21,196,Monsoon,1
2025-07-15 22:00:00,27.1,93,32.9,0.6,100,9.7,17.3,2025,7,15,22,196,Monsoon,1
2025-07-15 23:00:00,26.8,93,32.6,0.4,99,8.8,17.6,2025,7,15,23,196,Monsoon,1
2025-07-16 00:00:00,26.3,96,31.9,1.6,100,10.0,18.4,2025,7,16,0,197,Monsoon,1
2025-07-16 01:00:00,26.1,97,31.7,2.5,100,10.0,20.2,2025,7,16,1,197,Monsoon,1
2025-07-16 02:00:00,26.0,96,31.4,1.1,100,10.5,19.8,2025,7,16,2,197,Monsoon,1
2025-07-16 03:00:00,25.8,96,31.0,1.0,100,10.6,20.9,2025,7,16,3,197,Monsoon,1
2025-07-16 04:00:00,25.3,97,30.2,1.5,100,11.8,24.1,2025,7,16,4,197,Monsoon,1
2025-07-16 05:00:00,25.3,97,30.2,0.0,100,11.3,23.8,2025,7,16,5,197,Monsoon,0
2025-07-16 06:00:00,26.9,94,32.8,0.0,100,8.6,16.6,2025,7,16,6,197,Monsoon,0
2025-07-16 07:00:00,27.4,91,33.4,0.0,98,8.2,19.1,2025,7,16,7,197,Monsoon,0
2025-07-16 08:00:00,28.7,85,34.7,0.0,35,8.4,20.5,2025,7,16,8,197,Monsoon,0
2025-07-16 09:00:00,30.2,77,36.0,0.0,14,9.5,24.1,2025,7,16,9,197,Monsoon,0
2025-07-16 10:00:00,31.4,70,37.5,0.1,33,9.3,24.8,2025,7,16,10,197,Monsoon,1
2025-07-16 11:00:00,32.0,67,38.6,0.1,53,8.3,26.3,2025,7,16,11,197,Monsoon,1
2025-07-16 12:00:00,32.3,65,39.0,0.0,100,7.5,24.8,2025,7,16,12,197,Monsoon,0
2025-07-16 13:00:00,32.1,67,37.7,0.0,100,7.6,23.0,2025,7,16,13,197,Monsoon,0
2025-07-16 14:00:00,31.2,66,36.2,0.1,100,7.9,21.6,2025,7,16,14,197,Monsoon,1
2025-07-16 15:00:00,31.0,70,36.2,0.1,98,9.9,22.3,2025,7,16,15,197,Monsoon,1
2025-07-16 16:00:00,30.2,75,35.6,0.1,98,10.7,26.6,2025,7,16,16,197,Monsoon,1
2025-07-16 17:00:00,29.7,78,35.5,0.0,76,8.4,25.6,2025,7,16,17,197,Monsoon,0
2025-07-16 18:00:00,29.8,79,36.4,0.0,100,4.2,12.2,2025,7,16,18,197,Monsoon,0
2025-07-16 19:00:00,29.2,86,36.7,0.0,100,1.9,9.7,2025,7,16,19,197,Monsoon,0
2025-07-16 20:00:00,28.8,86,35.7,0.0,100,4.1,7.6,2025,7,16,20,197,Monsoon,0
2025-07-16 21:00:00,28.4,87,35.1,0.0,100,4.6,9.0,2025,7,16,21,197,Monsoon,0
2025-07-16 22:00:00,28.1,88,34.7,0.0,100,4.8,9.4,2025,7,16,22,197,Monsoon,0
2025-07-16 23:00:00,27.9,89,34.3,0.0,100,5.8,11.2,2025,7,16,23,197,Monsoon,0
2025-07-17 00:00:00,27.7,90,34.2,0.0,100,5.8,11.9,2025,7,17,0,198,Monsoon,0
2025-07-17 01:00:00,27.5,92,33.9,0.0,100,6.4,12.2,2025,7,17,1,198,Monsoon,0
2025-07-17 02:00:00,27.3,92,33.7,0.0,100,6.4,12.6,2025,7,17,2,198,Monsoon,0
2025-07-17 03:00:00,27.1,93,33.4,0.0,100,7.1,14.0,2025,7,17,3,198,Monsoon,0
2025-07-17 04:00:00,27.0,93,33.1,0.0,100,7.0,14.4,2025,7,17,4,198,Monsoon,0
2025-07-17 05:00:00,26.8,92,32.6,0.0,100,8.2,17.3,2025,7,17,5,198,Monsoon,0
2025-07-17 06:00:00,26.8,85,31.4,0.0,100,10.1,26.6,2025,7,17,6,198,Monsoon,0
2025-07-17 07:00:00,27.2,85,32.3,0.0,100,8.3,20.9,2025,7,17,7,198,Monsoon,0
2025-07-17 08:00:00,28.0,81,33.0,0.0,100,9.5,22.7,2025,7,17,8,198,Monsoon,0
2025-07-17 09:00:00,28.6,77,33.4,0.0,100,9.8,23.4,2025,7,17,9,198,Monsoon,0
2025-07-17 10:00:00,29.4,73,34.1,0.0,100,9.7,24.5,2025,7,17,10,198,Monsoon,0
2025-07-17 11:00:00,30.3,69,34.5,0.0,100,12.9,33.5,2025,7,17,11,198,Monsoon,0
2025-07-17 12:00:00,30.3,68,34.4,0.0,100,12.7,32.8,2025,7,17,12,198,Monsoon,0
2025-07-17 13:00:00,29.6,73,34.3,0.0,100,10.3,29.2,2025,7,17,13,198,Monsoon,0
2025-07-17 14:00:00,29.9,73,34.8,0.0,100,10.0,27.0,2025,7,17,14,198,Monsoon,0
2025-07-17 15:00:00,30.7,69,35.8,0.0,95,8.2,24.1,2025,7,17,15,198,Monsoon,0
2025-07-17 16:00:00,31.1,67,36.0,0.0,56,8.9,22.0,2025,7,17,16,198,Monsoon,0
2025-07-17 17:00:00,30.8,69,36.0,0.0,48,7.4,22.0,2025,7,17,17,198,Monsoon,0
2025-07-17 18:00:00,29.7,80,36.2,0.0,98,5.1,11.2,2025,7,17,18,198,Monsoon,0
2025-07-17 19:00:00,28.9,85,35.8,0.0,100,4.7,10.4,2025,7,17,19,198,Monsoon,0
2025-07-17 20:00:00,28.2,87,34.4,0.5,100,7.0,15.1,2025,7,17,20,198,Monsoon,1
2025-07-17 21:00:00,27.4,91,33.6,0.3,100,7.0,16.6,2025,7,17,21,198,Monsoon,1
2025-07-17 22:00:00,27.0,92,33.7,0.3,99,2.7,16.2,2025,7,17,22,198,Monsoon,1
2025-07-17 23:00:00,26.8,93,33.5,0.3,97,2.6,10.8,2025,7,17,23,198,Monsoon,1
2025-07-18 00:00:00,26.6,94,33.1,0.1,100,3.3,5.8,2025,7,18,0,199,Monsoon,1
2025-07-18 01:00:00,26.5,94,32.7,0.0,100,5.8,9.7,2025,7,18,1,199,Monsoon,0
2025-07-18 02:00:00,26.6,92,32.4,0.0,100,7.6,13.7,2025,7,18,2,199,Monsoon,0
2025-07-18 03:00:00,26.7,89,32.0,0.0,100,8.6,15.8,2025,7,18,3,199,Monsoon,0
2025-07-18 04:00:00,26.5,90,31.9,0.0,85,8.2,15.8,2025,7,18,4,199,Monsoon,0
2025-07-18 05:00:00,26.4,91,31.7,0.0,6,8.4,16.2,2025,7,18,5,199,Monsoon,0
2025-07-18 06:00:00,27.0,86,31.8,0.0,17,10.6,22.3,2025,7,18,6,199,Monsoon,0
2025-07-18 07:00:00,27.7,83,32.8,0.0,24,8.9,22.3,2025,7,18,7,199,Monsoon,0
2025-07-18 08:00:00,28.7,78,33.3,0.0,73,11.5,26.6,2025,7,18,8,199,Monsoon,0
2025-07-18 09:00:00,29.9,72,33.7,0.0,76,16.1,36.0,2025,7,18,9,199,Monsoon,0
2025-07-18 10:00:00,30.8,68,35.0,0.0,100,16.5,49.0,2025,7,18,10,199,Monsoon,0
2025-07-18 11:00:00,31.3,68,35.9,0.1,85,16.6,45.7,2025,7,18,11,199,Monsoon,1
2025-07-18 12:00:00,31.5,67,36.0,0.1,55,18.0,49.7,2025,7,18,12,199,Monsoon,1
2025-07-18 13:00:00,31.6,69,37.4,0.1,66,15.5,49.3,2025,7,18,13,199,Monsoon,1
2025-07-18 14:00:00,31.2,66,34.9,0.7,64,18.3,46.4,2025,7,18,14,199,Monsoon,1
2025-07-18 15:00:00,29.5,77,33.8,2.5,53,16.6,44.6,2025,7,18,15,199,Monsoon,1
2025-07-18 16:00:00,29.7,76,34.2,0.3,41,15.5,36.4,2025,7,18,16,199,Monsoon,1
2025-07-18 17:00:00,29.3,78,34.2,0.0,40,12.4,35.6,2025,7,18,17,199,Monsoon,0
2025-07-18 18:00:00,28.9,79,33.1,0.2,66,16.6,38.5,2025,7,18,18,199,Monsoon,1
2025-07-18 19:00:00,28.4,79,32.5,0.0,62,15.3,39.6,2025,7,18,19,199,Monsoon,0
2025-07-18 20:00:00,27.9,81,31.9,0.0,39,15.3,33.5,2025,7,18,20,199,Monsoon,0
2025-07-18 21:00:00,27.6,82,31.6,0.0,4,15.1,32.8,2025,7,18,21,199,Monsoon,0
2025-07-18 22:00:00,27.3,83,31.5,0.0,2,13.4,32.0,2025,7,18,22,199,Monsoon,0
2025-07-18 23:00:00,26.9,85,31.2,0.0,9,13.0,28.4,2025,7,18,23,199,Monsoon,0
2025-07-19 00:00:00,26.6,87,30.8,0.0,23,13.5,28.4,2025,7,19,0,200,Monsoon,0
2025-07-19 01:00:00,26.3,89,30.7,0.0,74,13.2,28.8,2025,7,19,1,200,Monsoon,0
2025-07-19 02:00:00,26.1,90,30.5,0.0,100,12.8,28.1,2025,7,19,2,200,Monsoon,0
2025-07-19 03:00:00,26.0,91,30.4,0.0,100,12.8,27.4,2025,7,19,3,200,Monsoon,0
2025-07-19 04:00:00,25.9,91,30.3,0.0,100,12.9,27.4,2025,7,19,4,200,Monsoon,0
2025-07-19 05:00:00,25.8,91,30.2,0.0,23,12.6,27.4,2025,7,19,5,200,Monsoon,0
2025-07-19 06:00:00,26.4,90,30.9,0.0,25,13.2,29.2,2025,7,19,6,200,Monsoon,0
2025-07-19 07:00:00,26.9,87,31.0,0.0,39,16.6,35.3,2025,7,19,7,200,Monsoon,0
2025-07-19 08:00:00,27.9,82,32.2,0.0,22,14.1,35.6,2025,7,19,8,200,Monsoon,0
2025-07-19 09:00:00,29.1,76,33.5,0.0,21,12.6,32.0,2025,7,19,9,200,Monsoon,0
2025-07-19 10:00:00,30.2,70,34.8,0.0,32,13.9,33.5,2025,7,19,10,200,Monsoon,0
2025-07-19 11:00:00,31.2,64,36.1,0.0,57,13.0,33.5,2025,7,19,11,200,Monsoon,0
2025-07-19 12:00:00,32.0,61,37.1,0.0,96,12.6,32.0,2025,7,19,12,200,Monsoon,0
2025-07-19 13:00:00,32.2,59,36.7,0.0,100,12.2,31.3,2025,7,19,13,200,Monsoon,0
2025-07-19 14:00:00,32.2,60,36.4,0.0,75,12.1,29.9,2025,7,19,14,200,Monsoon,0
2025-07-19 15:00:00,32.2,61,36.3,0.0,93,11.4,29.9,2025,7,19,15,200,Monsoon,0
2025-07-19 16:00:00,32.2,61,36.6,0.0,22,9.7,27.4,2025,7,19,16,200,Monsoon,0
2025-07-19 17:00:00,32.0,62,36.8,0.0,18,7.6,23.4,2025,7,19,17,200,Monsoon,0
2025-07-19 18:00:00,31.2,67,36.8,0.0,2,4.7,13.0,2025,7,19,18,200,Monsoon,0
2025-07-19 19:00:00,29.8,75,35.7,0.0,4,4.8,10.1,2025,7,19,19,200,Monsoon,0
2025-07-19 20:00:00,29.1,79,35.3,0.0,3,4.4,9.0,2025,7,19,20,200,Monsoon,0
2025-07-19 21:00:00,28.7,80,34.5,0.0,61,6.0,11.5,2025,7,19,21,200,Monsoon,0
2025-07-19 22:00:00,28.4,80,33.9,0.0,100,6.3,12.2,2025,7,19,22,200,Monsoon,0
2025-07-19 23:00:00,28.0,82,33.4,0.0,99,6.4,12.6,2025,7,19,23,200,Monsoon,0
2025-07-20 00:00:00,27.6,83,33.0,0.0,94,6.5,13.0,2025,7,20,0,201,Monsoon,0
2025-07-20 01:00:00,27.2,85,32.8,0.0,88,5.2,13.0,2025,7,20,1,201,Monsoon,0
2025-07-20 02:00:00,26.7,87,32.4,0.0,88,4.4,10.4,2025,7,20,2,201,Monsoon,0
2025-07-20 03:00:00,26.4,89,32.0,0.0,75,4.4,8.3,2025,7,20,3,201,Monsoon,0
2025-07-20 04:00:00,26.2,88,31.7,0.0,14,4.5,8.6,2025,7,20,4,201,Monsoon,0
2025-07-20 05:00:00,26.1,88,31.4,0.0,1,5.1,9.7,2025,7,20,5,201,Monsoon,0
2025-07-20 06:00:00,27.4,86,33.2,0.0,99,5.6,11.2,2025,7,20,6,201,Monsoon,0
2025-07-20 07:00:00,28.3,84,34.5,0.0,98,5.1,13.3,2025,7,20,7,201,Monsoon,0
2025-07-20 08:00:00,29.5,76,35.1,0.0,100,6.4,18.0,2025,7,20,8,201,Monsoon,0
2025-07-20 09:00:00,30.5,71,36.1,0.0,99,6.1,19.1,2025,7,20,9,201,Monsoon,0
2025-07-20 10:00:00,31.4,67,37.5,0.0,100,6.4,20.9,2025,7,20,10,201,Monsoon,0
2025-07-20 11:00:00,32.5,62,39.0,0.0,100,6.9,21.6,2025,7,20,11,201,Monsoon,0
2025-07-20 12:00:00,33.4,57,39.8,0.0,99,7.5,23.0,2025,7,20,12,201,Monsoon,0
2025-07-20 13:00:00,33.9,55,40.1,0.0,32,8.7,25.2,2025,7,20,13,201,Monsoon,0
2025-07-20 14:00:00,34.2,53,39.6,0.0,30,8.8,25.6,2025,7,20,14,201,Monsoon,0
2025-07-20 15:00:00,34.2,52,38.9,0.0,100,7.8,25.2,2025,7,20,15,201,Monsoon,0
2025-07-20 16:00:00,34.3,51,38.7,0.0,100,6.0,21.6,2025,7,20,16,201,Monsoon,0
2025-07-20 17:00:00,33.9,53,38.7,0.0,100,4.6,16.9,2025,7,20,17,201,Monsoon,0
2025-07-20 18:00:00,32.1,65,38.0,0.0,100,4.7,13.3,2025,7,20,18,201,Monsoon,0
2025-07-20 19:00:00,30.9,74,37.6,0.0,100,3.3,10.1,2025,7,20,19,201,Monsoon,0
2025-07-20 20:00:00,30.2,77,36.7,0.0,100,4.3,8.3,2025,7,20,20,201,Monsoon,0
2025-07-20 21:00:00,29.5,80,36.0,0.0,100,4.5,9.7,2025,7,20,21,201,Monsoon,0
2025-07-20 22:00:00,29.0,81,35.4,0.0,100,4.9,9.7,2025,7,20,22,201,Monsoon,0
2025-07-20 23:00:00,28.6,82,34.7,0.0,100,5.6,11.2,2025,7,20,23,201,Monsoon,0
2025-07-21 00:00:00,28.3,81,33.9,0.0,100,6.6,13.3,2025,7,21,0,202,Monsoon,0
2025-07-21 01:00:00,27.9,81,33.2,0.0,90,6.6,13.3,2025,7,21,1,202,Monsoon,0
2025-07-21 02:00:00,27.5,82,32.9,0.0,24,5.1,13.3,2025,7,21,2,202,Monsoon,0
2025-07-21 03:00:00,27.2,83,32.4,0.0,4,6.2,12.2,2025,7,21,3,202,Monsoon,0
2025-07-21 04:00:00,26.8,84,32.2,0.0,4,4.9,12.2,2025,7,21,4,202,Monsoon,0
2025-07-21 05:00:00,26.6,86,32.1,0.0,13,3.9,9.4,2025,7,21,5,202,Monsoon,0
2025-07-21 06:00:00,28.0,84,34.1,0.0,100,4.5,10.1,2025,7,21,6,202,Monsoon,0
2025-07-21 07:00:00,28.4,83,34.7,0.0,100,3.6,9.4,2025,7,21,7,202,Monsoon,0
2025-07-21 08:00:00,28.9,79,34.9,0.2,100,5.0,14.0,2025,7,21,8,202,Monsoon,1
2025-07-21 09:00:00,30.0,74,35.8,0.0,100,6.0,16.6,2025,7,21,9,202,Monsoon,0
2025-07-21 10:00:00,29.9,71,35.2,0.1,100,6.1,18.7,2025,7,21,10,202,Monsoon,1
2025-07-21 11:00:00,29.9,73,35.8,0.1,100,3.5,16.6,2025,7,21,11,202,Monsoon,1
2025-07-21 12:00:00,30.0,72,35.7,0.0,100,4.3,12.6,2025,7,21,12,202,Monsoon,0
2025-07-21 13:00:00,30.7,69,36.3,0.0,100,3.9,14.4,2025,7,21,13,202,Monsoon,0
2025-07-21 14:00:00,31.3,66,37.1,0.0,100,2.4,13.7,2025,7,21,14,202,Monsoon,0
2025-07-21 15:00:00,31.5,65,37.2,0.0,100,2.7,12.6,2025,7,21,15,202,Monsoon,0
2025-07-21 16:00:00,31.4,64,36.9,0.0,100,3.6,11.5,2025,7,21,16,202,Monsoon,0
2025-07-21 17:00:00,31.2,66,36.7,0.0,100,3.6,12.2,2025,7,21,17,202,Monsoon,0
2025-07-21 18:00:00,29.4,76,35.3,0.0,99,4.3,11.5,2025,7,21,18,202,Monsoon,0
2025-07-21 19:00:00,28.8,81,35.0,0.0,99,3.9,9.7,2025,7,21,19,202,Monsoon,0
2025-07-21 20:00:00,28.3,86,35.1,0.0,100,2.4,8.3,2025,7,21,20,202,Monsoon,0
2025-07-21 21:00:00,28.0,88,35.0,0.0,100,2.1,4.7,2025,7,21,21,202,Monsoon,0
2025-07-21 22:00:00,27.5,90,34.2,0.0,100,3.1,6.1,2025,7,21,22,202,Monsoon,0
2025-07-21 23:00:00,27.2,91,33.9,0.0,100,2.4,6.1,2025,7,21,23,202,Monsoon,0
2025-07-22 00:00:00,26.8,91,33.2,0.0,100,3.6,6.8,2025,7,22,0,203,Monsoon,0
2025-07-22 01:00:00,26.6,90,32.7,0.0,100,3.5,7.9,2025,7,22,1,203,Monsoon,0
2025-07-22 02:00:00,26.3,92,32.5,0.0,100,2.6,6.8,2025,7,22,2,203,Monsoon,0
2025-07-22 03:00:00,26.2,91,32.1,0.0,100,3.7,6.8,2025,7,22,3,203,Monsoon,0
2025-07-22 04:00:00,26.1,91,31.9,0.0,100,4.1,7.9,2025,7,22,4,203,Monsoon,0
2025-07-22 05:00:00,26.0,91,31.8,0.0,79,3.3,8.3,2025,7,22,5,203,Monsoon,0
2025-07-22 06:00:00,27.5,88,33.1,0.2,89,9.0,18.0,2025,7,22,6,203,Monsoon,1
2025-07-22 07:00:00,27.7,84,33.7,0.0,45,3.9,20.5,2025,7,22,7,203,Monsoon,0
2025-07-22 08:00:00,28.7,81,34.6,0.0,20,5.4,16.2,2025,7,22,8,203,Monsoon,0
2025-07-22 09:00:00,30.2,73,36.2,0.0,98,4.1,16.9,2025,7,22,9,203,Monsoon,0
2025-07-22 10:00:00,31.6,68,38.1,0.0,97,4.0,16.9,2025,7,22,10,203,Monsoon,0
2025-07-22 11:00:00,32.9,62,40.3,0.0,98,1.9,16.6,2025,7,22,11,203,Monsoon,0
2025-07-22 12:00:00,33.9,55,41.4,0.0,97,1.1,13.7,2025,7,22,12,203,Monsoon,0
2025-07-22 13:00:00,34.1,53,40.4,0.0,99,3.1,15.8,2025,7,22,13,203,Monsoon,0
2025-07-22 14:00:00,34.6,52,40.8,0.0,95,4.2,20.5,2025,7,22,14,203,Monsoon,0
2025-07-22 15:00:00,34.8,50,39.5,0.0,100,6.3,20.5,2025,7,22,15,203,Monsoon,0
2025-07-22 16:00:00,34.3,52,38.8,0.0,99,6.5,20.5,2025,7,22,16,203,Monsoon,0
2025-07-22 17:00:00,34.0,53,38.6,0.0,100,6.1,19.4,2025,7,22,17,203,Monsoon,0
2025-07-22 18:00:00,31.8,64,37.4,0.0,63,3.7,12.2,2025,7,22,18,203,Monsoon,0
2025-07-22 19:00:00,31.2,68,37.4,0.0,100,2.2,9.0,2025,7,22,19,203,Monsoon,0
2025-07-22 20:00:00,30.2,77,36.7,0.0,100,3.7,7.2,2025,7,22,20,203,Monsoon,0
2025-07-22 21:00:00,29.6,81,36.5,0.0,100,2.8,8.3,2025,7,22,21,203,Monsoon,0
2025-07-22 22:00:00,29.2,83,36.2,0.0,41,2.6,7.2,2025,7,22,22,203,Monsoon,0
2025-07-22 23:00:00,28.8,85,35.7,0.0,100,3.0,5.8,2025,7,22,23,203,Monsoon,0
2025-07-23 00:00:00,28.6,82,34.8,0.0,100,4.5,9.4,2025,7,23,0,204,Monsoon,0
2025-07-23 01:00:00,28.1,86,34.8,0.0,75,2.6,8.6,2025,7,23,1,204,Monsoon,0
2025-07-23 02:00:00,27.8,86,34.0,0.0,55,4.7,9.0,2025,7,23,2,204,Monsoon,0
2025-07-23 03:00:00,27.6,85,33.5,0.0,32,4.4,10.1,2025,7,23,3,204,Monsoon,0
2025-07-23 04:00:00,27.3,85,33.1,0.0,22,4.6,9.7,2025,7,23,4,204,Monsoon,0
2025-07-23 05:00:00,27.0,86,32.8,0.0,98,4.0,9.4,2025,7,23,5,204,Monsoon,0
2025-07-23 06:00:00,28.3,84,34.2,0.0,49,6.6,18.4,2025,7,23,6,204,Monsoon,0
2025-07-23 07:00:00,29.1,80,35.5,0.0,98,3.4,13.0,2025,7,23,7,204,Monsoon,0
2025-07-23 08:00:00,29.8,72,34.8,0.4,95,8.5,20.5,2025,7,23,8,204,Monsoon,1
2025-07-23 09:00:00,29.3,75,34.0,0.6,75,10.5,28.4,2025,7,23,9,204,Monsoon,1
2025-07-23 10:00:00,30.6,71,36.6,0.0,73,4.1,26.6,2025,7,23,10,204,Monsoon,0
2025-07-23 11:00:00,31.7,68,38.5,0.0,56,3.4,16.6,2025,7,23,11,204,Monsoon,0
2025-07-23 12:00:00,32.7,65,40.1,0.0,74,4.8,24.1,2025,7,23,12,204,Monsoon,0
2025-07-23 13:00:00,33.2,63,40.0,0.0,70,7.0,28.4,2025,7,23,13,204,Monsoon,0
2025-07-23 14:00:00,33.1,64,38.9,0.0,89,7.8,28.8,2025,7,23,14,204,Monsoon,0
2025-07-23 15:00:00,32.9,64,38.4,0.1,94,9.6,29.5,2025,7,23,15,204,Monsoon,1
2025-07-23 16:00:00,33.0,64,38.6,0.0,95,8.9,27.7,2025,7,23,16,204,Monsoon,0
2025-07-23 17:00:00,32.6,67,38.7,0.1,90,8.0,23.8,2025,7,23,17,204,Monsoon,1
2025-07-23 18:00:00,29.9,80,36.6,0.0,99,5.5,17.6,2025,7,23,18,204,Monsoon,0
2025-07-23 19:00:00,29.1,86,36.1,0.0,44,5.1,14.0,2025,7,23,19,204,Monsoon,0
2025-07-23 20:00:00,28.7,88,35.6,0.0,97,5.8,11.9,2025,7,23,20,204,Monsoon,0
2025-07-23 21:00:00,28.5,89,35.4,0.0,38,5.8,13.0,2025,7,23,21,204,Monsoon,0
2025-07-23 22:00:00,28.4,89,35.2,0.0,55,5.9,11.9,2025,7,23,22,204,Monsoon,0
2025-07-23 23:00:00,28.2,89,34.7,0.0,21,6.7,13.3,2025,7,23,23,204,Monsoon,0
2025-07-24 00:00:00,28.0,88,34.5,0.0,26,5.5,13.7,2025,7,24,0,205,Monsoon,0
2025-07-24 01:00:00,27.7,89,34.3,0.0,25,3.8,10.8,2025,7,24,1,205,Monsoon,0
2025-07-24 02:00:00,27.3,91,34.2,0.0,11,2.3,7.6,2025,7,24,2,205,Monsoon,0
2025-07-24 03:00:00,27.1,92,34.1,0.0,7,1.1,4.0,2025,7,24,3,205,Monsoon,0
2025-07-24 04:00:00,26.5,88,31.4,0.8,90,9.9,18.0,2025,7,24,4,205,Monsoon,1
2025-07-24 05:00:00,25.4,93,29.8,0.6,61,11.8,26.3,2025,7,24,5,205,Monsoon,1
2025-07-24 06:00:00,27.8,82,32.8,0.1,40,9.2,22.3,2025,7,24,6,205,Monsoon,1
2025-07-24 07:00:00,28.5,81,34.2,0.0,41,6.5,18.4,2025,7,24,7,205,Monsoon,0
2025-07-24 08:00:00,29.5,79,35.4,0.0,15,7.2,18.7,2025,7,24,8,205,Monsoon,0
2025-07-24 09:00:00,31.3,71,36.9,0.0,11,8.6,23.4,2025,7,24,9,205,Monsoon,0
2025-07-24 10:00:00,32.7,65,38.8,0.0,26,8.9,24.8,2025,7,24,10,205,Monsoon,0
2025-07-24 11:00:00,33.8,58,39.9,0.0,32,8.4,25.9,2025,7,24,11,205,Monsoon,0
2025-07-24 12:00:00,34.5,54,40.6,0.0,28,8.2,25.6,2025,7,24,12,205,Monsoon,0
2025-07-24 13:00:00,35.0,52,41.3,0.0,86,8.0,24.8,2025,7,24,13,205,Monsoon,0
2025-07-24 14:00:00,35.4,51,41.2,0.0,35,7.6,24.1,2025,7,24,14,205,Monsoon,0
2025-07-24 15:00:00,35.5,50,40.4,0.0,26,9.0,23.8,2025,7,24,15,205,Monsoon,0
2025-07-24 16:00:00,35.1,51,39.3,0.0,33,9.9,24.1,2025,7,24,16,205,Monsoon,0
2025-07-24 17:00:00,34.4,54,38.8,0.0,23,9.7,24.8,2025,7,24,17,205,Monsoon,0
2025-07-24 18:00:00,32.6,64,38.4,0.0,9,5.5,17.3,2025,7,24,18,205,Monsoon,0
2025-07-24 19:00:00,31.2,73,37.9,0.0,9,3.6,11.5,2025,7,24,19,205,Monsoon,0
2025-07-24 20:00:00,30.6,74,36.9,0.0,13,4.9,9.0,2025,7,24,20,205,Monsoon,0
2025-07-24 21:00:00,30.1,75,35.5,0.0,2,9.1,18.4,2025,7,24,21,205,Monsoon,0
2025-07-24 22:00:00,29.2,78,35.0,0.0,13,6.2,18.7,2025,7,24,22,205,Monsoon,0
2025-07-24 23:00:00,28.7,80,34.5,0.0,10,5.1,12.6,2025,7,24,23,205,Monsoon,0
2025-07-25 00:00:00,28.2,81,33.8,0.0,0,5.8,11.9,2025,7,25,0,206,Monsoon,0
2025-07-25 01:00:00,27.6,84,33.3,0.0,1,5.7,12.2,2025,7,25,1,206,Monsoon,0
2025-07-25 02:00:00,27.3,85,32.9,0.0,2,5.5,11.5,2025,7,25,2,206,Monsoon,0
2025-07-25 03:00:00,27.1,86,32.6,0.0,0,5.9,12.6,2025,7,25,3,206,Monsoon,0
2025-07-25 04:00:00,26.8,87,32.3,0.0,1,5.8,11.9,2025,7,25,4,206,Monsoon,0
2025-07-25 05:00:00,26.6,88,32.1,0.0,3,5.4,12.2,2025,7,25,5,206,Monsoon,0
2025-07-25 06:00:00,28.5,84,34.5,0.0,6,6.7,14.0,2025,7,25,6,206,Monsoon,0
2025-07-25 07:00:00,29.3,82,35.9,0.0,7,4.5,13.0,2025,7,25,7,206,Monsoon,0
2025-07-25 08:00:00,31.0,75,37.5,0.0,8,5.7,16.2,2025,7,25,8,206,Monsoon,0
2025-07-25 09:00:00,32.8,64,38.2,0.0,11,8.7,23.0,2025,7,25,9,206,Monsoon,0
2025-07-25 10:00:00,34.1,56,39.2,0.0,3,10.4,31.3,2025,7,25,10,206,Monsoon,0
2025-07-25 11:00:00,35.0,51,40.0,0.0,19,10.6,31.7,2025,7,25,11,206,Monsoon,0
2025-07-25 12:00:00,35.5,48,40.4,0.0,24,10.1,28.4,2025,7,25,12,206,Monsoon,0
2025-07-25 13:00:00,35.8,48,40.7,0.0,55,9.6,27.4,2025,7,25,13,206,Monsoon,0
2025-07-25 14:00:00,36.3,48,41.7,0.0,98,9.3,27.4,2025,7,25,14,206,Monsoon,0
2025-07-25 15:00:00,36.2,47,40.5,0.0,88,10.1,26.3,2025,7,25,15,206,Monsoon,0
2025-07-25 16:00:00,35.7,48,39.7,0.0,8,10.5,27.7,2025,7,25,16,206,Monsoon,0
2025-07-25 17:00:00,35.2,51,39.8,0.0,23,7.6,26.3,2025,7,25,17,206,Monsoon,0
2025-07-25 18:00:00,34.5,54,39.6,0.0,10,5.9,19.1,2025,7,25,18,206,Monsoon,0
2025-07-25 19:00:00,33.1,65,39.7,0.0,10,3.2,11.9,2025,7,25,19,206,Monsoon,0
2025-07-25 20:00:00,32.4,71,39.9,0.0,65,2.3,6.8,2025,7,25,20,206,Monsoon,0
2025-07-25 21:00:00,31.8,76,39.7,0.0,34,1.3,4.7,2025,7,25,21,206,Monsoon,0
2025-07-25 22:00:00,31.5,78,39.6,0.0,100,0.2,3.2,2025,7,25,22,206,Monsoon,0
2025-07-25 23:00:00,31.0,78,38.7,0.5,100,1.6,4.7,2025,7,25,23,206,Monsoon,1
2025-07-26 00:00:00,30.5,75,35.9,0.0,100,11.7,20.2,2025,7,26,0,207,Monsoon,0
2025-07-26 01:00:00,28.7,83,34.4,0.0,100,9.1,27.0,2025,7,26,1,207,Monsoon,0
2025-07-26 02:00:00,28.1,86,34.7,0.0,100,3.4,17.6,2025,7,26,2,207,Monsoon,0
2025-07-26 03:00:00,27.7,88,33.7,0.0,98,7.2,14.0,2025,7,26,3,207,Monsoon,0
2025-07-26 04:00:00,27.2,90,33.2,0.0,36,6.5,15.1,2025,7,26,4,207,Monsoon,0
2025-07-26 05:00:00,26.9,92,33.5,0.0,100,2.5,13.0,2025,7,26,5,207,Monsoon,0
2025-07-26 06:00:00,27.5,89,34.1,1.7,100,3.1,11.9,2025,7,26,6,207,Monsoon,1
2025-07-26 07:00:00,27.6,90,34.2,0.6,73,4.5,13.0,2025,7,26,7,207,Monsoon,1
2025-07-26 08:00:00,28.7,84,35.3,0.0,65,4.3,14.8,2025,7,26,8,207,Monsoon,0
2025-07-26 09:00:00,30.5,75,37.1,0.0,100,3.6,16.9,2025,7,26,9,207,Monsoon,0
2025-07-26 10:00:00,31.7,69,38.4,0.0,100,2.2,15.1,2025,7,26,10,207,Monsoon,0
2025-07-26 11:00:00,32.5,66,39.2,0.0,100,1.3,12.6,2025,7,26,11,207,Monsoon,0
2025-07-26 12:00:00,33.5,62,40.7,0.0,96,2.6,18.4,2025,7,26,12,207,Monsoon,0
2025-07-26 13:00:00,34.0,60,40.6,0.0,21,3.3,18.7,2025,7,26,13,207,Monsoon,0
2025-07-26 14:00:00,34.8,55,41.5,0.0,72,3.5,18.7,2025,7,26,14,207,Monsoon,0
2025-07-26 15:00:00,35.3,53,41.8,0.0,100,2.4,15.8,2025,7,26,15,207,Monsoon,0
2025-07-26 16:00:00,35.4,53,41.0,0.0,99,3.9,15.5,2025,7,26,16,207,Monsoon,0
2025-07-26 17:00:00,34.2,56,39.6,0.0,100,5.7,16.9,2025,7,26,17,207,Monsoon,0
2025-07-26 18:00:00,33.3,62,39.1,0.0,100,6.5,24.8,2025,7,26,18,207,Monsoon,0
2025-07-26 19:00:00,32.5,67,38.5,0.0,100,6.9,17.3,2025,7,26,19,207,Monsoon,0
2025-07-26 20:00:00,31.8,72,38.3,0.0,100,6.8,15.1,2025,7,26,20,207,Monsoon,0
2025-07-26 21:00:00,31.2,76,38.0,0.0,63,6.4,15.1,2025,7,26,21,207,Monsoon,0
2025-07-26 22:00:00,30.8,78,37.7,0.0,55,5.6,13.7,2025,7,26,22,207,Monsoon,0
2025-07-26 23:00:00,30.4,80,37.8,0.0,96,2.5,11.2,2025,7,26,23,207,Monsoon,0
2025-07-27 00:00:00,30.2,83,38.0,0.0,100,1.2,4.7,2025,7,27,0,208,Monsoon,0
2025-07-27 01:00:00,29.8,84,37.2,0.0,99,4.4,8.3,2025,7,27,1,208,Monsoon,0
2025-07-27 02:00:00,29.4,86,36.4,0.0,98,6.1,12.2,2025,7,27,2,208,Monsoon,0
2025-07-27 03:00:00,29.0,86,35.8,0.0,98,5.6,12.6,2025,7,27,3,208,Monsoon,0
2025-07-27 04:00:00,28.9,85,35.8,0.0,99,3.9,10.8,2025,7,27,4,208,Monsoon,0
2025-07-27 05:00:00,28.8,83,35.0,0.0,79,5.3,14.8,2025,7,27,5,208,Monsoon,0
2025-07-27 06:00:00,29.0,83,35.8,0.1,80,3.0,15.8,2025,7,27,6,208,Monsoon,1
2025-07-27 07:00:00,30.1,75,36.6,0.0,35,2.6,10.1,2025,7,27,7,208,Monsoon,0
2025-07-27 08:00:00,31.6,67,37.0,0.0,67,7.5,20.2,2025,7,27,8,208,Monsoon,0
2025-07-27 09:00:00,32.5,61,36.7,0.0,65,12.3,31.3,2025,7,27,9,208,Monsoon,0
2025-07-27 10:00:00,33.2,59,38.1,0.4,36,11.1,34.2,2025,7,27,10,208,Monsoon,1
2025-07-27 11:00:00,34.0,58,40.2,0.3,90,9.4,33.8,2025,7,27,11,208,Monsoon,1
2025-07-27 12:00:00,35.3,53,42.0,0.1,99,7.9,27.4,2025,7,27,12,208,Monsoon,1
2025-07-27 13:00:00,35.7,51,42.1,0.0,32,6.9,27.0,2025,7,27,13,208,Monsoon,0
2025-07-27 14:00:00,36.2,49,42.3,0.0,16,7.1,24.8,2025,7,27,14,208,Monsoon,0
2025-07-27 15:00:00,36.3,49,41.7,0.0,13,7.4,24.1,2025,7,27,15,208,Monsoon,0
2025-07-27 16:00:00,36.0,50,40.9,0.0,11,7.4,23.8,2025,7,27,16,208,Monsoon,0
2025-07-27 17:00:00,35.4,52,40.2,0.0,87,8.3,23.0,2025,7,27,17,208,Monsoon,0
2025-07-27 18:00:00,33.3,59,38.2,0.0,97,8.5,22.7,2025,7,27,18,208,Monsoon,0
2025-07-27 19:00:00,32.5,63,37.7,0.0,100,8.3,20.9,2025,7,27,19,208,Monsoon,0
2025-07-27 20:00:00,32.0,67,37.6,0.0,99,7.6,17.6,2025,7,27,20,208,Monsoon,0
2025-07-27 21:00:00,31.5,70,37.5,0.0,99,6.9,15.1,2025,7,27,21,208,Monsoon,0
2025-07-27 22:00:00,30.9,73,37.0,0.0,100,6.6,13.3,2025,7,27,22,208,Monsoon,0
2025-07-27 23:00:00,30.3,76,36.6,0.0,100,6.0,12.6,2025,7,27,23,208,Monsoon,0
2025-07-28 00:00:00,29.9,78,36.3,0.0,100,5.2,11.5,2025,7,28,0,209,Monsoon,0
2025-07-28 01:00:00,29.6,80,36.1,0.0,99,4.8,9.0,2025,7,28,1,209,Monsoon,0
2025-07-28 02:00:00,29.2,82,35.7,0.0,100,5.3,10.4,2025,7,28,2,209,Monsoon,0
2025-07-28 03:00:00,28.7,85,35.3,0.0,100,5.2,9.7,2025,7,28,3,209,Monsoon,0
2025-07-28 04:00:00,28.4,87,35.0,0.0,100,5.4,9.7,2025,7,28,4,209,Monsoon,0
2025-07-28 05:00:00,28.1,88,34.7,0.0,94,5.1,9.7,2025,7,28,5,209,Monsoon,0
2025-07-28 06:00:00,29.4,81,36.0,0.0,99,4.1,11.2,2025,7,28,6,209,Monsoon,0
2025-07-28 07:00:00,30.2,76,36.5,0.0,99,5.0,14.0,2025,7,28,7,209,Monsoon,0
2025-07-28 08:00:00,31.8,66,37.4,0.0,59,5.4,18.0,2025,7,28,8,209,Monsoon,0
2025-07-28 09:00:00,33.1,60,38.6,0.0,21,4.1,18.7,2025,7,28,9,209,Monsoon,0
2025-07-28 10:00:00,34.4,54,40.4,0.0,26,3.5,19.1,2025,7,28,10,209,Monsoon,0
2025-07-28 11:00:00,35.6,49,42.0,0.0,28,3.1,20.2,2025,7,28,11,209,Monsoon,0
2025-07-28 12:00:00,36.2,46,42.7,0.3,49,0.5,19.1,2025,7,28,12,209,Monsoon,1
2025-07-28 13:00:00,36.2,47,42.8,0.9,84,2.3,18.7,2025,7,28,13,209,Monsoon,1
2025-07-28 14:00:00,36.3,49,43.1,0.2,100,2.0,19.1,2025,7,28,14,209,Monsoon,1
2025-07-28 15:00:00,36.6,49,42.7,0.0,100,1.0,16.6,2025,7,28,15,209,Monsoon,0
2025-07-28 16:00:00,36.6,49,42.3,0.0,99,2.2,15.5,2025,7,28,16,209,Monsoon,0
2025-07-28 17:00:00,35.4,52,41.0,0.0,99,3.2,14.4,2025,7,28,17,209,Monsoon,0
2025-07-28 18:00:00,33.4,58,39.0,0.2,97,3.4,10.4,2025,7,28,18,209,Monsoon,1
2025-07-28 19:00:00,32.2,65,37.8,0.0,97,6.9,14.8,2025,7,28,19,209,Monsoon,0
2025-07-28 20:00:00,31.3,73,37.4,0.0,100,7.8,17.3,2025,7,28,20,209,Monsoon,0
2025-07-28 21:00:00,30.5,78,36.7,0.0,99,9.2,19.1,2025,7,28,21,209,Monsoon,0
2025-07-28 22:00:00,29.8,80,35.7,0.0,100,9.7,22.0,2025,7,28,22,209,Monsoon,0
2025-07-28 23:00:00,29.2,83,35.4,0.0,75,8.0,21.2,2025,7,28,23,209,Monsoon,0
2025-07-29 00:00:00,28.6,86,35.0,0.0,95,6.5,16.9,2025,7,29,0,210,Monsoon,0
2025-07-29 01:00:00,28.2,88,35.0,0.0,67,4.7,14.8,2025,7,29,1,210,Monsoon,0
2025-07-29 02:00:00,27.9,90,34.6,0.0,96,4.8,11.5,2025,7,29,2,210,Monsoon,0
2025-07-29 03:00:00,27.7,91,34.4,0.0,99,5.1,11.2,2025,7,29,3,210,Monsoon,0
2025-07-29 04:00:00,27.5,92,33.9,0.0,93,7.4,16.2,2025,7,29,4,210,Monsoon,0
2025-07-29 05:00:00,27.2,93,33.6,0.0,99,6.3,16.6,2025,7,29,5,210,Monsoon,0
2025-07-29 06:00:00,27.3,88,33.5,0.5,91,3.9,13.3,2025,7,29,6,210,Monsoon,1
2025-07-29 07:00:00,27.5,88,33.9,0.8,99,3.0,15.5,2025,7,29,7,210,Monsoon,1
2025-07-29 08:00:00,28.3,85,34.4,0.4,89,5.8,18.7,2025,7,29,8,210,Monsoon,1
2025-07-29 09:00:00,29.7,78,36.3,0.0,100,2.3,16.9,2025,7,29,9,210,Monsoon,0
2025-07-29 10:00:00,30.7,75,37.4,0.0,100,2.7,17.3,2025,7,29,10,210,Monsoon,0
2025-07-29 11:00:00,31.5,71,37.9,0.1,100,4.7,18.0,2025,7,29,11,210,Monsoon,1
2025-07-29 12:00:00,31.1,75,38.1,0.5,98,3.0,18.7,2025,7,29,12,210,Monsoon,1
2025-07-29 13:00:00,32.1,71,39.6,0.3,81,2.4,17.3,2025,7,29,13,210,Monsoon,1
2025-07-29 14:00:00,32.9,68,40.6,0.2,99,2.4,16.2,2025,7,29,14,210,Monsoon,1
2025-07-29 15:00:00,31.8,71,37.9,0.1,100,7.6,20.5,2025,7,29,15,210,Monsoon,1
2025-07-29 16:00:00,29.7,81,36.3,0.7,100,5.8,24.5,2025,7,29,16,210,Monsoon,1
2025-07-29 17:00:00,30.1,81,37.1,0.2,99,4.7,16.2,2025,7,29,17,210,Monsoon,1
2025-07-29 18:00:00,29.7,77,35.7,0.0,100,6.1,16.6,2025,7,29,18,210,Monsoon,0
2025-07-29 19:00:00,29.1,81,35.4,0.0,100,5.5,13.7,2025,7,29,19,210,Monsoon,0
2025-07-29 20:00:00,28.6,84,34.6,0.0,100,7.4,15.1,2025,7,29,20,210,Monsoon,0
2025-07-29 21:00:00,28.2,85,34.3,0.0,99,6.8,15.1,2025,7,29,21,210,Monsoon,0
2025-07-29 22:00:00,28.0,87,34.1,0.0,99,6.0,13.7,2025,7,29,22,210,Monsoon,0
2025-07-29 23:00:00,27.6,88,33.9,0.0,97,5.6,12.2,2025,7,29,23,210,Monsoon,0
2025-07-30 00:00:00,27.3,90,33.4,0.0,100,6.3,12.6,2025,7,30,0,211,Monsoon,0
2025-07-30 01:00:00,27.0,91,32.9,0.0,100,7.0,14.4,2025,7,30,1,211,Monsoon,0
2025-07-30 02:00:00,26.7,93,32.7,0.0,75,7.2,14.8,2025,7,30,2,211,Monsoon,0
2025-07-30 03:00:00,26.5,94,32.4,0.0,100,7.4,15.5,2025,7,30,3,211,Monsoon,0
2025-07-30 04:00:00,26.4,94,32.2,0.0,100,7.6,16.2,2025,7,30,4,211,Monsoon,0
2025-07-30 05:00:00,26.2,95,32.2,0.0,100,6.1,15.5,2025,7,30,5,211,Monsoon,0
2025-07-30 06:00:00,26.2,94,31.5,0.6,100,10.0,20.2,2025,7,30,6,211,Monsoon,1
2025-07-30 07:00:00,26.2,94,31.9,0.2,100,7.8,19.4,2025,7,30,7,211,Monsoon,1
2025-07-30 08:00:00,27.2,90,33.0,0.2,100,8.4,23.0,2025,7,30,8,211,Monsoon,1
2025-07-30 09:00:00,28.6,85,34.6,0.2,100,8.8,23.0,2025,7,30,9,211,Monsoon,1
2025-07-30 10:00:00,29.9,78,35.6,0.1,100,10.4,29.2,2025,7,30,10,211,Monsoon,1
2025-07-30 11:00:00,31.1,74,37.5,0.1,100,9.5,28.4,2025,7,30,11,211,Monsoon,1
2025-07-30 12:00:00,31.6,71,37.6,0.1,100,8.6,27.7,2025,7,30,12,211,Monsoon,1
2025-07-30 13:00:00,31.2,71,36.9,2.3,100,9.0,24.8,2025,7,30,13,211,Monsoon,1
2025-07-30 14:00:00,28.2,89,34.4,6.5,100,8.7,28.1,2025,7,30,14,211,Monsoon,1
2025-07-30 15:00:00,29.4,82,35.9,0.3,95,6.2,20.2,2025,7,30,15,211,Monsoon,1
2025-07-30 16:00:00,30.5,79,37.5,0.2,100,5.2,16.6,2025,7,30,16,211,Monsoon,1
2025-07-30 17:00:00,29.6,82,36.1,3.3,99,5.9,15.5,2025,7,30,17,211,Monsoon,1
2025-07-30 18:00:00,27.9,89,33.9,0.1,100,9.3,19.1,2025,7,30,18,211,Monsoon,1
2025-07-30 19:00:00,26.9,94,33.2,0.2,100,6.5,19.8,2025,7,30,19,211,Monsoon,1
2025-07-30 20:00:00,26.8,95,33.2,0.1,100,6.0,13.0,2025,7,30,20,211,Monsoon,1
2025-07-30 21:00:00,26.7,95,33.0,0.1,100,7.4,14.4,2025,7,30,21,211,Monsoon,1
2025-07-30 22:00:00,26.5,96,32.7,0.1,100,7.4,14.8,2025,7,30,22,211,Monsoon,1
2025-07-30 23:00:00,26.3,97,32.1,0.6,99,9.6,18.4,2025,7,30,23,211,Monsoon,1
2025-07-31 00:00:00,26.3,97,32.3,1.6,100,7.9,18.4,2025,7,31,0,212,Monsoon,1
2025-07-31 01:00:00,26.2,95,31.7,0.3,100,9.8,17.6,2025,7,31,1,212,Monsoon,1
2025-07-31 02:00:00,25.8,98,31.8,3.5,100,6.4,19.4,2025,7,31,2,212,Monsoon,1
2025-07-31 03:00:00,25.5,98,31.5,5.8,100,6.2,12.6,2025,7,31,3,212,Monsoon,1
2025-07-31 04:00:00,25.3,98,31.1,3.4,100,6.8,13.0,2025,7,31,4,212,Monsoon,1
2025-07-31 05:00:00,25.4,98,31.3,1.0,100,5.3,14.4,2025,7,31,5,212,Monsoon,1
2025-07-31 06:00:00,25.7,97,31.4,1.4,100,7.5,15.5,2025,7,31,6,212,Monsoon,1
2025-07-31 07:00:00,25.4,97,31.3,8.0,100,4.9,15.8,2025,7,31,7,212,Monsoon,1
2025-07-31 08:00:00,25.7,95,31.2,2.9,99,8.4,15.5,2025,7,31,8,212,Monsoon,1
2025-07-31 09:00:00,26.4,91,31.5,0.3,100,9.9,22.3,2025,7,31,9,212,Monsoon,1
2025-07-31 10:00:00,28.0,85,33.5,0.3,100,8.7,23.0,2025,7,31,10,212,Monsoon,1
2025-07-31 11:00:00,28.9,82,34.8,0.2,95,7.8,26.3,2025,7,31,11,212,Monsoon,1
2025-07-31 12:00:00,29.7,78,35.5,0.1,94,8.5,24.8,2025,7,31,12,212,Monsoon,1
2025-07-31 13:00:00,29.9,76,35.5,0.0,100,8.5,24.8,2025,7,31,13,212,Monsoon,0
2025-07-31 14:00:00,30.4,74,36.3,0.0,96,6.4,23.0,2025,7,31,14,212,Monsoon,0
2025-07-31 15:00:00,30.8,72,36.6,0.0,98,6.6,19.4,2025,7,31,15,212,Monsoon,0
2025-07-31 16:00:00,31.2,70,37.3,0.0,95,4.0,18.0,2025,7,31,16,212,Monsoon,0
2025-07-31 17:00:00,31.5,69,38.0,0.0,100,1.5,12.6,2025,7,31,17,212,Monsoon,0
2025-07-31 18:00:00,28.9,85,36.0,0.1,100,2.2,11.5,2025,7,31,18,212,Monsoon,1
2025-07-31 19:00:00,28.1,88,34.9,0.2,100,2.7,6.8,2025,7,31,19,212,Monsoon,1
2025-07-31 20:00:00,27.8,89,34.6,0.1,100,2.9,5.8,2025,7,31,20,212,Monsoon,1
2025-07-31 21:00:00,27.4,92,34.4,0.0,99,2.6,6.8,2025,7,31,21,212,Monsoon,0
2025-07-31 22:00:00,27.3,93,34.4,0.0,100,2.2,4.7,2025,7,31,22,212,Monsoon,0
2025-07-31 23:00:00,27.0,95,33.9,0.0,88,3.9,8.3,2025,7,31,23,212,Monsoon,0
2025-08-01 00:00:00,26.5,93,32.9,0.2,97,3.4,7.9,2025,8,1,0,213,Monsoon,1
2025-08-01 01:00:00,26.3,90,32.0,1.3,100,5.4,9.0,2025,8,1,1,213,Monsoon,1
2025-08-01 02:00:00,26.0,94,32.0,0.1,96,5.1,10.1,2025,8,1,2,213,Monsoon,1
2025-08-01 03:00:00,25.7,96,31.9,0.0,94,3.9,9.4,2025,8,1,3,213,Monsoon,0
2025-08-01 04:00:00,25.5,97,31.6,0.0,98,4.6,9.4,2025,8,1,4,213,Monsoon,0
2025-08-01 05:00:00,25.5,97,31.7,0.0,93,3.1,9.7,2025,8,1,5,213,Monsoon,0
2025-08-01 06:00:00,25.8,96,31.7,0.1,96,5.6,15.5,2025,8,1,6,213,Monsoon,1
2025-08-01 07:00:00,26.4,93,32.9,0.1,87,2.6,11.5,2025,8,1,7,213,Monsoon,1
2025-08-01 08:00:00,27.8,86,33.9,0.0,79,5.2,14.8,2025,8,1,8,213,Monsoon,0
2025-08-01 09:00:00,29.1,78,34.9,0.0,56,6.1,18.0,2025,8,1,9,213,Monsoon,0
2025-08-01 10:00:00,29.9,74,35.8,0.0,48,4.9,18.0,2025,8,1,10,213,Monsoon,0
2025-08-01 11:00:00,30.9,72,38.3,0.1,25,3.1,17.3,2025,8,1,11,213,Monsoon,1
2025-08-01 12:00:00,31.4,72,39.4,0.2,37,3.3,18.4,2025,8,1,12,213,Monsoon,1
2025-08-01 13:00:00,32.0,70,40.2,0.2,100,3.6,19.8,2025,8,1,13,213,Monsoon,1
2025-08-01 14:00:00,31.9,69,38.2,0.2,100,5.4,19.4,2025,8,1,14,213,Monsoon,1
2025-08-01 15:00:00,30.8,75,36.4,2.9,91,10.6,22.0,2025,8,1,15,213,Monsoon,1
2025-08-01 16:00:00,29.1,85,36.1,2.1,100,4.0,27.0,2025,8,1,16,213,Monsoon,1
2025-08-01 17:00:00,29.3,84,36.3,0.0,100,4.1,11.9,2025,8,1,17,213,Monsoon,0
2025-08-01 18:00:00,28.8,87,36.2,0.0,96,1.4,7.9,2025,8,1,18,213,Monsoon,0
2025-08-01 19:00:00,28.4,91,35.9,0.0,98,1.9,4.3,2025,8,1,19,213,Monsoon,0
2025-08-01 20:00:00,28.2,92,35.8,0.0,100,2.3,5.0,2025,8,1,20,213,Monsoon,0
2025-08-01 21:00:00,28.2,89,35.1,0.0,4,4.6,8.6,2025,8,1,21,213,Monsoon,0
2025-08-01 22:00:00,28.0,85,33.9,0.0,94,6.3,13.0,2025,8,1,22,213,Monsoon,0
2025-08-01 23:00:00,27.5,84,33.2,0.0,100,4.8,13.0,2025,8,1,23,213,Monsoon,0
2025-08-02 00:00:00,27.1,85,32.7,0.0,81,5.0,9.7,2025,8,2,0,214,Monsoon,0
2025-08-02 01:00:00,26.9,86,32.2,0.0,74,6.2,12.2,2025,8,2,1,214,Monsoon,0
2025-08-02 02:00:00,26.6,87,32.0,0.0,95,5.5,13.0,2025,8,2,2,214,Monsoon,0
2025-08-02 03:00:00,26.4,88,32.1,0.0,100,4.3,10.8,2025,8,2,3,214,Monsoon,0
2025-08-02 04:00:00,26.3,89,31.9,0.0,70,4.2,9.4,2025,8,2,4,214,Monsoon,0
2025-08-02 05:00:00,26.0,90,31.5,0.0,37,4.9,10.1,2025,8,2,5,214,Monsoon,0
2025-08-02 06:00:00,27.5,86,33.3,0.0,100,5.5,11.2,2025,8,2,6,214,Monsoon,0
2025-08-02 07:00:00,28.0,85,34.1,0.0,100,4.8,12.2,2025,8,2,7,214,Monsoon,0
2025-08-02 08:00:00,28.6,81,34.6,0.0,100,5.6,14.8,2025,8,2,8,214,Monsoon,0
2025-08-02 09:00:00,29.2,78,34.9,0.0,100,6.3,16.2,2025,8,2,9,214,Monsoon,0
2025-08-02 10:00:00,30.2,72,35.5,0.0,100,8.6,21.6,2025,8,2,10,214,Monsoon,0
2025-08-02 11:00:00,31.1,70,36.9,0.0,94,8.9,26.6,2025,8,2,11,214,Monsoon,0
2025-08-02 12:00:00,31.7,70,38.9,0.0,63,9.2,28.1,2025,8,2,12,214,Monsoon,0
2025-08-02 13:00:00,32.2,68,38.7,0.0,91,10.2,27.4,2025,8,2,13,214,Monsoon,0
2025-08-02 14:00:00,32.4,66,38.2,0.0,100,10.9,27.7,2025,8,2,14,214,Monsoon,0
2025-08-02 15:00:00,32.4,65,37.8,0.0,100,10.8,27.4,2025,8,2,15,214,Monsoon,0
2025-08-02 16:00:00,32.0,69,37.6,0.0,100,9.2,26.6,2025,8,2,16,214,Monsoon,0
2025-08-02 17:00:00,31.1,76,37.9,0.9,100,5.2,23.0,2025,8,2,17,214,Monsoon,1
2025-08-02 18:00:00,30.5,74,36.4,0.0,100,6.2,21.2,2025,8,2,18,214,Monsoon,0
2025-08-02 19:00:00,29.5,76,34.9,0.0,100,7.7,16.6,2025,8,2,19,214,Monsoon,0
2025-08-02 20:00:00,28.7,79,34.5,0.0,100,5.8,16.2,2025,8,2,20,214,Monsoon,0
2025-08-02 21:00:00,28.5,81,34.3,0.0,100,5.6,11.9,2025,8,2,21,214,Monsoon,0
2025-08-02 22:00:00,28.4,82,34.4,0.0,100,4.6,11.5,2025,8,2,22,214,Monsoon,0
2025-08-02 23:00:00,28.2,83,34.3,0.0,100,4.4,9.4,2025,8,2,23,214,Monsoon,0
2025-08-03 00:00:00,28.1,83,33.7,0.0,100,6.5,12.6,2025,8,3,0,215,Monsoon,0
2025-08-03 01:00:00,27.9,82,33.2,0.0,100,7.5,15.5,2025,8,3,1,215,Monsoon,0
2025-08-03 02:00:00,27.5,83,32.8,0.0,100,7.0,15.8,2025,8,3,2,215,Monsoon,0
2025-08-03 03:00:00,27.2,85,32.5,0.0,100,7.3,14.8,2025,8,3,3,215,Monsoon,0
2025-08-03 04:00:00,27.0,87,32.5,0.0,100,7.5,15.1,2025,8,3,4,215,Monsoon,0
2025-08-03 05:00:00,27.0,88,32.5,0.0,100,7.3,15.8,2025,8,3,5,215,Monsoon,0
2025-08-03 06:00:00,26.8,91,31.8,0.1,100,11.8,23.0,2025,8,3,6,215,Monsoon,1
2025-08-03 07:00:00,27.6,87,33.2,0.0,100,8.7,22.3,2025,8,3,7,215,Monsoon,0
2025-08-03 08:00:00,29.2,79,34.8,0.0,100,7.8,19.1,2025,8,3,8,215,Monsoon,0
2025-08-03 09:00:00,30.1,71,35.0,0.0,100,9.4,23.0,2025,8,3,9,215,Monsoon,0
2025-08-03 10:00:00,31.2,68,36.0,0.0,100,10.9,27.0,2025,8,3,10,215,Monsoon,0
2025-08-03 11:00:00,32.1,66,38.1,0.0,100,11.6,32.4,2025,8,3,11,215,Monsoon,0
2025-08-03 12:00:00,32.7,66,39.4,0.1,100,10.5,32.4,2025,8,3,12,215,Monsoon,1
2025-08-03 13:00:00,32.9,65,39.5,0.0,100,8.9,30.6,2025,8,3,13,215,Monsoon,0
2025-08-03 14:00:00,33.1,66,39.9,0.0,100,8.7,29.2,2025,8,3,14,215,Monsoon,0
2025-08-03 15:00:00,32.9,66,39.0,0.0,100,7.8,29.2,2025,8,3,15,215,Monsoon,0
2025-08-03 16:00:00,31.1,74,37.0,0.5,100,10.1,25.2,2025,8,3,16,215,Monsoon,1
2025-08-03 17:00:00,31.4,74,38.0,0.0,100,5.1,22.3,2025,8,3,17,215,Monsoon,0
2025-08-03 18:00:00,31.1,73,37.8,0.0,100,4.2,18.0,2025,8,3,18,215,Monsoon,0
2025-08-03 19:00:00,30.3,77,37.0,0.0,100,3.9,8.3,2025,8,3,19,215,Monsoon,0
2025-08-03 20:00:00,29.6,80,36.0,0.0,100,5.5,10.1,2025,8,3,20,215,Monsoon,0
2025-08-03 21:00:00,29.1,80,35.0,0.0,100,6.7,13.0,2025,8,3,21,215,Monsoon,0
2025-08-03 22:00:00,28.7,80,34.6,0.0,100,5.2,14.4,2025,8,3,22,215,Monsoon,0
2025-08-03 23:00:00,28.4,82,34.3,0.0,100,5.3,10.1,2025,8,3,23,215,Monsoon,0
2025-08-04 00:00:00,28.0,84,34.1,0.0,100,4.4,11.5,2025,8,4,0,216,Monsoon,0
2025-08-04 01:00:00,27.6,87,34.0,0.0,95,3.3,10.1,2025,8,4,1,216,Monsoon,0
2025-08-04 02:00:00,27.0,89,32.4,0.1,98,9.0,18.7,2025,8,4,2,216,Monsoon,1
2025-08-04 03:00:00,26.3,93,32.4,0.0,99,4.8,17.3,2025,8,4,3,216,Monsoon,0
2025-08-04 04:00:00,26.2,95,32.3,0.0,100,4.7,10.1,2025,8,4,4,216,Monsoon,0
2025-08-04 05:00:00,26.3,95,32.9,0.0,94,2.6,9.7,2025,8,4,5,216,Monsoon,0
2025-08-04 06:00:00,28.2,76,32.6,0.0,100,9.4,21.6,2025,8,4,6,216,Monsoon,0
2025-08-04 07:00:00,28.3,76,32.6,0.0,100,10.9,23.0,2025,8,4,7,216,Monsoon,0
2025-08-04 08:00:00,28.4,76,32.6,0.0,100,12.1,26.3,2025,8,4,8,216,Monsoon,0
2025-08-04 09:00:00,29.0,76,33.5,0.0,100,11.9,26.6,2025,8,4,9,216,Monsoon,0
2025-08-04 10:00:00,29.2,76,33.9,0.0,100,11.8,28.8,2025,8,4,10,216,Monsoon,0
2025-08-04 11:00:00,29.4,77,34.7,0.0,100,8.5,26.6,2025,8,4,11,216,Monsoon,0
2025-08-04 12:00:00,29.5,76,34.5,0.0,100,10.2,23.8,2025,8,4,12,216,Monsoon,0
2025-08-04 13:00:00,29.8,75,35.0,0.0,100,10.1,24.1,2025,8,4,13,216,Monsoon,0
2025-08-04 14:00:00,30.2,75,35.8,0.0,100,9.1,23.8,2025,8,4,14,216,Monsoon,0
2025-08-04 15:00:00,30.5,75,36.5,0.0,100,7.9,21.6,2025,8,4,15,216,Monsoon,0
2025-08-04 16:00:00,31.0,75,37.2,0.0,100,7.6,19.4,2025,8,4,16,216,Monsoon,0
2025-08-04 17:00:00,30.6,78,37.2,0.0,100,6.7,18.0,2025,8,4,17,216,Monsoon,0
2025-08-04 18:00:00,29.4,83,36.2,0.0,94,5.0,10.1,2025,8,4,18,216,Monsoon,0
2025-08-04 19:00:00,28.7,86,35.4,0.0,100,5.2,13.0,2025,8,4,19,216,Monsoon,0
2025-08-04 20:00:00,28.6,85,35.0,0.0,100,5.8,11.5,2025,8,4,20,216,Monsoon,0
2025-08-04 21:00:00,28.5,85,35.0,0.0,100,5.1,11.9,2025,8,4,21,216,Monsoon,0
2025-08-04 22:00:00,28.3,87,34.7,0.0,98,6.1,11.5,2025,8,4,22,216,Monsoon,0
2025-08-04 23:00:00,28.1,87,34.2,0.0,79,7.2,14.8,2025,8,4,23,216,Monsoon,0
2025-08-05 00:00:00,27.8,87,33.6,0.0,100,7.6,15.5,2025,8,5,0,217,Monsoon,0
2025-08-05 01:00:00,27.5,87,33.3,0.0,100,6.1,15.5,2025,8,5,1,217,Monsoon,0
2025-08-05 02:00:00,27.3,87,32.9,0.0,100,6.8,14.4,2025,8,5,2,217,Monsoon,0
2025-08-05 03:00:00,27.1,86,32.6,0.0,99,7.0,13.7,2025,8,5,3,217,Monsoon,0
2025-08-05 04:00:00,27.2,85,32.3,0.0,100,8.5,17.3,2025,8,5,4,217,Monsoon,0
2025-08-05 05:00:00,27.1,84,31.9,0.0,46,9.5,18.4,2025,8,5,5,217,Monsoon,0
2025-08-05 06:00:00,27.5,79,31.7,0.0,97,10.9,23.4,2025,8,5,6,217,Monsoon,0
2025-08-05 07:00:00,28.0,77,32.3,0.0,100,10.7,22.7,2025,8,5,7,217,Monsoon,0
2025-08-05 08:00:00,28.7,76,33.6,0.0,100,8.8,23.4,2025,8,5,8,217,Monsoon,0
2025-08-05 09:00:00,29.7,74,35.0,0.0,100,7.4,18.4,2025,8,5,9,217,Monsoon,0
2025-08-05 10:00:00,30.1,73,35.8,0.1,100,5.1,19.4,2025,8,5,10,217,Monsoon,1
2025-08-05 11:00:00,28.6,78,33.4,0.5,100,9.8,24.8,2025,8,5,11,217,Monsoon,1
2025-08-05 12:00:00,27.1,88,33.4,5.0,100,2.4,23.8,2025,8,5,12,217,Monsoon,1
2025-08-05 13:00:00,26.9,91,32.7,1.9,100,7.5,18.0,2025,8,5,13,217,Monsoon,1
2025-08-05 14:00:00,27.8,89,34.0,0.3,100,7.3,18.7,2025,8,5,14,217,Monsoon,1
2025-08-05 15:00:00,28.6,86,35.4,0.1,100,4.0,18.4,2025,8,5,15,217,Monsoon,1
2025-08-05 16:00:00,28.9,84,35.6,0.0,100,5.0,13.7,2025,8,5,16,217,Monsoon,0
2025-08-05 17:00:00,28.8,85,35.9,0.0,100,2.2,13.3,2025,8,5,17,217,Monsoon,0
2025-08-05 18:00:00,28.7,87,35.8,0.4,100,3.1,9.7,2025,8,5,18,217,Monsoon,1
2025-08-05 19:00:00,27.9,90,34.4,0.0,100,7.0,13.3,2025,8,5,19,217,Monsoon,0
2025-08-05 20:00:00,27.6,89,33.8,0.0,100,6.4,14.4,2025,8,5,20,217,Monsoon,0
2025-08-05 21:00:00,27.4,88,33.2,0.0,81,7.3,14.4,2025,8,5,21,217,Monsoon,0
2025-08-05 22:00:00,27.2,88,32.8,0.0,59,7.8,15.5,2025,8,5,22,217,Monsoon,0
2025-08-05 23:00:00,27.0,88,32.5,0.0,93,7.4,15.8,2025,8,5,23,217,Monsoon,0
2025-08-06 00:00:00,27.0,88,32.4,0.0,50,7.4,14.8,2025,8,6,0,218,Monsoon,0
2025-08-06 01:00:00,27.0,88,32.3,0.0,63,8.7,16.9,2025,8,6,1,218,Monsoon,0
2025-08-06 02:00:00,26.7,90,32.2,0.0,35,7.5,18.0,2025,8,6,2,218,Monsoon,0
2025-08-06 03:00:00,26.4,91,32.0,0.0,98,6.6,14.8,2025,8,6,3,218,Monsoon,0
2025-08-06 04:00:00,26.3,90,31.9,0.0,15,5.9,13.0,2025,8,6,4,218,Monsoon,0
2025-08-06 05:00:00,26.3,88,31.5,0.0,99,5.9,13.0,2025,8,6,5,218,Monsoon,0
2025-08-06 06:00:00,27.1,82,31.8,0.2,100,7.7,19.8,2025,8,6,6,218,Monsoon,1
2025-08-06 07:00:00,27.3,80,32.0,0.0,100,7.8,16.2,2025,8,6,7,218,Monsoon,0
2025-08-06 08:00:00,28.1,79,33.2,0.0,100,6.8,17.3,2025,8,6,8,218,Monsoon,0
2025-08-06 09:00:00,29.0,75,34.0,0.0,100,7.9,19.4,2025,8,6,9,218,Monsoon,0
2025-08-06 10:00:00,30.0,72,35.2,0.0,100,7.4,19.8,2025,8,6,10,218,Monsoon,0
2025-08-06 11:00:00,30.5,71,36.2,0.0,100,6.0,19.8,2025,8,6,11,218,Monsoon,0
2025-08-06 12:00:00,31.0,70,36.9,0.0,100,5.1,17.3,2025,8,6,12,218,Monsoon,0
2025-08-06 13:00:00,31.0,70,37.0,0.0,98,4.5,15.8,2025,8,6,13,218,Monsoon,0
2025-08-06 14:00:00,31.4,69,37.6,0.0,83,3.6,14.0,2025,8,6,14,218,Monsoon,0
2025-08-06 15:00:00,32.1,67,38.3,0.0,39,3.8,14.8,2025,8,6,15,218,Monsoon,0
2025-08-06 16:00:00,31.7,68,38.0,0.1,38,2.7,15.5,2025,8,6,16,218,Monsoon,1
2025-08-06 17:00:00,29.9,73,35.0,0.2,60,9.0,21.6,2025,8,6,17,218,Monsoon,1
2025-08-06 18:00:00,29.7,78,35.9,0.0,79,4.3,14.0,2025,8,6,18,218,Monsoon,0
2025-08-06 19:00:00,28.9,82,35.6,0.0,93,3.1,9.0,2025,8,6,19,218,Monsoon,0
2025-08-06 20:00:00,28.4,85,34.9,0.0,100,4.3,8.6,2025,8,6,20,218,Monsoon,0
2025-08-06 21:00:00,28.2,87,35.0,0.0,100,3.2,8.6,2025,8,6,21,218,Monsoon,0
2025-08-06 22:00:00,28.0,88,34.9,0.0,100,2.4,6.1,2025,8,6,22,218,Monsoon,0
2025-08-06 23:00:00,27.7,88,34.1,0.0,100,3.8,7.2,2025,8,6,23,218,Monsoon,0
2025-08-07 00:00:00,27.5,86,33.5,0.0,89,4.2,8.3,2025,8,7,0,219,Monsoon,0
2025-08-07 01:00:00,27.2,87,33.1,0.0,74,4.3,8.3,2025,8,7,1,219,Monsoon,0
2025-08-07 02:00:00,27.0,86,32.6,0.0,87,5.7,10.8,2025,8,7,2,219,Monsoon,0
2025-08-07 03:00:00,26.8,84,31.8,0.0,81,6.8,13.7,2025,8,7,3,219,Monsoon,0
2025-08-07 04:00:00,26.4,82,30.8,0.0,6,7.2,14.4,2025,8,7,4,219,Monsoon,0
2025-08-07 05:00:00,26.0,81,30.0,0.0,37,7.4,14.8,2025,8,7,5,219,Monsoon,0
2025-08-07 06:00:00,27.3,78,31.5,0.0,5,9.8,20.9,2025,8,7,6,219,Monsoon,0
2025-08-07 07:00:00,28.0,77,32.4,0.0,6,10.2,23.0,2025,8,7,7,219,Monsoon,0
2025-08-07 08:00:00,29.1,75,33.9,0.0,1,9.8,23.0,2025,8,7,8,219,Monsoon,0
2025-08-07 09:00:00,30.5,71,35.6,0.0,1,9.7,24.8,2025,8,7,9,219,Monsoon,0
2025-08-07 10:00:00,31.8,67,37.5,0.0,9,11.0,27.4,2025,8,7,10,219,Monsoon,0
2025-08-07 11:00:00,32.8,59,38.2,0.0,13,11.5,29.2,2025,8,7,11,219,Monsoon,0
2025-08-07 12:00:00,33.4,57,39.2,0.0,10,11.1,28.4,2025,8,7,12,219,Monsoon,0
2025-08-07 13:00:00,33.7,56,39.6,0.0,81,11.1,28.8,2025,8,7,13,219,Monsoon,0
2025-08-07 14:00:00,33.9,56,39.3,0.0,62,11.8,28.8,2025,8,7,14,219,Monsoon,0
2025-08-07 15:00:00,33.8,56,38.4,0.0,32,12.2,31.0,2025,8,7,15,219,Monsoon,0
2025-08-07 16:00:00,33.5,57,37.6,0.0,53,12.8,29.9,2025,8,7,16,219,Monsoon,0
2025-08-07 17:00:00,32.7,62,37.6,0.0,62,10.0,28.8,2025,8,7,17,219,Monsoon,0
2025-08-07 18:00:00,31.4,69,37.1,0.0,70,6.3,20.9,2025,8,7,18,219,Monsoon,0
2025-08-07 19:00:00,30.3,73,36.0,0.0,31,6.7,13.0,2025,8,7,19,219,Monsoon,0
2025-08-07 20:00:00,29.7,75,35.4,0.0,69,6.0,14.4,2025,8,7,20,219,Monsoon,0
2025-08-07 21:00:00,29.2,78,35.0,0.0,41,5.3,11.5,2025,8,7,21,219,Monsoon,0
2025-08-07 22:00:00,28.8,78,34.3,0.0,92,6.4,12.6,2025,8,7,22,219,Monsoon,0
2025-08-07 23:00:00,28.4,77,33.5,0.0,2,6.9,13.7,2025,8,7,23,219,Monsoon,0
2025-08-08 00:00:00,27.9,77,32.6,0.0,10,7.7,15.1,2025,8,8,0,220,Monsoon,0
2025-08-08 01:00:00,27.6,78,32.1,0.0,31,8.0,16.6,2025,8,8,1,220,Monsoon,0
2025-08-08 02:00:00,27.3,79,31.8,0.0,54,7.7,16.2,2025,8,8,2,220,Monsoon,0
2025-08-08 03:00:00,27.1,77,31.1,0.0,47,9.1,18.7,2025,8,8,3,220,Monsoon,0
2025-08-08 04:00:00,26.8,77,30.4,0.0,13,9.5,19.8,2025,8,8,4,220,Monsoon,0
2025-08-08 05:00:00,26.4,77,30.1,0.0,22,8.3,19.4,2025,8,8,5,220,Monsoon,0
2025-08-08 06:00:00,27.9,72,31.2,0.0,17,11.9,24.8,2025,8,8,6,220,Monsoon,0
2025-08-08 07:00:00,28.4,71,31.9,0.0,99,11.9,25.9,2025,8,8,7,220,Monsoon,0
2025-08-08 08:00:00,29.4,70,33.8,0.0,98,9.4,25.6,2025,8,8,8,220,Monsoon,0
2025-08-08 09:00:00,30.5,67,34.9,0.0,99,10.2,24.8,2025,8,8,9,220,Monsoon,0
2025-08-08 10:00:00,31.5,64,36.0,0.0,100,10.3,26.3,2025,8,8,10,220,Monsoon,0
2025-08-08 11:00:00,31.8,64,36.6,0.0,100,9.2,25.9,2025,8,8,11,220,Monsoon,0
2025-08-08 12:00:00,32.0,65,37.2,0.0,100,8.1,23.4,2025,8,8,12,220,Monsoon,0
2025-08-08 13:00:00,32.8,61,37.9,0.0,100,8.3,21.6,2025,8,8,13,220,Monsoon,0
2025-08-08 14:00:00,33.1,58,37.8,0.0,100,7.9,21.2,2025,8,8,14,220,Monsoon,0
2025-08-08 15:00:00,33.0,58,37.9,0.0,100,6.3,19.4,2025,8,8,15,220,Monsoon,0
2025-08-08 16:00:00,32.8,61,38.3,0.0,100,4.5,14.4,2025,8,8,16,220,Monsoon,0
2025-08-08 17:00:00,32.6,62,38.5,0.0,100,3.0,9.7,2025,8,8,17,220,Monsoon,0
2025-08-08 18:00:00,32.3,63,38.0,0.0,100,3.3,10.1,2025,8,8,18,220,Monsoon,0
2025-08-08 19:00:00,30.9,72,37.4,0.0,100,2.1,6.1,2025,8,8,19,220,Monsoon,0
2025-08-08 20:00:00,30.0,76,36.4,0.0,100,3.9,6.1,2025,8,8,20,220,Monsoon,0
2025-08-08 21:00:00,29.5,79,36.0,0.0,100,3.3,6.1,2025,8,8,21,220,Monsoon,0
2025-08-08 22:00:00,29.1,79,35.1,0.0,100,5.0,8.6,2025,8,8,22,220,Monsoon,0
2025-08-08 23:00:00,28.3,84,34.0,0.0,100,7.5,15.5,2025,8,8,23,220,Monsoon,0
2025-08-09 00:00:00,27.8,88,34.0,0.0,100,5.4,14.8,2025,8,9,0,221,Monsoon,0
2025-08-09 01:00:00,27.7,88,34.1,0.0,100,4.7,10.1,2025,8,9,1,221,Monsoon,0
2025-08-09 02:00:00,27.6,88,33.8,0.0,100,5.9,11.9,2025,8,9,2,221,Monsoon,0
2025-08-09 03:00:00,27.5,87,33.7,0.0,100,4.7,11.9,2025,8,9,3,221,Monsoon,0
2025-08-09 04:00:00,27.2,88,33.5,0.0,100,3.3,9.4,2025,8,9,4,221,Monsoon,0
2025-08-09 05:00:00,27.1,88,33.1,0.0,100,5.0,9.4,2025,8,9,5,221,Monsoon,0
2025-08-09 06:00:00,27.2,85,32.5,0.1,100,7.2,15.1,2025,8,9,6,221,Monsoon,1
2025-08-09 07:00:00,27.7,82,33.5,0.0,100,3.3,14.0,2025,8,9,7,221,Monsoon,0
2025-08-09 08:00:00,27.6,83,33.6,0.0,100,2.7,6.5,2025,8,9,8,221,Monsoon,0
2025-08-09 09:00:00,26.9,90,33.0,4.5,100,4.9,12.2,2025,8,9,9,221,Monsoon,1
2025-08-09 10:00:00,26.1,91,31.5,3.5,100,7.2,13.7,2025,8,9,10,221,Monsoon,1
2025-08-09 11:00:00,27.6,85,33.7,0.7,100,3.0,15.8,2025,8,9,11,221,Monsoon,1
2025-08-09 12:00:00,28.6,79,34.6,0.0,100,3.9,15.1,2025,8,9,12,221,Monsoon,0
2025-08-09 13:00:00,29.4,77,35.6,0.0,97,3.3,14.0,2025,8,9,13,221,Monsoon,0
2025-08-09 14:00:00,30.2,74,36.4,0.1,64,3.0,13.7,2025,8,9,14,221,Monsoon,1
2025-08-09 15:00:00,30.5,72,36.3,0.0,82,5.9,16.2,2025,8,9,15,221,Monsoon,0
2025-08-09 16:00:00,30.5,72,36.2,0.0,100,6.0,16.6,2025,8,9,16,221,Monsoon,0
2025-08-09 17:00:00,30.4,73,36.3,0.0,100,5.7,15.5,2025,8,9,17,221,Monsoon,0
2025-08-09 18:00:00,27.6,83,33.4,0.0,49,4.0,19.1,2025,8,9,18,221,Monsoon,0
2025-08-09 19:00:00,26.9,88,32.9,0.0,62,3.2,8.6,2025,8,9,19,221,Monsoon,0
2025-08-09 20:00:00,26.7,89,32.8,0.0,55,2.8,6.1,2025,8,9,20,221,Monsoon,0
2025-08-09 21:00:00,26.6,89,32.6,0.0,53,2.8,5.0,2025,8,9,21,221,Monsoon,0
2025-08-09 22:00:00,26.4,90,32.4,0.0,46,2.6,5.8,2025,8,9,22,221,Monsoon,0
2025-08-09 23:00:00,26.2,91,32.3,0.0,20,2.2,5.0,2025,8,9,23,221,Monsoon,0
2025-08-10 00:00:00,25.9,92,32.1,0.0,100,1.8,4.0,2025,8,10,0,222,Monsoon,0
2025-08-10 01:00:00,26.1,92,32.3,0.0,100,1.8,5.0,2025,8,10,1,222,Monsoon,0
2025-08-10 02:00:00,26.1,92,32.4,0.0,100,2.0,4.3,2025,8,10,2,222,Monsoon,0
2025-08-10 03:00:00,26.1,93,32.5,0.0,88,1.7,4.0,2025,8,10,3,222,Monsoon,0
2025-08-10 04:00:00,26.1,91,32.0,0.1,100,3.1,5.4,2025,8,10,4,222,Monsoon,1
2025-08-10 05:00:00,25.9,91,31.9,0.4,100,2.3,5.4,2025,8,10,5,222,Monsoon,1
2025-08-10 06:00:00,26.6,92,33.2,0.1,59,2.3,9.4,2025,8,10,6,222,Monsoon,1
2025-08-10 07:00:00,27.2,89,33.7,0.0,29,2.6,7.9,2025,8,10,7,222,Monsoon,0
2025-08-10 08:00:00,28.2,86,34.9,0.0,100,2.7,11.2,2025,8,10,8,222,Monsoon,0
2025-08-10 09:00:00,29.0,83,35.8,0.1,45,3.5,14.4,2025,8,10,9,222,Monsoon,1
2025-08-10 10:00:00,30.0,78,36.8,0.1,100,2.9,14.4,2025,8,10,10,222,Monsoon,1
2025-08-10 11:00:00,31.0,75,38.7,0.2,57,3.1,15.1,2025,8,10,11,222,Monsoon,1
2025-08-10 12:00:00,31.5,73,39.9,0.2,30,3.6,16.2,2025,8,10,12,222,Monsoon,1
2025-08-10 13:00:00,31.9,72,40.4,0.2,43,3.4,16.2,2025,8,10,13,222,Monsoon,1
2025-08-10 14:00:00,32.1,72,39.9,0.2,74,4.5,17.3,2025,8,10,14,222,Monsoon,1
2025-08-10 15:00:00,32.1,70,38.7,0.1,92,5.7,18.7,2025,8,10,15,222,Monsoon,1
2025-08-10 16:00:00,32.1,69,38.4,0.0,88,5.9,19.8,2025,8,10,16,222,Monsoon,0
2025-08-10 17:00:00,31.9,72,38.5,0.0,98,5.4,18.4,2025,8,10,17,222,Monsoon,0
2025-08-10 18:00:00,30.8,75,37.6,0.0,94,3.9,15.1,2025,8,10,18,222,Monsoon,0
2025-08-10 19:00:00,30.0,81,37.2,0.0,91,2.9,7.9,2025,8,10,19,222,Monsoon,0
2025-08-10 20:00:00,29.4,84,36.6,0.0,100,2.3,5.4,2025,8,10,20,222,Monsoon,0
2025-08-10 21:00:00,28.8,85,35.9,0.0,59,2.3,5.4,2025,8,10,21,222,Monsoon,0
2025-08-10 22:00:00,28.3,87,35.2,0.0,95,2.8,6.5,2025,8,10,22,222,Monsoon,0
2025-08-10 23:00:00,28.0,87,34.5,0.0,52,3.4,6.5,2025,8,10,23,222,Monsoon,0
2025-08-11 00:00:00,27.9,83,33.7,0.0,79,5.3,10.1,2025,8,11,0,223,Monsoon,0
2025-08-11 01:00:00,27.6,83,33.3,0.0,99,4.1,10.4,2025,8,11,1,223,Monsoon,0
2025-08-11 02:00:00,27.4,82,32.7,0.0,100,5.5,10.8,2025,8,11,2,223,Monsoon,0
2025-08-11 03:00:00,27.1,83,32.4,0.0,100,5.3,10.8,2025,8,11,3,223,Monsoon,0
2025-08-11 04:00:00,26.8,84,31.9,0.0,100,6.0,11.9,2025,8,11,4,223,Monsoon,0
2025-08-11 05:00:00,26.6,84,31.6,0.0,99,5.9,12.6,2025,8,11,5,223,Monsoon,0
2025-08-11 06:00:00,28.2,80,32.9,0.0,100,10.7,22.0,2025,8,11,6,223,Monsoon,0
2025-08-11 07:00:00,28.6,79,33.4,0.0,100,11.0,23.4,2025,8,11,7,223,Monsoon,0
2025-08-11 08:00:00,29.5,77,34.8,0.0,100,9.6,23.8,2025,8,11,8,223,Monsoon,0
2025-08-11 09:00:00,30.6,72,35.8,0.0,100,10.4,24.8,2025,8,11,9,223,Monsoon,0
2025-08-11 10:00:00,31.5,68,36.5,0.0,100,11.3,28.1,2025,8,11,10,223,Monsoon,0
2025-08-11 11:00:00,32.6,65,38.6,0.0,100,10.7,28.1,2025,8,11,11,223,Monsoon,0
2025-08-11 12:00:00,33.3,63,39.8,0.0,100,9.7,28.1,2025,8,11,12,223,Monsoon,0
2025-08-11 13:00:00,33.6,63,40.0,0.0,100,10.1,29.2,2025,8,11,13,223,Monsoon,0
2025-08-11 14:00:00,33.9,60,39.8,0.0,100,10.0,31.7,2025,8,11,14,223,Monsoon,0
2025-08-11 15:00:00,32.9,64,38.5,0.0,100,8.4,30.2,2025,8,11,15,223,Monsoon,0
2025-08-11 16:00:00,32.7,64,38.6,0.0,100,5.0,22.7,2025,8,11,16,223,Monsoon,0
2025-08-11 17:00:00,31.8,73,39.1,0.0,100,2.3,11.9,2025,8,11,17,223,Monsoon,0
2025-08-11 18:00:00,30.5,81,37.8,0.1,100,4.2,8.3,2025,8,11,18,223,Monsoon,1
2025-08-11 19:00:00,29.5,87,36.7,0.1,100,6.6,13.3,2025,8,11,19,223,Monsoon,1
2025-08-11 20:00:00,28.6,91,36.5,0.1,100,0.9,14.0,2025,8,11,20,223,Monsoon,1
2025-08-11 21:00:00,28.0,93,34.9,1.3,100,6.8,13.0,2025,8,11,21,223,Monsoon,1
2025-08-11 22:00:00,28.0,92,34.7,0.0,100,8.0,15.5,2025,8,11,22,223,Monsoon,0
2025-08-11 23:00:00,27.8,92,34.4,0.0,100,7.2,15.1,2025,8,11,23,223,Monsoon,0
2025-08-12 00:00:00,27.5,90,33.5,0.0,100,7.4,13.7,2025,8,12,0,224,Monsoon,0
2025-08-12 01:00:00,27.2,89,32.9,0.0,100,7.8,16.2,2025,8,12,1,224,Monsoon,0
2025-08-12 02:00:00,27.1,88,32.9,0.3,100,6.5,15.5,2025,8,12,2,224,Monsoon,1
2025-08-12 03:00:00,26.9,89,32.9,0.0,100,5.0,11.9,2025,8,12,3,224,Monsoon,0
2025-08-12 04:00:00,26.7,91,33.0,0.0,100,3.6,11.9,2025,8,12,4,224,Monsoon,0
2025-08-12 05:00:00,26.7,92,33.3,0.0,100,1.8,6.5,2025,8,12,5,224,Monsoon,0
2025-08-12 06:00:00,27.1,84,32.3,0.0,100,7.1,15.1,2025,8,12,6,224,Monsoon,0
2025-08-12 07:00:00,27.1,82,32.0,0.2,100,7.1,14.8,2025,8,12,7,224,Monsoon,1
2025-08-12 08:00:00,26.9,85,31.8,1.1,100,8.2,18.0,2025,8,12,8,224,Monsoon,1
2025-08-12 09:00:00,26.3,91,31.2,1.2,100,11.4,22.0,2025,8,12,9,224,Monsoon,1
2025-08-12 10:00:00,27.3,87,32.8,1.1,100,7.9,25.6,2025,8,12,10,224,Monsoon,1
2025-08-12 11:00:00,29.5,77,35.3,0.0,43,6.0,19.4,2025,8,12,11,224,Monsoon,0
2025-08-12 12:00:00,31.2,71,38.0,0.0,26,5.9,19.1,2025,8,12,12,224,Monsoon,0
2025-08-12 13:00:00,32.2,67,39.9,0.0,16,6.2,20.2,2025,8,12,13,224,Monsoon,0
2025-08-12 14:00:00,33.0,63,40.2,0.0,100,6.4,20.5,2025,8,12,14,224,Monsoon,0
2025-08-12 15:00:00,33.3,62,39.5,0.0,98,7.2,21.2,2025,8,12,15,224,Monsoon,0
2025-08-12 16:00:00,32.9,63,38.2,0.0,24,8.8,22.0,2025,8,12,16,224,Monsoon,0
2025-08-12 17:00:00,32.3,65,37.8,0.0,47,7.6,21.6,2025,8,12,17,224,Monsoon,0
2025-08-12 18:00:00,31.4,73,38.3,0.0,100,3.1,13.0,2025,8,12,18,224,Monsoon,0
2025-08-12 19:00:00,30.6,76,37.4,0.0,100,3.5,5.8,2025,8,12,19,224,Monsoon,0
2025-08-12 20:00:00,30.1,79,37.0,0.0,100,3.4,6.5,2025,8,12,20,224,Monsoon,0
2025-08-12 21:00:00,29.6,82,36.7,0.0,100,2.8,6.1,2025,8,12,21,224,Monsoon,0
2025-08-12 22:00:00,29.2,83,36.2,0.0,100,2.4,5.0,2025,8,12,22,224,Monsoon,0
2025-08-12 23:00:00,28.6,84,35.2,0.0,100,4.4,7.6,2025,8,12,23,224,Monsoon,0
2025-08-13 00:00:00,28.2,85,34.4,0.0,100,5.1,11.9,2025,8,13,0,225,Monsoon,0
2025-08-13 01:00:00,27.8,87,34.3,0.0,100,3.6,10.1,2025,8,13,1,225,Monsoon,0
2025-08-13 02:00:00,27.6,87,33.8,0.0,100,4.6,8.6,2025,8,13,2,225,Monsoon,0
2025-08-13 03:00:00,27.3,88,33.3,0.0,100,5.6,11.2,2025,8,13,3,225,Monsoon,0
2025-08-13 04:00:00,27.1,87,32.7,0.0,100,6.2,12.2,2025,8,13,4,225,Monsoon,0
2025-08-13 05:00:00,26.9,85,32.1,0.0,98,7.1,14.4,2025,8,13,5,225,Monsoon,0
2025-08-13 06:00:00,28.0,87,34.1,0.0,97,7.4,15.1,2025,8,13,6,225,Monsoon,0
2025-08-13 07:00:00,28.7,84,34.9,0.0,100,7.3,15.8,2025,8,13,7,225,Monsoon,0
2025-08-13 08:00:00,29.4,78,35.1,0.0,100,7.7,18.0,2025,8,13,8,225,Monsoon,0
2025-08-13 09:00:00,30.3,71,35.6,0.0,100,7.7,19.8,2025,8,13,9,225,Monsoon,0
2025-08-13 10:00:00,31.4,67,36.7,0.0,100,8.5,23.0,2025,8,13,10,225,Monsoon,0
2025-08-13 11:00:00,32.4,64,38.7,0.0,100,8.3,23.4,2025,8,13,11,225,Monsoon,0
2025-08-13 12:00:00,32.6,62,37.9,0.0,100,8.5,23.4,2025,8,13,12,225,Monsoon,0
2025-08-13 13:00:00,33.0,60,38.5,0.0,100,7.6,23.0,2025,8,13,13,225,Monsoon,0
2025-08-13 14:00:00,33.4,59,38.5,0.0,100,7.9,21.2,2025,8,13,14,225,Monsoon,0
2025-08-13 15:00:00,33.4,59,38.6,0.0,100,6.8,21.2,2025,8,13,15,225,Monsoon,0
2025-08-13 16:00:00,33.3,59,38.4,0.0,100,6.3,19.1,2025,8,13,16,225,Monsoon,0
2025-08-13 17:00:00,32.8,62,38.5,0.0,100,4.5,15.5,2025,8,13,17,225,Monsoon,0
2025-08-13 18:00:00,32.1,66,38.0,0.0,100,4.6,10.8,2025,8,13,18,225,Monsoon,0
2025-08-13 19:00:00,31.1,73,37.8,0.0,100,3.0,8.6,2025,8,13,19,225,Monsoon,0
2025-08-13 20:00:00,30.6,74,37.0,0.0,100,4.0,6.1,2025,8,13,20,225,Monsoon,0
2025-08-13 21:00:00,30.3,78,37.3,0.0,100,2.9,7.2,2025,8,13,21,225,Monsoon,0
2025-08-13 22:00:00,30.2,77,37.0,0.0,100,2.2,4.0,2025,8,13,22,225,Monsoon,0
2025-08-13 23:00:00,29.3,79,35.4,0.0,100,4.6,8.6,2025,8,13,23,225,Monsoon,0
2025-08-14 00:00:00,29.0,80,35.1,0.0,100,5.1,9.7,2025,8,14,0,226,Monsoon,0
2025-08-14 01:00:00,28.5,82,34.6,0.0,99,5.0,9.7,2025,8,14,1,226,Monsoon,0
2025-08-14 02:00:00,28.2,83,34.2,0.0,99,5.7,10.8,2025,8,14,2,226,Monsoon,0
2025-08-14 03:00:00,27.9,85,33.8,0.0,100,6.0,11.9,2025,8,14,3,226,Monsoon,0
2025-08-14 04:00:00,27.5,88,33.5,0.0,100,6.1,11.9,2025,8,14,4,226,Monsoon,0
2025-08-14 05:00:00,27.1,90,33.1,0.0,100,5.4,13.0,2025,8,14,5,226,Monsoon,0
2025-08-14 06:00:00,26.9,92,33.1,2.5,100,5.3,13.7,2025,8,14,6,226,Monsoon,1
2025-08-14 07:00:00,26.4,96,32.6,1.3,100,6.8,14.8,2025,8,14,7,226,Monsoon,1
2025-08-14 08:00:00,26.7,95,33.6,1.1,100,2.5,12.6,2025,8,14,8,226,Monsoon,1
2025-08-14 09:00:00,27.6,92,34.2,0.4,100,6.4,15.1,2025,8,14,9,226,Monsoon,1
2025-08-14 10:00:00,28.5,85,34.7,0.0,100,7.5,19.1,2025,8,14,10,226,Monsoon,0
2025-08-14 11:00:00,28.9,84,35.4,0.1,100,5.1,20.2,2025,8,14,11,226,Monsoon,1
2025-08-14 12:00:00,29.6,80,35.9,0.1,100,5.7,17.3,2025,8,14,12,226,Monsoon,1
2025-08-14 13:00:00,28.5,79,33.9,0.8,100,7.5,17.6,2025,8,14,13,226,Monsoon,1
2025-08-14 14:00:00,27.7,87,33.8,1.1,100,5.4,18.4,2025,8,14,14,226,Monsoon,1
2025-08-14 15:00:00,28.1,87,34.7,0.6,100,3.3,14.8,2025,8,14,15,226,Monsoon,1
2025-08-14 16:00:00,29.0,81,35.3,0.2,100,5.0,13.7,2025,8,14,16,226,Monsoon,1
2025-08-14 17:00:00,28.5,84,34.7,0.0,100,6.0,14.4,2025,8,14,17,226,Monsoon,0
2025-08-14 18:00:00,28.2,87,34.9,0.0,100,3.9,8.3,2025,8,14,18,226,Monsoon,0
2025-08-14 19:00:00,27.5,90,33.9,0.0,46,4.4,8.6,2025,8,14,19,226,Monsoon,0
2025-08-14 20:00:00,27.1,92,33.7,0.0,79,3.1,7.9,2025,8,14,20,226,Monsoon,0
2025-08-14 21:00:00,26.8,93,33.5,0.0,97,2.8,5.8,2025,8,14,21,226,Monsoon,0
2025-08-14 22:00:00,26.6,94,33.3,0.0,30,2.6,4.7,2025,8,14,22,226,Monsoon,0
2025-08-14 23:00:00,26.3,95,33.0,0.0,11,2.1,5.0,2025,8,14,23,226,Monsoon,0
2025-08-15 00:00:00,26.3,95,32.8,0.0,27,3.5,6.1,2025,8,15,0,227,Monsoon,0
2025-08-15 01:00:00,26.2,95,32.5,0.0,47,4.3,7.9,2025,8,15,1,227,Monsoon,0
2025-08-15 02:00:00,26.1,95,32.2,0.0,30,4.4,8.3,2025,8,15,2,227,Monsoon,0
2025-08-15 03:00:00,25.8,95,31.8,0.0,53,5.1,9.7,2025,8,15,3,227,Monsoon,0
2025-08-15 04:00:00,25.6,96,31.4,0.0,7,5.2,10.4,2025,8,15,4,227,Monsoon,0
2025-08-15 05:00:00,25.3,97,31.2,0.0,18,4.4,10.1,2025,8,15,5,227,Monsoon,0
2025-08-15 06:00:00,26.0,94,31.6,2.0,69,7.0,13.3,2025,8,15,6,227,Monsoon,1
2025-08-15 07:00:00,26.5,93,32.6,0.3,45,5.4,13.3,2025,8,15,7,227,Monsoon,1
2025-08-15 08:00:00,27.6,89,34.3,0.1,50,2.6,14.4,2025,8,15,8,227,Monsoon,1
2025-08-15 09:00:00,29.0,84,35.9,0.1,88,4.0,14.8,2025,8,15,9,227,Monsoon,1
2025-08-15 10:00:00,29.9,80,37.2,0.3,100,3.1,14.8,2025,8,15,10,227,Monsoon,1
2025-08-15 11:00:00,30.5,77,38.1,0.3,99,2.8,15.1,2025,8,15,11,227,Monsoon,1
2025-08-15 12:00:00,31.4,72,39.2,0.1,48,3.3,16.2,2025,8,15,12,227,Monsoon,1
2025-08-15 13:00:00,31.5,72,39.8,0.1,70,0.0,16.2,2025,8,15,13,227,Monsoon,1
2025-08-15 14:00:00,31.7,72,39.0,0.1,100,0.7,12.2,2025,8,15,14,227,Monsoon,1
2025-08-15 15:00:00,31.4,75,38.5,0.2,98,3.4,15.1,2025,8,15,15,227,Monsoon,1
2025-08-15 16:00:00,31.1,77,38.4,0.1,58,2.5,14.4,2025,8,15,16,227,Monsoon,1
2025-08-15 17:00:00,30.5,77,37.2,0.9,68,5.0,13.0,2025,8,15,17,227,Monsoon,1
2025-08-15 18:00:00,29.8,83,37.0,0.0,71,3.1,9.7,2025,8,15,18,227,Monsoon,0
2025-08-15 19:00:00,28.9,87,36.0,0.0,80,3.7,6.8,2025,8,15,19,227,Monsoon,0
2025-08-15 20:00:00,28.5,89,35.7,0.0,85,3.1,6.8,2025,8,15,20,227,Monsoon,0
2025-08-15 21:00:00,28.3,88,35.0,0.0,60,4.3,8.3,2025,8,15,21,227,Monsoon,0
2025-08-15 22:00:00,27.8,89,34.4,0.0,40,4.9,9.7,2025,8,15,22,227,Monsoon,0
2025-08-15 23:00:00,27.5,91,34.1,0.0,24,5.1,9.7,2025,8,15,23,227,Monsoon,0
2025-08-16 00:00:00,27.3,92,33.9,0.0,19,4.7,10.1,2025,8,16,0,228,Monsoon,0
2025-08-16 01:00:00,27.0,94,33.7,0.0,40,4.8,9.4,2025,8,16,1,228,Monsoon,0
2025-08-16 02:00:00,26.8,96,33.5,0.0,99,5.2,9.7,2025,8,16,2,228,Monsoon,0
2025-08-16 03:00:00,26.7,97,33.3,0.0,97,5.4,10.4,2025,8,16,3,228,Monsoon,0
2025-08-16 04:00:00,26.5,97,33.3,0.0,98,4.2,10.4,2025,8,16,4,228,Monsoon,0
2025-08-16 05:00:00,26.4,97,33.1,0.0,32,3.6,7.6,2025,8,16,5,228,Monsoon,0
2025-08-16 06:00:00,27.3,96,34.2,0.0,98,5.9,10.4,2025,8,16,6,228,Monsoon,0
2025-08-16 07:00:00,28.1,93,35.4,0.0,100,4.5,11.9,2025,8,16,7,228,Monsoon,0
2025-08-16 08:00:00,28.9,89,36.3,0.0,99,4.1,11.9,2025,8,16,8,228,Monsoon,0
2025-08-16 09:00:00,30.1,81,36.9,0.2,100,6.7,18.0,2025,8,16,9,228,Monsoon,1
2025-08-16 10:00:00,29.5,81,36.3,3.1,99,3.2,19.4,2025,8,16,10,228,Monsoon,1
2025-08-16 11:00:00,28.3,85,34.2,0.5,100,8.3,25.9,2025,8,16,11,228,Monsoon,1
2025-08-16 12:00:00,29.0,84,35.9,0.1,100,3.2,20.2,2025,8,16,12,228,Monsoon,1
2025-08-16 13:00:00,30.5,77,37.7,0.1,100,3.0,14.8,2025,8,16,13,228,Monsoon,1
2025-08-16 14:00:00,30.8,74,37.6,0.1,100,2.6,13.3,2025,8,16,14,228,Monsoon,1
2025-08-16 15:00:00,31.2,73,38.1,0.0,100,2.2,10.8,2025,8,16,15,228,Monsoon,0
2025-08-16 16:00:00,31.1,74,37.8,0.0,100,3.8,11.9,2025,8,16,16,228,Monsoon,0
2025-08-16 17:00:00,30.9,75,37.6,0.0,100,4.0,11.2,2025,8,16,17,228,Monsoon,0
2025-08-16 18:00:00,29.9,83,36.9,0.0,97,6.3,14.0,2025,8,16,18,228,Monsoon,0
2025-08-16 19:00:00,28.7,87,35.4,0.0,100,6.2,13.3,2025,8,16,19,228,Monsoon,0
2025-08-16 20:00:00,28.3,88,35.0,0.0,100,5.0,13.0,2025,8,16,20,228,Monsoon,0
2025-08-16 21:00:00,28.2,90,35.0,0.0,100,5.8,11.2,2025,8,16,21,228,Monsoon,0
2025-08-16 22:00:00,28.1,91,34.9,0.0,88,6.0,11.9,2025,8,16,22,228,Monsoon,0
2025-08-16 23:00:00,27.9,91,34.7,0.0,59,6.0,11.5,2025,8,16,23,228,Monsoon,0
2025-08-17 00:00:00,27.7,91,34.2,0.0,61,6.3,12.2,2025,8,17,0,229,Monsoon,0
2025-08-17 01:00:00,27.5,91,34.0,0.0,87,5.8,12.2,2025,8,17,1,229,Monsoon,0
2025-08-17 02:00:00,27.4,91,33.9,0.0,91,5.6,11.2,2025,8,17,2,229,Monsoon,0
2025-08-17 03:00:00,27.3,92,33.7,0.0,100,5.8,11.2,2025,8,17,3,229,Monsoon,0
2025-08-17 04:00:00,27.3,92,33.9,0.1,93,5.2,11.2,2025,8,17,4,229,Monsoon,1
2025-08-17 05:00:00,27.3,92,33.9,0.2,76,5.1,9.7,2025,8,17,5,229,Monsoon,1
2025-08-17 06:00:00,27.7,93,34.5,0.0,100,5.6,11.2,2025,8,17,6,229,Monsoon,0
2025-08-17 07:00:00,28.0,92,35.0,0.0,100,5.9,12.2,2025,8,17,7,229,Monsoon,0
2025-08-17 08:00:00,28.1,92,35.0,0.0,97,6.8,17.3,2025,8,17,8,229,Monsoon,0
2025-08-17 09:00:00,29.7,85,36.8,0.0,83,5.6,16.6,2025,8,17,9,229,Monsoon,0
2025-08-17 10:00:00,31.2,78,38.5,0.1,99,7.2,21.6,2025,8,17,10,229,Monsoon,1
2025-08-17 11:00:00,32.0,74,39.2,0.0,100,8.7,27.7,2025,8,17,11,229,Monsoon,0
2025-08-17 12:00:00,28.6,85,34.3,3.1,100,10.3,29.9,2025,8,17,12,229,Monsoon,1
2025-08-17 13:00:00,28.8,85,35.4,0.1,100,4.8,24.8,2025,8,17,13,229,Monsoon,1
2025-08-17 14:00:00,30.6,80,38.0,0.0,92,4.5,16.6,2025,8,17,14,229,Monsoon,0
2025-08-17 15:00:00,31.5,76,38.6,0.0,70,5.9,19.8,2025,8,17,15,229,Monsoon,0
2025-08-17 16:00:00,31.6,75,38.6,0.0,86,5.5,19.8,2025,8,17,16,229,Monsoon,0
2025-08-17 17:00:00,31.4,74,37.8,0.0,98,7.8,17.3,2025,8,17,17,229,Monsoon,0
2025-08-17 18:00:00,30.3,80,37.0,0.0,95,7.2,14.4,2025,8,17,18,229,Monsoon,0
2025-08-17 19:00:00,29.3,85,36.1,0.0,100,6.1,16.6,2025,8,17,19,229,Monsoon,0
2025-08-17 20:00:00,28.7,89,36.0,0.0,100,4.3,11.9,2025,8,17,20,229,Monsoon,0
2025-08-17 21:00:00,28.4,91,35.8,0.0,100,4.0,8.3,2025,8,17,21,229,Monsoon,0
2025-08-17 22:00:00,28.2,92,35.4,0.0,84,5.2,9.4,2025,8,17,22,229,Monsoon,0
2025-08-17 23:00:00,28.2,92,35.1,0.0,50,6.5,12.2,2025,8,17,23,229,Monsoon,0
2025-08-18 00:00:00,28.0,91,34.6,0.0,100,7.0,13.7,2025,8,18,0,230,Monsoon,0
2025-08-18 01:00:00,27.8,92,34.3,0.0,100,6.8,13.7,2025,8,18,1,230,Monsoon,0
2025-08-18 02:00:00,27.6,92,34.0,0.0,100,7.3,14.4,2025,8,18,2,230,Monsoon,0
2025-08-18 03:00:00,27.4,93,33.7,0.0,25,8.6,16.9,2025,8,18,3,230,Monsoon,0
2025-08-18 04:00:00,27.3,93,33.7,0.0,22,7.2,17.6,2025,8,18,4,230,Monsoon,0
2025-08-18 05:00:00,27.2,94,33.4,0.0,37,8.1,15.8,2025,8,18,5,230,Monsoon,0
2025-08-18 06:00:00,27.9,90,34.1,0.0,61,9.2,20.9,2025,8,18,6,230,Monsoon,0
2025-08-18 07:00:00,28.5,90,35.3,0.0,86,7.6,19.4,2025,8,18,7,230,Monsoon,0
2025-08-18 08:00:00,27.5,87,32.2,5.4,93,14.2,29.2,2025,8,18,8,230,Monsoon,1
2025-08-18 09:00:00,28.1,89,34.5,3.0,82,6.9,29.2,2025,8,18,9,230,Monsoon,1
2025-08-18 10:00:00,29.7,83,36.2,0.1,32,8.8,24.5,2025,8,18,10,230,Monsoon,1
2025-08-18 11:00:00,31.0,76,38.0,0.1,66,10.3,29.5,2025,8,18,11,230,Monsoon,1
2025-08-18 12:00:00,31.4,74,39.0,0.1,99,9.4,29.9,2025,8,18,12,230,Monsoon,1
2025-08-18 13:00:00,31.6,72,38.9,0.2,100,8.7,28.8,2025,8,18,13,230,Monsoon,1
2025-08-18 14:00:00,31.7,71,38.2,0.1,92,9.0,24.8,2025,8,18,14,230,Monsoon,1
2025-08-18 15:00:00,31.8,69,37.5,0.0,6,10.0,24.5,2025,8,18,15,230,Monsoon,0
2025-08-18 16:00:00,31.7,69,37.2,0.0,4,9.4,24.5,2025,8,18,16,230,Monsoon,0
2025-08-18 17:00:00,31.1,72,37.0,0.0,33,8.5,22.0,2025,8,18,17,230,Monsoon,0
2025-08-18 18:00:00,30.6,77,37.1,0.0,60,5.6,14.4,2025,8,18,18,230,Monsoon,0
2025-08-18 19:00:00,29.5,81,35.8,0.0,30,7.1,13.3,2025,8,18,19,230,Monsoon,0
2025-08-18 20:00:00,28.8,82,34.8,0.0,37,7.2,14.4,2025,8,18,20,230,Monsoon,0
2025-08-18 21:00:00,28.5,85,34.7,0.0,59,6.1,14.8,2025,8,18,21,230,Monsoon,0
2025-08-18 22:00:00,28.2,87,34.5,0.0,88,6.5,12.2,2025,8,18,22,230,Monsoon,0
2025-08-18 23:00:00,28.0,89,34.2,0.0,24,7.6,14.8,2025,8,18,23,230,Monsoon,0
2025-08-19 00:00:00,27.7,89,33.6,0.0,31,8.3,16.6,2025,8,19,0,231,Monsoon,0
2025-08-19 01:00:00,27.3,89,33.1,0.0,65,7.3,16.6,2025,8,19,1,231,Monsoon,0
2025-08-19 02:00:00,27.1,89,32.8,0.0,69,7.2,14.4,2025,8,19,2,231,Monsoon,0
2025-08-19 03:00:00,26.9,90,32.8,0.0,1,6.0,14.0,2025,8,19,3,231,Monsoon,0
2025-08-19 04:00:00,26.8,91,32.7,0.0,0,6.0,11.5,2025,8,19,4,231,Monsoon,0
2025-08-19 05:00:00,26.6,92,32.4,0.0,0,6.9,13.3,2025,8,19,5,231,Monsoon,0
2025-08-19 06:00:00,27.9,89,34.3,0.0,12,5.6,12.2,2025,8,19,6,231,Monsoon,0
2025-08-19 07:00:00,28.7,89,35.6,0.0,8,6.5,14.4,2025,8,19,7,231,Monsoon,0
2025-08-19 08:00:00,29.8,84,36.6,0.1,7,7.7,19.4,2025,8,19,8,231,Monsoon,1
2025-08-19 09:00:00,30.7,80,37.4,0.2,10,8.4,22.3,2025,8,19,9,231,Monsoon,1
2025-08-19 10:00:00,31.9,72,38.9,0.1,11,7.9,25.2,2025,8,19,10,231,Monsoon,1
2025-08-19 11:00:00,29.4,80,36.1,4.6,84,9.9,33.8,2025,8,19,11,231,Monsoon,1
2025-08-19 12:00:00,30.9,72,37.6,0.1,100,6.5,25.2,2025,8,19,12,231,Monsoon,1
2025-08-19 13:00:00,31.1,69,36.9,0.2,89,11.6,29.5,2025,8,19,13,231,Monsoon,1
2025-08-19 14:00:00,31.2,72,38.0,0.1,87,5.2,28.1,2025,8,19,14,231,Monsoon,1
2025-08-19 15:00:00,31.6,70,37.7,0.0,100,5.2,16.2,2025,8,19,15,231,Monsoon,0
2025-08-19 16:00:00,31.5,69,37.4,0.0,86,6.4,16.6,2025,8,19,16,231,Monsoon,0
2025-08-19 17:00:00,31.1,70,36.6,0.0,43,7.7,19.1,2025,8,19,17,231,Monsoon,0
2025-08-19 18:00:00,29.5,81,35.6,0.0,31,7.9,16.6,2025,8,19,18,231,Monsoon,0
2025-08-19 19:00:00,28.9,85,35.2,0.0,11,7.5,16.6,2025,8,19,19,231,Monsoon,0
2025-08-19 20:00:00,28.7,86,35.1,0.0,0,7.1,15.5,2025,8,19,20,231,Monsoon,0
2025-08-19 21:00:00,28.6,87,35.0,0.0,3,7.3,14.4,2025,8,19,21,231,Monsoon,0
2025-08-19 22:00:00,28.4,87,34.8,0.0,2,7.4,14.4,2025,8,19,22,231,Monsoon,0
2025-08-19 23:00:00,28.3,86,34.2,0.0,3,8.6,17.6,2025,8,19,23,231,Monsoon,0
2025-08-20 00:00:00,27.9,85,33.5,0.0,18,8.6,18.0,2025,8,20,0,232,Monsoon,0
2025-08-20 01:00:00,27.5,86,33.0,0.0,22,8.5,17.6,2025,8,20,1,232,Monsoon,0
2025-08-20 02:00:00,27.3,87,32.8,0.0,7,7.9,16.9,2025,8,20,2,232,Monsoon,0
2025-08-20 03:00:00,27.0,89,32.7,0.0,5,6.9,15.8,2025,8,20,3,232,Monsoon,0
2025-08-20 04:00:00,26.8,90,32.5,0.0,9,6.7,13.3,2025,8,20,4,232,Monsoon,0
2025-08-20 05:00:00,26.8,90,32.4,0.0,6,7.5,15.1,2025,8,20,5,232,Monsoon,0
2025-08-20 06:00:00,27.8,88,33.7,1.3,69,8.9,19.4,2025,8,20,6,232,Monsoon,1
2025-08-20 07:00:00,27.8,90,33.7,1.7,97,10.0,18.0,2025,8,20,7,232,Monsoon,1
2025-08-20 08:00:00,28.2,86,33.9,1.0,100,10.0,26.3,2025,8,20,8,232,Monsoon,1
2025-08-20 09:00:00,28.6,83,34.2,0.9,99,9.5,26.3,2025,8,20,9,232,Monsoon,1
2025-08-20 10:00:00,30.1,75,35.3,0.1,100,10.7,26.3,2025,8,20,10,232,Monsoon,1
2025-08-20 11:00:00,30.7,71,35.9,0.1,100,11.8,28.4,2025,8,20,11,232,Monsoon,1
2025-08-20 12:00:00,31.6,67,37.6,0.1,100,11.2,29.9,2025,8,20,12,232,Monsoon,1
2025-08-20 13:00:00,32.3,63,37.9,0.1,100,11.2,28.1,2025,8,20,13,232,Monsoon,1
2025-08-20 14:00:00,32.6,62,38.1,0.1,100,11.0,27.7,2025,8,20,14,232,Monsoon,1
2025-08-20 15:00:00,32.7,61,37.2,0.1,100,12.1,28.1,2025,8,20,15,232,Monsoon,1
2025-08-20 16:00:00,31.4,68,36.2,0.1,100,12.3,29.2,2025,8,20,16,232,Monsoon,1
2025-08-20 17:00:00,30.8,73,36.4,0.0,53,10.0,27.4,2025,8,20,17,232,Monsoon,0
2025-08-20 18:00:00,31.0,69,36.0,0.0,41,10.5,22.7,2025,8,20,18,232,Monsoon,0
2025-08-20 19:00:00,29.8,77,35.2,0.0,12,10.3,22.0,2025,8,20,19,232,Monsoon,0
2025-08-20 20:00:00,29.4,79,34.7,0.0,18,10.9,23.0,2025,8,20,20,232,Monsoon,0
2025-08-20 21:00:00,29.0,82,34.7,0.0,16,9.3,22.7,2025,8,20,21,232,Monsoon,0
2025-08-20 22:00:00,28.6,84,34.7,0.0,9,7.4,18.7,2025,8,20,22,232,Monsoon,0
2025-08-20 23:00:00,28.3,87,34.5,0.0,18,7.3,14.8,2025,8,20,23,232,Monsoon,0
2025-08-21 00:00:00,28.0,88,34.3,0.0,28,6.9,14.8,2025,8,21,0,233,Monsoon,0
2025-08-21 01:00:00,27.8,89,34.0,0.0,33,7.6,15.1,2025,8,21,1,233,Monsoon,0
2025-08-21 02:00:00,27.4,90,33.6,0.6,51,6.9,15.5,2025,8,21,2,233,Monsoon,1
2025-08-21 03:00:00,26.0,97,32.1,11.0,100,6.3,12.6,2025,8,21,3,233,Monsoon,1
2025-08-21 04:00:00,25.7,98,31.5,0.4,100,8.3,16.2,2025,8,21,4,233,Monsoon,1
2025-08-21 05:00:00,25.6,96,31.2,0.5,100,7.4,16.9,2025,8,21,5,233,Monsoon,1
2025-08-21 06:00:00,26.3,90,31.6,0.0,100,7.3,15.1,2025,8,21,6,233,Monsoon,0
2025-08-21 07:00:00,27.3,87,33.0,0.0,99,6.2,14.4,2025,8,21,7,233,Monsoon,0
2025-08-21 08:00:00,28.8,81,34.4,0.0,97,8.2,20.2,2025,8,21,8,233,Monsoon,0
2025-08-21 09:00:00,30.3,73,35.5,0.0,93,9.6,26.3,2025,8,21,9,233,Monsoon,0
2025-08-21 10:00:00,31.6,65,36.4,0.0,75,12.8,31.7,2025,8,21,10,233,Monsoon,0
2025-08-21 11:00:00,32.3,62,37.6,0.0,85,12.2,33.1,2025,8,21,11,233,Monsoon,0
2025-08-21 12:00:00,32.9,60,38.9,0.1,79,10.9,33.5,2025,8,21,12,233,Monsoon,1
2025-08-21 13:00:00,33.2,60,39.4,0.2,71,8.9,29.9,2025,8,21,13,233,Monsoon,1
2025-08-21 14:00:00,33.6,58,39.4,0.1,40,7.5,25.6,2025,8,21,14,233,Monsoon,1
2025-08-21 15:00:00,33.1,60,38.4,0.0,56,7.6,22.7,2025,8,21,15,233,Monsoon,0
2025-08-21 16:00:00,31.6,65,37.0,0.8,99,5.9,22.3,2025,8,21,16,233,Monsoon,1
2025-08-21 17:00:00,31.3,66,37.1,0.1,98,2.9,18.0,2025,8,21,17,233,Monsoon,1
2025-08-21 18:00:00,31.2,70,37.5,0.0,30,3.4,11.9,2025,8,21,18,233,Monsoon,0
2025-08-21 19:00:00,30.7,79,38.3,0.0,27,1.1,7.6,2025,8,21,19,233,Monsoon,0
2025-08-21 20:00:00,30.3,78,37.2,0.0,13,3.2,6.5,2025,8,21,20,233,Monsoon,0
2025-08-21 21:00:00,29.6,83,36.8,0.0,15,3.0,7.2,2025,8,21,21,233,Monsoon,0
2025-08-21 22:00:00,29.1,88,36.8,0.0,5,1.8,6.1,2025,8,21,22,233,Monsoon,0
2025-08-21 23:00:00,28.8,90,36.7,0.0,2,0.9,4.0,2025,8,21,23,233,Monsoon,0
2025-08-22 00:00:00,28.6,90,36.3,0.0,5,1.8,2.5,2025,8,22,0,234,Monsoon,0
2025-08-22 01:00:00,28.4,89,35.6,0.0,4,3.7,5.8,2025,8,22,1,234,Monsoon,0
2025-08-22 02:00:00,28.0,89,34.5,0.0,4,6.5,13.0,2025,8,22,2,234,Monsoon,0
2025-08-22 03:00:00,27.4,89,33.3,0.2,85,6.7,14.4,2025,8,22,3,234,Monsoon,1
2025-08-22 04:00:00,25.6,94,30.9,2.0,100,7.4,19.4,2025,8,22,4,234,Monsoon,1
2025-08-22 05:00:00,25.3,94,31.0,0.0,99,3.8,16.6,2025,8,22,5,234,Monsoon,0
2025-08-22 06:00:00,27.9,89,35.2,0.1,100,0.2,7.2,2025,8,22,6,234,Monsoon,1
2025-08-22 07:00:00,28.6,84,35.0,0.1,100,4.4,18.0,2025,8,22,7,234,Monsoon,1
2025-08-22 08:00:00,29.3,80,36.3,0.5,100,0.2,18.4,2025,8,22,8,234,Monsoon,1
2025-08-22 09:00:00,30.7,75,37.8,0.0,100,0.9,16.2,2025,8,22,9,234,Monsoon,0
2025-08-22 10:00:00,32.1,68,39.1,0.0,100,2.5,19.4,2025,8,22,10,234,Monsoon,0
2025-08-22 11:00:00,33.3,61,40.5,0.0,100,4.0,21.6,2025,8,22,11,234,Monsoon,0
2025-08-22 12:00:00,34.1,57,41.2,0.0,100,4.0,21.6,2025,8,22,12,234,Monsoon,0
2025-08-22 13:00:00,34.2,55,40.1,0.0,100,5.0,20.2,2025,8,22,13,234,Monsoon,0
2025-08-22 14:00:00,34.0,55,39.2,0.0,100,4.2,19.4,2025,8,22,14,234,Monsoon,0
2025-08-22 15:00:00,34.1,54,39.2,0.0,95,4.1,17.6,2025,8,22,15,234,Monsoon,0
2025-08-22 16:00:00,33.8,55,39.1,0.0,96,2.8,15.8,2025,8,22,16,234,Monsoon,0
2025-08-22 17:00:00,33.1,57,38.6,0.0,98,1.6,14.0,2025,8,22,17,234,Monsoon,0
2025-08-22 18:00:00,31.5,70,37.3,0.0,100,7.6,21.6,2025,8,22,18,234,Monsoon,0
2025-08-22 19:00:00,30.5,76,36.9,0.0,100,6.0,19.1,2025,8,22,19,234,Monsoon,0
2025-08-22 20:00:00,30.1,78,36.8,0.0,100,3.6,15.1,2025,8,22,20,234,Monsoon,0
2025-08-22 21:00:00,29.5,82,36.4,0.0,100,3.7,11.5,2025,8,22,21,234,Monsoon,0
2025-08-22 22:00:00,29.1,83,35.3,0.4,100,7.3,15.1,2025,8,22,22,234,Monsoon,1
2025-08-22 23:00:00,28.6,87,35.3,0.0,100,6.0,17.3,2025,8,22,23,234,Monsoon,0
2025-08-23 00:00:00,28.3,86,34.4,0.3,100,7.3,15.1,2025,8,23,0,235,Monsoon,1
2025-08-23 01:00:00,27.9,89,34.2,0.0,99,6.2,14.4,2025,8,23,1,235,Monsoon,0
2025-08-23 02:00:00,27.4,90,33.9,0.2,100,4.6,13.0,2025,8,23,2,235,Monsoon,1
2025-08-23 03:00:00,26.3,93,32.7,1.8,100,3.1,10.8,2025,8,23,3,235,Monsoon,1
2025-08-23 04:00:00,25.6,95,31.9,3.3,100,1.8,11.2,2025,8,23,4,235,Monsoon,1
2025-08-23 05:00:00,25.7,97,32.0,0.2,100,3.0,7.2,2025,8,23,5,235,Monsoon,1
2025-08-23 06:00:00,26.5,94,33.1,0.0,100,3.0,9.7,2025,8,23,6,235,Monsoon,0
2025-08-23 07:00:00,27.4,89,34.1,0.0,100,2.2,8.6,2025,8,23,7,235,Monsoon,0
2025-08-23 08:00:00,28.7,83,35.1,0.0,100,4.1,16.2,2025,8,23,8,235,Monsoon,0
2025-08-23 09:00:00,30.1,74,35.7,0.0,100,7.1,20.2,2025,8,23,9,235,Monsoon,0
2025-08-23 10:00:00,31.3,69,37.4,0.0,100,7.2,24.8,2025,8,23,10,235,Monsoon,0
2025-08-23 11:00:00,31.9,66,38.5,0.0,99,5.9,24.8,2025,8,23,11,235,Monsoon,0
2025-08-23 12:00:00,32.6,63,39.3,0.0,100,6.4,23.0,2025,8,23,12,235,Monsoon,0
2025-08-23 13:00:00,30.1,71,34.7,1.2,100,11.2,25.6,2025,8,23,13,235,Monsoon,1
2025-08-23 14:00:00,30.2,74,36.3,1.7,98,3.8,27.4,2025,8,23,14,235,Monsoon,1
2025-08-23 15:00:00,31.0,72,36.8,0.3,100,7.5,18.7,2025,8,23,15,235,Monsoon,1
2025-08-23 16:00:00,28.7,80,35.0,2.2,100,2.9,24.1,2025,8,23,16,235,Monsoon,1
2025-08-23 17:00:00,28.4,83,34.8,1.2,95,3.1,13.3,2025,8,23,17,235,Monsoon,1
2025-08-23 18:00:00,27.9,86,34.5,0.2,100,2.4,10.4,2025,8,23,18,235,Monsoon,1
2025-08-23 19:00:00,27.4,90,33.8,0.4,99,5.7,10.4,2025,8,23,19,235,Monsoon,1
2025-08-23 20:00:00,27.2,92,33.7,0.0,100,5.6,11.5,2025,8,23,20,235,Monsoon,0
2025-08-23 21:00:00,26.8,93,32.7,0.1,100,8.2,18.4,2025,8,23,21,235,Monsoon,1
2025-08-23 22:00:00,26.5,93,32.4,0.1,100,6.6,16.2,2025,8,23,22,235,Monsoon,1
2025-08-23 23:00:00,26.3,94,32.2,0.0,100,6.2,13.0,2025,8,23,23,235,Monsoon,0
2025-08-24 00:00:00,26.2,95,32.2,0.0,100,5.6,12.2,2025,8,24,0,236,Monsoon,0
2025-08-24 01:00:00,26.1,95,32.2,0.0,100,4.9,10.8,2025,8,24,1,236,Monsoon,0
2025-08-24 02:00:00,25.9,95,31.6,0.0,100,6.8,13.0,2025,8,24,2,236,Monsoon,0
2025-08-24 03:00:00,25.9,95,31.9,0.0,100,5.0,13.3,2025,8,24,3,236,Monsoon,0
2025-08-24 04:00:00,25.8,95,31.3,0.0,96,7.5,14.8,2025,8,24,4,236,Monsoon,0
2025-08-24 05:00:00,25.7,95,31.5,0.0,62,5.6,14.8,2025,8,24,5,236,Monsoon,0
2025-08-24 06:00:00,26.1,95,32.2,0.0,99,4.9,12.2,2025,8,24,6,236,Monsoon,0
2025-08-24 07:00:00,26.9,92,32.9,0.0,99,6.1,14.4,2025,8,24,7,236,Monsoon,0
2025-08-24 08:00:00,27.9,86,33.2,0.0,98,11.1,24.8,2025,8,24,8,236,Monsoon,0
2025-08-24 09:00:00,29.2,79,34.4,0.1,99,11.0,31.0,2025,8,24,9,236,Monsoon,1
2025-08-24 10:00:00,30.2,77,36.2,0.1,96,10.8,33.5,2025,8,24,10,236,Monsoon,1
2025-08-24 11:00:00,31.1,72,38.0,0.2,93,9.9,33.8,2025,8,24,11,236,Monsoon,1
2025-08-24 12:00:00,29.1,80,35.5,3.5,98,10.5,38.9,2025,8,24,12,236,Monsoon,1
2025-08-24 13:00:00,30.8,75,37.9,0.1,100,5.5,28.1,2025,8,24,13,236,Monsoon,1
2025-08-24 14:00:00,29.0,79,34.5,1.5,100,14.7,36.4,2025,8,24,14,236,Monsoon,1
2025-08-24 15:00:00,29.4,81,35.5,0.4,99,8.3,33.5,2025,8,24,15,236,Monsoon,1
2025-08-24 16:00:00,28.4,84,34.4,1.3,100,7.0,28.1,2025,8,24,16,236,Monsoon,1
2025-08-24 17:00:00,26.6,87,31.3,4.3,100,9.9,27.0,2025,8,24,17,236,Monsoon,1
2025-08-24 18:00:00,28.0,84,33.3,0.0,100,10.1,21.6,2025,8,24,18,236,Monsoon,0
2025-08-24 19:00:00,27.5,85,32.7,0.1,100,9.3,21.2,2025,8,24,19,236,Monsoon,1
2025-08-24 20:00:00,27.1,88,33.0,0.0,100,4.9,19.4,2025,8,24,20,236,Monsoon,0
2025-08-24 21:00:00,27.0,89,32.8,0.0,100,6.3,12.2,2025,8,24,21,236,Monsoon,0
2025-08-24 22:00:00,26.8,90,32.2,0.1,100,8.8,16.9,2025,8,24,22,236,Monsoon,1
2025-08-24 23:00:00,26.4,91,31.2,0.1,100,12.4,24.5,2025,8,24,23,236,Monsoon,1
2025-08-25 00:00:00,25.6,92,30.1,0.2,100,11.4,27.0,2025,8,25,0,237,Monsoon,1
2025-08-25 01:00:00,25.3,93,30.0,0.2,100,10.4,24.5,2025,8,25,1,237,Monsoon,1
2025-08-25 02:00:00,25.3,93,29.9,0.5,100,9.8,21.6,2025,8,25,2,237,Monsoon,1
2025-08-25 03:00:00,24.6,96,29.1,2.8,100,10.7,22.3,2025,8,25,3,237,Monsoon,1
2025-08-25 04:00:00,24.4,96,28.7,3.6,100,11.0,21.2,2025,8,25,4,237,Monsoon,1
2025-08-25 05:00:00,24.5,96,28.5,0.7,99,12.7,25.9,2025,8,25,5,237,Monsoon,1
2025-08-25 06:00:00,25.3,95,30.0,1.1,100,11.5,25.9,2025,8,25,6,237,Monsoon,1
2025-08-25 07:00:00,25.5,94,30.5,5.4,100,9.6,26.6,2025,8,25,7,237,Monsoon,1
2025-08-25 08:00:00,25.8,95,30.1,0.5,100,15.9,28.4,2025,8,25,8,237,Monsoon,1
2025-08-25 09:00:00,26.6,92,31.4,0.3,100,14.5,32.4,2025,8,25,9,237,Monsoon,1
2025-08-25 10:00:00,27.2,88,32.0,0.5,100,13.0,33.5,2025,8,25,10,237,Monsoon,1
2025-08-25 11:00:00,28.8,80,33.4,0.2,100,14.5,38.2,2025,8,25,11,237,Monsoon,1
2025-08-25 12:00:00,28.9,81,33.9,0.1,100,12.6,34.9,2025,8,25,12,237,Monsoon,1
2025-08-25 13:00:00,28.9,81,33.8,0.1,100,13.0,37.1,2025,8,25,13,237,Monsoon,1
2025-08-25 14:00:00,28.3,81,32.8,0.4,100,13.2,40.7,2025,8,25,14,237,Monsoon,1
2025-08-25 15:00:00,29.0,79,33.8,0.1,100,13.0,32.8,2025,8,25,15,237,Monsoon,1
2025-08-25 16:00:00,27.0,86,31.6,0.7,100,12.3,32.4,2025,8,25,16,237,Monsoon,1
2025-08-25 17:00:00,26.8,87,32.1,0.6,100,6.9,25.9,2025,8,25,17,237,Monsoon,1
2025-08-25 18:00:00,27.4,87,32.7,0.0,100,9.9,20.9,2025,8,25,18,237,Monsoon,0
2025-08-25 19:00:00,27.2,88,32.3,0.0,100,10.6,21.6,2025,8,25,19,237,Monsoon,0
2025-08-25 20:00:00,27.0,88,31.9,0.1,100,11.7,24.5,2025,8,25,20,237,Monsoon,1
2025-08-25 21:00:00,26.7,89,31.5,1.1,100,11.2,23.8,2025,8,25,21,237,Monsoon,1
2025-08-25 22:00:00,26.0,93,30.7,0.4,100,13.2,24.5,2025,8,25,22,237,Monsoon,1
2025-08-25 23:00:00,25.8,94,30.7,0.1,98,11.3,25.6,2025,8,25,23,237,Monsoon,1
2025-08-26 00:00:00,25.7,95,30.6,0.0,100,11.4,23.0,2025,8,26,0,238,Monsoon,0
2025-08-26 01:00:00,25.3,96,30.0,1.8,100,12.3,24.8,2025,8,26,1,238,Monsoon,1
2025-08-26 02:00:00,25.1,97,29.6,0.2,100,13.1,26.3,2025,8,26,2,238,Monsoon,1
2025-08-26 03:00:00,25.5,94,29.4,0.1,100,17.0,33.1,2025,8,26,3,238,Monsoon,1
2025-08-26 04:00:00,25.4,95,29.3,0.2,100,16.8,33.1,2025,8,26,4,238,Monsoon,1
2025-08-26 05:00:00,25.2,96,29.5,0.0,100,14.1,33.5,2025,8,26,5,238,Monsoon,0
2025-08-26 06:00:00,26.0,94,30.8,0.2,100,12.5,27.0,2025,8,26,6,238,Monsoon,1
2025-08-26 07:00:00,26.0,91,29.9,1.5,100,16.4,29.9,2025,8,26,7,238,Monsoon,1
2025-08-26 08:00:00,26.4,91,30.4,0.8,100,18.0,36.0,2025,8,26,8,238,Monsoon,1
2025-08-26 09:00:00,27.5,88,32.4,0.3,100,14.1,36.4,2025,8,26,9,238,Monsoon,1
2025-08-26 10:00:00,28.9,81,33.7,0.1,100,14.6,38.5,2025,8,26,10,238,Monsoon,1
2025-08-26 11:00:00,29.6,77,34.4,0.2,100,13.4,39.6,2025,8,26,11,238,Monsoon,1
2025-08-26 12:00:00,29.7,75,34.4,0.1,100,12.6,38.5,2025,8,26,12,238,Monsoon,1
2025-08-26 13:00:00,29.9,77,35.1,0.1,100,11.5,36.4,2025,8,26,13,238,Monsoon,1
2025-08-26 14:00:00,28.7,81,33.7,0.9,100,12.6,33.1,2025,8,26,14,238,Monsoon,1
2025-08-26 15:00:00,28.8,83,34.7,0.1,100,8.2,28.8,2025,8,26,15,238,Monsoon,1
2025-08-26 16:00:00,29.5,80,35.2,0.0,100,9.2,23.0,2025,8,26,16,238,Monsoon,0
2025-08-26 17:00:00,29.4,79,35.2,0.0,100,8.3,21.2,2025,8,26,17,238,Monsoon,0
2025-08-26 18:00:00,27.6,89,34.1,0.0,100,4.5,22.0,2025,8,26,18,238,Monsoon,0
2025-08-26 19:00:00,27.2,91,33.3,0.0,100,7.4,14.0,2025,8,26,19,238,Monsoon,0
2025-08-26 20:00:00,26.7,92,32.5,0.1,99,7.8,17.3,2025,8,26,20,238,Monsoon,1
2025-08-26 21:00:00,26.4,93,32.4,0.0,100,5.8,15.5,2025,8,26,21,238,Monsoon,0
2025-08-26 22:00:00,26.3,95,32.1,0.0,96,7.7,14.8,2025,8,26,22,238,Monsoon,0
2025-08-26 23:00:00,26.2,96,32.0,0.0,97,7.8,15.8,2025,8,26,23,238,Monsoon,0
2025-08-27 00:00:00,26.0,96,31.7,0.0,98,8.2,16.2,2025,8,27,0,239,Monsoon,0
2025-08-27 01:00:00,25.8,96,31.3,0.0,99,8.3,17.3,2025,8,27,1,239,Monsoon,0
2025-08-27 02:00:00,25.6,97,31.4,0.0,87,7.0,16.6,2025,8,27,2,239,Monsoon,0
2025-08-27 03:00:00,25.5,98,31.2,0.0,100,7.1,13.7,2025,8,27,3,239,Monsoon,0
2025-08-27 04:00:00,25.4,98,31.4,0.0,98,4.7,14.8,2025,8,27,4,239,Monsoon,0
2025-08-27 05:00:00,25.2,98,30.9,0.0,99,5.9,11.5,2025,8,27,5,239,Monsoon,0
2025-08-27 06:00:00,26.1,95,32.4,0.1,100,4.5,8.6,2025,8,27,6,239,Monsoon,1
2025-08-27 07:00:00,26.7,92,32.7,0.5,97,6.4,14.8,2025,8,27,7,239,Monsoon,1
2025-08-27 08:00:00,27.3,89,33.1,0.3,92,6.7,16.9,2025,8,27,8,239,Monsoon,1
2025-08-27 09:00:00,28.5,85,34.4,0.0,97,8.4,22.3,2025,8,27,9,239,Monsoon,0
2025-08-27 10:00:00,29.7,82,36.5,0.0,86,7.0,22.0,2025,8,27,10,239,Monsoon,0
2025-08-27 11:00:00,30.6,78,38.2,0.0,89,6.6,22.0,2025,8,27,11,239,Monsoon,0
2025-08-27 12:00:00,31.2,74,39.0,0.2,91,6.9,22.3,2025,8,27,12,239,Monsoon,1
2025-08-27 13:00:00,31.9,71,39.7,0.1,25,6.8,21.6,2025,8,27,13,239,Monsoon,1
2025-08-27 14:00:00,32.5,69,40.2,0.0,30,5.9,20.5,2025,8,27,14,239,Monsoon,0
2025-08-27 15:00:00,32.6,68,39.6,0.0,9,4.6,18.7,2025,8,27,15,239,Monsoon,0
2025-08-27 16:00:00,32.3,67,38.6,0.0,10,4.5,15.1,2025,8,27,16,239,Monsoon,0
2025-08-27 17:00:00,31.8,70,38.3,0.0,6,4.0,12.6,2025,8,27,17,239,Monsoon,0
2025-08-27 18:00:00,29.1,84,36.3,0.0,35,2.0,9.7,2025,8,27,18,239,Monsoon,0
2025-08-27 19:00:00,28.5,90,36.1,0.0,16,1.8,4.7,2025,8,27,19,239,Monsoon,0
2025-08-27 20:00:00,28.3,91,35.9,0.0,7,1.8,3.2,2025,8,27,20,239,Monsoon,0
2025-08-27 21:00:00,28.0,92,35.4,0.0,52,2.7,4.7,2025,8,27,21,239,Monsoon,0
2025-08-27 22:00:00,27.9,92,34.8,0.0,61,5.2,7.9,2025,8,27,22,239,Monsoon,0
2025-08-27 23:00:00,26.8,93,32.7,0.2,80,7.8,19.1,2025,8,27,23,239,Monsoon,1
2025-08-28 00:00:00,26.7,93,33.0,0.2,80,4.7,15.5,2025,8,28,0,240,Monsoon,1
2025-08-28 01:00:00,26.5,95,32.6,0.0,94,6.9,14.0,2025,8,28,1,240,Monsoon,0
2025-08-28 02:00:00,25.9,94,31.5,1.9,100,7.3,14.4,2025,8,28,2,240,Monsoon,1
2025-08-28 03:00:00,25.8,96,32.0,0.2,99,4.3,13.3,2025,8,28,3,240,Monsoon,1
2025-08-28 04:00:00,25.5,98,32.1,0.1,100,1.3,7.6,2025,8,28,4,240,Monsoon,1
2025-08-28 05:00:00,25.3,97,31.2,1.3,100,5.0,9.4,2025,8,28,5,240,Monsoon,1
2025-08-28 06:00:00,26.7,97,33.3,0.0,100,5.9,10.8,2025,8,28,6,240,Monsoon,0
2025-08-28 07:00:00,27.3,93,34.3,0.2,100,3.3,10.8,2025,8,28,7,240,Monsoon,1
2025-08-28 08:00:00,28.2,89,35.0,0.0,100,5.2,13.7,2025,8,28,8,240,Monsoon,0
2025-08-28 09:00:00,29.6,82,36.1,0.0,100,7.0,18.7,2025,8,28,9,240,Monsoon,0
2025-08-28 10:00:00,30.8,77,37.9,0.1,100,6.2,19.8,2025,8,28,10,240,Monsoon,1
2025-08-28 11:00:00,31.3,76,39.0,0.0,99,6.3,20.2,2025,8,28,11,240,Monsoon,0
2025-08-28 12:00:00,32.0,73,40.3,0.0,100,5.8,20.9,2025,8,28,12,240,Monsoon,0
2025-08-28 13:00:00,32.2,73,40.2,0.1,100,5.6,19.4,2025,8,28,13,240,Monsoon,1
2025-08-28 14:00:00,32.2,73,39.8,0.1,100,4.9,18.7,2025,8,28,14,240,Monsoon,1
2025-08-28 15:00:00,32.4,73,40.1,0.0,100,3.2,16.6,2025,8,28,15,240,Monsoon,0
2025-08-28 16:00:00,30.5,76,37.2,0.2,100,4.3,14.4,2025,8,28,16,240,Monsoon,1
2025-08-28 17:00:00,29.7,77,36.0,1.4,100,3.6,14.0,2025,8,28,17,240,Monsoon,1
2025-08-28 18:00:00,29.5,82,35.9,0.1,100,8.0,23.8,2025,8,28,18,240,Monsoon,1
2025-08-28 19:00:00,29.0,85,35.7,0.0,100,6.6,16.9,2025,8,28,19,240,Monsoon,0
2025-08-28 20:00:00,28.6,87,35.3,0.0,100,5.8,14.4,2025,8,28,20,240,Monsoon,0
2025-08-28 21:00:00,28.2,90,35.3,0.0,100,3.6,11.9,2025,8,28,21,240,Monsoon,0
2025-08-28 22:00:00,27.5,92,34.4,2.3,100,3.4,9.4,2025,8,28,22,240,Monsoon,1
2025-08-28 23:00:00,25.9,97,31.4,7.3,100,9.7,20.5,2025,8,28,23,240,Monsoon,1
2025-08-29 00:00:00,25.9,97,32.0,0.2,100,6.1,18.4,2025,8,29,0,241,Monsoon,1
2025-08-29 01:00:00,26.0,97,31.6,0.1,100,9.1,16.9,2025,8,29,1,241,Monsoon,1
2025-08-29 02:00:00,25.8,96,31.2,0.9,100,9.5,17.3,2025,8,29,2,241,Monsoon,1
2025-08-29 03:00:00,25.4,95,31.5,3.0,100,1.3,19.8,2025,8,29,3,241,Monsoon,1
2025-08-29 04:00:00,25.0,95,31.0,6.8,100,1.8,9.0,2025,8,29,4,241,Monsoon,1
2025-08-29 05:00:00,25.2,96,30.6,0.1,100,6.8,11.5,2025,8,29,5,241,Monsoon,1
2025-08-29 06:00:00,27.4,95,34.0,0.0,100,8.0,15.8,2025,8,29,6,241,Monsoon,0
2025-08-29 07:00:00,26.9,95,32.5,0.6,100,12.2,24.5,2025,8,29,7,241,Monsoon,1
2025-08-29 08:00:00,27.6,92,33.5,0.0,100,10.5,25.9,2025,8,29,8,241,Monsoon,0
2025-08-29 09:00:00,28.4,87,34.3,0.0,100,10.3,25.2,2025,8,29,9,241,Monsoon,0
2025-08-29 10:00:00,29.1,86,35.6,0.1,100,8.5,24.1,2025,8,29,10,241,Monsoon,1
2025-08-29 11:00:00,30.0,83,36.6,0.1,100,9.0,23.4,2025,8,29,11,241,Monsoon,1
2025-08-29 12:00:00,31.1,76,38.0,0.1,100,9.6,26.6,2025,8,29,12,241,Monsoon,1
2025-08-29 13:00:00,31.3,75,38.0,0.1,100,7.3,26.6,2025,8,29,13,241,Monsoon,1
2025-08-29 14:00:00,31.0,72,36.4,0.2,100,10.8,25.6,2025,8,29,14,241,Monsoon,1
2025-08-29 15:00:00,29.6,78,35.3,0.3,100,8.1,28.8,2025,8,29,15,241,Monsoon,1
2025-08-29 16:00:00,29.4,80,35.2,0.0,100,8.8,22.7,2025,8,29,16,241,Monsoon,0
2025-08-29 17:00:00,29.2,81,35.0,0.0,100,8.8,20.5,2025,8,29,17,241,Monsoon,0
2025-08-29 18:00:00,28.4,84,34.3,0.0,100,7.7,19.8,2025,8,29,18,241,Monsoon,0
2025-08-29 19:00:00,27.9,87,33.9,0.0,100,6.9,16.2,2025,8,29,19,241,Monsoon,0
2025-08-29 20:00:00,27.6,89,33.6,0.0,100,7.2,14.4,2025,8,29,20,241,Monsoon,0
2025-08-29 21:00:00,27.2,90,33.0,0.0,100,8.1,16.9,2025,8,29,21,241,Monsoon,0
2025-08-29 22:00:00,26.9,90,32.5,0.0,100,8.6,17.3,2025,8,29,22,241,Monsoon,0
2025-08-29 23:00:00,26.7,92,32.4,0.0,100,8.0,17.3,2025,8,29,23,241,Monsoon,0
2025-08-30 00:00:00,26.5,93,32.1,0.0,100,8.8,17.6,2025,8,30,0,242,Monsoon,0
2025-08-30 01:00:00,26.4,93,31.9,0.0,98,9.4,19.1,2025,8,30,1,242,Monsoon,0
2025-08-30 02:00:00,26.3,93,31.8,0.0,67,8.7,18.7,2025,8,30,2,242,Monsoon,0
2025-08-30 03:00:00,26.2,93,31.6,0.0,3,9.3,18.7,2025,8,30,3,242,Monsoon,0
2025-08-30 04:00:00,26.1,94,31.5,0.0,9,8.6,19.1,2025,8,30,4,242,Monsoon,0
2025-08-30 05:00:00,26.0,94,31.4,0.0,36,9.0,18.4,2025,8,30,5,242,Monsoon,0
2025-08-30 06:00:00,26.3,98,32.0,0.2,100,10.8,20.2,2025,8,30,6,242,Monsoon,1
2025-08-30 07:00:00,26.4,93,31.5,1.8,100,11.3,20.9,2025,8,30,7,242,Monsoon,1
2025-08-30 08:00:00,26.7,91,31.7,1.1,100,12.3,25.9,2025,8,30,8,242,Monsoon,1
2025-08-30 09:00:00,28.0,87,33.3,0.0,100,11.5,29.2,2025,8,30,9,242,Monsoon,0
2025-08-30 10:00:00,29.1,81,34.6,0.1,100,10.5,28.1,2025,8,30,10,242,Monsoon,1
2025-08-30 11:00:00,30.1,76,35.9,0.1,100,7.9,28.4,2025,8,30,11,242,Monsoon,1
2025-08-30 12:00:00,30.8,72,37.1,0.1,100,7.1,20.9,2025,8,30,12,242,Monsoon,1
2025-08-30 13:00:00,31.5,68,38.0,0.0,100,6.5,19.4,2025,8,30,13,242,Monsoon,0
2025-08-30 14:00:00,31.6,67,37.4,0.0,100,6.7,18.7,2025,8,30,14,242,Monsoon,0
2025-08-30 15:00:00,31.8,66,37.3,0.0,100,6.3,18.4,2025,8,30,15,242,Monsoon,0
2025-08-30 16:00:00,31.4,68,37.0,0.0,100,6.3,16.9,2025,8,30,16,242,Monsoon,0
2025-08-30 17:00:00,30.6,73,36.4,0.4,100,6.3,15.5,2025,8,30,17,242,Monsoon,1
2025-08-30 18:00:00,29.5,80,35.9,0.0,31,5.1,15.5,2025,8,30,18,242,Monsoon,0
2025-08-30 19:00:00,28.8,84,35.5,0.0,95,4.1,10.1,2025,8,30,19,242,Monsoon,0
2025-08-30 20:00:00,28.4,86,35.1,0.0,100,4.3,7.9,2025,8,30,20,242,Monsoon,0
2025-08-30 21:00:00,28.1,87,34.4,0.0,100,6.5,12.2,2025,8,30,21,242,Monsoon,0
2025-08-30 22:00:00,27.8,89,34.0,0.0,100,6.6,13.0,2025,8,30,22,242,Monsoon,0
2025-08-30 23:00:00,27.5,89,33.7,0.0,100,6.7,13.0,2025,8,30,23,242,Monsoon,0
2025-08-31 00:00:00,27.2,90,33.3,0.0,88,6.5,14.0,2025,8,31,0,243,Monsoon,0
2025-08-31 01:00:00,26.9,92,33.0,0.0,93,6.7,12.6,2025,8,31,1,243,Monsoon,0
2025-08-31 02:00:00,26.7,93,32.3,0.0,21,9.6,18.4,2025,8,31,2,243,Monsoon,0
2025-08-31 03:00:00,26.0,95,31.4,0.0,80,8.8,22.7,2025,8,31,3,243,Monsoon,0
2025-08-31 04:00:00,25.2,96,30.2,0.0,99,9.7,19.1,2025,8,31,4,243,Monsoon,0
2025-08-31 05:00:00,24.5,96,28.1,0.2,100,15.8,34.2,2025,8,31,5,243,Monsoon,1
2025-08-31 06:00:00,25.7,96,30.9,0.1,100,9.7,24.8,2025,8,31,6,243,Monsoon,1
2025-08-31 07:00:00,25.8,94,31.1,0.1,100,9.1,18.7,2025,8,31,7,243,Monsoon,1
2025-08-31 08:00:00,25.4,96,30.4,2.1,100,9.9,22.0,2025,8,31,8,243,Monsoon,1
2025-08-31 09:00:00,27.0,88,32.0,0.7,100,10.5,24.8,2025,8,31,9,243,Monsoon,1
2025-08-31 10:00:00,28.5,85,34.1,0.1,100,9.9,26.6,2025,8,31,10,243,Monsoon,1
2025-08-31 11:00:00,29.2,81,34.9,0.1,100,9.4,27.4,2025,8,31,11,243,Monsoon,1
2025-08-31 12:00:00,28.2,85,34.0,1.8,100,7.8,27.7,2025,8,31,12,243,Monsoon,1
2025-08-31 13:00:00,29.3,82,36.1,0.3,100,4.2,22.0,2025,8,31,13,243,Monsoon,1
2025-08-31 14:00:00,30.0,79,36.5,0.2,100,6.0,21.6,2025,8,31,14,243,Monsoon,1
2025-08-31 15:00:00,28.4,82,33.4,3.7,100,11.4,25.9,2025,8,31,15,243,Monsoon,1
2025-08-31 16:00:00,26.8,87,31.7,2.4,100,9.2,27.4,2025,8,31,16,243,Monsoon,1
2025-08-31 17:00:00,26.5,90,32.2,0.1,100,6.0,21.6,2025,8,31,17,243,Monsoon,1
2025-08-31 18:00:00,25.9,91,31.6,0.0,100,4.5,16.9,2025,8,31,18,243,Monsoon,0
2025-08-31 19:00:00,25.8,93,31.4,0.0,100,5.4,10.4,2025,8,31,19,243,Monsoon,0
2025-08-31 20:00:00,25.8,94,31.4,0.1,100,6.2,12.2,2025,8,31,20,243,Monsoon,1
2025-08-31 21:00:00,25.8,95,31.3,0.3,100,7.3,14.0,2025,8,31,21,243,Monsoon,1
2025-08-31 22:00:00,25.7,96,31.1,0.3,100,8.5,15.8,2025,8,31,22,243,Monsoon,1
2025-08-31 23:00:00,25.5,98,30.7,0.5,100,10.7,20.5,2025,8,31,23,243,Monsoon,1
2025-09-01 00:00:00,25.4,94,30.0,1.7,100,12.2,22.3,2025,9,1,0,244,Monsoon,1
2025-09-01 01:00:00,24.7,95,29.4,0.9,100,8.8,23.0,2025,9,1,1,244,Monsoon,1
2025-09-01 02:00:00,24.3,97,29.0,1.0,100,8.4,15.8,2025,9,1,2,244,Monsoon,1
2025-09-01 03:00:00,24.0,99,28.7,5.8,100,8.9,17.3,2025,9,1,3,244,Monsoon,1
2025-09-01 04:00:00,24.1,98,28.7,2.6,100,8.9,17.6,2025,9,1,4,244,Monsoon,1
2025-09-01 05:00:00,24.1,98,28.7,1.9,100,9.4,16.9,2025,9,1,5,244,Monsoon,1
2025-09-01 06:00:00,24.6,96,29.7,1.5,100,6.8,13.3,2025,9,1,6,244,Monsoon,1
2025-09-01 07:00:00,24.6,96,29.2,1.3,100,9.2,18.7,2025,9,1,7,244,Monsoon,1
2025-09-01 08:00:00,24.6,95,29.6,2.0,100,6.7,18.4,2025,9,1,8,244,Monsoon,1
2025-09-01 09:00:00,25.1,94,30.1,1.4,100,7.9,18.7,2025,9,1,9,244,Monsoon,1
2025-09-01 10:00:00,26.3,88,31.0,0.3,100,10.2,23.8,2025,9,1,10,244,Monsoon,1
2025-09-01 11:00:00,27.7,84,33.1,0.1,68,7.6,24.8,2025,9,1,11,244,Monsoon,1
2025-09-01 12:00:00,29.2,77,35.0,0.3,100,7.5,24.1,2025,9,1,12,244,Monsoon,1
2025-09-01 13:00:00,28.1,80,32.7,2.5,100,11.0,25.6,2025,9,1,13,244,Monsoon,1
2025-09-01 14:00:00,28.1,83,33.0,0.6,100,11.5,26.6,2025,9,1,14,244,Monsoon,1
2025-09-01 15:00:00,27.7,84,31.9,0.1,99,15.7,36.7,2025,9,1,15,244,Monsoon,1
2025-09-01 16:00:00,26.1,89,30.3,0.4,100,13.2,35.3,2025,9,1,16,244,Monsoon,1
2025-09-01 17:00:00,25.8,91,30.3,0.4,100,10.8,28.8,2025,9,1,17,244,Monsoon,1
2025-09-01 18:00:00,24.9,94,28.4,0.9,100,17.5,37.4,2025,9,1,18,244,Monsoon,1
2025-09-01 19:00:00,24.5,96,28.2,0.7,100,14.8,34.2,2025,9,1,19,244,Monsoon,1
2025-09-01 20:00:00,24.4,96,28.1,1.2,100,14.6,29.5,2025,9,1,20,244,Monsoon,1
2025-09-01 21:00:00,24.3,97,28.0,0.7,100,15.3,29.9,2025,9,1,21,244,Monsoon,1
2025-09-01 22:00:00,24.2,98,28.3,1.9,100,12.5,29.9,2025,9,1,22,244,Monsoon,1
2025-09-01 23:00:00,24.4,97,28.4,1.3,100,14.0,26.6,2025,9,1,23,244,Monsoon,1
2025-09-02 00:00:00,24.2,99,28.3,2.8,100,13.2,26.3,2025,9,2,0,245,Monsoon,1
2025-09-02 01:00:00,24.2,98,28.5,0.5,100,11.3,24.8,2025,9,2,1,245,Monsoon,1
2025-09-02 02:00:00,23.8,98,27.5,3.5,100,14.2,27.7,2025,9,2,2,245,Monsoon,1
2025-09-02 03:00:00,24.0,98,27.7,1.9,100,13.9,27.7,2025,9,2,3,245,Monsoon,1
2025-09-02 04:00:00,23.8,97,27.7,1.1,100,12.1,27.4,2025,9,2,4,245,Monsoon,1
2025-09-02 05:00:00,23.9,98,27.9,0.3,100,12.8,25.6,2025,9,2,5,245,Monsoon,1
2025-09-02 06:00:00,24.2,96,27.9,0.9,100,14.5,29.5,2025,9,2,6,245,Monsoon,1
2025-09-02 07:00:00,24.0,98,27.9,1.2,100,13.7,28.1,2025,9,2,7,245,Monsoon,1
2025-09-02 08:00:00,24.4,94,28.3,0.8,100,12.4,28.4,2025,9,2,8,245,Monsoon,1
2025-09-02 09:00:00,24.9,90,28.2,0.1,100,15.6,33.8,2025,9,2,9,245,Monsoon,1
2025-09-02 10:00:00,26.1,86,29.8,0.0,100,14.5,43.2,2025,9,2,10,245,Monsoon,0
2025-09-02 11:00:00,26.9,83,30.9,0.1,100,13.1,33.8,2025,9,2,11,245,Monsoon,1
2025-09-02 12:00:00,26.6,84,30.9,0.9,100,10.8,35.6,2025,9,2,12,245,Monsoon,1
2025-09-02 13:00:00,27.0,81,30.7,0.8,100,13.8,35.6,2025,9,2,13,245,Monsoon,1
2025-09-02 14:00:00,26.4,86,30.8,1.3,97,10.7,33.5,2025,9,2,14,245,Monsoon,1
2025-09-02 15:00:00,26.4,86,30.8,1.7,97,11.4,26.6,2025,9,2,15,245,Monsoon,1
2025-09-02 16:00:00,26.1,88,30.1,0.6,96,13.6,29.9,2025,9,2,16,245,Monsoon,1
2025-09-02 17:00:00,25.9,90,30.2,0.4,92,12.9,29.2,2025,9,2,17,245,Monsoon,1
2025-09-02 18:00:00,24.6,98,28.8,2.4,100,13.5,25.9,2025,9,2,18,245,Monsoon,1
2025-09-02 19:00:00,24.6,96,28.6,0.4,100,14.2,28.1,2025,9,2,19,245,Monsoon,1
2025-09-02 20:00:00,24.8,95,28.8,0.0,100,13.6,27.7,2025,9,2,20,245,Monsoon,0
2025-09-02 21:00:00,24.9,95,29.2,0.0,100,11.9,26.6,2025,9,2,21,245,Monsoon,0
2025-09-02 22:00:00,24.9,96,29.6,0.0,99,10.7,23.4,2025,9,2,22,245,Monsoon,0
2025-09-02 23:00:00,24.9,96,29.7,0.0,100,10.2,21.2,2025,9,2,23,245,Monsoon,0
2025-09-03 00:00:00,24.8,96,29.4,0.0,100,10.4,20.9,2025,9,3,0,246,Monsoon,0
2025-09-03 01:00:00,24.5,96,29.2,0.0,86,9.4,20.5,2025,9,3,1,246,Monsoon,0
2025-09-03 02:00:00,24.3,97,29.1,0.0,44,8.1,18.7,2025,9,3,2,246,Monsoon,0
2025-09-03 03:00:00,24.2,97,28.8,0.0,35,9.3,18.0,2025,9,3,3,246,Monsoon,0
2025-09-03 04:00:00,24.1,98,28.6,0.0,65,9.6,20.9,2025,9,3,4,246,Monsoon,0
2025-09-03 05:00:00,24.1,98,29.1,0.0,98,6.0,18.7,2025,9,3,5,246,Monsoon,0
2025-09-03 06:00:00,24.1,96,28.8,8.3,100,6.6,19.4,2025,9,3,6,246,Monsoon,1
2025-09-03 07:00:00,24.8,95,30.0,1.9,99,5.5,13.0,2025,9,3,7,246,Monsoon,1
2025-09-03 08:00:00,25.4,93,31.2,0.3,98,2.5,13.7,2025,9,3,8,246,Monsoon,1
2025-09-03 09:00:00,26.6,88,32.4,0.1,97,4.5,12.6,2025,9,3,9,246,Monsoon,1
2025-09-03 10:00:00,27.8,86,34.5,0.1,100,1.0,15.5,2025,9,3,10,246,Monsoon,1
2025-09-03 11:00:00,29.2,81,36.3,0.1,100,5.4,20.2,2025,9,3,11,246,Monsoon,1
2025-09-03 12:00:00,29.4,76,34.9,0.7,100,9.1,25.2,2025,9,3,12,246,Monsoon,1
2025-09-03 13:00:00,27.9,82,32.8,0.4,100,10.4,26.3,2025,9,3,13,246,Monsoon,1
2025-09-03 14:00:00,28.4,79,33.3,0.2,99,9.8,26.6,2025,9,3,14,246,Monsoon,1
2025-09-03 15:00:00,28.8,78,33.9,0.5,100,9.2,24.5,2025,9,3,15,246,Monsoon,1
2025-09-03 16:00:00,28.4,80,33.5,0.1,100,9.7,23.8,2025,9,3,16,246,Monsoon,1
2025-09-03 17:00:00,28.0,83,33.2,0.0,100,9.2,21.6,2025,9,3,17,246,Monsoon,0
2025-09-03 18:00:00,26.2,86,30.7,0.0,100,9.5,20.2,2025,9,3,18,246,Monsoon,0
2025-09-03 19:00:00,25.9,85,30.3,0.0,100,8.4,20.2,2025,9,3,19,246,Monsoon,0
2025-09-03 20:00:00,25.8,87,30.5,0.1,100,6.7,16.9,2025,9,3,20,246,Monsoon,1
2025-09-03 21:00:00,25.6,90,30.5,0.4,100,6.7,13.0,2025,9,3,21,246,Monsoon,1
2025-09-03 22:00:00,25.4,91,30.4,1.1,100,6.8,12.2,2025,9,3,22,246,Monsoon,1
2025-09-03 23:00:00,25.1,95,30.7,0.4,100,4.8,11.5,2025,9,3,23,246,Monsoon,1
2025-09-04 00:00:00,25.1,96,30.6,0.4,100,5.3,9.0,2025,9,4,0,247,Monsoon,1
2025-09-04 01:00:00,25.0,96,30.4,0.6,100,6.3,11.2,2025,9,4,1,247,Monsoon,1
2025-09-04 02:00:00,24.8,97,30.0,0.5,98,7.3,13.0,2025,9,4,2,247,Monsoon,1
2025-09-04 03:00:00,24.7,97,29.6,0.3,100,8.6,15.8,2025,9,4,3,247,Monsoon,1
2025-09-04 04:00:00,24.8,97,29.6,0.1,100,9.3,16.9,2025,9,4,4,247,Monsoon,1
2025-09-04 05:00:00,24.5,97,29.3,1.7,76,8.2,18.4,2025,9,4,5,247,Monsoon,1
2025-09-04 06:00:00,24.2,96,28.3,12.0,100,12.0,28.8,2025,9,4,6,247,Monsoon,1
2025-09-04 07:00:00,24.2,96,29.4,1.8,100,4.3,26.6,2025,9,4,7,247,Monsoon,1
2025-09-04 08:00:00,25.2,94,30.8,0.0,100,3.7,12.6,2025,9,4,8,247,Monsoon,0
2025-09-04 09:00:00,26.8,89,32.9,0.0,100,4.2,13.0,2025,9,4,9,247,Monsoon,0
2025-09-04 10:00:00,28.6,84,35.1,0.0,100,3.4,13.3,2025,9,4,10,247,Monsoon,0
2025-09-04 11:00:00,30.0,77,36.7,0.0,100,4.0,18.4,2025,9,4,11,247,Monsoon,0
2025-09-04 12:00:00,31.0,72,38.7,0.0,95,3.7,21.2,2025,9,4,12,247,Monsoon,0
2025-09-04 13:00:00,31.4,69,38.9,0.0,68,3.2,21.2,2025,9,4,13,247,Monsoon,0
2025-09-04 14:00:00,31.4,67,37.5,0.0,100,8.2,25.9,2025,9,4,14,247,Monsoon,0
2025-09-04 15:00:00,30.0,76,35.7,0.3,100,7.9,27.0,2025,9,4,15,247,Monsoon,1
2025-09-04 16:00:00,29.1,81,35.4,0.0,100,5.6,22.0,2025,9,4,16,247,Monsoon,0
2025-09-04 17:00:00,28.9,82,35.1,0.0,100,5.6,13.7,2025,9,4,17,247,Monsoon,0
2025-09-04 18:00:00,27.8,86,34.0,0.0,46,4.8,16.2,2025,9,4,18,247,Monsoon,0
2025-09-04 19:00:00,27.4,88,33.5,0.0,38,4.9,9.4,2025,9,4,19,247,Monsoon,0
2025-09-04 20:00:00,27.0,89,33.0,0.0,57,5.4,10.1,2025,9,4,20,247,Monsoon,0
2025-09-04 21:00:00,26.7,89,32.5,0.0,86,5.7,10.8,2025,9,4,21,247,Monsoon,0
2025-09-04 22:00:00,26.4,91,32.3,0.0,91,4.3,10.8,2025,9,4,22,247,Monsoon,0
2025-09-04 23:00:00,26.2,91,32.0,0.0,90,4.0,8.3,2025,9,4,23,247,Monsoon,0
2025-09-05 00:00:00,26.0,91,31.8,0.0,100,4.1,7.2,2025,9,5,0,248,Monsoon,0
2025-09-05 01:00:00,25.9,92,31.5,0.0,19,5.7,11.2,2025,9,5,1,248,Monsoon,0
2025-09-05 02:00:00,25.7,93,31.4,0.0,28,5.0,10.8,2025,9,5,2,248,Monsoon,0
2025-09-05 03:00:00,25.5,92,30.7,0.4,53,7.1,16.9,2025,9,5,3,248,Monsoon,1
2025-09-05 04:00:00,25.4,93,30.7,0.3,22,5.5,19.4,2025,9,5,4,248,Monsoon,1
2025-09-05 05:00:00,25.2,94,30.6,0.0,12,5.5,10.1,2025,9,5,5,248,Monsoon,0
2025-09-05 06:00:00,26.7,86,31.3,0.0,100,10.7,24.1,2025,9,5,6,248,Monsoon,0
2025-09-05 07:00:00,27.1,84,31.5,0.0,100,11.9,24.8,2025,9,5,7,248,Monsoon,0
2025-09-05 08:00:00,28.0,80,32.4,0.0,100,12.6,26.3,2025,9,5,8,248,Monsoon,0
2025-09-05 09:00:00,29.0,74,32.5,0.0,100,16.8,38.2,2025,9,5,9,248,Monsoon,0
2025-09-05 10:00:00,29.8,75,34.6,0.0,100,13.4,46.4,2025,9,5,10,248,Monsoon,0
2025-09-05 11:00:00,30.5,73,36.1,0.0,100,13.1,44.6,2025,9,5,11,248,Monsoon,0
2025-09-05 12:00:00,31.0,72,37.0,0.1,100,14.0,44.6,2025,9,5,12,248,Monsoon,1
2025-09-05 13:00:00,29.9,75,35.2,1.6,87,17.0,44.6,2025,9,5,13,248,Monsoon,1
2025-09-05 14:00:00,30.5,76,36.4,1.5,49,10.6,41.0,2025,9,5,14,248,Monsoon,1
2025-09-05 15:00:00,29.6,71,33.6,0.1,91,13.5,34.6,2025,9,5,15,248,Monsoon,1
2025-09-05 16:00:00,28.7,79,33.3,0.4,100,12.5,31.0,2025,9,5,16,248,Monsoon,1
2025-09-05 17:00:00,27.0,87,32.1,0.4,99,9.7,29.9,2025,9,5,17,248,Monsoon,1
2025-09-05 18:00:00,27.1,89,32.6,0.0,100,8.8,18.4,2025,9,5,18,248,Monsoon,0
2025-09-05 19:00:00,26.9,91,33.1,0.0,99,5.3,18.0,2025,9,5,19,248,Monsoon,0
2025-09-05 20:00:00,26.8,92,32.6,0.0,99,7.6,14.4,2025,9,5,20,248,Monsoon,0
2025-09-05 21:00:00,26.7,91,32.2,0.0,100,9.0,18.4,2025,9,5,21,248,Monsoon,0
2025-09-05 22:00:00,26.6,91,32.0,0.0,99,9.1,18.4,2025,9,5,22,248,Monsoon,0
2025-09-05 23:00:00,26.4,93,31.8,0.0,100,9.2,18.4,2025,9,5,23,248,Monsoon,0
2025-09-06 00:00:00,25.4,96,30.3,4.7,100,10.5,20.9,2025,9,6,0,249,Monsoon,1
2025-09-06 01:00:00,24.8,96,29.1,3.8,100,12.5,23.4,2025,9,6,1,249,Monsoon,1
2025-09-06 02:00:00,24.5,95,28.3,0.1,100,14.1,28.1,2025,9,6,2,249,Monsoon,1
2025-09-06 03:00:00,24.6,96,28.9,0.1,100,11.5,27.0,2025,9,6,3,249,Monsoon,1
2025-09-06 04:00:00,24.7,96,29.3,0.1,100,9.8,22.7,2025,9,6,4,249,Monsoon,1
2025-09-06 05:00:00,24.6,96,29.7,0.0,100,7.2,18.7,2025,9,6,5,249,Monsoon,0
2025-09-06 06:00:00,26.0,92,31.3,0.0,100,7.7,16.2,2025,9,6,6,249,Monsoon,0
2025-09-06 07:00:00,26.6,91,32.2,0.0,100,7.7,16.9,2025,9,6,7,249,Monsoon,0
2025-09-06 08:00:00,27.8,86,33.3,0.0,94,10.1,23.0,2025,9,6,8,249,Monsoon,0
2025-09-06 09:00:00,29.2,78,34.1,0.0,97,12.6,29.5,2025,9,6,9,249,Monsoon,0
2025-09-06 10:00:00,30.3,72,35.2,0.2,100,13.5,31.7,2025,9,6,10,249,Monsoon,1
2025-09-06 11:00:00,30.8,71,36.5,0.1,100,11.8,37.8,2025,9,6,11,249,Monsoon,1
2025-09-06 12:00:00,31.2,72,37.7,0.1,99,11.9,38.2,2025,9,6,12,249,Monsoon,1
2025-09-06 13:00:00,31.2,72,37.6,0.1,98,11.9,38.5,2025,9,6,13,249,Monsoon,1
2025-09-06 14:00:00,31.2,73,37.4,0.2,98,11.1,35.6,2025,9,6,14,249,Monsoon,1
2025-09-06 15:00:00,29.5,80,35.3,2.4,99,8.9,36.0,2025,9,6,15,249,Monsoon,1
2025-09-06 16:00:00,29.3,80,34.8,1.2,98,10.0,24.5,2025,9,6,16,249,Monsoon,1
2025-09-06 17:00:00,28.6,83,34.3,0.2,98,8.8,20.9,2025,9,6,17,249,Monsoon,1
2025-09-06 18:00:00,28.8,83,35.0,0.0,70,7.1,16.6,2025,9,6,18,249,Monsoon,0
2025-09-06 19:00:00,28.3,85,34.2,0.0,93,7.8,15.5,2025,9,6,19,249,Monsoon,0
2025-09-06 20:00:00,27.7,88,33.1,0.0,99,10.7,22.0,2025,9,6,20,249,Monsoon,0
2025-09-06 21:00:00,26.8,88,32.1,0.0,99,8.5,22.3,2025,9,6,21,249,Monsoon,0
2025-09-06 22:00:00,26.4,89,31.4,0.0,98,9.1,18.4,2025,9,6,22,249,Monsoon,0
2025-09-06 23:00:00,26.2,90,31.2,0.0,100,9.0,18.4,2025,9,6,23,249,Monsoon,0
2025-09-07 00:00:00,26.1,90,30.8,0.0,100,11.0,20.9,2025,9,7,0,250,Monsoon,0
2025-09-07 01:00:00,25.2,93,29.7,1.2,100,10.7,27.7,2025,9,7,1,250,Monsoon,1
2025-09-07 02:00:00,25.3,95,30.3,0.0,99,8.8,20.9,2025,9,7,2,250,Monsoon,0
2025-09-07 03:00:00,25.1,96,30.4,0.0,25,6.6,16.6,2025,9,7,3,250,Monsoon,0
2025-09-07 04:00:00,24.9,96,30.1,0.0,4,6.6,12.6,2025,9,7,4,250,Monsoon,0
2025-09-07 05:00:00,24.8,96,30.1,0.0,2,5.8,13.7,2025,9,7,5,250,Monsoon,0
2025-09-07 06:00:00,25.8,95,31.2,0.0,80,9.0,18.0,2025,9,7,6,250,Monsoon,0
2025-09-07 07:00:00,26.6,93,32.4,0.0,49,7.6,18.0,2025,9,7,7,250,Monsoon,0
2025-09-07 08:00:00,27.9,87,33.7,0.0,21,9.0,22.0,2025,9,7,8,250,Monsoon,0
2025-09-07 09:00:00,29.3,81,35.1,0.0,39,9.3,23.8,2025,9,7,9,250,Monsoon,0
2025-09-07 10:00:00,30.5,75,36.5,0.1,27,9.8,29.2,2025,9,7,10,250,Monsoon,1
2025-09-07 11:00:00,31.3,72,38.4,0.0,31,9.0,31.3,2025,9,7,11,250,Monsoon,0
2025-09-07 12:00:00,31.8,69,38.8,0.0,15,9.6,32.0,2025,9,7,12,250,Monsoon,0
2025-09-07 13:00:00,31.9,68,38.7,0.0,10,8.9,32.0,2025,9,7,13,250,Monsoon,0
2025-09-07 14:00:00,31.9,70,38.7,0.0,15,7.9,30.2,2025,9,7,14,250,Monsoon,0
2025-09-07 15:00:00,31.2,74,37.2,0.2,72,9.3,28.4,2025,9,7,15,250,Monsoon,1
2025-09-07 16:00:00,30.8,76,37.4,0.1,100,5.4,22.7,2025,9,7,16,250,Monsoon,1
2025-09-07 17:00:00,29.9,78,36.2,0.7,97,5.6,15.8,2025,9,7,17,250,Monsoon,1
2025-09-07 18:00:00,28.0,88,34.3,0.0,100,6.5,18.4,2025,9,7,18,250,Monsoon,0
2025-09-07 19:00:00,27.4,89,33.5,0.0,100,5.8,14.4,2025,9,7,19,250,Monsoon,0
2025-09-07 20:00:00,27.0,90,33.1,0.0,99,5.2,11.5,2025,9,7,20,250,Monsoon,0
2025-09-07 21:00:00,26.7,90,32.7,0.0,100,5.2,10.8,2025,9,7,21,250,Monsoon,0
2025-09-07 22:00:00,26.5,91,32.2,0.0,9,6.2,12.6,2025,9,7,22,250,Monsoon,0
2025-09-07 23:00:00,26.2,92,32.0,0.0,3,5.7,12.6,2025,9,7,23,250,Monsoon,0
2025-09-08 00:00:00,26.0,93,31.7,0.0,4,5.7,11.5,2025,9,8,0,251,Monsoon,0
2025-09-08 01:00:00,25.8,95,31.7,0.0,2,4.5,11.5,2025,9,8,1,251,Monsoon,0
2025-09-08 02:00:00,25.5,96,31.6,0.0,2,3.3,8.3,2025,9,8,2,251,Monsoon,0
2025-09-08 03:00:00,25.3,97,31.5,0.0,2,2.7,6.1,2025,9,8,3,251,Monsoon,0
2025-09-08 04:00:00,25.2,98,31.3,0.0,2,3.1,5.8,2025,9,8,4,251,Monsoon,0
2025-09-08 05:00:00,25.2,98,31.1,0.0,7,4.2,7.9,2025,9,8,5,251,Monsoon,0
2025-09-08 06:00:00,25.8,96,31.7,0.0,12,5.9,11.5,2025,9,8,6,251,Monsoon,0
2025-09-08 07:00:00,26.7,93,33.0,0.0,7,5.1,13.3,2025,9,8,7,251,Monsoon,0
2025-09-08 08:00:00,27.9,89,34.4,0.0,4,5.8,16.2,2025,9,8,8,251,Monsoon,0
2025-09-08 09:00:00,29.2,81,35.5,0.1,6,6.1,19.8,2025,9,8,9,251,Monsoon,1
2025-09-08 10:00:00,30.3,74,36.9,0.1,10,5.1,21.2,2025,9,8,10,251,Monsoon,1
2025-09-08 11:00:00,30.9,72,38.5,0.1,12,3.8,20.2,2025,9,8,11,251,Monsoon,1
2025-09-08 12:00:00,31.4,71,39.4,0.1,19,4.0,19.1,2025,9,8,12,251,Monsoon,1
2025-09-08 13:00:00,31.5,70,39.1,0.1,16,4.5,19.8,2025,9,8,13,251,Monsoon,1
2025-09-08 14:00:00,31.7,65,38.4,0.1,15,4.6,20.2,2025,9,8,14,251,Monsoon,1
2025-09-08 15:00:00,32.0,60,37.1,0.1,9,4.0,16.9,2025,9,8,15,251,Monsoon,1
2025-09-08 16:00:00,31.9,60,37.1,0.0,4,2.2,13.3,2025,9,8,16,251,Monsoon,0
2025-09-08 17:00:00,31.4,64,36.8,0.0,7,3.6,9.0,2025,9,8,17,251,Monsoon,0
2025-09-08 18:00:00,30.5,72,36.5,0.0,48,3.8,10.4,2025,9,8,18,251,Monsoon,0
2025-09-08 19:00:00,29.3,78,35.7,0.0,41,2.9,6.8,2025,9,8,19,251,Monsoon,0
2025-09-08 20:00:00,28.8,80,35.2,0.0,98,1.5,4.0,2025,9,8,20,251,Monsoon,0
2025-09-08 21:00:00,28.4,81,34.8,0.0,100,1.3,2.9,2025,9,8,21,251,Monsoon,0
2025-09-08 22:00:00,28.0,82,34.4,0.0,100,0.9,1.8,2025,9,8,22,251,Monsoon,0
2025-09-08 23:00:00,27.5,84,33.7,0.0,100,1.8,2.9,2025,9,8,23,251,Monsoon,0
2025-09-09 00:00:00,27.1,85,32.8,0.0,20,3.5,6.8,2025,9,9,0,252,Monsoon,0
2025-09-09 01:00:00,26.6,85,32.1,0.0,98,3.8,7.6,2025,9,9,1,252,Monsoon,0
2025-09-09 02:00:00,26.3,84,31.3,0.0,2,5.2,9.7,2025,9,9,2,252,Monsoon,0
2025-09-09 03:00:00,26.0,86,30.8,0.0,4,6.7,13.0,2025,9,9,3,252,Monsoon,0
2025-09-09 04:00:00,25.9,87,30.6,0.0,1,7.7,15.5,2025,9,9,4,252,Monsoon,0
2025-09-09 05:00:00,25.8,88,30.4,0.0,1,7.9,16.2,2025,9,9,5,252,Monsoon,0
2025-09-09 06:00:00,26.7,86,31.8,0.0,1,7.2,16.9,2025,9,9,6,252,Monsoon,0
2025-09-09 07:00:00,27.5,84,33.0,0.0,0,6.7,15.5,2025,9,9,7,252,Monsoon,0
2025-09-09 08:00:00,28.6,80,34.1,0.0,0,7.7,19.4,2025,9,9,8,252,Monsoon,0
2025-09-09 09:00:00,30.0,74,35.4,0.0,1,8.0,21.6,2025,9,9,9,252,Monsoon,0
2025-09-09 10:00:00,30.5,70,36.1,0.3,28,9.3,24.8,2025,9,9,10,252,Monsoon,1
2025-09-09 11:00:00,31.3,66,37.0,0.1,19,8.9,25.2,2025,9,9,11,252,Monsoon,1
2025-09-09 12:00:00,31.9,64,38.1,0.0,9,8.1,24.1,2025,9,9,12,252,Monsoon,0
2025-09-09 13:00:00,32.4,64,38.7,0.0,10,8.8,24.1,2025,9,9,13,252,Monsoon,0
2025-09-09 14:00:00,32.3,63,37.9,0.0,8,10.0,26.3,2025,9,9,14,252,Monsoon,0
2025-09-09 15:00:00,32.4,63,37.3,0.0,2,9.9,25.9,2025,9,9,15,252,Monsoon,0
2025-09-09 16:00:00,32.0,62,36.4,0.0,11,10.8,24.8,2025,9,9,16,252,Monsoon,0
2025-09-09 17:00:00,31.2,68,36.3,0.0,6,8.2,24.5,2025,9,9,17,252,Monsoon,0
2025-09-09 18:00:00,30.3,72,36.1,0.0,7,5.6,15.1,2025,9,9,18,252,Monsoon,0
2025-09-09 19:00:00,29.5,76,35.2,0.0,1,6.4,12.6,2025,9,9,19,252,Monsoon,0
2025-09-09 20:00:00,29.0,79,34.6,0.0,4,7.6,15.1,2025,9,9,20,252,Monsoon,0
2025-09-09 21:00:00,28.6,78,33.8,0.0,5,7.8,16.2,2025,9,9,21,252,Monsoon,0
2025-09-09 22:00:00,28.1,78,33.2,0.0,2,6.9,15.8,2025,9,9,22,252,Monsoon,0
2025-09-09 23:00:00,27.7,79,32.5,0.0,0,7.0,14.0,2025,9,9,23,252,Monsoon,0
2025-09-10 00:00:00,27.3,80,31.9,0.0,0,7.3,14.8,2025,9,10,0,253,Monsoon,0
2025-09-10 01:00:00,26.9,80,31.3,0.0,0,7.6,15.5,2025,9,10,1,253,Monsoon,0
2025-09-10 02:00:00,26.4,81,30.7,0.0,0,7.8,15.8,2025,9,10,2,253,Monsoon,0
2025-09-10 03:00:00,26.1,83,30.3,0.0,0,7.6,15.8,2025,9,10,3,253,Monsoon,0
2025-09-10 04:00:00,25.8,84,29.9,0.0,0,8.2,16.6,2025,9,10,4,253,Monsoon,0
2025-09-10 05:00:00,25.6,85,29.6,0.0,0,9.1,18.7,2025,9,10,5,253,Monsoon,0
2025-09-10 06:00:00,27.1,88,32.1,0.0,2,10.6,22.3,2025,9,10,6,253,Monsoon,0
2025-09-10 07:00:00,27.8,86,33.4,0.0,3,7.9,22.3,2025,9,10,7,253,Monsoon,0
2025-09-10 08:00:00,28.9,81,34.4,0.0,0,9.7,23.8,2025,9,10,8,253,Monsoon,0
2025-09-10 09:00:00,30.1,75,35.0,0.0,10,13.2,31.3,2025,9,10,9,253,Monsoon,0
2025-09-10 10:00:00,31.2,69,36.0,0.0,4,14.1,34.2,2025,9,10,10,253,Monsoon,0
2025-09-10 11:00:00,32.1,62,37.1,0.0,6,14.6,35.6,2025,9,10,11,253,Monsoon,0
2025-09-10 12:00:00,32.7,59,37.7,0.0,6,14.8,36.0,2025,9,10,12,253,Monsoon,0
2025-09-10 13:00:00,33.1,56,37.6,0.0,4,15.1,36.4,2025,9,10,13,253,Monsoon,0
2025-09-10 14:00:00,33.2,55,37.1,0.0,5,15.6,37.1,2025,9,10,14,253,Monsoon,0
2025-09-10 15:00:00,32.9,56,36.2,0.0,4,15.6,37.1,2025,9,10,15,253,Monsoon,0
2025-09-10 16:00:00,32.2,59,35.6,0.0,2,15.3,36.0,2025,9,10,16,253,Monsoon,0
2025-09-10 17:00:00,31.3,63,35.0,0.0,2,13.9,34.2,2025,9,10,17,253,Monsoon,0
2025-09-10 18:00:00,30.1,66,34.0,0.0,16,11.5,29.5,2025,9,10,18,253,Monsoon,0
2025-09-10 19:00:00,29.3,70,33.4,0.0,87,10.4,24.8,2025,9,10,19,253,Monsoon,0
2025-09-10 20:00:00,28.6,73,32.9,0.0,0,9.5,22.0,2025,9,10,20,253,Monsoon,0
2025-09-10 21:00:00,28.0,76,32.3,0.0,0,8.7,19.8,2025,9,10,21,253,Monsoon,0
2025-09-10 22:00:00,27.4,79,31.9,0.0,3,7.9,18.0,2025,9,10,22,253,Monsoon,0
2025-09-10 23:00:00,26.9,80,31.4,0.0,7,7.3,15.8,2025,9,10,23,253,Monsoon,0
2025-09-11 00:00:00,26.5,81,30.7,0.0,33,7.9,16.2,2025,9,11,0,254,Monsoon,0
2025-09-11 01:00:00,26.0,80,30.0,0.0,4,7.6,16.6,2025,9,11,1,254,Monsoon,0
2025-09-11 02:00:00,25.7,79,29.3,0.0,2,8.3,16.6,2025,9,11,2,254,Monsoon,0
2025-09-11 03:00:00,25.5,79,28.8,0.0,6,8.6,17.6,2025,9,11,3,254,Monsoon,0
2025-09-11 04:00:00,25.1,79,28.2,0.0,17,9.0,18.0,2025,9,11,4,254,Monsoon,0
2025-09-11 05:00:00,24.7,79,27.6,0.0,26,9.9,20.5,2025,9,11,5,254,Monsoon,0
2025-09-11 06:00:00,26.4,77,29.5,0.0,67,12.0,26.3,2025,9,11,6,254,Monsoon,0
2025-09-11 07:00:00,27.2,76,30.8,0.0,45,11.2,26.3,2025,9,11,7,254,Monsoon,0
2025-09-11 08:00:00,28.3,73,32.2,0.0,14,11.3,26.3,2025,9,11,8,254,Monsoon,0
2025-09-11 09:00:00,29.7,69,33.3,0.0,1,13.5,32.0,2025,9,11,9,254,Monsoon,0
2025-09-11 10:00:00,30.9,63,34.9,0.0,24,14.9,36.0,2025,9,11,10,254,Monsoon,0
2025-09-11 11:00:00,32.0,58,36.2,0.0,30,15.2,37.4,2025,9,11,11,254,Monsoon,0
2025-09-11 12:00:00,32.5,55,36.5,0.0,49,14.1,37.1,2025,9,11,12,254,Monsoon,0
2025-09-11 13:00:00,32.6,54,36.2,0.0,46,13.8,34.9,2025,9,11,13,254,Monsoon,0
2025-09-11 14:00:00,32.8,53,36.0,0.0,40,14.1,34.9,2025,9,11,14,254,Monsoon,0
2025-09-11 15:00:00,32.8,52,35.3,0.0,33,14.7,37.1,2025,9,11,15,254,Monsoon,0
2025-09-11 16:00:00,32.3,54,34.9,0.0,38,14.4,35.3,2025,9,11,16,254,Monsoon,0
2025-09-11 17:00:00,31.5,57,34.7,0.0,21,11.6,32.8,2025,9,11,17,254,Monsoon,0
2025-09-11 18:00:00,30.2,65,34.6,0.0,100,6.8,25.6,2025,9,11,18,254,Monsoon,0
2025-09-11 19:00:00,29.4,69,34.0,0.0,100,6.0,14.4,2025,9,11,19,254,Monsoon,0
2025-09-11 20:00:00,28.9,70,33.4,0.0,80,6.0,13.0,2025,9,11,20,254,Monsoon,0
2025-09-11 21:00:00,28.1,75,33.0,0.0,92,4.5,12.2,2025,9,11,21,254,Monsoon,0
2025-09-11 22:00:00,27.5,79,32.7,0.0,87,4.0,8.6,2025,9,11,22,254,Monsoon,0
2025-09-11 23:00:00,26.9,83,32.3,0.0,98,3.8,7.9,2025,9,11,23,254,Monsoon,0
2025-09-12 00:00:00,26.5,84,31.7,0.0,64,4.5,8.6,2025,9,12,0,255,Monsoon,0
2025-09-12 01:00:00,26.1,83,30.8,0.0,78,5.4,10.8,2025,9,12,1,255,Monsoon,0
2025-09-12 02:00:00,25.7,80,29.8,0.0,58,5.4,11.5,2025,9,12,2,255,Monsoon,0
2025-09-12 03:00:00,25.3,78,28.7,0.0,27,7.1,14.0,2025,9,12,3,255,Monsoon,0
2025-09-12 04:00:00,24.9,78,28.1,0.0,11,7.6,15.5,2025,9,12,4,255,Monsoon,0
2025-09-12 05:00:00,24.6,80,27.8,0.0,4,7.8,15.8,2025,9,12,5,255,Monsoon,0
2025-09-12 06:00:00,25.9,80,29.5,0.0,5,10.1,21.6,2025,9,12,6,255,Monsoon,0
2025-09-12 07:00:00,26.9,77,30.8,0.0,19,8.8,22.0,2025,9,12,7,255,Monsoon,0
2025-09-12 08:00:00,28.3,71,32.1,0.0,12,9.9,24.5,2025,9,12,8,255,Monsoon,0
2025-09-12 09:00:00,29.8,66,33.6,0.0,0,10.9,28.1,2025,9,12,9,255,Monsoon,0
2025-09-12 10:00:00,31.1,61,35.4,0.1,25,11.2,30.2,2025,9,12,10,255,Monsoon,1
2025-09-12 11:00:00,32.1,56,36.3,0.1,17,10.3,29.9,2025,9,12,11,255,Monsoon,1
2025-09-12 12:00:00,33.0,52,37.6,0.0,17,9.8,28.8,2025,9,12,12,255,Monsoon,0
2025-09-12 13:00:00,33.3,50,37.7,0.0,20,9.6,28.1,2025,9,12,13,255,Monsoon,0
2025-09-12 14:00:00,33.5,49,37.2,0.0,13,10.2,28.4,2025,9,12,14,255,Monsoon,0
2025-09-12 15:00:00,33.3,50,36.3,0.0,10,11.3,30.2,2025,9,12,15,255,Monsoon,0
2025-09-12 16:00:00,32.8,52,35.8,0.0,16,11.3,29.5,2025,9,12,16,255,Monsoon,0
2025-09-12 17:00:00,32.0,55,35.2,0.0,26,10.8,28.1,2025,9,12,17,255,Monsoon,0
2025-09-12 18:00:00,31.6,56,35.5,0.0,6,5.6,22.3,2025,9,12,18,255,Monsoon,0
2025-09-12 19:00:00,31.0,59,35.2,0.0,10,4.9,12.2,2025,9,12,19,255,Monsoon,0
2025-09-12 20:00:00,30.1,67,35.4,0.0,35,2.7,10.4,2025,9,12,20,255,Monsoon,0
2025-09-12 21:00:00,29.7,71,35.5,0.0,37,1.8,5.4,2025,9,12,21,255,Monsoon,0
2025-09-12 22:00:00,29.1,74,35.1,0.0,33,1.2,4.0,2025,9,12,22,255,Monsoon,0
2025-09-12 23:00:00,28.4,75,33.8,0.0,17,3.1,6.5,2025,9,12,23,255,Monsoon,0
2025-09-13 00:00:00,27.8,79,33.2,0.0,69,3.4,7.2,2025,9,13,0,256,Monsoon,0
2025-09-13 01:00:00,27.6,80,33.0,0.0,100,3.9,7.9,2025,9,13,1,256,Monsoon,0
2025-09-13 02:00:00,27.4,80,32.5,0.0,66,4.7,9.4,2025,9,13,2,256,Monsoon,0
2025-09-13 03:00:00,27.1,80,32.4,0.0,32,2.7,9.7,2025,9,13,3,256,Monsoon,0
2025-09-13 04:00:00,26.7,80,31.5,0.0,41,4.6,9.4,2025,9,13,4,256,Monsoon,0
2025-09-13 05:00:00,26.3,79,30.7,0.0,10,5.1,10.4,2025,9,13,5,256,Monsoon,0
2025-09-13 06:00:00,27.7,73,32.0,0.0,79,5.8,12.2,2025,9,13,6,256,Monsoon,0
2025-09-13 07:00:00,28.5,69,32.7,0.0,44,6.0,15.5,2025,9,13,7,256,Monsoon,0
2025-09-13 08:00:00,29.2,66,33.4,0.0,96,6.2,18.0,2025,9,13,8,256,Monsoon,0
2025-09-13 09:00:00,30.9,60,35.0,0.0,12,5.8,19.4,2025,9,13,9,256,Monsoon,0
2025-09-13 10:00:00,33.0,49,36.7,0.0,25,7.0,23.8,2025,9,13,10,256,Monsoon,0
2025-09-13 11:00:00,34.3,44,38.2,0.0,12,7.4,25.2,2025,9,13,11,256,Monsoon,0
2025-09-13 12:00:00,35.0,42,39.1,0.0,22,8.4,27.4,2025,9,13,12,256,Monsoon,0
2025-09-13 13:00:00,35.3,41,38.8,0.1,18,10.1,30.2,2025,9,13,13,256,Monsoon,1
2025-09-13 14:00:00,34.8,42,37.6,0.2,18,11.3,32.0,2025,9,13,14,256,Monsoon,1
2025-09-13 15:00:00,34.4,44,36.7,0.3,32,11.5,32.0,2025,9,13,15,256,Monsoon,1
2025-09-13 16:00:00,33.4,49,36.2,0.3,26,11.2,31.0,2025,9,13,16,256,Monsoon,1
2025-09-13 17:00:00,32.5,54,36.0,0.0,26,9.4,28.4,2025,9,13,17,256,Monsoon,0
2025-09-13 18:00:00,32.9,48,35.8,0.0,63,7.8,22.7,2025,9,13,18,256,Monsoon,0
2025-09-13 19:00:00,32.5,50,35.9,0.0,92,5.4,17.3,2025,9,13,19,256,Monsoon,0
2025-09-13 20:00:00,32.0,53,36.0,0.0,84,2.7,12.2,2025,9,13,20,256,Monsoon,0
2025-09-13 21:00:00,31.2,57,35.6,0.0,79,1.9,6.8,2025,9,13,21,256,Monsoon,0
2025-09-13 22:00:00,30.4,60,35.0,0.0,95,1.5,4.7,2025,9,13,22,256,Monsoon,0
2025-09-13 23:00:00,29.7,64,34.3,0.0,82,2.4,5.4,2025,9,13,23,256,Monsoon,0
2025-09-14 00:00:00,29.0,68,33.6,0.0,26,4.0,7.9,2025,9,14,0,257,Monsoon,0
2025-09-14 01:00:00,28.5,70,33.1,0.0,26,4.2,9.0,2025,9,14,1,257,Monsoon,0
2025-09-14 02:00:00,28.0,73,32.7,0.0,20,4.7,9.7,2025,9,14,2,257,Monsoon,0
2025-09-14 03:00:00,27.6,77,32.4,0.0,19,4.7,10.4,2025,9,14,3,257,Monsoon,0
2025-09-14 04:00:00,27.3,78,32.3,0.0,23,4.0,9.7,2025,9,14,4,257,Monsoon,0
2025-09-14 05:00:00,27.0,80,31.9,0.0,19,4.3,9.0,2025,9,14,5,257,Monsoon,0
2025-09-14 06:00:00,27.6,81,32.8,0.0,15,5.7,20.5,2025,9,14,6,257,Monsoon,0
2025-09-14 07:00:00,29.0,73,34.3,0.0,5,4.7,13.3,2025,9,14,7,257,Monsoon,0
2025-09-14 08:00:00,31.5,59,36.0,0.0,8,4.3,15.8,2025,9,14,8,257,Monsoon,0
2025-09-14 09:00:00,33.4,48,36.9,0.0,11,5.6,19.8,2025,9,14,9,257,Monsoon,0
2025-09-14 10:00:00,34.9,42,38.1,0.0,11,7.5,24.8,2025,9,14,10,257,Monsoon,0
2025-09-14 11:00:00,35.6,39,38.8,0.1,20,9.0,28.1,2025,9,14,11,257,Monsoon,1
2025-09-14 12:00:00,36.1,38,39.6,0.1,70,9.4,29.5,2025,9,14,12,257,Monsoon,1
2025-09-14 13:00:00,36.2,39,39.6,0.0,55,9.6,29.9,2025,9,14,13,257,Monsoon,0
2025-09-14 14:00:00,36.5,38,39.6,0.0,75,10.4,30.6,2025,9,14,14,257,Monsoon,0
2025-09-14 15:00:00,36.2,39,38.5,0.0,96,11.8,32.4,2025,9,14,15,257,Monsoon,0
2025-09-14 16:00:00,35.3,42,37.5,0.0,91,12.1,32.4,2025,9,14,16,257,Monsoon,0
2025-09-14 17:00:00,34.3,45,36.8,0.0,76,11.5,31.3,2025,9,14,17,257,Monsoon,0
2025-09-14 18:00:00,33.3,50,36.5,0.0,87,8.9,25.2,2025,9,14,18,257,Monsoon,0
2025-09-14 19:00:00,33.0,50,36.7,0.0,71,5.2,20.2,2025,9,14,19,257,Monsoon,0
2025-09-14 20:00:00,32.7,51,36.7,0.0,14,3.7,11.5,2025,9,14,20,257,Monsoon,0
2025-09-14 21:00:00,32.0,56,36.5,0.0,42,2.4,8.6,2025,9,14,21,257,Monsoon,0
2025-09-14 22:00:00,31.1,61,36.1,0.0,11,2.2,6.1,2025,9,14,22,257,Monsoon,0
2025-09-14 23:00:00,30.4,65,35.4,0.0,5,3.4,6.8,2025,9,14,23,257,Monsoon,0
2025-09-15 00:00:00,29.8,68,34.8,0.0,3,4.2,9.0,2025,9,15,0,258,Monsoon,0
2025-09-15 01:00:00,29.1,71,34.0,0.0,5,4.9,10.4,2025,9,15,1,258,Monsoon,0
2025-09-15 02:00:00,28.6,73,33.6,0.0,3,3.7,10.4,2025,9,15,2,258,Monsoon,0
2025-09-15 03:00:00,28.1,75,32.9,0.0,1,5.2,11.2,2025,9,15,3,258,Monsoon,0
2025-09-15 04:00:00,27.8,76,32.4,0.0,0,6.3,12.6,2025,9,15,4,258,Monsoon,0
2025-09-15 05:00:00,27.3,75,31.5,0.0,0,6.8,14.8,2025,9,15,5,258,Monsoon,0
2025-09-15 06:00:00,28.6,68,32.7,0.0,43,6.1,14.4,2025,9,15,6,258,Monsoon,0
2025-09-15 07:00:00,29.5,62,33.3,0.0,1,6.0,16.6,2025,9,15,7,258,Monsoon,0
2025-09-15 08:00:00,31.4,54,34.7,0.0,0,6.5,19.8,2025,9,15,8,258,Monsoon,0
2025-09-15 09:00:00,33.3,46,35.9,0.0,2,8.5,25.2,2025,9,15,9,258,Monsoon,0
2025-09-15 10:00:00,34.7,41,37.4,0.0,9,10.4,30.6,2025,9,15,10,258,Monsoon,0
2025-09-15 11:00:00,35.6,39,39.0,0.0,2,10.5,31.3,2025,9,15,11,258,Monsoon,0
2025-09-15 12:00:00,36.3,38,39.7,0.0,5,11.3,33.5,2025,9,15,12,258,Monsoon,0
2025-09-15 13:00:00,36.4,37,39.4,0.0,5,11.9,34.6,2025,9,15,13,258,Monsoon,0
2025-09-15 14:00:00,36.4,38,39.1,0.0,8,13.0,35.6,2025,9,15,14,258,Monsoon,0
2025-09-15 15:00:00,36.0,39,38.0,0.0,7,13.0,36.0,2025,9,15,15,258,Monsoon,0
2025-09-15 16:00:00,35.2,42,37.2,0.0,12,13.3,34.9,2025,9,15,16,258,Monsoon,0
2025-09-15 17:00:00,34.3,44,36.6,0.0,3,11.8,33.8,2025,9,15,17,258,Monsoon,0
2025-09-15 18:00:00,33.5,47,36.5,0.0,89,8.1,24.8,2025,9,15,18,258,Monsoon,0
2025-09-15 19:00:00,33.4,47,36.7,0.0,95,5.8,19.1,2025,9,15,19,258,Monsoon,0
2025-09-15 20:00:00,33.3,48,37.1,0.0,100,3.3,13.0,2025,9,15,20,258,Monsoon,0
2025-09-15 21:00:00,32.8,53,37.6,0.0,100,0.5,8.3,2025,9,15,21,258,Monsoon,0
2025-09-15 22:00:00,32.1,53,36.5,0.0,100,1.7,4.0,2025,9,15,22,258,Monsoon,0
2025-09-15 23:00:00,31.3,58,35.4,0.0,100,5.6,12.2,2025,9,15,23,258,Monsoon,0
2025-09-16 00:00:00,30.5,62,34.6,0.0,100,6.9,14.0,2025,9,16,0,259,Monsoon,0
2025-09-16 01:00:00,29.5,67,33.8,0.0,100,6.8,14.4,2025,9,16,1,259,Monsoon,0
2025-09-16 02:00:00,28.8,70,33.3,0.0,99,5.7,14.0,2025,9,16,2,259,Monsoon,0
2025-09-16 03:00:00,28.4,71,32.8,0.0,98,6.0,12.6,2025,9,16,3,259,Monsoon,0
2025-09-16 04:00:00,28.0,73,32.4,0.0,24,6.4,12.6,2025,9,16,4,259,Monsoon,0
2025-09-16 05:00:00,27.3,77,31.7,0.0,4,6.9,15.1,2025,9,16,5,259,Monsoon,0
2025-09-16 06:00:00,28.8,62,32.0,0.0,100,6.4,20.9,2025,9,16,6,259,Monsoon,0
2025-09-16 07:00:00,29.2,60,32.5,0.0,98,5.4,15.1,2025,9,16,7,259,Monsoon,0
2025-09-16 08:00:00,30.4,56,33.8,0.0,78,4.9,17.3,2025,9,16,8,259,Monsoon,0
2025-09-16 09:00:00,32.4,48,35.6,0.0,22,4.4,18.7,2025,9,16,9,259,Monsoon,0
2025-09-16 10:00:00,34.1,43,37.5,0.0,12,6.0,22.7,2025,9,16,10,259,Monsoon,0
2025-09-16 11:00:00,35.3,40,39.3,0.0,81,6.7,24.8,2025,9,16,11,259,Monsoon,0
2025-09-16 12:00:00,36.2,38,40.2,0.0,49,7.6,26.6,2025,9,16,12,259,Monsoon,0
2025-09-16 13:00:00,36.8,37,40.7,0.0,38,8.3,27.7,2025,9,16,13,259,Monsoon,0
2025-09-16 14:00:00,36.6,38,39.3,0.0,61,10.2,31.0,2025,9,16,14,259,Monsoon,0
2025-09-16 15:00:00,35.7,41,38.2,0.0,37,10.0,31.0,2025,9,16,15,259,Monsoon,0
2025-09-16 16:00:00,35.2,42,38.0,0.0,31,8.5,28.8,2025,9,16,16,259,Monsoon,0
2025-09-16 17:00:00,34.3,45,37.9,0.0,34,3.5,24.5,2025,9,16,17,259,Monsoon,0
2025-09-16 18:00:00,32.6,56,37.4,0.0,17,2.7,11.5,2025,9,16,18,259,Monsoon,0
2025-09-16 19:00:00,32.6,53,37.0,0.0,21,2.2,10.8,2025,9,16,19,259,Monsoon,0
2025-09-16 20:00:00,31.0,61,35.0,0.1,28,8.3,18.7,2025,9,16,20,259,Monsoon,1
2025-09-16 21:00:00,30.0,67,34.5,0.0,7,8.1,20.2,2025,9,16,21,259,Monsoon,0
2025-09-16 22:00:00,29.2,71,33.7,0.0,15,8.5,19.1,2025,9,16,22,259,Monsoon,0
2025-09-16 23:00:00,28.4,74,32.9,0.0,8,7.7,19.1,2025,9,16,23,259,Monsoon,0
2025-09-17 00:00:00,27.9,75,32.3,0.0,4,7.0,17.6,2025,9,17,0,260,Monsoon,0
2025-09-17 01:00:00,27.5,76,31.9,0.0,0,6.9,15.8,2025,9,17,1,260,Monsoon,0
2025-09-17 02:00:00,27.1,77,31.6,0.0,0,6.2,15.8,2025,9,17,2,260,Monsoon,0
2025-09-17 03:00:00,26.9,79,31.7,0.0,3,4.2,13.7,2025,9,17,3,260,Monsoon,0
2025-09-17 04:00:00,27.0,80,32.4,0.0,5,1.0,9.0,2025,9,17,4,260,Monsoon,0
2025-09-17 05:00:00,26.7,80,31.0,0.0,29,7.7,17.3,2025,9,17,5,260,Monsoon,0
2025-09-17 06:00:00,27.4,76,32.2,0.0,11,3.1,8.6,2025,9,17,6,260,Monsoon,0
2025-09-17 07:00:00,28.8,70,34.0,0.0,7,1.8,9.0,2025,9,17,7,260,Monsoon,0
2025-09-17 08:00:00,30.6,64,35.8,0.0,2,1.7,11.9,2025,9,17,8,260,Monsoon,0
2025-09-17 09:00:00,32.5,55,37.3,0.0,6,1.7,18.4,2025,9,17,9,260,Monsoon,0
2025-09-17 10:00:00,33.9,49,38.5,0.1,26,4.9,20.5,2025,9,17,10,260,Monsoon,1
2025-09-17 11:00:00,35.1,44,39.7,0.0,28,4.5,20.5,2025,9,17,11,260,Monsoon,0
2025-09-17 12:00:00,36.2,40,40.7,0.0,36,5.2,21.6,2025,9,17,12,260,Monsoon,0
2025-09-17 13:00:00,36.4,38,40.4,0.0,43,6.2,23.0,2025,9,17,13,260,Monsoon,0
2025-09-17 14:00:00,36.3,39,39.6,0.1,29,7.3,24.1,2025,9,17,14,260,Monsoon,1
2025-09-17 15:00:00,35.8,40,38.4,0.0,34,8.9,26.3,2025,9,17,15,260,Monsoon,0
2025-09-17 16:00:00,35.2,42,37.9,0.0,18,9.5,26.6,2025,9,17,16,260,Monsoon,0
2025-09-17 17:00:00,34.2,45,37.2,0.0,14,7.8,26.3,2025,9,17,17,260,Monsoon,0
2025-09-17 18:00:00,31.6,61,36.9,0.0,12,1.8,22.0,2025,9,17,18,260,Monsoon,0
2025-09-17 19:00:00,31.4,62,36.8,0.0,12,2.1,8.3,2025,9,17,19,260,Monsoon,0
2025-09-17 20:00:00,31.1,64,36.5,0.0,32,1.8,7.9,2025,9,17,20,260,Monsoon,0
2025-09-17 21:00:00,30.7,65,35.6,0.0,11,5.8,12.2,2025,9,17,21,260,Monsoon,0
2025-09-17 22:00:00,29.5,73,34.5,0.0,8,7.8,18.0,2025,9,17,22,260,Monsoon,0
2025-09-17 23:00:00,28.5,79,33.8,0.0,2,7.4,18.0,2025,9,17,23,260,Monsoon,0
2025-09-18 00:00:00,27.8,82,33.2,0.0,7,6.5,16.9,2025,9,18,0,261,Monsoon,0
2025-09-18 01:00:00,27.2,85,32.6,0.0,14,6.8,15.5,2025,9,18,1,261,Monsoon,0
2025-09-18 02:00:00,26.3,87,31.3,0.0,18,7.2,19.4,2025,9,18,2,261,Monsoon,0
2025-09-18 03:00:00,25.8,88,30.6,0.0,7,6.6,16.2,2025,9,18,3,261,Monsoon,0
2025-09-18 04:00:00,25.4,89,30.0,0.0,10,7.2,15.5,2025,9,18,4,261,Monsoon,0
2025-09-18 05:00:00,25.1,90,29.9,0.0,11,5.9,16.6,2025,9,18,5,261,Monsoon,0
2025-09-18 06:00:00,27.3,82,32.9,0.0,19,3.9,12.6,2025,9,18,6,261,Monsoon,0
2025-09-18 07:00:00,27.9,79,33.3,0.0,5,4.5,14.0,2025,9,18,7,261,Monsoon,0
2025-09-18 08:00:00,29.4,73,34.8,0.0,2,4.2,16.2,2025,9,18,8,261,Monsoon,0
2025-09-18 09:00:00,31.4,63,36.9,0.1,17,2.2,16.9,2025,9,18,9,261,Monsoon,1
2025-09-18 10:00:00,33.3,52,38.5,0.1,19,2.7,16.2,2025,9,18,10,261,Monsoon,1
2025-09-18 11:00:00,34.9,45,39.6,0.0,21,4.9,20.2,2025,9,18,11,261,Monsoon,0
2025-09-18 12:00:00,34.9,43,39.0,0.0,36,7.2,24.1,2025,9,18,12,261,Monsoon,0
2025-09-18 13:00:00,32.8,48,36.8,0.7,78,4.2,27.0,2025,9,18,13,261,Monsoon,1
2025-09-18 14:00:00,31.9,55,36.1,0.2,48,3.1,22.0,2025,9,18,14,261,Monsoon,1
2025-09-18 15:00:00,32.2,56,36.3,0.3,15,6.7,21.2,2025,9,18,15,261,Monsoon,1
2025-09-18 16:00:00,32.5,55,36.8,0.2,23,4.9,23.0,2025,9,18,16,261,Monsoon,1
2025-09-18 17:00:00,32.0,57,36.5,0.0,16,4.6,16.6,2025,9,18,17,261,Monsoon,0
2025-09-18 18:00:00,32.7,51,35.9,0.0,79,8.5,20.9,2025,9,18,18,261,Monsoon,0
2025-09-18 19:00:00,32.0,57,36.2,0.0,98,6.7,19.8,2025,9,18,19,261,Monsoon,0
2025-09-18 20:00:00,31.6,60,36.3,0.0,4,4.5,15.1,2025,9,18,20,261,Monsoon,0
2025-09-18 21:00:00,31.1,63,36.1,0.0,4,3.8,10.1,2025,9,18,21,261,Monsoon,0
2025-09-18 22:00:00,30.3,67,35.3,0.0,2,5.3,11.9,2025,9,18,22,261,Monsoon,0
2025-09-18 23:00:00,29.5,71,34.7,0.0,1,5.2,11.9,2025,9,18,23,261,Monsoon,0
2025-09-19 00:00:00,28.9,75,34.4,0.0,0,3.6,11.2,2025,9,19,0,262,Monsoon,0
2025-09-19 01:00:00,28.4,78,34.2,0.0,1,3.2,7.6,2025,9,19,1,262,Monsoon,0
2025-09-19 02:00:00,28.0,81,33.7,0.0,0,4.3,9.4,2025,9,19,2,262,Monsoon,0
2025-09-19 03:00:00,27.5,84,33.3,0.0,0,4.2,9.7,2025,9,19,3,262,Monsoon,0
2025-09-19 04:00:00,27.1,86,33.0,0.0,0,3.9,9.0,2025,9,19,4,262,Monsoon,0
2025-09-19 05:00:00,26.8,88,32.8,0.0,0,3.0,8.6,2025,9,19,5,262,Monsoon,0
2025-09-19 06:00:00,27.5,79,32.4,0.0,4,6.3,15.1,2025,9,19,6,262,Monsoon,0
2025-09-19 07:00:00,28.6,72,33.4,0.0,2,4.3,14.0,2025,9,19,7,262,Monsoon,0
2025-09-19 08:00:00,30.7,64,35.7,0.0,8,3.7,15.5,2025,9,19,8,262,Monsoon,0
2025-09-19 09:00:00,32.6,53,36.6,0.0,18,5.4,20.2,2025,9,19,9,262,Monsoon,0
2025-09-19 10:00:00,32.4,52,35.4,0.4,65,11.5,32.0,2025,9,19,10,262,Monsoon,1
2025-09-19 11:00:00,33.5,47,36.5,0.0,17,7.8,31.3,2025,9,19,11,262,Monsoon,0
2025-09-19 12:00:00,34.8,41,38.1,0.1,33,8.9,31.0,2025,9,19,12,262,Monsoon,1
2025-09-19 13:00:00,34.9,42,38.1,0.2,34,9.8,29.9,2025,9,19,13,262,Monsoon,1
2025-09-19 14:00:00,35.4,41,38.5,0.0,17,8.7,28.8,2025,9,19,14,262,Monsoon,0
2025-09-19 15:00:00,35.5,41,37.8,0.0,19,10.7,29.9,2025,9,19,15,262,Monsoon,0
2025-09-19 16:00:00,34.6,42,36.9,0.0,11,10.7,30.6,2025,9,19,16,262,Monsoon,0
2025-09-19 17:00:00,33.6,47,36.3,0.0,4,10.8,28.1,2025,9,19,17,262,Monsoon,0
2025-09-19 18:00:00,32.6,54,36.1,0.0,75,9.1,29.2,2025,9,19,18,262,Monsoon,0
2025-09-19 19:00:00,31.9,59,36.2,0.0,28,6.7,19.1,2025,9,19,19,262,Monsoon,0
2025-09-19 20:00:00,31.3,61,35.7,0.0,6,6.1,14.8,2025,9,19,20,262,Monsoon,0
2025-09-19 21:00:00,30.7,63,35.6,0.0,1,3.6,12.6,2025,9,19,21,262,Monsoon,0
2025-09-19 22:00:00,30.2,67,35.5,0.0,0,2.7,7.2,2025,9,19,22,262,Monsoon,0
2025-09-19 23:00:00,29.7,69,34.8,0.0,0,3.1,5.8,2025,9,19,23,262,Monsoon,0
2025-09-20 00:00:00,29.2,72,34.7,0.0,0,2.3,6.1,2025,9,20,0,263,Monsoon,0
2025-09-20 01:00:00,28.5,73,33.7,0.0,0,2.5,5.4,2025,9,20,1,263,Monsoon,0
2025-09-20 02:00:00,28.1,73,32.8,0.0,0,4.2,8.6,2025,9,20,2,263,Monsoon,0
2025-09-20 03:00:00,27.5,76,32.2,0.0,2,4.9,10.4,2025,9,20,3,263,Monsoon,0
2025-09-20 04:00:00,27.1,79,31.9,0.0,0,4.2,10.4,2025,9,20,4,263,Monsoon,0
2025-09-20 05:00:00,26.8,80,31.8,0.0,0,3.8,8.6,2025,9,20,5,263,Monsoon,0
2025-09-20 06:00:00,28.2,79,33.4,0.0,0,6.7,14.0,2025,9,20,6,263,Monsoon,0
2025-09-20 07:00:00,29.2,74,34.4,0.0,0,6.3,15.8,2025,9,20,7,263,Monsoon,0
2025-09-20 08:00:00,31.3,59,35.2,0.0,0,8.5,23.0,2025,9,20,8,263,Monsoon,0
2025-09-20 09:00:00,33.3,45,35.3,0.0,7,11.4,32.8,2025,9,20,9,263,Monsoon,0
2025-09-20 10:00:00,34.5,40,36.4,0.0,9,12.5,34.9,2025,9,20,10,263,Monsoon,0
2025-09-20 11:00:00,35.3,38,37.6,0.0,11,12.7,35.6,2025,9,20,11,263,Monsoon,0
2025-09-20 12:00:00,35.8,37,38.1,0.0,33,12.7,35.6,2025,9,20,12,263,Monsoon,0
2025-09-20 13:00:00,36.2,37,38.7,0.0,14,12.9,35.3,2025,9,20,13,263,Monsoon,0
2025-09-20 14:00:00,36.0,37,37.8,0.0,16,13.8,36.4,2025,9,20,14,263,Monsoon,0
2025-09-20 15:00:00,35.7,37,36.9,0.0,17,14.1,36.7,2025,9,20,15,263,Monsoon,0
2025-09-20 16:00:00,35.0,39,36.1,0.0,11,14.8,36.4,2025,9,20,16,263,Monsoon,0
2025-09-20 17:00:00,34.0,41,35.2,0.0,3,14.4,36.0,2025,9,20,17,263,Monsoon,0
2025-09-20 18:00:00,32.8,45,34.6,0.0,0,11.3,32.8,2025,9,20,18,263,Monsoon,0
2025-09-20 19:00:00,32.1,48,34.7,0.0,0,8.1,24.5,2025,9,20,19,263,Monsoon,0
2025-09-20 20:00:00,31.2,53,34.6,0.0,0,5.4,16.9,2025,9,20,20,263,Monsoon,0
2025-09-20 21:00:00,30.4,59,34.4,0.0,0,3.5,10.8,2025,9,20,21,263,Monsoon,0
2025-09-20 22:00:00,29.7,61,33.6,0.0,0,4.5,9.7,2025,9,20,22,263,Monsoon,0
2025-09-20 23:00:00,28.8,65,32.9,0.0,0,3.8,9.7,2025,9,20,23,263,Monsoon,0
2025-09-21 00:00:00,28.1,66,31.7,0.0,0,6.0,12.2,2025,9,21,0,264,Monsoon,0
2025-09-21 01:00:00,27.3,68,30.5,0.0,0,6.6,14.4,2025,9,21,1,264,Monsoon,0
2025-09-21 02:00:00,26.6,69,29.8,0.0,0,6.4,13.7,2025,9,21,2,264,Monsoon,0
2025-09-21 03:00:00,26.1,71,29.3,0.0,0,6.6,13.7,2025,9,21,3,264,Monsoon,0
2025-09-21 04:00:00,25.7,72,28.7,0.0,0,6.8,14.0,2025,9,21,4,264,Monsoon,0
2025-09-21 05:00:00,25.4,71,28.1,0.0,0,6.7,14.0,2025,9,21,5,264,Monsoon,0
2025-09-21 06:00:00,27.1,73,31.1,0.0,0,5.5,11.9,2025,9,21,6,264,Monsoon,0
2025-09-21 07:00:00,28.1,69,32.1,0.0,0,5.2,14.4,2025,9,21,7,264,Monsoon,0
2025-09-21 08:00:00,30.2,61,34.1,0.0,0,5.5,17.6,2025,9,21,8,264,Monsoon,0
2025-09-21 09:00:00,32.3,54,35.6,0.0,7,9.3,26.3,2025,9,21,9,264,Monsoon,0
2025-09-21 10:00:00,33.9,45,36.6,0.0,11,13.0,34.6,2025,9,21,10,264,Monsoon,0
2025-09-21 11:00:00,35.1,40,37.4,0.0,14,14.4,38.2,2025,9,21,11,264,Monsoon,0
2025-09-21 12:00:00,35.8,37,37.9,0.0,6,14.4,38.9,2025,9,21,12,264,Monsoon,0
2025-09-21 13:00:00,36.3,35,38.4,0.0,16,13.8,38.2,2025,9,21,13,264,Monsoon,0
2025-09-21 14:00:00,36.4,34,37.9,0.0,21,13.4,37.1,2025,9,21,14,264,Monsoon,0
2025-09-21 15:00:00,36.1,35,37.2,0.0,20,13.2,36.0,2025,9,21,15,264,Monsoon,0
2025-09-21 16:00:00,35.3,38,36.5,0.0,25,13.5,34.6,2025,9,21,16,264,Monsoon,0
2025-09-21 17:00:00,34.2,43,35.9,0.0,6,13.6,33.5,2025,9,21,17,264,Monsoon,0
2025-09-21 18:00:00,33.2,44,34.9,0.0,7,11.5,29.9,2025,9,21,18,264,Monsoon,0
2025-09-21 19:00:00,32.8,44,34.5,0.0,7,10.8,24.8,2025,9,21,19,264,Monsoon,0
2025-09-21 20:00:00,32.2,46,34.2,0.0,2,9.5,23.4,2025,9,21,20,264,Monsoon,0
2025-09-21 21:00:00,31.1,51,33.8,0.0,2,7.1,20.2,2025,9,21,21,264,Monsoon,0
2025-09-21 22:00:00,30.4,55,33.5,0.0,0,5.6,14.4,2025,9,21,22,264,Monsoon,0
2025-09-21 23:00:00,29.7,57,33.1,0.0,0,4.0,11.2,2025,9,21,23,264,Monsoon,0
2025-09-22 00:00:00,28.7,62,31.9,0.0,0,6.7,14.4,2025,9,22,0,265,Monsoon,0
2025-09-22 01:00:00,27.9,65,31.3,0.0,0,4.8,14.4,2025,9,22,1,265,Monsoon,0
2025-09-22 02:00:00,27.3,67,30.7,0.0,0,4.6,10.8,2025,9,22,2,265,Monsoon,0
2025-09-22 03:00:00,26.9,67,30.2,0.0,0,4.8,9.7,2025,9,22,3,265,Monsoon,0
2025-09-22 04:00:00,26.5,68,29.5,0.0,0,5.7,11.9,2025,9,22,4,265,Monsoon,0
2025-09-22 05:00:00,26.1,68,29.1,0.0,0,5.2,11.9,2025,9,22,5,265,Monsoon,0
2025-09-22 06:00:00,27.3,74,31.4,0.0,0,6.4,12.6,2025,9,22,6,265,Monsoon,0
2025-09-22 07:00:00,28.5,68,32.5,0.0,0,5.9,14.8,2025,9,22,7,265,Monsoon,0
2025-09-22 08:00:00,30.5,59,34.2,0.0,1,7.3,20.9,2025,9,22,8,265,Monsoon,0
2025-09-22 09:00:00,32.7,50,35.6,0.0,1,9.2,26.3,2025,9,22,9,265,Monsoon,0
2025-09-22 10:00:00,34.1,44,36.8,0.0,0,12.2,33.5,2025,9,22,10,265,Monsoon,0
2025-09-22 11:00:00,35.3,39,38.2,0.0,0,12.8,35.6,2025,9,22,11,265,Monsoon,0
2025-09-22 12:00:00,36.4,34,38.6,0.0,10,14.1,38.2,2025,9,22,12,265,Monsoon,0
2025-09-22 13:00:00,36.9,31,38.2,0.0,4,15.7,40.7,2025,9,22,13,265,Monsoon,0
2025-09-22 14:00:00,36.8,31,37.6,0.0,7,16.0,41.4,2025,9,22,14,265,Monsoon,0
2025-09-22 15:00:00,36.6,31,36.7,0.0,7,15.6,41.0,2025,9,22,15,265,Monsoon,0
2025-09-22 16:00:00,35.5,36,36.1,0.0,10,15.9,39.2,2025,9,22,16,265,Monsoon,0
2025-09-22 17:00:00,34.5,39,35.4,0.0,3,15.3,38.2,2025,9,22,17,265,Monsoon,0
2025-09-22 18:00:00,34.0,39,35.1,0.0,3,12.6,34.9,2025,9,22,18,265,Monsoon,0
2025-09-22 19:00:00,33.0,43,34.6,0.0,3,11.1,28.1,2025,9,22,19,265,Monsoon,0
2025-09-22 20:00:00,32.1,46,33.9,0.0,1,10.8,25.2,2025,9,22,20,265,Monsoon,0
2025-09-22 21:00:00,31.2,50,33.3,0.0,0,10.2,23.4,2025,9,22,21,265,Monsoon,0
2025-09-22 22:00:00,30.6,51,32.6,0.0,0,9.9,21.6,2025,9,22,22,265,Monsoon,0
2025-09-22 23:00:00,30.2,51,32.3,0.0,0,8.6,20.5,2025,9,22,23,265,Monsoon,0
2025-09-23 00:00:00,29.9,52,32.1,0.0,0,7.1,17.3,2025,9,23,0,266,Monsoon,0
2025-09-23 01:00:00,28.9,55,31.1,0.0,0,6.8,14.4,2025,9,23,1,266,Monsoon,0
2025-09-23 02:00:00,27.8,58,30.1,0.0,0,6.2,14.8,2025,9,23,2,266,Monsoon,0
2025-09-23 03:00:00,27.0,61,29.4,0.0,0,6.3,13.0,2025,9,23,3,266,Monsoon,0
2025-09-23 04:00:00,26.5,63,28.8,0.0,0,6.8,14.0,2025,9,23,4,266,Monsoon,0
2025-09-23 05:00:00,26.1,65,28.4,0.0,0,7.5,15.1,2025,9,23,5,266,Monsoon,0
2025-09-23 06:00:00,27.0,71,30.5,0.0,0,7.4,14.8,2025,9,23,6,266,Monsoon,0
2025-09-23 07:00:00,27.8,68,31.1,0.0,0,7.6,18.0,2025,9,23,7,266,Monsoon,0
2025-09-23 08:00:00,29.8,57,32.6,0.0,0,8.7,23.0,2025,9,23,8,266,Monsoon,0
2025-09-23 09:00:00,32.0,50,34.3,0.0,0,11.6,30.2,2025,9,23,9,266,Monsoon,0
2025-09-23 10:00:00,33.9,46,36.5,0.0,0,13.7,35.6,2025,9,23,10,266,Monsoon,0
2025-09-23 11:00:00,35.4,38,37.7,0.0,8,15.1,39.2,2025,9,23,11,266,Monsoon,0
2025-09-23 12:00:00,36.4,34,38.2,0.0,8,15.4,40.0,2025,9,23,12,266,Monsoon,0
2025-09-23 13:00:00,36.7,33,38.1,0.0,40,16.2,41.4,2025,9,23,13,266,Monsoon,0
2025-09-23 14:00:00,36.6,33,37.5,0.0,4,16.7,42.5,2025,9,23,14,266,Monsoon,0
2025-09-23 15:00:00,36.1,33,36.3,0.0,1,15.8,41.8,2025,9,23,15,266,Monsoon,0
2025-09-23 16:00:00,35.2,35,35.5,0.0,0,15.7,39.6,2025,9,23,16,266,Monsoon,0
2025-09-23 17:00:00,34.2,36,34.6,0.0,0,14.5,37.8,2025,9,23,17,266,Monsoon,0
2025-09-23 18:00:00,33.2,38,33.7,0.0,3,12.9,36.7,2025,9,23,18,266,Monsoon,0
2025-09-23 19:00:00,32.6,39,33.3,0.0,3,11.5,28.4,2025,9,23,19,266,Monsoon,0
2025-09-23 20:00:00,32.2,39,33.1,0.0,1,9.7,24.8,2025,9,23,20,266,Monsoon,0
2025-09-23 21:00:00,31.5,41,32.8,0.0,1,7.3,20.2,2025,9,23,21,266,Monsoon,0
2025-09-23 22:00:00,30.9,44,32.5,0.0,1,6.7,14.8,2025,9,23,22,266,Monsoon,0
2025-09-23 23:00:00,29.6,49,31.3,0.0,1,7.1,14.8,2025,9,23,23,266,Monsoon,0
2025-09-24 00:00:00,28.4,55,30.5,0.0,0,7.5,16.6,2025,9,24,0,267,Monsoon,0
2025-09-24 01:00:00,27.9,58,30.1,0.0,0,7.0,15.8,2025,9,24,1,267,Monsoon,0
2025-09-24 02:00:00,27.3,60,29.5,0.0,0,7.2,15.1,2025,9,24,2,267,Monsoon,0
2025-09-24 03:00:00,26.7,61,28.8,0.0,0,7.0,15.1,2025,9,24,3,267,Monsoon,0
2025-09-24 04:00:00,26.3,61,28.2,0.0,0,7.0,14.8,2025,9,24,4,267,Monsoon,0
2025-09-24 05:00:00,25.8,62,27.6,0.0,0,6.9,14.4,2025,9,24,5,267,Monsoon,0
2025-09-24 06:00:00,26.3,68,28.6,0.0,0,10.1,21.2,2025,9,24,6,267,Monsoon,0
2025-09-24 07:00:00,27.2,63,29.6,0.0,0,8.6,22.0,2025,9,24,7,267,Monsoon,0
2025-09-24 08:00:00,29.1,58,31.3,0.0,0,10.6,26.3,2025,9,24,8,267,Monsoon,0
2025-09-24 09:00:00,31.1,52,33.3,0.0,0,12.2,32.0,2025,9,24,9,267,Monsoon,0
2025-09-24 10:00:00,33.0,47,35.3,0.0,0,14.7,37.8,2025,9,24,10,267,Monsoon,0
2025-09-24 11:00:00,34.6,39,36.5,0.0,0,15.6,40.3,2025,9,24,11,267,Monsoon,0
2025-09-24 12:00:00,35.5,34,37.3,0.0,0,15.1,40.7,2025,9,24,12,267,Monsoon,0
2025-09-24 13:00:00,36.0,33,37.6,0.0,0,15.0,40.0,2025,9,24,13,267,Monsoon,0
2025-09-24 14:00:00,36.1,32,37.0,0.0,0,14.8,39.6,2025,9,24,14,267,Monsoon,0
2025-09-24 15:00:00,35.7,32,36.0,0.0,0,14.1,38.5,2025,9,24,15,267,Monsoon,0
2025-09-24 16:00:00,35.0,34,35.4,0.0,0,13.8,36.4,2025,9,24,16,267,Monsoon,0
2025-09-24 17:00:00,33.7,39,34.6,0.0,0,12.7,33.8,2025,9,24,17,267,Monsoon,0
2025-09-24 18:00:00,33.1,44,35.1,0.0,0,9.5,28.4,2025,9,24,18,267,Monsoon,0
2025-09-24 19:00:00,32.5,46,35.2,0.0,0,6.5,20.2,2025,9,24,19,267,Monsoon,0
2025-09-24 20:00:00,32.0,48,34.9,0.0,0,5.5,13.3,2025,9,24,20,267,Monsoon,0
2025-09-24 21:00:00,31.2,51,34.2,0.0,0,5.1,11.2,2025,9,24,21,267,Monsoon,0
2025-09-24 22:00:00,30.3,55,33.7,0.0,0,3.8,10.1,2025,9,24,22,267,Monsoon,0
2025-09-24 23:00:00,29.4,59,32.5,0.0,0,6.5,13.3,2025,9,24,23,267,Monsoon,0
2025-09-25 00:00:00,28.5,63,31.9,0.0,0,6.3,14.4,2025,9,25,0,268,Monsoon,0
2025-09-25 01:00:00,28.0,66,31.5,0.0,0,5.5,13.0,2025,9,25,1,268,Monsoon,0
2025-09-25 02:00:00,27.5,67,31.2,0.0,0,4.4,11.5,2025,9,25,2,268,Monsoon,0
2025-09-25 03:00:00,27.0,69,30.7,0.0,0,4.0,9.0,2025,9,25,3,268,Monsoon,0
2025-09-25 04:00:00,26.4,72,30.0,0.0,0,5.2,10.4,2025,9,25,4,268,Monsoon,0
2025-09-25 05:00:00,25.9,74,29.2,0.0,0,6.5,13.0,2025,9,25,5,268,Monsoon,0
2025-09-25 06:00:00,26.0,75,29.1,0.0,0,8.9,18.7,2025,9,25,6,268,Monsoon,0
2025-09-25 07:00:00,27.0,68,29.9,0.0,0,8.0,18.7,2025,9,25,7,268,Monsoon,0
2025-09-25 08:00:00,29.2,57,31.9,0.0,0,7.6,20.9,2025,9,25,8,268,Monsoon,0
2025-09-25 09:00:00,31.7,48,33.7,0.0,0,10.0,27.4,2025,9,25,9,268,Monsoon,0
2025-09-25 10:00:00,33.7,41,35.6,0.0,0,11.9,32.8,2025,9,25,10,268,Monsoon,0
2025-09-25 11:00:00,35.0,36,37.0,0.0,0,12.9,35.3,2025,9,25,11,268,Monsoon,0
2025-09-25 12:00:00,35.8,34,38.0,0.0,0,12.8,35.6,2025,9,25,12,268,Monsoon,0
2025-09-25 13:00:00,36.1,34,38.2,0.0,0,13.1,36.0,2025,9,25,13,268,Monsoon,0
2025-09-25 14:00:00,36.2,33,37.7,0.0,0,13.5,36.0,2025,9,25,14,268,Monsoon,0
2025-09-25 15:00:00,35.9,33,36.6,0.0,0,13.4,36.0,2025,9,25,15,268,Monsoon,0
2025-09-25 16:00:00,35.1,36,35.9,0.0,0,13.0,34.9,2025,9,25,16,268,Monsoon,0
2025-09-25 17:00:00,33.8,41,35.1,0.0,0,12.8,32.8,2025,9,25,17,268,Monsoon,0
2025-09-25 18:00:00,33.0,44,34.9,0.0,0,9.9,27.4,2025,9,25,18,268,Monsoon,0
2025-09-25 19:00:00,32.4,46,34.9,0.0,0,7.2,21.2,2025,9,25,19,268,Monsoon,0
2025-09-25 20:00:00,31.7,50,34.4,0.0,0,6.9,15.1,2025,9,25,20,268,Monsoon,0
2025-09-25 21:00:00,31.0,51,33.9,0.0,0,5.4,14.4,2025,9,25,21,268,Monsoon,0
2025-09-25 22:00:00,30.4,52,33.1,0.0,0,5.6,11.2,2025,9,25,22,268,Monsoon,0
2025-09-25 23:00:00,29.9,53,32.5,0.0,0,6.0,11.9,2025,9,25,23,268,Monsoon,0
2025-09-26 00:00:00,29.3,54,32.0,0.0,0,5.1,11.9,2025,9,26,0,269,Monsoon,0
2025-09-26 01:00:00,28.5,57,31.3,0.0,0,4.6,10.4,2025,9,26,1,269,Monsoon,0
2025-09-26 02:00:00,27.6,61,30.4,0.0,0,4.9,10.1,2025,9,26,2,269,Monsoon,0
2025-09-26 03:00:00,26.7,66,29.6,0.0,0,5.5,11.5,2025,9,26,3,269,Monsoon,0
2025-09-26 04:00:00,26.2,69,29.3,0.0,0,5.0,11.2,2025,9,26,4,269,Monsoon,0
2025-09-26 05:00:00,25.8,71,29.0,0.0,0,4.9,10.4,2025,9,26,5,269,Monsoon,0
2025-09-26 06:00:00,26.7,76,30.6,0.0,0,6.7,14.0,2025,9,26,6,269,Monsoon,0
2025-09-26 07:00:00,27.7,72,31.8,0.0,0,5.7,14.0,2025,9,26,7,269,Monsoon,0
2025-09-26 08:00:00,29.8,62,33.7,0.0,0,6.5,19.4,2025,9,26,8,269,Monsoon,0
2025-09-26 09:00:00,32.5,50,35.4,0.0,0,9.8,26.3,2025,9,26,9,269,Monsoon,0
2025-09-26 10:00:00,34.4,40,36.2,0.0,0,14.0,36.4,2025,9,26,10,269,Monsoon,0
2025-09-26 11:00:00,35.6,36,37.6,0.0,0,13.9,37.4,2025,9,26,11,269,Monsoon,0
2025-09-26 12:00:00,36.4,33,38.6,0.0,0,13.0,37.1,2025,9,26,12,269,Monsoon,0
2025-09-26 13:00:00,36.9,31,38.9,0.0,0,13.1,35.6,2025,9,26,13,269,Monsoon,0
2025-09-26 14:00:00,37.0,30,38.2,0.0,0,13.5,36.0,2025,9,26,14,269,Monsoon,0
2025-09-26 15:00:00,36.6,32,37.2,0.0,0,13.5,36.0,2025,9,26,15,269,Monsoon,0
2025-09-26 16:00:00,35.4,39,37.0,0.0,0,13.4,34.9,2025,9,26,16,269,Monsoon,0
2025-09-26 17:00:00,34.2,45,36.4,0.0,0,12.5,32.8,2025,9,26,17,269,Monsoon,0
2025-09-26 18:00:00,33.5,49,36.6,0.0,0,10.0,28.1,2025,9,26,18,269,Monsoon,0
2025-09-26 19:00:00,33.0,51,36.7,0.0,0,6.9,21.6,2025,9,26,19,269,Monsoon,0
2025-09-26 20:00:00,32.3,55,36.5,0.0,0,5.6,14.4,2025,9,26,20,269,Monsoon,0
2025-09-26 21:00:00,31.6,58,35.8,0.0,0,5.4,11.9,2025,9,26,21,269,Monsoon,0
2025-09-26 22:00:00,31.0,59,35.1,0.0,0,5.3,11.2,2025,9,26,22,269,Monsoon,0
2025-09-26 23:00:00,30.4,59,34.2,0.0,0,5.6,11.9,2025,9,26,23,269,Monsoon,0
2025-09-27 00:00:00,29.6,61,33.4,0.0,0,4.6,11.5,2025,9,27,0,270,Monsoon,0
2025-09-27 01:00:00,29.1,62,32.9,0.0,0,4.3,9.0,2025,9,27,1,270,Monsoon,0
2025-09-27 02:00:00,28.7,63,32.4,0.0,0,4.3,9.0,2025,9,27,2,270,Monsoon,0
2025-09-27 03:00:00,28.2,65,31.9,0.0,0,4.1,8.3,2025,9,27,3,270,Monsoon,0
2025-09-27 04:00:00,27.8,67,31.4,0.0,0,5.1,10.1,2025,9,27,4,270,Monsoon,0
2025-09-27 05:00:00,27.2,70,30.9,0.0,0,5.0,10.8,2025,9,27,5,270,Monsoon,0
2025-09-27 06:00:00,28.1,73,32.8,0.0,1,4.3,9.0,2025,9,27,6,270,Monsoon,0
2025-09-27 07:00:00,29.1,69,33.9,0.0,10,3.9,10.8,2025,9,27,7,270,Monsoon,0
2025-09-27 08:00:00,31.3,60,36.1,0.0,7,3.3,13.3,2025,9,27,8,270,Monsoon,0
2025-09-27 09:00:00,33.4,51,37.6,0.0,27,3.7,16.2,2025,9,27,9,270,Monsoon,0
2025-09-27 10:00:00,35.0,44,39.4,0.0,46,3.5,17.3,2025,9,27,10,270,Monsoon,0
2025-09-27 11:00:00,36.5,39,41.2,0.0,10,3.3,17.6,2025,9,27,11,270,Monsoon,0
2025-09-27 12:00:00,37.7,35,42.3,0.0,0,3.8,18.7,2025,9,27,12,270,Monsoon,0
2025-09-27 13:00:00,38.6,33,42.7,0.0,10,4.7,20.2,2025,9,27,13,270,Monsoon,0
2025-09-27 14:00:00,38.7,32,41.9,0.0,25,6.1,21.6,2025,9,27,14,270,Monsoon,0
2025-09-27 15:00:00,37.3,35,40.1,0.0,45,3.3,22.3,2025,9,27,15,270,Monsoon,0
2025-09-27 16:00:00,36.0,38,39.0,0.0,46,4.2,17.3,2025,9,27,16,270,Monsoon,0
2025-09-27 17:00:00,34.9,45,38.6,0.0,10,4.4,16.9,2025,9,27,17,270,Monsoon,0
2025-09-27 18:00:00,34.5,45,38.2,0.1,20,3.6,16.9,2025,9,27,18,270,Monsoon,1
2025-09-27 19:00:00,33.4,53,38.1,0.0,48,2.7,8.3,2025,9,27,19,270,Monsoon,0
2025-09-27 20:00:00,33.0,56,38.3,0.0,51,1.0,4.7,2025,9,27,20,270,Monsoon,0
2025-09-27 21:00:00,32.0,60,37.3,0.0,67,2.6,6.5,2025,9,27,21,270,Monsoon,0
2025-09-27 22:00:00,31.3,65,36.9,0.0,5,3.1,7.2,2025,9,27,22,270,Monsoon,0
2025-09-27 23:00:00,30.8,69,36.7,0.0,7,3.6,7.2,2025,9,27,23,270,Monsoon,0
2025-09-28 00:00:00,30.4,71,36.3,0.0,19,3.4,7.2,2025,9,28,0,271,Monsoon,0
2025-09-28 01:00:00,30.1,71,35.6,0.0,31,4.1,8.3,2025,9,28,1,271,Monsoon,0
2025-09-28 02:00:00,29.6,72,34.9,0.0,3,5.0,9.7,2025,9,28,2,271,Monsoon,0
2025-09-28 03:00:00,29.0,74,34.1,0.0,5,6.3,12.2,2025,9,28,3,271,Monsoon,0
2025-09-28 04:00:00,28.6,76,33.5,0.0,1,7.7,15.5,2025,9,28,4,271,Monsoon,0
2025-09-28 05:00:00,28.3,77,33.3,0.0,7,7.1,16.6,2025,9,28,5,271,Monsoon,0
2025-09-28 06:00:00,29.3,75,34.5,0.0,1,7.8,16.2,2025,9,28,6,271,Monsoon,0
2025-09-28 07:00:00,30.0,71,35.2,0.0,0,7.0,16.6,2025,9,28,7,271,Monsoon,0
2025-09-28 08:00:00,31.2,66,35.8,0.0,1,10.0,25.6,2025,9,28,8,271,Monsoon,0
2025-09-28 09:00:00,32.6,59,36.8,0.0,0,10.8,28.8,2025,9,28,9,271,Monsoon,0
2025-09-28 10:00:00,34.2,50,37.8,0.0,10,12.4,36.4,2025,9,28,10,271,Monsoon,0
2025-09-28 11:00:00,35.4,43,38.6,0.0,6,13.5,38.9,2025,9,28,11,271,Monsoon,0
2025-09-28 12:00:00,36.0,41,39.3,0.0,18,13.3,38.2,2025,9,28,12,271,Monsoon,0
2025-09-28 13:00:00,36.3,42,40.0,0.0,9,11.9,37.4,2025,9,28,13,271,Monsoon,0
2025-09-28 14:00:00,36.5,41,39.8,0.0,13,11.3,34.2,2025,9,28,14,271,Monsoon,0
2025-09-28 15:00:00,36.3,42,39.2,0.0,15,10.4,31.0,2025,9,28,15,271,Monsoon,0
2025-09-28 16:00:00,35.7,44,38.9,0.0,12,9.6,28.4,2025,9,28,16,271,Monsoon,0
2025-09-28 17:00:00,34.7,48,38.2,0.0,7,9.7,25.2,2025,9,28,17,271,Monsoon,0
2025-09-28 18:00:00,33.4,55,37.7,0.0,8,9.0,23.0,2025,9,28,18,271,Monsoon,0
2025-09-28 19:00:00,32.8,58,37.3,0.0,3,8.5,20.5,2025,9,28,19,271,Monsoon,0
2025-09-28 20:00:00,32.5,59,37.1,0.0,2,7.8,18.7,2025,9,28,20,271,Monsoon,0
2025-09-28 21:00:00,32.0,62,36.9,0.0,2,7.3,15.8,2025,9,28,21,271,Monsoon,0
2025-09-28 22:00:00,31.2,66,36.2,0.0,1,7.9,16.2,2025,9,28,22,271,Monsoon,0
2025-09-28 23:00:00,30.5,70,35.7,0.0,0,6.8,16.2,2025,9,28,23,271,Monsoon,0
2025-09-29 00:00:00,29.9,73,35.3,0.0,0,6.2,14.0,2025,9,29,0,272,Monsoon,0
2025-09-29 01:00:00,29.4,74,34.7,0.0,0,6.8,13.7,2025,9,29,1,272,Monsoon,0
2025-09-29 02:00:00,28.9,76,34.1,0.0,0,6.7,14.4,2025,9,29,2,272,Monsoon,0
2025-09-29 03:00:00,28.5,78,33.7,0.0,0,6.5,14.0,2025,9,29,3,272,Monsoon,0
2025-09-29 04:00:00,28.1,79,33.3,0.0,0,6.8,13.7,2025,9,29,4,272,Monsoon,0
2025-09-29 05:00:00,27.8,81,33.0,0.0,0,6.9,14.0,2025,9,29,5,272,Monsoon,0
2025-09-29 06:00:00,28.3,76,33.2,0.0,4,5.7,13.0,2025,9,29,6,272,Monsoon,0
2025-09-29 07:00:00,29.0,74,34.2,0.0,4,5.7,15.5,2025,9,29,7,272,Monsoon,0
2025-09-29 08:00:00,30.6,68,35.6,0.0,3,7.3,20.5,2025,9,29,8,272,Monsoon,0
2025-09-29 09:00:00,32.4,58,36.5,0.0,1,8.4,24.8,2025,9,29,9,272,Monsoon,0
2025-09-29 10:00:00,33.7,51,37.7,0.0,14,8.6,28.4,2025,9,29,10,272,Monsoon,0
2025-09-29 11:00:00,34.8,45,38.8,0.0,22,8.1,26.6,2025,9,29,11,272,Monsoon,0
2025-09-29 12:00:00,35.5,41,39.3,0.0,26,7.4,25.9,2025,9,29,12,272,Monsoon,0
2025-09-29 13:00:00,36.1,40,40.1,0.0,21,6.1,25.2,2025,9,29,13,272,Monsoon,0
2025-09-29 14:00:00,36.2,39,39.8,0.0,16,5.8,22.3,2025,9,29,14,272,Monsoon,0
2025-09-29 15:00:00,36.3,39,39.4,0.0,11,5.6,21.6,2025,9,29,15,272,Monsoon,0
2025-09-29 16:00:00,35.9,39,38.6,0.1,37,6.5,19.8,2025,9,29,16,272,Monsoon,1
2025-09-29 17:00:00,34.7,43,37.7,0.1,23,6.4,19.8,2025,9,29,17,272,Monsoon,1
2025-09-29 18:00:00,34.0,46,37.1,0.0,21,7.4,16.2,2025,9,29,18,272,Monsoon,0
2025-09-29 19:00:00,33.1,49,36.3,0.0,9,7.8,18.7,2025,9,29,19,272,Monsoon,0
2025-09-29 20:00:00,32.3,52,35.9,0.0,18,5.5,16.9,2025,9,29,20,272,Monsoon,0
2025-09-29 21:00:00,31.9,55,35.9,0.0,0,4.5,11.5,2025,9,29,21,272,Monsoon,0
2025-09-29 22:00:00,31.3,58,35.5,0.0,3,4.8,9.4,2025,9,29,22,272,Monsoon,0
2025-09-29 23:00:00,30.2,65,34.8,0.0,2,5.2,13.0,2025,9,29,23,272,Monsoon,0
2025-09-30 00:00:00,29.4,71,34.7,0.0,6,3.4,11.2,2025,9,30,0,273,Monsoon,0
2025-09-30 01:00:00,28.8,74,34.5,0.0,0,1.6,8.3,2025,9,30,1,273,Monsoon,0
2025-09-30 02:00:00,28.6,75,34.2,0.0,1,2.4,6.1,2025,9,30,2,273,Monsoon,0
2025-09-30 03:00:00,26.6,83,30.4,4.4,50,14.0,22.7,2025,9,30,3,273,Monsoon,1
2025-09-30 04:00:00,24.4,93,29.0,3.6,89,6.7,34.2,2025,9,30,4,273,Monsoon,1
2025-09-30 05:00:00,24.6,92,29.3,0.0,83,6.3,15.5,2025,9,30,5,273,Monsoon,0
2025-09-30 06:00:00,27.3,81,32.9,0.0,28,1.8,24.8,2025,9,30,6,273,Monsoon,0
2025-09-30 07:00:00,28.2,77,33.7,0.0,100,2.9,10.8,2025,9,30,7,273,Monsoon,0
2025-09-30 08:00:00,29.7,71,35.5,0.0,33,0.7,10.8,2025,9,30,8,273,Monsoon,0
2025-09-30 09:00:00,31.9,60,37.1,0.0,69,2.7,14.8,2025,9,30,9,273,Monsoon,0
2025-09-30 10:00:00,33.4,52,38.2,0.0,98,3.4,18.7,2025,9,30,10,273,Monsoon,0
2025-09-30 11:00:00,34.4,47,39.0,0.0,100,3.5,19.1,2025,9,30,11,273,Monsoon,0
2025-09-30 12:00:00,34.8,45,38.6,0.0,100,5.2,20.2,2025,9,30,12,273,Monsoon,0
2025-09-30 13:00:00,34.4,46,38.0,0.0,99,4.5,20.2,2025,9,30,13,273,Monsoon,0
2025-09-30 14:00:00,34.4,45,38.5,0.0,96,1.3,18.0,2025,9,30,14,273,Monsoon,0
2025-09-30 15:00:00,33.6,47,37.4,0.0,98,2.2,13.3,2025,9,30,15,273,Monsoon,0
2025-09-30 16:00:00,33.3,48,37.1,0.0,87,3.2,14.0,2025,9,30,16,273,Monsoon,0
2025-09-30 17:00:00,33.0,49,36.8,0.0,99,3.4,13.3,2025,9,30,17,273,Monsoon,0
2025-09-30 18:00:00,32.5,52,36.2,0.0,99,5.8,14.8,2025,9,30,18,273,Monsoon,0
2025-09-30 19:00:00,31.8,56,35.9,0.0,44,5.2,15.1,2025,9,30,19,273,Monsoon,0
2025-09-30 20:00:00,31.1,61,35.6,0.0,91,4.8,12.2,2025,9,30,20,273,Monsoon,0
2025-09-30 21:00:00,30.3,66,35.1,0.0,89,5.6,11.9,2025,9,30,21,273,Monsoon,0
2025-09-30 22:00:00,29.8,69,34.7,0.0,41,5.6,11.2,2025,9,30,22,273,Monsoon,0
2025-09-30 23:00:00,29.2,71,33.9,0.0,72,7.2,14.0,2025,9,30,23,273,Monsoon,0
2025-10-01 00:00:00,28.8,72,33.4,0.0,54,7.0,13.7,2025,10,1,0,274,Post-Monsoon,0
2025-10-01 01:00:00,28.5,73,33.0,0.0,100,6.5,13.3,2025,10,1,1,274,Post-Monsoon,0
2025-10-01 02:00:00,28.0,74,32.5,0.0,0,6.6,13.7,2025,10,1,2,274,Post-Monsoon,0
2025-10-01 03:00:00,27.5,76,31.9,0.0,16,7.0,14.8,2025,10,1,3,274,Post-Monsoon,0
2025-10-01 04:00:00,27.1,78,31.7,0.0,19,5.5,14.4,2025,10,1,4,274,Post-Monsoon,0
2025-10-01 05:00:00,24.6,93,29.2,0.0,98,7.7,11.2,2025,10,1,5,274,Post-Monsoon,0
2025-10-01 06:00:00,24.5,91,29.5,0.0,15,3.2,15.8,2025,10,1,6,274,Post-Monsoon,0
2025-10-01 07:00:00,25.3,88,30.7,0.0,7,1.4,7.9,2025,10,1,7,274,Post-Monsoon,0
2025-10-01 08:00:00,27.0,81,32.5,0.0,14,1.0,9.0,2025,10,1,8,274,Post-Monsoon,0
2025-10-01 09:00:00,28.5,72,33.6,0.0,20,2.2,13.3,2025,10,1,9,274,Post-Monsoon,0
2025-10-01 10:00:00,29.9,65,34.8,0.0,9,1.9,14.0,2025,10,1,10,274,Post-Monsoon,0
2025-10-01 11:00:00,30.7,63,36.6,0.0,31,3.1,15.5,2025,10,1,11,274,Post-Monsoon,0
2025-10-01 12:00:00,32.1,58,38.4,0.1,34,1.7,16.6,2025,10,1,12,274,Post-Monsoon,1
2025-10-01 13:00:00,32.7,53,38.6,0.1,94,0.3,15.8,2025,10,1,13,274,Post-Monsoon,1
2025-10-01 14:00:00,33.5,49,38.1,0.0,35,1.2,13.7,2025,10,1,14,274,Post-Monsoon,0
2025-10-01 15:00:00,28.5,75,32.3,2.6,63,13.7,31.3,2025,10,1,15,274,Post-Monsoon,1
2025-10-01 16:00:00,27.9,76,33.2,0.0,30,2.2,33.1,2025,10,1,16,274,Post-Monsoon,0
2025-10-01 17:00:00,27.8,74,32.6,0.0,49,3.8,10.8,2025,10,1,17,274,Post-Monsoon,0
2025-10-01 18:00:00,28.2,74,33.4,0.0,29,1.9,11.9,2025,10,1,18,274,Post-Monsoon,0
2025-10-01 19:00:00,28.2,77,33.4,0.0,19,4.3,10.1,2025,10,1,19,274,Post-Monsoon,0
2025-10-01 20:00:00,28.0,79,33.7,0.0,13,2.7,9.4,2025,10,1,20,274,Post-Monsoon,0
2025-10-01 21:00:00,27.9,80,33.8,0.0,9,2.3,5.8,2025,10,1,21,274,Post-Monsoon,0
2025-10-01 22:00:00,27.7,79,32.6,0.0,4,6.3,11.9,2025,10,1,22,274,Post-Monsoon,0
2025-10-01 23:00:00,26.4,83,30.8,0.0,14,8.5,14.0,2025,10,1,23,274,Post-Monsoon,0
2025-10-02 00:00:00,26.6,83,31.3,0.0,7,8.0,18.0,2025,10,2,0,275,Post-Monsoon,0
2025-10-02 01:00:00,26.5,82,31.3,0.0,9,5.6,16.9,2025,10,2,1,275,Post-Monsoon,0
2025-10-02 02:00:00,26.3,84,31.5,0.0,6,3.3,11.2,2025,10,2,2,275,Post-Monsoon,0
2025-10-02 03:00:00,26.2,85,31.6,0.0,15,2.3,6.1,2025,10,2,3,275,Post-Monsoon,0
2025-10-02 04:00:00,25.3,85,29.3,0.1,43,9.1,21.2,2025,10,2,4,275,Post-Monsoon,1
2025-10-02 05:00:00,24.4,90,29.3,0.0,22,2.6,27.7,2025,10,2,5,275,Post-Monsoon,0
2025-10-02 06:00:00,25.1,87,30.1,0.0,7,2.4,7.2,2025,10,2,6,275,Post-Monsoon,0
2025-10-02 07:00:00,26.4,80,31.3,0.0,2,2.2,11.9,2025,10,2,7,275,Post-Monsoon,0
2025-10-02 08:00:00,28.7,70,33.2,0.0,2,4.5,15.1,2025,10,2,8,275,Post-Monsoon,0
2025-10-02 09:00:00,30.3,63,34.9,0.0,1,4.1,17.3,2025,10,2,9,275,Post-Monsoon,0
2025-10-02 10:00:00,31.7,56,36.1,0.0,5,5.8,21.2,2025,10,2,10,275,Post-Monsoon,0
2025-10-02 11:00:00,31.1,56,35.6,0.0,55,6.4,25.6,2025,10,2,11,275,Post-Monsoon,0
2025-10-02 12:00:00,32.4,51,36.4,0.0,24,8.5,28.1,2025,10,2,12,275,Post-Monsoon,0
2025-10-02 13:00:00,32.3,52,36.3,0.2,57,7.2,26.6,2025,10,2,13,275,Post-Monsoon,1
2025-10-02 14:00:00,31.6,55,35.2,0.3,45,7.4,26.6,2025,10,2,14,275,Post-Monsoon,1
2025-10-02 15:00:00,31.9,54,35.6,0.0,30,5.4,23.8,2025,10,2,15,275,Post-Monsoon,0
2025-10-02 16:00:00,31.5,50,34.1,0.3,77,8.3,22.0,2025,10,2,16,275,Post-Monsoon,1
2025-10-02 17:00:00,28.8,73,33.6,0.1,39,6.2,22.7,2025,10,2,17,275,Post-Monsoon,1
2025-10-02 18:00:00,28.0,72,32.0,0.0,40,8.1,26.3,2025,10,2,18,275,Post-Monsoon,0
2025-10-02 19:00:00,27.7,73,32.3,0.0,96,3.6,18.4,2025,10,2,19,275,Post-Monsoon,0
2025-10-02 20:00:00,27.8,73,32.4,0.0,100,4.3,9.7,2025,10,2,20,275,Post-Monsoon,0
2025-10-02 21:00:00,27.7,75,32.1,0.0,75,6.5,13.3,2025,10,2,21,275,Post-Monsoon,0
2025-10-02 22:00:00,27.3,79,31.8,0.0,94,7.5,14.0,2025,10,2,22,275,Post-Monsoon,0
2025-10-02 23:00:00,27.2,87,32.6,0.0,7,8.0,14.0,2025,10,2,23,275,Post-Monsoon,0
2025-10-03 00:00:00,26.5,91,32.4,0.0,100,4.8,18.7,2025,10,3,0,276,Post-Monsoon,0
2025-10-03 01:00:00,26.4,90,32.1,0.0,43,5.3,13.3,2025,10,3,1,276,Post-Monsoon,0
2025-10-03 02:00:00,25.9,93,31.6,0.0,37,5.5,11.5,2025,10,3,2,276,Post-Monsoon,0
2025-10-03 03:00:00,25.4,94,30.5,0.0,16,7.6,15.8,2025,10,3,3,276,Post-Monsoon,0
2025-10-03 04:00:00,25.0,94,30.2,0.0,9,5.7,16.2,2025,10,3,4,276,Post-Monsoon,0
2025-10-03 05:00:00,25.0,94,30.1,0.0,0,6.3,11.2,2025,10,3,5,276,Post-Monsoon,0
2025-10-03 06:00:00,25.1,94,30.4,0.0,0,4.7,12.6,2025,10,3,6,276,Post-Monsoon,0
2025-10-03 07:00:00,25.8,89,31.1,0.0,2,4.3,12.2,2025,10,3,7,276,Post-Monsoon,0
2025-10-03 08:00:00,27.4,79,32.4,0.0,20,4.9,16.2,2025,10,3,8,276,Post-Monsoon,0
2025-10-03 09:00:00,29.1,68,33.5,0.0,22,5.2,18.7,2025,10,3,9,276,Post-Monsoon,0
2025-10-03 10:00:00,30.5,60,34.6,0.0,95,5.6,23.0,2025,10,3,10,276,Post-Monsoon,0
2025-10-03 11:00:00,31.1,56,35.5,0.0,58,6.0,24.1,2025,10,3,11,276,Post-Monsoon,0
2025-10-03 12:00:00,32.5,52,37.1,0.0,69,5.3,24.1,2025,10,3,12,276,Post-Monsoon,0
2025-10-03 13:00:00,33.2,49,37.7,0.0,54,4.7,23.4,2025,10,3,13,276,Post-Monsoon,0
2025-10-03 14:00:00,33.6,48,37.3,0.0,47,5.2,20.5,2025,10,3,14,276,Post-Monsoon,0
2025-10-03 15:00:00,33.5,47,36.8,0.0,22,6.8,21.6,2025,10,3,15,276,Post-Monsoon,0
2025-10-03 16:00:00,32.5,50,35.5,0.0,37,8.2,22.7,2025,10,3,16,276,Post-Monsoon,0
2025-10-03 17:00:00,31.6,55,35.4,0.0,40,4.9,23.4,2025,10,3,17,276,Post-Monsoon,0
2025-10-03 18:00:00,31.1,57,35.1,0.0,12,4.8,13.0,2025,10,3,18,276,Post-Monsoon,0
2025-10-03 19:00:00,30.8,59,34.9,0.0,10,4.7,10.8,2025,10,3,19,276,Post-Monsoon,0
2025-10-03 20:00:00,30.3,63,34.6,0.0,86,4.8,9.4,2025,10,3,20,276,Post-Monsoon,0
2025-10-03 21:00:00,29.5,67,34.2,0.0,18,4.1,9.4,2025,10,3,21,276,Post-Monsoon,0
2025-10-03 22:00:00,28.8,73,34.1,0.0,86,2.4,7.6,2025,10,3,22,276,Post-Monsoon,0
2025-10-03 23:00:00,29.0,74,34.6,0.0,93,2.8,5.0,2025,10,3,23,276,Post-Monsoon,0
2025-10-04 00:00:00,29.0,74,34.5,0.0,91,3.4,8.3,2025,10,4,0,277,Post-Monsoon,0
2025-10-04 01:00:00,28.0,78,32.9,0.1,48,7.1,14.8,2025,10,4,1,277,Post-Monsoon,1
2025-10-04 02:00:00,27.0,83,32.4,0.0,100,3.7,15.5,2025,10,4,2,277,Post-Monsoon,0
2025-10-04 03:00:00,26.5,85,31.9,0.0,100,3.2,8.6,2025,10,4,3,277,Post-Monsoon,0
2025-10-04 04:00:00,26.3,86,31.9,0.0,98,2.0,7.6,2025,10,4,4,277,Post-Monsoon,0
2025-10-04 05:00:00,26.8,83,32.2,0.0,83,2.8,9.4,2025,10,4,5,277,Post-Monsoon,0
2025-10-04 06:00:00,27.0,81,32.2,0.0,2,3.0,7.9,2025,10,4,6,277,Post-Monsoon,0
2025-10-04 07:00:00,27.6,76,32.6,0.0,2,3.1,10.4,2025,10,4,7,277,Post-Monsoon,0
2025-10-04 08:00:00,29.5,64,33.7,0.0,0,3.7,14.4,2025,10,4,8,277,Post-Monsoon,0
2025-10-04 09:00:00,31.2,53,34.3,0.0,2,7.0,22.3,2025,10,4,9,277,Post-Monsoon,0
2025-10-04 10:00:00,32.6,47,35.3,0.0,1,9.0,27.7,2025,10,4,10,277,Post-Monsoon,0
2025-10-04 11:00:00,33.3,45,36.6,0.0,16,9.5,31.3,2025,10,4,11,277,Post-Monsoon,0
2025-10-04 12:00:00,34.2,40,36.8,0.0,13,10.7,31.0,2025,10,4,12,277,Post-Monsoon,0
2025-10-04 13:00:00,34.6,38,36.8,0.0,16,11.9,33.1,2025,10,4,13,277,Post-Monsoon,0
2025-10-04 14:00:00,34.6,37,35.9,0.0,16,12.2,34.2,2025,10,4,14,277,Post-Monsoon,0
2025-10-04 15:00:00,34.3,39,35.6,0.0,6,11.9,32.8,2025,10,4,15,277,Post-Monsoon,0
2025-10-04 16:00:00,33.6,42,35.0,0.0,16,12.2,31.3,2025,10,4,16,277,Post-Monsoon,0
2025-10-04 17:00:00,32.3,47,34.4,0.0,2,10.4,30.2,2025,10,4,17,277,Post-Monsoon,0
2025-10-04 18:00:00,31.3,52,34.1,0.0,0,7.5,23.8,2025,10,4,18,277,Post-Monsoon,0
2025-10-04 19:00:00,30.6,56,33.9,0.0,0,6.5,16.2,2025,10,4,19,277,Post-Monsoon,0
2025-10-04 20:00:00,30.3,57,33.7,0.0,0,6.1,13.7,2025,10,4,20,277,Post-Monsoon,0
2025-10-04 21:00:00,30.0,58,33.3,0.0,0,6.4,12.6,2025,10,4,21,277,Post-Monsoon,0
2025-10-04 22:00:00,29.1,62,32.5,0.0,0,6.5,13.3,2025,10,4,22,277,Post-Monsoon,0
2025-10-04 23:00:00,28.3,65,31.7,0.0,0,6.5,13.3,2025,10,4,23,277,Post-Monsoon,0
2025-10-05 00:00:00,27.6,67,31.0,0.0,0,6.7,14.0,2025,10,5,0,278,Post-Monsoon,0
2025-10-05 01:00:00,27.0,69,30.3,0.0,0,6.8,13.7,2025,10,5,1,278,Post-Monsoon,0
2025-10-05 02:00:00,26.4,70,29.5,0.0,0,7.0,14.0,2025,10,5,2,278,Post-Monsoon,0
2025-10-05 03:00:00,25.7,73,28.9,0.0,0,6.5,14.0,2025,10,5,3,278,Post-Monsoon,0
2025-10-05 04:00:00,25.2,76,28.4,0.0,0,6.3,13.0,2025,10,5,4,278,Post-Monsoon,0
2025-10-05 05:00:00,25.4,85,29.5,0.0,0,8.3,15.5,2025,10,5,5,278,Post-Monsoon,0
2025-10-05 06:00:00,25.6,82,29.4,0.0,0,8.4,17.3,2025,10,5,6,278,Post-Monsoon,0
2025-10-05 07:00:00,26.5,75,30.2,0.0,0,7.2,18.0,2025,10,5,7,278,Post-Monsoon,0
2025-10-05 08:00:00,28.4,64,31.4,0.0,0,8.9,22.7,2025,10,5,8,278,Post-Monsoon,0
2025-10-05 09:00:00,30.4,58,33.1,0.0,0,12.5,31.0,2025,10,5,9,278,Post-Monsoon,0
2025-10-05 10:00:00,31.8,51,34.3,0.1,5,12.6,38.2,2025,10,5,10,278,Post-Monsoon,1
2025-10-05 11:00:00,31.0,50,33.9,0.0,34,9.7,33.5,2025,10,5,11,278,Post-Monsoon,0
2025-10-05 12:00:00,32.2,48,36.0,0.6,10,5.3,30.2,2025,10,5,12,278,Post-Monsoon,1
2025-10-05 13:00:00,33.4,42,36.6,0.0,20,5.5,19.8,2025,10,5,13,278,Post-Monsoon,0
2025-10-05 14:00:00,33.9,37,35.7,0.0,22,7.0,22.7,2025,10,5,14,278,Post-Monsoon,0
2025-10-05 15:00:00,33.7,38,35.2,0.0,8,7.8,22.7,2025,10,5,15,278,Post-Monsoon,0
2025-10-05 16:00:00,32.9,41,34.5,0.0,7,8.8,22.7,2025,10,5,16,278,Post-Monsoon,0
2025-10-05 17:00:00,32.4,44,34.5,0.0,9,7.3,22.7,2025,10,5,17,278,Post-Monsoon,0
2025-10-05 18:00:00,31.1,50,34.0,0.0,12,4.9,15.5,2025,10,5,18,278,Post-Monsoon,0
2025-10-05 19:00:00,30.4,57,34.2,0.0,6,3.3,10.4,2025,10,5,19,278,Post-Monsoon,0
2025-10-05 20:00:00,29.7,58,33.3,0.0,5,3.4,7.2,2025,10,5,20,278,Post-Monsoon,0
2025-10-05 21:00:00,28.9,60,32.3,0.0,5,4.4,9.7,2025,10,5,21,278,Post-Monsoon,0
2025-10-05 22:00:00,28.0,68,32.3,0.0,1,2.6,9.0,2025,10,5,22,278,Post-Monsoon,0
2025-10-05 23:00:00,23.7,82,25.6,0.0,91,14.0,8.3,2025,10,5,23,278,Post-Monsoon,0
2025-10-06 00:00:00,22.6,90,24.7,6.9,99,14.3,33.1,2025,10,6,0,279,Post-Monsoon,1
2025-10-06 01:00:00,22.8,91,26.4,0.0,70,6.2,28.1,2025,10,6,1,279,Post-Monsoon,0
2025-10-06 02:00:00,22.8,92,27.0,0.1,60,2.4,11.9,2025,10,6,2,279,Post-Monsoon,1
2025-10-06 03:00:00,22.9,91,27.4,0.2,91,0.2,11.5,2025,10,6,3,279,Post-Monsoon,1
2025-10-06 04:00:00,22.8,91,27.0,0.0,52,1.9,9.4,2025,10,6,4,279,Post-Monsoon,0
2025-10-06 05:00:00,24.2,83,28.4,0.0,0,1.4,13.7,2025,10,6,5,279,Post-Monsoon,0
2025-10-06 06:00:00,24.3,83,28.6,0.0,0,1.3,2.9,2025,10,6,6,279,Post-Monsoon,0
2025-10-06 07:00:00,25.0,76,28.9,0.0,92,1.7,6.8,2025,10,6,7,279,Post-Monsoon,0
2025-10-06 08:00:00,26.1,70,29.4,0.0,100,4.1,14.0,2025,10,6,8,279,Post-Monsoon,0
2025-10-06 09:00:00,26.1,70,29.5,0.0,99,3.5,14.4,2025,10,6,9,279,Post-Monsoon,0
2025-10-06 10:00:00,27.0,67,30.2,0.0,100,5.1,15.8,2025,10,6,10,279,Post-Monsoon,0
2025-10-06 11:00:00,29.2,52,30.9,0.0,100,9.3,18.4,2025,10,6,11,279,Post-Monsoon,0
2025-10-06 12:00:00,25.5,73,28.9,1.3,100,4.9,23.4,2025,10,6,12,279,Post-Monsoon,1
2025-10-06 13:00:00,24.8,81,28.3,1.8,100,7.1,17.3,2025,10,6,13,279,Post-Monsoon,1
2025-10-06 14:00:00,23.5,93,27.5,2.4,95,7.2,17.3,2025,10,6,14,279,Post-Monsoon,1
2025-10-06 15:00:00,24.5,86,28.2,0.7,100,7.8,19.8,2025,10,6,15,279,Post-Monsoon,1
2025-10-06 16:00:00,24.3,86,28.2,1.1,68,5.8,17.6,2025,10,6,16,279,Post-Monsoon,1
2025-10-06 17:00:00,23.6,90,27.1,0.1,15,9.5,21.6,2025,10,6,17,279,Post-Monsoon,1
2025-10-06 18:00:00,22.7,95,26.3,0.0,100,8.1,19.8,2025,10,6,18,279,Post-Monsoon,0
2025-10-06 19:00:00,22.7,94,26.1,0.0,100,8.5,17.3,2025,10,6,19,279,Post-Monsoon,0
2025-10-06 20:00:00,22.6,94,26.2,0.0,27,7.5,18.4,2025,10,6,20,279,Post-Monsoon,0
2025-10-06 21:00:00,22.4,96,25.9,0.0,100,8.4,16.9,2025,10,6,21,279,Post-Monsoon,0
2025-10-06 22:00:00,22.3,96,25.7,0.0,24,8.7,18.4,2025,10,6,22,279,Post-Monsoon,0
2025-10-06 23:00:00,22.6,96,26.6,0.0,97,6.6,18.0,2025,10,6,23,279,Post-Monsoon,0
2025-10-07 00:00:00,22.7,96,26.6,0.0,72,6.4,12.6,2025,10,7,0,280,Post-Monsoon,0
2025-10-07 01:00:00,22.1,97,26.6,0.0,34,1.5,12.6,2025,10,7,1,280,Post-Monsoon,0
2025-10-07 02:00:00,21.7,98,26.0,0.0,100,1.4,2.5,2025,10,7,2,280,Post-Monsoon,0
2025-10-07 03:00:00,22.1,98,26.1,0.0,100,5.0,10.1,2025,10,7,3,280,Post-Monsoon,0
2025-10-07 04:00:00,22.3,96,26.1,0.4,77,6.0,12.2,2025,10,7,4,280,Post-Monsoon,1
2025-10-07 05:00:00,22.1,97,25.8,0.0,80,7.2,13.7,2025,10,7,5,280,Post-Monsoon,0
2025-10-07 06:00:00,22.0,98,25.6,0.2,79,7.7,16.6,2025,10,7,6,280,Post-Monsoon,1
2025-10-07 07:00:00,22.5,92,25.8,0.5,83,7.9,16.6,2025,10,7,7,280,Post-Monsoon,1
2025-10-07 08:00:00,23.1,90,26.2,0.3,52,9.8,22.3,2025,10,7,8,280,Post-Monsoon,1
2025-10-07 09:00:00,24.3,85,27.8,0.1,23,8.5,24.8,2025,10,7,9,280,Post-Monsoon,1
2025-10-07 10:00:00,25.6,80,29.1,0.1,22,9.0,26.3,2025,10,7,10,280,Post-Monsoon,1
2025-10-07 11:00:00,26.9,68,30.2,0.1,42,6.6,29.2,2025,10,7,11,280,Post-Monsoon,1
2025-10-07 12:00:00,27.5,67,31.6,0.0,27,5.4,22.3,2025,10,7,12,280,Post-Monsoon,0
2025-10-07 13:00:00,28.2,65,32.7,0.0,15,4.4,20.9,2025,10,7,13,280,Post-Monsoon,0
2025-10-07 14:00:00,28.5,63,32.2,0.0,85,6.4,20.9,2025,10,7,14,280,Post-Monsoon,0
2025-10-07 15:00:00,26.3,71,29.1,0.8,38,9.6,24.5,2025,10,7,15,280,Post-Monsoon,1
2025-10-07 16:00:00,25.7,74,29.2,0.0,71,5.5,24.8,2025,10,7,16,280,Post-Monsoon,0
2025-10-07 17:00:00,22.3,83,24.7,2.5,70,6.9,20.5,2025,10,7,17,280,Post-Monsoon,1
2025-10-07 18:00:00,21.9,87,24.7,0.2,24,5.8,15.1,2025,10,7,18,280,Post-Monsoon,1
2025-10-07 19:00:00,21.4,92,23.9,0.0,3,9.5,20.2,2025,10,7,19,280,Post-Monsoon,0
2025-10-07 20:00:00,21.1,93,24.0,0.0,4,6.6,20.2,2025,10,7,20,280,Post-Monsoon,0
2025-10-07 21:00:00,21.0,95,24.0,0.0,10,6.1,12.6,2025,10,7,21,280,Post-Monsoon,0
2025-10-07 22:00:00,20.7,96,24.2,0.0,15,2.3,12.2,2025,10,7,22,280,Post-Monsoon,0
2025-10-07 23:00:00,21.0,98,24.8,0.0,27,3.2,11.5,2025,10,7,23,280,Post-Monsoon,0
2025-10-08 00:00:00,21.1,98,24.8,0.0,11,3.2,6.8,2025,10,8,0,281,Post-Monsoon,0
2025-10-08 01:00:00,21.1,97,24.7,0.0,15,3.8,10.1,2025,10,8,1,281,Post-Monsoon,0
2025-10-08 02:00:00,21.0,97,24.4,0.0,27,5.2,11.2,2025,10,8,2,281,Post-Monsoon,0
2025-10-08 03:00:00,20.8,98,23.7,0.0,91,7.6,15.8,2025,10,8,3,281,Post-Monsoon,0
2025-10-08 04:00:00,20.6,98,23.9,0.0,100,4.7,16.2,2025,10,8,4,281,Post-Monsoon,0
2025-10-08 05:00:00,20.4,99,23.8,0.0,97,3.7,13.0,2025,10,8,5,281,Post-Monsoon,0
2025-10-08 06:00:00,20.7,97,24.0,0.0,100,4.5,11.5,2025,10,8,6,281,Post-Monsoon,0
2025-10-08 07:00:00,21.3,94,24.5,0.0,79,5.0,13.0,2025,10,8,7,281,Post-Monsoon,0
2025-10-08 08:00:00,22.3,86,25.4,0.0,35,5.1,15.1,2025,10,8,8,281,Post-Monsoon,0
2025-10-08 09:00:00,23.2,84,26.3,0.0,48,5.9,18.7,2025,10,8,9,281,Post-Monsoon,0
2025-10-08 10:00:00,24.1,80,27.7,0.0,98,2.6,18.7,2025,10,8,10,281,Post-Monsoon,0
2025-10-08 11:00:00,24.9,76,28.9,0.0,92,1.5,15.8,2025,10,8,11,281,Post-Monsoon,0
2025-10-08 12:00:00,25.7,70,29.6,0.0,100,0.4,14.0,2025,10,8,12,281,Post-Monsoon,0
2025-10-08 13:00:00,25.7,67,28.7,0.0,100,2.8,13.0,2025,10,8,13,281,Post-Monsoon,0
2025-10-08 14:00:00,24.5,71,26.4,0.1,73,9.2,22.7,2025,10,8,14,281,Post-Monsoon,1
2025-10-08 15:00:00,23.6,77,25.9,0.1,9,7.7,28.1,2025,10,8,15,281,Post-Monsoon,1
2025-10-08 16:00:00,24.2,76,27.1,0.0,7,5.1,19.8,2025,10,8,16,281,Post-Monsoon,0
2025-10-08 17:00:00,24.0,81,27.4,0.0,20,4.5,13.7,2025,10,8,17,281,Post-Monsoon,0
2025-10-08 18:00:00,23.7,82,27.0,0.0,15,5.7,11.2,2025,10,8,18,281,Post-Monsoon,0
2025-10-08 19:00:00,23.4,82,26.5,0.0,8,5.5,12.6,2025,10,8,19,281,Post-Monsoon,0
2025-10-08 20:00:00,22.8,83,25.8,0.0,1,4.8,11.2,2025,10,8,20,281,Post-Monsoon,0
2025-10-08 21:00:00,22.0,86,25.0,0.0,0,3.9,9.4,2025,10,8,21,281,Post-Monsoon,0
2025-10-08 22:00:00,21.4,88,24.5,0.0,2,2.9,7.2,2025,10,8,22,281,Post-Monsoon,0
2025-10-08 23:00:00,21.8,89,25.1,0.0,12,4.0,5.0,2025,10,8,23,281,Post-Monsoon,0
2025-10-09 00:00:00,22.0,89,25.2,0.0,5,4.7,9.7,2025,10,9,0,282,Post-Monsoon,0
2025-10-09 01:00:00,21.7,91,24.8,0.0,2,5.6,11.5,2025,10,9,1,282,Post-Monsoon,0
2025-10-09 02:00:00,21.4,92,24.6,0.0,0,5.0,11.2,2025,10,9,2,282,Post-Monsoon,0
2025-10-09 03:00:00,21.1,93,24.2,0.0,0,4.4,9.7,2025,10,9,3,282,Post-Monsoon,0
2025-10-09 04:00:00,20.7,94,23.8,0.0,0,4.1,8.6,2025,10,9,4,282,Post-Monsoon,0
2025-10-09 05:00:00,20.6,92,23.4,0.0,6,4.7,9.4,2025,10,9,5,282,Post-Monsoon,0
2025-10-09 06:00:00,20.8,92,23.6,0.0,1,5.0,10.8,2025,10,9,6,282,Post-Monsoon,0
2025-10-09 07:00:00,21.4,91,24.4,0.0,0,5.6,13.7,2025,10,9,7,282,Post-Monsoon,0
2025-10-09 08:00:00,22.7,88,26.2,0.0,0,5.1,15.1,2025,10,9,8,282,Post-Monsoon,0
2025-10-09 09:00:00,24.2,83,27.5,0.1,24,7.4,19.4,2025,10,9,9,282,Post-Monsoon,1
2025-10-09 10:00:00,25.0,78,28.0,0.2,17,8.7,25.2,2025,10,9,10,282,Post-Monsoon,1
2025-10-09 11:00:00,26.4,68,29.6,0.1,13,8.7,23.0,2025,10,9,11,282,Post-Monsoon,1
2025-10-09 12:00:00,27.5,58,30.3,0.0,30,8.5,24.5,2025,10,9,12,282,Post-Monsoon,0
2025-10-09 13:00:00,28.2,50,30.2,0.0,13,7.7,23.4,2025,10,9,13,282,Post-Monsoon,0
2025-10-09 14:00:00,28.2,49,29.5,0.0,13,8.3,21.6,2025,10,9,14,282,Post-Monsoon,0
2025-10-09 15:00:00,28.0,49,28.9,0.0,5,8.4,21.6,2025,10,9,15,282,Post-Monsoon,0
2025-10-09 16:00:00,27.4,53,28.8,0.0,5,7.1,20.2,2025,10,9,16,282,Post-Monsoon,0
2025-10-09 17:00:00,26.3,61,28.2,0.0,11,6.8,16.2,2025,10,9,17,282,Post-Monsoon,0
2025-10-09 18:00:00,24.6,66,26.4,0.0,9,6.6,13.7,2025,10,9,18,282,Post-Monsoon,0
2025-10-09 19:00:00,23.8,68,25.4,0.0,2,7.5,14.4,2025,10,9,19,282,Post-Monsoon,0
2025-10-09 20:00:00,23.1,69,24.4,0.0,0,8.6,17.3,2025,10,9,20,282,Post-Monsoon,0
2025-10-09 21:00:00,22.5,70,23.6,0.0,0,8.6,17.3,2025,10,9,21,282,Post-Monsoon,0
2025-10-09 22:00:00,21.8,73,23.0,0.0,0,7.8,17.3,2025,10,9,22,282,Post-Monsoon,0
2025-10-09 23:00:00,21.8,79,23.4,0.0,0,7.9,15.5,2025,10,9,23,282,Post-Monsoon,0
2025-10-10 00:00:00,21.5,80,23.2,0.0,0,7.4,15.5,2025,10,10,0,283,Post-Monsoon,0
2025-10-10 01:00:00,21.0,81,22.8,0.0,0,6.7,14.4,2025,10,10,1,283,Post-Monsoon,0
2025-10-10 02:00:00,20.6,82,22.4,0.0,0,6.1,13.3,2025,10,10,2,283,Post-Monsoon,0
2025-10-10 03:00:00,20.1,83,21.8,0.0,0,5.6,11.5,2025,10,10,3,283,Post-Monsoon,0
2025-10-10 04:00:00,19.5,85,21.1,0.0,0,5.2,10.8,2025,10,10,4,283,Post-Monsoon,0
2025-10-10 05:00:00,19.4,89,21.4,0.0,0,5.1,10.1,2025,10,10,5,283,Post-Monsoon,0
2025-10-10 06:00:00,19.5,89,21.6,0.0,0,4.6,10.8,2025,10,10,6,283,Post-Monsoon,0
2025-10-10 07:00:00,20.5,86,22.5,0.0,0,6.1,11.5,2025,10,10,7,283,Post-Monsoon,0
2025-10-10 08:00:00,22.1,81,24.7,0.0,0,4.2,13.3,2025,10,10,8,283,Post-Monsoon,0
2025-10-10 09:00:00,24.0,75,26.8,0.0,0,4.4,15.1,2025,10,10,9,283,Post-Monsoon,0
2025-10-10 10:00:00,25.7,65,28.5,0.0,0,5.2,17.6,2025,10,10,10,283,Post-Monsoon,0
2025-10-10 11:00:00,27.0,56,29.9,0.0,0,5.6,18.7,2025,10,10,11,283,Post-Monsoon,0
2025-10-10 12:00:00,27.8,51,30.7,0.0,2,4.8,18.4,2025,10,10,12,283,Post-Monsoon,0
2025-10-10 13:00:00,28.3,46,30.6,0.0,2,4.7,16.9,2025,10,10,13,283,Post-Monsoon,0
2025-10-10 14:00:00,28.5,43,29.8,0.0,0,5.0,16.6,2025,10,10,14,283,Post-Monsoon,0
2025-10-10 15:00:00,28.4,43,29.0,0.0,0,5.4,15.8,2025,10,10,15,283,Post-Monsoon,0
2025-10-10 16:00:00,27.8,48,29.0,0.0,0,4.7,15.1,2025,10,10,16,283,Post-Monsoon,0
2025-10-10 17:00:00,26.3,55,27.8,0.0,0,5.0,10.8,2025,10,10,17,283,Post-Monsoon,0
2025-10-10 18:00:00,24.4,61,25.7,0.0,0,5.7,11.2,2025,10,10,18,283,Post-Monsoon,0
2025-10-10 19:00:00,23.3,67,24.9,0.0,0,5.1,11.2,2025,10,10,19,283,Post-Monsoon,0
2025-10-10 20:00:00,23.0,66,24.8,0.0,0,2.7,8.3,2025,10,10,20,283,Post-Monsoon,0
2025-10-10 21:00:00,22.5,68,24.3,0.0,0,2.2,3.6,2025,10,10,21,283,Post-Monsoon,0
2025-10-10 22:00:00,22.4,67,24.4,0.0,0,0.5,3.2,2025,10,10,22,283,Post-Monsoon,0
2025-10-10 23:00:00,21.8,73,24.0,0.0,0,1.0,1.8,2025,10,10,23,283,Post-Monsoon,0
2025-10-11 00:00:00,21.4,74,23.5,0.0,0,1.5,2.5,2025,10,11,0,284,Post-Monsoon,0
2025-10-11 01:00:00,20.5,79,22.4,0.0,0,3.2,5.0,2025,10,11,1,284,Post-Monsoon,0
2025-10-11 02:00:00,19.9,82,21.6,0.0,0,4.1,7.2,2025,10,11,2,284,Post-Monsoon,0
2025-10-11 03:00:00,19.6,82,21.1,0.0,0,4.4,8.6,2025,10,11,3,284,Post-Monsoon,0
2025-10-11 04:00:00,19.2,83,20.7,0.0,0,4.5,8.6,2025,10,11,4,284,Post-Monsoon,0
2025-10-11 05:00:00,19.4,88,21.2,0.0,0,5.0,9.7,2025,10,11,5,284,Post-Monsoon,0
2025-10-11 06:00:00,19.9,85,21.7,0.0,0,5.1,11.9,2025,10,11,6,284,Post-Monsoon,0
2025-10-11 07:00:00,20.8,83,22.6,0.0,0,6.4,12.2,2025,10,11,7,284,Post-Monsoon,0
2025-10-11 08:00:00,22.7,78,25.3,0.0,1,4.0,13.3,2025,10,11,8,284,Post-Monsoon,0
2025-10-11 09:00:00,25.0,68,27.5,0.0,0,4.7,15.5,2025,10,11,9,284,Post-Monsoon,0
2025-10-11 10:00:00,26.6,58,28.8,0.0,43,6.0,18.4,2025,10,11,10,284,Post-Monsoon,0
2025-10-11 11:00:00,27.2,53,28.7,0.0,18,6.7,19.4,2025,10,11,11,284,Post-Monsoon,0
2025-10-11 12:00:00,28.0,50,30.3,0.0,26,6.1,20.5,2025,10,11,12,284,Post-Monsoon,0
2025-10-11 13:00:00,28.8,47,30.7,0.0,29,6.0,19.1,2025,10,11,13,284,Post-Monsoon,0
2025-10-11 14:00:00,29.0,44,29.8,0.0,26,7.3,20.5,2025,10,11,14,284,Post-Monsoon,0
2025-10-11 15:00:00,28.8,44,29.3,0.0,32,9.3,23.8,2025,10,11,15,284,Post-Monsoon,0
2025-10-11 16:00:00,27.9,50,28.7,0.0,10,9.2,23.0,2025,10,11,16,284,Post-Monsoon,0
2025-10-11 17:00:00,27.0,59,29.3,0.0,13,4.5,20.9,2025,10,11,17,284,Post-Monsoon,0
2025-10-11 18:00:00,25.3,65,27.4,0.0,9,5.9,11.5,2025,10,11,18,284,Post-Monsoon,0
2025-10-11 19:00:00,24.4,67,26.3,0.0,9,6.6,13.0,2025,10,11,19,284,Post-Monsoon,0
2025-10-11 20:00:00,23.7,69,25.4,0.0,12,6.9,14.0,2025,10,11,20,284,Post-Monsoon,0
2025-10-11 21:00:00,23.0,70,24.5,0.0,16,7.1,14.4,2025,10,11,21,284,Post-Monsoon,0
2025-10-11 22:00:00,22.5,72,24.0,0.0,20,7.0,14.4,2025,10,11,22,284,Post-Monsoon,0
2025-10-11 23:00:00,23.2,73,24.9,0.0,41,8.1,13.7,2025,10,11,23,284,Post-Monsoon,0
2025-10-12 00:00:00,23.1,73,25.1,0.0,20,6.0,15.8,2025,10,12,0,285,Post-Monsoon,0
2025-10-12 01:00:00,22.3,77,24.5,0.0,0,4.5,12.2,2025,10,12,1,285,Post-Monsoon,0
2025-10-12 02:00:00,21.6,78,23.5,0.0,1,4.9,9.4,2025,10,12,2,285,Post-Monsoon,0
2025-10-12 03:00:00,21.0,78,22.7,0.0,0,4.9,9.7,2025,10,12,3,285,Post-Monsoon,0
2025-10-12 04:00:00,20.5,79,22.0,0.0,0,5.4,10.1,2025,10,12,4,285,Post-Monsoon,0
2025-10-12 05:00:00,20.6,86,22.7,0.0,0,5.4,10.4,2025,10,12,5,285,Post-Monsoon,0
2025-10-12 06:00:00,21.0,84,23.2,0.0,0,5.0,11.2,2025,10,12,6,285,Post-Monsoon,0
2025-10-12 07:00:00,22.1,79,24.2,0.0,0,6.3,12.2,2025,10,12,7,285,Post-Monsoon,0
2025-10-12 08:00:00,23.7,75,26.4,0.0,0,4.2,13.0,2025,10,12,8,285,Post-Monsoon,0
2025-10-12 09:00:00,25.6,68,28.4,0.0,0,4.2,15.1,2025,10,12,9,285,Post-Monsoon,0
2025-10-12 10:00:00,27.5,59,30.3,0.0,0,5.3,17.6,2025,10,12,10,285,Post-Monsoon,0
2025-10-12 11:00:00,29.0,49,31.5,0.0,0,6.5,20.2,2025,10,12,11,285,Post-Monsoon,0
2025-10-12 12:00:00,30.1,42,32.3,0.0,0,6.9,21.2,2025,10,12,12,285,Post-Monsoon,0
2025-10-12 13:00:00,30.6,39,32.1,0.0,1,8.5,23.8,2025,10,12,13,285,Post-Monsoon,0
2025-10-12 14:00:00,30.7,38,31.3,0.0,1,9.7,25.2,2025,10,12,14,285,Post-Monsoon,0
2025-10-12 15:00:00,30.3,39,30.5,0.0,0,9.9,25.6,2025,10,12,15,285,Post-Monsoon,0
2025-10-12 16:00:00,29.6,43,30.3,0.0,1,8.5,24.5,2025,10,12,16,285,Post-Monsoon,0
2025-10-12 17:00:00,28.0,48,29.0,0.0,3,6.5,19.1,2025,10,12,17,285,Post-Monsoon,0
2025-10-12 18:00:00,26.3,56,27.9,0.0,0,5.5,12.6,2025,10,12,18,285,Post-Monsoon,0
2025-10-12 19:00:00,25.5,61,27.3,0.0,1,5.5,10.8,2025,10,12,19,285,Post-Monsoon,0
2025-10-12 20:00:00,25.0,63,26.6,0.0,1,6.5,13.0,2025,10,12,20,285,Post-Monsoon,0
2025-10-12 21:00:00,24.4,65,26.0,0.0,1,6.7,13.7,2025,10,12,21,285,Post-Monsoon,0
2025-10-12 22:00:00,23.4,69,25.1,0.0,1,5.8,13.3,2025,10,12,22,285,Post-Monsoon,0
2025-10-12 23:00:00,22.9,74,25.1,0.0,0,5.3,10.8,2025,10,12,23,285,Post-Monsoon,0
2025-10-13 00:00:00,22.9,73,24.9,0.0,0,4.8,9.7,2025,10,13,0,286,Post-Monsoon,0
2025-10-13 01:00:00,22.3,74,24.2,0.0,0,4.8,8.6,2025,10,13,1,286,Post-Monsoon,0
2025-10-13 02:00:00,22.1,73,24.0,0.0,0,4.0,8.3,2025,10,13,2,286,Post-Monsoon,0
2025-10-13 03:00:00,21.9,72,23.6,0.0,0,3.9,6.1,2025,10,13,3,286,Post-Monsoon,0
2025-10-13 04:00:00,21.6,72,23.2,0.0,0,3.7,5.8,2025,10,13,4,286,Post-Monsoon,0
2025-10-13 05:00:00,20.4,85,22.6,0.0,0,4.2,7.9,2025,10,13,5,286,Post-Monsoon,0
2025-10-13 06:00:00,20.5,86,22.9,0.0,0,3.5,7.9,2025,10,13,6,286,Post-Monsoon,0
2025-10-13 07:00:00,21.8,81,24.2,0.0,0,4.0,9.4,2025,10,13,7,286,Post-Monsoon,0
2025-10-13 08:00:00,23.8,73,26.6,0.0,0,2.7,11.2,2025,10,13,8,286,Post-Monsoon,0
2025-10-13 09:00:00,26.1,63,28.9,0.0,0,2.8,13.3,2025,10,13,9,286,Post-Monsoon,0
2025-10-13 10:00:00,28.3,52,30.8,0.0,0,3.3,15.1,2025,10,13,10,286,Post-Monsoon,0
2025-10-13 11:00:00,29.7,41,31.7,0.0,0,3.9,16.9,2025,10,13,11,286,Post-Monsoon,0
2025-10-13 12:00:00,30.9,36,32.9,0.0,0,3.8,17.3,2025,10,13,12,286,Post-Monsoon,0
2025-10-13 13:00:00,31.5,34,33.2,0.0,0,3.7,17.3,2025,10,13,13,286,Post-Monsoon,0
2025-10-13 14:00:00,31.7,33,32.7,0.0,1,3.9,17.3,2025,10,13,14,286,Post-Monsoon,0
2025-10-13 15:00:00,31.6,33,31.9,0.0,5,4.5,16.6,2025,10,13,15,286,Post-Monsoon,0
2025-10-13 16:00:00,30.9,34,31.1,0.0,12,5.4,16.2,2025,10,13,16,286,Post-Monsoon,0
2025-10-13 17:00:00,28.7,53,31.3,0.0,0,2.7,14.8,2025,10,13,17,286,Post-Monsoon,0
2025-10-13 18:00:00,27.4,53,29.6,0.0,0,1.4,5.8,2025,10,13,18,286,Post-Monsoon,0
2025-10-13 19:00:00,27.0,54,29.4,0.0,0,0.4,3.2,2025,10,13,19,286,Post-Monsoon,0
2025-10-13 20:00:00,26.2,55,28.4,0.0,0,0.4,1.4,2025,10,13,20,286,Post-Monsoon,0
2025-10-13 21:00:00,25.2,59,27.3,0.0,0,1.7,2.9,2025,10,13,21,286,Post-Monsoon,0
2025-10-13 22:00:00,24.1,63,25.9,0.0,0,3.4,6.8,2025,10,13,22,286,Post-Monsoon,0
2025-10-13 23:00:00,23.1,73,25.4,0.0,3,4.0,8.3,2025,10,13,23,286,Post-Monsoon,0
2025-10-14 00:00:00,22.9,73,25.1,0.0,6,3.5,7.6,2025,10,14,0,287,Post-Monsoon,0
2025-10-14 01:00:00,23.0,70,25.3,0.0,0,1.8,6.8,2025,10,14,1,287,Post-Monsoon,0
2025-10-14 02:00:00,22.4,71,24.2,0.0,0,3.8,6.1,2025,10,14,2,287,Post-Monsoon,0
2025-10-14 03:00:00,21.8,70,23.2,0.0,0,4.7,8.3,2025,10,14,3,287,Post-Monsoon,0
2025-10-14 04:00:00,21.2,72,22.5,0.0,0,4.8,9.0,2025,10,14,4,287,Post-Monsoon,0
2025-10-14 05:00:00,21.1,78,23.0,0.0,0,4.2,8.6,2025,10,14,5,287,Post-Monsoon,0
2025-10-14 06:00:00,21.3,80,23.5,0.0,0,3.1,8.3,2025,10,14,6,287,Post-Monsoon,0
2025-10-14 07:00:00,22.8,73,25.0,0.0,0,3.8,7.9,2025,10,14,7,287,Post-Monsoon,0
2025-10-14 08:00:00,25.1,65,27.6,0.0,0,2.4,10.8,2025,10,14,8,287,Post-Monsoon,0
2025-10-14 09:00:00,27.7,52,29.8,0.0,0,2.2,13.0,2025,10,14,9,287,Post-Monsoon,0
2025-10-14 10:00:00,29.6,36,30.4,0.0,0,3.6,16.6,2025,10,14,10,287,Post-Monsoon,0
2025-10-14 11:00:00,30.3,33,31.2,0.0,0,5.0,18.7,2025,10,14,11,287,Post-Monsoon,0
2025-10-14 12:00:00,31.3,31,32.5,0.0,0,4.8,20.2,2025,10,14,12,287,Post-Monsoon,0
2025-10-14 13:00:00,31.9,29,32.7,0.0,0,5.1,20.2,2025,10,14,13,287,Post-Monsoon,0
2025-10-14 14:00:00,32.0,29,32.2,0.0,0,5.0,20.2,2025,10,14,14,287,Post-Monsoon,0
2025-10-14 15:00:00,31.8,29,31.4,0.0,0,5.1,19.4,2025,10,14,15,287,Post-Monsoon,0
2025-10-14 16:00:00,31.1,30,30.8,0.0,0,4.9,18.0,2025,10,14,16,287,Post-Monsoon,0
2025-10-14 17:00:00,29.5,33,29.5,0.0,0,2.9,14.8,2025,10,14,17,287,Post-Monsoon,0
2025-10-14 18:00:00,27.9,45,29.3,0.0,0,1.3,6.5,2025,10,14,18,287,Post-Monsoon,0
2025-10-14 19:00:00,27.4,45,28.8,0.0,0,0.8,3.2,2025,10,14,19,287,Post-Monsoon,0
2025-10-14 20:00:00,26.7,47,28.0,0.0,0,1.2,2.9,2025,10,14,20,287,Post-Monsoon,0
2025-10-14 21:00:00,25.9,50,27.2,0.0,0,1.6,3.2,2025,10,14,21,287,Post-Monsoon,0
2025-10-14 22:00:00,25.6,50,26.8,0.0,0,0.9,2.9,2025,10,14,22,287,Post-Monsoon,0
2025-10-14 23:00:00,25.0,59,27.1,0.0,0,0.9,2.2,2025,10,14,23,287,Post-Monsoon,0
2025-10-15 00:00:00,24.6,60,26.7,0.0,0,0.7,2.2,2025,10,15,0,288,Post-Monsoon,0
2025-10-15 01:00:00,24.3,59,26.2,0.0,0,1.1,2.2,2025,10,15,1,288,Post-Monsoon,0
2025-10-15 02:00:00,24.3,59,26.1,0.0,0,0.7,2.2,2025,10,15,2,288,Post-Monsoon,0
2025-10-15 03:00:00,23.9,60,25.7,0.0,0,0.4,1.8,2025,10,15,3,288,Post-Monsoon,0
2025-10-15 04:00:00,23.2,62,24.9,0.0,0,0.2,0.7,2025,10,15,4,288,Post-Monsoon,0
2025-10-15 05:00:00,21.8,73,23.8,0.0,0,2.2,5.0,2025,10,15,5,288,Post-Monsoon,0
2025-10-15 06:00:00,21.2,77,23.1,0.0,0,3.4,6.5,2025,10,15,6,288,Post-Monsoon,0
2025-10-15 07:00:00,22.6,71,24.5,0.0,0,4.0,7.2,2025,10,15,7,288,Post-Monsoon,0
2025-10-15 08:00:00,25.0,61,27.1,0.0,0,2.3,10.1,2025,10,15,8,288,Post-Monsoon,0
2025-10-15 09:00:00,27.5,50,29.2,0.0,0,2.2,13.0,2025,10,15,9,288,Post-Monsoon,0
2025-10-15 10:00:00,29.6,35,30.3,0.0,0,2.9,15.5,2025,10,15,10,288,Post-Monsoon,0
2025-10-15 11:00:00,30.5,31,31.1,0.0,0,4.9,19.1,2025,10,15,11,288,Post-Monsoon,0
2025-10-15 12:00:00,31.3,28,32.0,0.0,0,5.2,20.5,2025,10,15,12,288,Post-Monsoon,0
2025-10-15 13:00:00,31.8,28,32.3,0.0,0,5.4,20.9,2025,10,15,13,288,Post-Monsoon,0
2025-10-15 14:00:00,31.9,28,31.8,0.0,3,5.8,20.9,2025,10,15,14,288,Post-Monsoon,0
2025-10-15 15:00:00,31.6,28,31.1,0.0,4,6.0,20.5,2025,10,15,15,288,Post-Monsoon,0
2025-10-15 16:00:00,30.9,29,30.3,0.0,3,6.0,19.8,2025,10,15,16,288,Post-Monsoon,0
2025-10-15 17:00:00,29.5,33,29.4,0.0,0,3.6,17.3,2025,10,15,17,288,Post-Monsoon,0
2025-10-15 18:00:00,27.5,46,28.8,0.0,0,2.3,7.9,2025,10,15,18,288,Post-Monsoon,0
2025-10-15 19:00:00,27.2,48,28.9,0.0,0,0.4,4.3,2025,10,15,19,288,Post-Monsoon,0
2025-10-15 20:00:00,26.4,46,27.6,0.0,0,0.6,2.5,2025,10,15,20,288,Post-Monsoon,0
2025-10-15 21:00:00,25.7,48,26.8,0.0,0,1.2,2.2,2025,10,15,21,288,Post-Monsoon,0
2025-10-15 22:00:00,25.4,48,26.3,0.0,0,1.5,2.5,2025,10,15,22,288,Post-Monsoon,0
2025-10-15 23:00:00,24.2,58,25.7,0.0,0,2.3,2.5,2025,10,15,23,288,Post-Monsoon,0
2025-10-16 00:00:00,23.1,64,24.5,0.0,0,3.5,6.5,2025,10,16,0,289,Post-Monsoon,0
2025-10-16 01:00:00,22.2,67,23.6,0.0,0,3.9,7.6,2025,10,16,1,289,Post-Monsoon,0
2025-10-16 02:00:00,21.3,71,22.7,0.0,0,4.0,7.6,2025,10,16,2,289,Post-Monsoon,0
2025-10-16 03:00:00,20.8,70,21.8,0.0,0,4.7,9.4,2025,10,16,3,289,Post-Monsoon,0
2025-10-16 04:00:00,20.3,70,21.1,0.0,0,4.9,9.7,2025,10,16,4,289,Post-Monsoon,0
2025-10-16 05:00:00,20.2,75,21.3,0.0,0,4.8,9.7,2025,10,16,5,289,Post-Monsoon,0
2025-10-16 06:00:00,20.5,72,21.7,0.0,0,4.3,10.4,2025,10,16,6,289,Post-Monsoon,0
2025-10-16 07:00:00,22.0,65,22.8,0.0,0,5.8,11.2,2025,10,16,7,289,Post-Monsoon,0
2025-10-16 08:00:00,24.6,57,25.9,0.0,0,3.6,12.6,2025,10,16,8,289,Post-Monsoon,0
2025-10-16 09:00:00,27.5,46,28.5,0.0,0,3.5,14.4,2025,10,16,9,289,Post-Monsoon,0
2025-10-16 10:00:00,29.4,38,30.1,0.0,0,4.2,17.6,2025,10,16,10,289,Post-Monsoon,0
2025-10-16 11:00:00,30.3,34,31.2,0.0,0,5.3,20.5,2025,10,16,11,289,Post-Monsoon,0
2025-10-16 12:00:00,31.1,32,32.3,0.0,0,5.4,20.5,2025,10,16,12,289,Post-Monsoon,0
2025-10-16 13:00:00,31.5,32,32.6,0.0,0,5.5,20.9,2025,10,16,13,289,Post-Monsoon,0
2025-10-16 14:00:00,31.7,32,32.1,0.0,0,5.8,20.9,2025,10,16,14,289,Post-Monsoon,0
2025-10-16 15:00:00,31.4,33,31.5,0.0,0,6.3,20.5,2025,10,16,15,289,Post-Monsoon,0
2025-10-16 16:00:00,30.7,35,30.8,0.0,0,6.9,19.8,2025,10,16,16,289,Post-Monsoon,0
2025-10-16 17:00:00,29.5,36,29.5,0.0,0,5.7,18.4,2025,10,16,17,289,Post-Monsoon,0
2025-10-16 18:00:00,28.0,42,28.7,0.0,0,3.8,12.6,2025,10,16,18,289,Post-Monsoon,0
2025-10-16 19:00:00,27.0,50,28.3,0.0,0,3.5,8.3,2025,10,16,19,289,Post-Monsoon,0
2025-10-16 20:00:00,26.7,51,28.3,0.0,0,1.7,6.8,2025,10,16,20,289,Post-Monsoon,0
2025-10-16 21:00:00,26.4,53,28.3,0.0,0,0.9,3.6,2025,10,16,21,289,Post-Monsoon,0
2025-10-16 22:00:00,26.0,54,28.0,0.0,0,0.4,1.8,2025,10,16,22,289,Post-Monsoon,0
2025-10-16 23:00:00,25.8,56,27.9,0.0,0,0.6,1.1,2025,10,16,23,289,Post-Monsoon,0
2025-10-17 00:00:00,25.2,56,27.1,0.0,0,0.8,1.8,2025,10,17,0,290,Post-Monsoon,0
2025-10-17 01:00:00,24.0,59,25.6,0.0,0,1.9,2.9,2025,10,17,1,290,Post-Monsoon,0
2025-10-17 02:00:00,22.3,66,23.6,0.0,0,3.7,6.8,2025,10,17,2,290,Post-Monsoon,0
2025-10-17 03:00:00,21.1,71,22.4,0.0,0,4.4,8.3,2025,10,17,3,290,Post-Monsoon,0
2025-10-17 04:00:00,20.4,74,21.6,0.0,0,4.8,9.4,2025,10,17,4,290,Post-Monsoon,0
2025-10-17 05:00:00,20.7,77,22.1,0.0,0,6.3,10.8,2025,10,17,5,290,Post-Monsoon,0
2025-10-17 06:00:00,20.8,77,22.3,0.0,0,4.7,13.0,2025,10,17,6,290,Post-Monsoon,0
2025-10-17 07:00:00,22.0,71,23.5,0.0,0,5.4,11.5,2025,10,17,7,290,Post-Monsoon,0
2025-10-17 08:00:00,24.4,61,26.2,0.0,0,3.4,12.2,2025,10,17,8,290,Post-Monsoon,0
2025-10-17 09:00:00,27.2,50,28.7,0.0,0,3.5,14.8,2025,10,17,9,290,Post-Monsoon,0
2025-10-17 10:00:00,29.5,45,31.2,0.0,0,4.0,17.3,2025,10,17,10,290,Post-Monsoon,0
2025-10-17 11:00:00,30.6,39,32.3,0.0,0,5.9,20.5,2025,10,17,11,290,Post-Monsoon,0
2025-10-17 12:00:00,31.5,37,33.5,0.0,0,5.4,20.9,2025,10,17,12,290,Post-Monsoon,0
2025-10-17 13:00:00,32.1,36,33.8,0.0,0,5.7,20.9,2025,10,17,13,290,Post-Monsoon,0
2025-10-17 14:00:00,32.3,35,33.4,0.0,1,5.7,20.9,2025,10,17,14,290,Post-Monsoon,0
2025-10-17 15:00:00,32.1,35,32.8,0.0,4,5.5,20.2,2025,10,17,15,290,Post-Monsoon,0
2025-10-17 16:00:00,31.4,36,32.0,0.0,9,6.2,18.4,2025,10,17,16,290,Post-Monsoon,0
2025-10-17 17:00:00,30.1,39,31.0,0.0,18,4.7,16.9,2025,10,17,17,290,Post-Monsoon,0
2025-10-17 18:00:00,28.4,49,30.2,0.0,1,3.2,10.8,2025,10,17,18,290,Post-Monsoon,0
2025-10-17 19:00:00,27.5,53,29.5,0.0,0,3.2,6.8,2025,10,17,19,290,Post-Monsoon,0
2025-10-17 20:00:00,27.0,55,29.1,0.0,0,2.5,6.5,2025,10,17,20,290,Post-Monsoon,0
2025-10-17 21:00:00,26.2,55,28.2,0.0,0,2.2,5.0,2025,10,17,21,290,Post-Monsoon,0
2025-10-17 22:00:00,25.1,57,26.5,0.0,0,3.9,7.6,2025,10,17,22,290,Post-Monsoon,0
2025-10-17 23:00:00,24.8,62,26.7,0.0,0,4.1,8.3,2025,10,17,23,290,Post-Monsoon,0
2025-10-18 00:00:00,24.6,63,26.6,0.0,0,3.6,8.3,2025,10,18,0,291,Post-Monsoon,0
2025-10-18 01:00:00,23.9,65,25.7,0.0,0,4.2,7.6,2025,10,18,1,291,Post-Monsoon,0
2025-10-18 02:00:00,23.2,69,25.2,0.0,0,3.7,7.6,2025,10,18,2,291,Post-Monsoon,0
2025-10-18 03:00:00,22.5,71,24.4,0.0,0,3.8,7.6,2025,10,18,3,291,Post-Monsoon,0
2025-10-18 04:00:00,21.7,75,23.7,0.0,0,3.5,7.6,2025,10,18,4,291,Post-Monsoon,0
2025-10-18 05:00:00,21.7,80,24.0,0.0,0,4.4,6.5,2025,10,18,5,291,Post-Monsoon,0
2025-10-18 06:00:00,21.6,79,23.8,0.0,0,4.7,10.8,2025,10,18,6,291,Post-Monsoon,0
2025-10-18 07:00:00,22.4,75,24.5,0.0,0,4.9,11.5,2025,10,18,7,291,Post-Monsoon,0
2025-10-18 08:00:00,24.6,64,26.8,0.0,0,3.1,12.2,2025,10,18,8,291,Post-Monsoon,0
2025-10-18 09:00:00,27.4,52,29.2,0.0,0,3.4,15.1,2025,10,18,9,291,Post-Monsoon,0
2025-10-18 10:00:00,29.6,44,31.2,0.0,0,3.8,17.3,2025,10,18,10,291,Post-Monsoon,0
2025-10-18 11:00:00,30.9,38,32.9,0.0,2,3.4,18.0,2025,10,18,11,291,Post-Monsoon,0
2025-10-18 12:00:00,32.2,34,34.3,0.0,6,2.2,16.9,2025,10,18,12,291,Post-Monsoon,0
2025-10-18 13:00:00,32.9,31,34.6,0.0,13,1.5,15.5,2025,10,18,13,291,Post-Monsoon,0
2025-10-18 14:00:00,33.2,30,33.9,0.0,8,2.2,15.1,2025,10,18,14,291,Post-Monsoon,0
2025-10-18 15:00:00,33.2,29,33.4,0.0,7,3.8,15.5,2025,10,18,15,291,Post-Monsoon,0
2025-10-18 16:00:00,32.4,30,32.3,0.0,5,5.5,16.2,2025,10,18,16,291,Post-Monsoon,0
2025-10-18 17:00:00,30.8,32,31.3,0.0,9,1.3,16.2,2025,10,18,17,291,Post-Monsoon,0
2025-10-18 18:00:00,28.7,44,30.1,0.0,5,2.3,6.1,2025,10,18,18,291,Post-Monsoon,0
2025-10-18 19:00:00,28.1,50,30.3,0.0,2,1.7,6.5,2025,10,18,19,291,Post-Monsoon,0
2025-10-18 20:00:00,27.6,51,29.7,0.0,1,1.5,4.7,2025,10,18,20,291,Post-Monsoon,0
2025-10-18 21:00:00,27.1,53,29.2,0.0,1,1.3,4.0,2025,10,18,21,291,Post-Monsoon,0
2025-10-18 22:00:00,27.2,55,29.7,0.0,1,0.7,2.5,2025,10,18,22,291,Post-Monsoon,0
2025-10-18 23:00:00,26.9,56,29.4,0.0,1,0.9,2.2,2025,10,18,23,291,Post-Monsoon,0
2025-10-19 00:00:00,25.8,59,28.2,0.0,0,1.1,2.5,2025,10,19,0,292,Post-Monsoon,0
2025-10-19 01:00:00,24.8,63,27.1,0.0,0,1.5,2.9,2025,10,19,1,292,Post-Monsoon,0
2025-10-19 02:00:00,23.9,67,26.3,0.0,0,1.5,3.6,2025,10,19,2,292,Post-Monsoon,0
2025-10-19 03:00:00,23.2,69,25.4,0.0,0,2.6,6.1,2025,10,19,3,292,Post-Monsoon,0
2025-10-19 04:00:00,23.3,70,25.9,0.0,0,0.6,6.1,2025,10,19,4,292,Post-Monsoon,0
2025-10-19 05:00:00,23.0,76,25.9,0.0,0,1.8,2.2,2025,10,19,5,292,Post-Monsoon,0
2025-10-19 06:00:00,23.7,72,26.6,0.0,0,0.9,2.5,2025,10,19,6,292,Post-Monsoon,0
2025-10-19 07:00:00,24.6,68,27.2,0.0,0,2.7,5.0,2025,10,19,7,292,Post-Monsoon,0
2025-10-19 08:00:00,26.4,61,29.1,0.0,0,2.3,10.8,2025,10,19,8,292,Post-Monsoon,0
2025-10-19 09:00:00,28.8,50,31.1,0.0,0,1.6,12.2,2025,10,19,9,292,Post-Monsoon,0
2025-10-19 10:00:00,30.6,40,32.2,0.0,0,2.0,14.4,2025,10,19,10,292,Post-Monsoon,0
2025-10-19 11:00:00,31.4,37,33.6,0.0,6,2.3,15.8,2025,10,19,11,292,Post-Monsoon,0
2025-10-19 12:00:00,32.7,34,34.8,0.0,23,1.7,16.2,2025,10,19,12,292,Post-Monsoon,0
2025-10-19 13:00:00,33.3,32,35.1,0.0,30,1.3,15.1,2025,10,19,13,292,Post-Monsoon,0
2025-10-19 14:00:00,33.6,30,34.3,0.0,34,2.8,15.1,2025,10,19,14,292,Post-Monsoon,0
2025-10-19 15:00:00,33.5,29,33.4,0.0,28,6.5,19.8,2025,10,19,15,292,Post-Monsoon,0
2025-10-19 16:00:00,32.3,32,32.0,0.0,78,10.1,25.6,2025,10,19,16,292,Post-Monsoon,0
2025-10-19 17:00:00,30.5,38,31.5,0.0,6,2.4,25.6,2025,10,19,17,292,Post-Monsoon,0
2025-10-19 18:00:00,29.0,51,31.7,0.0,1,0.9,4.3,2025,10,19,18,292,Post-Monsoon,0
2025-10-19 19:00:00,28.3,52,30.7,0.0,0,1.8,4.0,2025,10,19,19,292,Post-Monsoon,0
2025-10-19 20:00:00,27.5,52,29.3,0.0,0,3.1,5.8,2025,10,19,20,292,Post-Monsoon,0
2025-10-19 21:00:00,27.0,52,28.9,0.0,0,2.4,6.5,2025,10,19,21,292,Post-Monsoon,0
2025-10-19 22:00:00,26.7,54,28.8,0.0,0,1.0,4.3,2025,10,19,22,292,Post-Monsoon,0
2025-10-19 23:00:00,26.5,57,29.0,0.0,0,0.8,1.8,2025,10,19,23,292,Post-Monsoon,0
2025-10-20 00:00:00,26.2,55,28.3,0.0,0,0.4,1.4,2025,10,20,0,293,Post-Monsoon,0
2025-10-20 01:00:00,26.0,55,28.2,0.0,0,0.3,1.4,2025,10,20,1,293,Post-Monsoon,0
2025-10-20 02:00:00,26.0,54,28.0,0.0,0,0.6,1.4,2025,10,20,2,293,Post-Monsoon,0
2025-10-20 03:00:00,25.2,56,27.1,0.0,0,0.3,1.4,2025,10,20,3,293,Post-Monsoon,0
2025-10-20 04:00:00,24.0,60,25.6,0.0,0,2.5,3.6,2025,10,20,4,293,Post-Monsoon,0
2025-10-20 05:00:00,22.9,72,25.1,0.0,0,3.4,7.2,2025,10,20,5,293,Post-Monsoon,0
2025-10-20 06:00:00,22.8,74,25.3,0.0,0,1.8,7.6,2025,10,20,6,293,Post-Monsoon,0
2025-10-20 07:00:00,24.1,67,26.6,0.0,0,1.5,3.2,2025,10,20,7,293,Post-Monsoon,0
2025-10-20 08:00:00,26.2,58,28.5,0.0,0,1.5,9.0,2025,10,20,8,293,Post-Monsoon,0
2025-10-20 09:00:00,28.7,48,30.6,0.0,0,2.3,12.6,2025,10,20,9,293,Post-Monsoon,0
2025-10-20 10:00:00,30.5,40,31.8,0.0,0,3.9,16.6,2025,10,20,10,293,Post-Monsoon,0
2025-10-20 11:00:00,31.6,35,32.9,0.0,14,5.8,19.8,2025,10,20,11,293,Post-Monsoon,0
2025-10-20 12:00:00,32.8,31,33.6,0.0,8,7.1,23.0,2025,10,20,12,293,Post-Monsoon,0
2025-10-20 13:00:00,33.1,30,33.4,0.0,16,8.0,24.8,2025,10,20,13,293,Post-Monsoon,0
2025-10-20 14:00:00,33.0,29,32.6,0.0,11,8.3,24.8,2025,10,20,14,293,Post-Monsoon,0
2025-10-20 15:00:00,32.6,30,32.2,0.0,13,8.2,24.5,2025,10,20,15,293,Post-Monsoon,0
2025-10-20 16:00:00,32.1,30,31.7,0.0,5,8.0,22.7,2025,10,20,16,293,Post-Monsoon,0
2025-10-20 17:00:00,30.7,36,30.6,0.0,8,8.5,20.5,2025,10,20,17,293,Post-Monsoon,0
2025-10-20 18:00:00,29.6,41,30.6,0.0,13,4.3,17.6,2025,10,20,18,293,Post-Monsoon,0
2025-10-20 19:00:00,28.7,47,30.3,0.0,5,3.5,8.6,2025,10,20,19,293,Post-Monsoon,0
2025-10-20 20:00:00,28.0,51,30.0,0.0,4,3.3,6.5,2025,10,20,20,293,Post-Monsoon,0
2025-10-20 21:00:00,27.3,55,29.5,0.0,0,3.1,6.1,2025,10,20,21,293,Post-Monsoon,0
2025-10-20 22:00:00,26.5,57,28.5,0.0,1,3.2,6.1,2025,10,20,22,293,Post-Monsoon,0
2025-10-20 23:00:00,25.6,64,28.0,0.0,1,3.9,6.1,2025,10,20,23,293,Post-Monsoon,0
2025-10-21 00:00:00,24.8,68,27.4,0.0,1,3.4,7.2,2025,10,21,0,294,Post-Monsoon,0
2025-10-21 01:00:00,24.2,71,26.8,0.0,1,3.5,7.2,2025,10,21,1,294,Post-Monsoon,0
2025-10-21 02:00:00,23.6,74,26.4,0.0,1,3.5,6.8,2025,10,21,2,294,Post-Monsoon,0
2025-10-21 03:00:00,23.2,77,26.0,0.0,1,3.3,6.8,2025,10,21,3,294,Post-Monsoon,0
2025-10-21 04:00:00,22.7,79,25.6,0.0,16,3.3,6.8,2025,10,21,4,294,Post-Monsoon,0
2025-10-21 05:00:00,23.2,78,25.8,0.0,100,5.8,6.8,2025,10,21,5,294,Post-Monsoon,0
2025-10-21 06:00:00,23.8,77,26.7,0.0,71,4.1,13.3,2025,10,21,6,294,Post-Monsoon,0
2025-10-21 07:00:00,24.1,74,27.0,0.0,41,3.6,10.4,2025,10,21,7,294,Post-Monsoon,0
2025-10-21 08:00:00,25.9,64,28.6,0.0,19,2.6,11.2,2025,10,21,8,294,Post-Monsoon,0
2025-10-21 09:00:00,28.3,52,30.4,0.0,34,3.8,15.8,2025,10,21,9,294,Post-Monsoon,0
2025-10-21 10:00:00,30.1,43,31.5,0.0,23,4.9,19.4,2025,10,21,10,294,Post-Monsoon,0
2025-10-21 11:00:00,30.3,40,31.4,0.0,27,7.0,20.5,2025,10,21,11,294,Post-Monsoon,0
2025-10-21 12:00:00,30.4,39,31.2,0.1,14,5.4,22.0,2025,10,21,12,294,Post-Monsoon,1
2025-10-21 13:00:00,30.4,39,30.9,0.1,21,7.1,22.7,2025,10,21,13,294,Post-Monsoon,1
2025-10-21 14:00:00,30.1,40,30.8,0.1,11,7.0,24.8,2025,10,21,14,294,Post-Monsoon,1
2025-10-21 15:00:00,29.9,41,30.7,0.1,5,5.6,22.3,2025,10,21,15,294,Post-Monsoon,1
2025-10-21 16:00:00,29.3,42,30.1,0.0,5,6.0,18.4,2025,10,21,16,294,Post-Monsoon,0
2025-10-21 17:00:00,30.1,37,30.8,0.0,52,2.9,16.9,2025,10,21,17,294,Post-Monsoon,0
2025-10-21 18:00:00,29.2,42,30.0,0.0,5,5.3,12.2,2025,10,21,18,294,Post-Monsoon,0
2025-10-21 19:00:00,28.2,49,29.8,0.0,9,4.6,12.2,2025,10,21,19,294,Post-Monsoon,0
2025-10-21 20:00:00,27.5,54,29.4,0.0,16,5.1,10.8,2025,10,21,20,294,Post-Monsoon,0
2025-10-21 21:00:00,26.6,59,28.7,0.0,2,5.2,12.6,2025,10,21,21,294,Post-Monsoon,0
2025-10-21 22:00:00,25.7,65,28.6,0.0,4,1.8,10.1,2025,10,21,22,294,Post-Monsoon,0
2025-10-21 23:00:00,25.9,67,29.3,0.0,26,0.7,4.0,2025,10,21,23,294,Post-Monsoon,0
2025-10-22 00:00:00,25.6,69,29.0,0.0,9,0.5,2.5,2025,10,22,0,295,Post-Monsoon,0
2025-10-22 01:00:00,25.2,69,28.5,0.0,2,1.0,1.8,2025,10,22,1,295,Post-Monsoon,0
2025-10-22 02:00:00,25.0,74,28.8,0.0,2,0.6,2.5,2025,10,22,2,295,Post-Monsoon,0
2025-10-22 03:00:00,24.7,75,28.6,0.0,0,0.0,0.7,2025,10,22,3,295,Post-Monsoon,0
2025-10-22 04:00:00,24.0,77,27.4,0.0,1,1.2,1.8,2025,10,22,4,295,Post-Monsoon,0
2025-10-22 05:00:00,23.8,85,28.1,0.0,0,0.9,3.6,2025,10,22,5,295,Post-Monsoon,0
2025-10-22 06:00:00,23.5,87,27.9,0.0,0,0.5,3.2,2025,10,22,6,295,Post-Monsoon,0
2025-10-22 07:00:00,24.1,84,28.0,0.0,2,3.9,9.7,2025,10,22,7,295,Post-Monsoon,0
2025-10-22 08:00:00,25.7,75,29.5,0.0,1,3.6,13.7,2025,10,22,8,295,Post-Monsoon,0
2025-10-22 09:00:00,28.2,61,31.4,0.0,0,3.9,16.2,2025,10,22,9,295,Post-Monsoon,0
2025-10-22 10:00:00,30.2,46,32.2,0.0,10,4.1,19.4,2025,10,22,10,295,Post-Monsoon,0
2025-10-22 11:00:00,30.8,46,33.0,0.0,19,6.8,19.1,2025,10,22,11,295,Post-Monsoon,0
2025-10-22 12:00:00,31.4,40,32.6,0.0,36,6.6,22.7,2025,10,22,12,295,Post-Monsoon,0
2025-10-22 13:00:00,32.0,35,32.9,0.0,20,6.6,23.0,2025,10,22,13,295,Post-Monsoon,0
2025-10-22 14:00:00,32.1,31,31.8,0.0,18,7.3,23.0,2025,10,22,14,295,Post-Monsoon,0
2025-10-22 15:00:00,31.9,30,31.4,0.0,9,8.1,23.4,2025,10,22,15,295,Post-Monsoon,0
2025-10-22 16:00:00,31.2,32,30.6,0.0,5,9.2,23.4,2025,10,22,16,295,Post-Monsoon,0
2025-10-22 17:00:00,30.3,32,29.5,0.0,10,9.0,23.0,2025,10,22,17,295,Post-Monsoon,0
2025-10-22 18:00:00,29.5,32,28.5,0.0,8,8.8,19.8,2025,10,22,18,295,Post-Monsoon,0
2025-10-22 19:00:00,28.8,32,28.1,0.0,7,6.0,18.0,2025,10,22,19,295,Post-Monsoon,0
2025-10-22 20:00:00,27.8,34,27.2,0.0,5,5.1,12.2,2025,10,22,20,295,Post-Monsoon,0
2025-10-22 21:00:00,26.9,38,26.5,0.0,2,5.6,11.9,2025,10,22,21,295,Post-Monsoon,0
2025-10-22 22:00:00,25.8,43,25.7,0.0,0,5.2,11.9,2025,10,22,22,295,Post-Monsoon,0
2025-10-22 23:00:00,25.0,52,25.9,0.0,0,4.4,10.8,2025,10,22,23,295,Post-Monsoon,0
2025-10-23 00:00:00,24.6,52,25.1,0.0,0,5.4,10.8,2025,10,23,0,296,Post-Monsoon,0
2025-10-23 01:00:00,24.0,51,24.1,0.0,0,6.1,12.2,2025,10,23,1,296,Post-Monsoon,0
2025-10-23 02:00:00,23.3,51,23.3,0.0,0,5.6,12.2,2025,10,23,2,296,Post-Monsoon,0
2025-10-23 03:00:00,22.6,53,22.5,0.0,0,5.6,11.9,2025,10,23,3,296,Post-Monsoon,0
2025-10-23 04:00:00,22.0,54,22.0,0.0,0,5.0,11.2,2025,10,23,4,296,Post-Monsoon,0
2025-10-23 05:00:00,21.6,64,22.4,0.0,0,4.8,9.7,2025,10,23,5,296,Post-Monsoon,0
2025-10-23 06:00:00,21.2,68,22.1,0.0,0,4.8,10.8,2025,10,23,6,296,Post-Monsoon,0
2025-10-23 07:00:00,21.8,66,22.6,0.0,0,6.3,11.5,2025,10,23,7,296,Post-Monsoon,0
2025-10-23 08:00:00,23.7,59,24.9,0.0,0,4.0,13.3,2025,10,23,8,296,Post-Monsoon,0
2025-10-23 09:00:00,26.5,50,27.7,0.0,0,4.1,15.5,2025,10,23,9,296,Post-Monsoon,0
2025-10-23 10:00:00,29.2,42,30.0,0.0,0,5.8,19.4,2025,10,23,10,296,Post-Monsoon,0
2025-10-23 11:00:00,30.9,32,31.0,0.0,6,8.6,24.1,2025,10,23,11,296,Post-Monsoon,0
2025-10-23 12:00:00,31.4,28,31.1,0.0,10,8.2,24.8,2025,10,23,12,296,Post-Monsoon,0
2025-10-23 13:00:00,31.7,27,31.3,0.0,3,7.3,24.1,2025,10,23,13,296,Post-Monsoon,0
2025-10-23 14:00:00,31.8,26,30.9,0.0,0,7.4,22.7,2025,10,23,14,296,Post-Monsoon,0
2025-10-23 15:00:00,31.4,26,30.0,0.0,0,8.5,23.0,2025,10,23,15,296,Post-Monsoon,0
2025-10-23 16:00:00,30.5,28,29.0,0.0,0,9.7,23.4,2025,10,23,16,296,Post-Monsoon,0
2025-10-23 17:00:00,29.7,27,27.9,0.0,0,9.2,23.0,2025,10,23,17,296,Post-Monsoon,0
2025-10-23 18:00:00,28.8,28,27.2,0.0,0,8.2,19.8,2025,10,23,18,296,Post-Monsoon,0
2025-10-23 19:00:00,28.2,30,27.1,0.0,0,5.0,16.9,2025,10,23,19,296,Post-Monsoon,0
2025-10-23 20:00:00,27.3,33,26.8,0.0,0,2.3,10.1,2025,10,23,20,296,Post-Monsoon,0
2025-10-23 21:00:00,26.6,34,26.2,0.0,0,1.4,5.0,2025,10,23,21,296,Post-Monsoon,0
2025-10-23 22:00:00,25.0,38,24.4,0.0,0,3.6,6.8,2025,10,23,22,296,Post-Monsoon,0
2025-10-23 23:00:00,24.3,47,24.4,0.0,0,4.1,7.9,2025,10,23,23,296,Post-Monsoon,0
2025-10-24 00:00:00,23.4,52,23.6,0.0,0,4.0,8.6,2025,10,24,0,297,Post-Monsoon,0
2025-10-24 01:00:00,22.5,56,23.1,0.0,0,3.3,7.6,2025,10,24,1,297,Post-Monsoon,0
2025-10-24 02:00:00,21.6,59,22.1,0.0,0,4.2,8.3,2025,10,24,2,297,Post-Monsoon,0
2025-10-24 03:00:00,20.8,64,21.2,0.0,0,5.2,10.8,2025,10,24,3,297,Post-Monsoon,0
2025-10-24 04:00:00,20.2,66,20.5,0.0,0,5.5,10.8,2025,10,24,4,297,Post-Monsoon,0
2025-10-24 05:00:00,20.2,73,21.0,0.0,0,6.0,11.2,2025,10,24,5,297,Post-Monsoon,0
2025-10-24 06:00:00,20.2,72,21.0,0.0,0,5.4,13.0,2025,10,24,6,297,Post-Monsoon,0
2025-10-24 07:00:00,21.2,66,21.9,0.0,0,6.0,13.0,2025,10,24,7,297,Post-Monsoon,0
2025-10-24 08:00:00,23.5,58,24.6,0.0,0,2.9,12.2,2025,10,24,8,297,Post-Monsoon,0
2025-10-24 09:00:00,26.6,45,27.4,0.0,0,2.4,13.3,2025,10,24,9,297,Post-Monsoon,0
2025-10-24 10:00:00,29.2,35,29.7,0.0,0,2.3,14.8,2025,10,24,10,297,Post-Monsoon,0
2025-10-24 11:00:00,30.5,27,30.6,0.0,0,3.1,15.8,2025,10,24,11,297,Post-Monsoon,0
2025-10-24 12:00:00,31.6,24,31.7,0.0,0,3.7,18.4,2025,10,24,12,297,Post-Monsoon,0
2025-10-24 13:00:00,32.1,23,31.8,0.0,0,4.3,19.1,2025,10,24,13,297,Post-Monsoon,0
2025-10-24 14:00:00,32.2,22,31.1,0.0,0,4.8,19.1,2025,10,24,14,297,Post-Monsoon,0
2025-10-24 15:00:00,31.8,24,30.5,0.0,0,5.8,19.4,2025,10,24,15,297,Post-Monsoon,0
2025-10-24 16:00:00,30.8,26,29.6,0.0,0,6.5,19.4,2025,10,24,16,297,Post-Monsoon,0
2025-10-24 17:00:00,29.0,29,28.3,0.0,0,3.2,17.6,2025,10,24,17,297,Post-Monsoon,0
2025-10-24 18:00:00,28.0,40,28.9,0.0,0,0.6,6.5,2025,10,24,18,297,Post-Monsoon,0
2025-10-24 19:00:00,27.3,39,27.7,0.0,0,1.4,4.0,2025,10,24,19,297,Post-Monsoon,0
2025-10-24 20:00:00,26.1,43,26.4,0.0,0,3.5,6.8,2025,10,24,20,297,Post-Monsoon,0
2025-10-24 21:00:00,25.3,50,26.4,0.0,0,1.7,6.8,2025,10,24,21,297,Post-Monsoon,0
2025-10-24 22:00:00,24.8,52,25.9,0.0,0,1.3,4.0,2025,10,24,22,297,Post-Monsoon,0
2025-10-24 23:00:00,23.8,53,24.5,0.0,0,3.3,6.8,2025,10,24,23,297,Post-Monsoon,0
2025-10-25 00:00:00,23.0,54,23.2,0.0,0,5.1,10.1,2025,10,25,0,298,Post-Monsoon,0
2025-10-25 01:00:00,22.2,53,22.0,0.0,0,6.0,11.9,2025,10,25,1,298,Post-Monsoon,0
2025-10-25 02:00:00,21.6,55,21.5,0.0,0,5.2,11.9,2025,10,25,2,298,Post-Monsoon,0
2025-10-25 03:00:00,20.9,58,20.9,0.0,0,4.9,10.8,2025,10,25,3,298,Post-Monsoon,0
2025-10-25 04:00:00,20.1,62,20.3,0.0,0,3.8,9.7,2025,10,25,4,298,Post-Monsoon,0
2025-10-25 05:00:00,19.7,76,20.9,0.0,0,3.4,7.6,2025,10,25,5,298,Post-Monsoon,0
2025-10-25 06:00:00,19.9,76,21.5,0.0,0,1.3,6.5,2025,10,25,6,298,Post-Monsoon,0
2025-10-25 07:00:00,21.2,69,22.7,0.0,0,1.7,4.7,2025,10,25,7,298,Post-Monsoon,0
2025-10-25 08:00:00,23.7,59,25.2,0.0,0,1.5,8.6,2025,10,25,8,298,Post-Monsoon,0
2025-10-25 09:00:00,26.7,46,27.8,0.0,0,1.3,11.5,2025,10,25,9,298,Post-Monsoon,0
2025-10-25 10:00:00,29.2,36,29.8,0.0,0,1.1,12.6,2025,10,25,10,298,Post-Monsoon,0
2025-10-25 11:00:00,29.8,30,30.5,0.0,0,1.0,13.0,2025,10,25,11,298,Post-Monsoon,0
2025-10-25 12:00:00,31.2,27,31.8,0.0,0,2.5,16.6,2025,10,25,12,298,Post-Monsoon,0
2025-10-25 13:00:00,31.6,26,31.6,0.0,0,4.6,19.8,2025,10,25,13,298,Post-Monsoon,0
2025-10-25 14:00:00,31.7,26,31.0,0.0,0,5.7,21.6,2025,10,25,14,298,Post-Monsoon,0
2025-10-25 15:00:00,31.3,26,30.2,0.0,0,6.4,22.0,2025,10,25,15,298,Post-Monsoon,0
2025-10-25 16:00:00,30.4,27,29.4,0.0,0,5.2,21.2,2025,10,25,16,298,Post-Monsoon,0
2025-10-25 17:00:00,28.8,30,28.1,0.0,0,2.9,15.8,2025,10,25,17,298,Post-Monsoon,0
2025-10-25 18:00:00,27.4,33,26.8,0.0,0,3.6,7.9,2025,10,25,18,298,Post-Monsoon,0
2025-10-25 19:00:00,26.7,35,26.1,0.0,0,3.8,8.6,2025,10,25,19,298,Post-Monsoon,0
2025-10-25 20:00:00,26.0,40,26.0,0.0,0,2.7,7.9,2025,10,25,20,298,Post-Monsoon,0
2025-10-25 21:00:00,25.4,41,25.5,0.0,0,2.0,5.4,2025,10,25,21,298,Post-Monsoon,0
2025-10-25 22:00:00,24.6,44,24.8,0.0,0,2.1,3.6,2025,10,25,22,298,Post-Monsoon,0
2025-10-25 23:00:00,24.1,49,24.6,0.0,0,1.9,4.7,2025,10,25,23,298,Post-Monsoon,0
2025-10-26 00:00:00,23.5,52,24.3,0.0,0,1.1,2.9,2025,10,26,0,299,Post-Monsoon,0
2025-10-26 01:00:00,22.4,55,23.0,0.0,0,2.4,3.6,2025,10,26,1,299,Post-Monsoon,0
2025-10-26 02:00:00,21.3,59,21.5,0.0,0,4.5,7.9,2025,10,26,2,299,Post-Monsoon,0
2025-10-26 03:00:00,21.0,59,20.9,0.0,0,6.5,12.2,2025,10,26,3,299,Post-Monsoon,0
2025-10-26 04:00:00,20.0,64,20.2,0.0,0,5.0,12.6,2025,10,26,4,299,Post-Monsoon,0
2025-10-26 05:00:00,19.3,69,19.8,0.0,0,4.3,9.0,2025,10,26,5,299,Post-Monsoon,0
2025-10-26 06:00:00,18.9,70,19.3,0.0,0,4.8,7.6,2025,10,26,6,299,Post-Monsoon,0
2025-10-26 07:00:00,20.2,66,20.6,0.0,0,5.2,9.7,2025,10,26,7,299,Post-Monsoon,0
2025-10-26 08:00:00,22.7,59,23.6,0.0,0,3.6,11.2,2025,10,26,8,299,Post-Monsoon,0
2025-10-26 09:00:00,25.8,47,26.5,0.0,0,2.9,13.3,2025,10,26,9,299,Post-Monsoon,0
2025-10-26 10:00:00,28.2,38,28.5,0.0,0,4.0,16.6,2025,10,26,10,299,Post-Monsoon,0
2025-10-26 11:00:00,29.6,33,30.2,0.0,0,3.8,18.4,2025,10,26,11,299,Post-Monsoon,0
2025-10-26 12:00:00,30.7,28,31.3,0.0,0,2.7,17.6,2025,10,26,12,299,Post-Monsoon,0
2025-10-26 13:00:00,31.4,25,31.3,0.0,0,4.0,17.6,2025,10,26,13,299,Post-Monsoon,0
2025-10-26 14:00:00,31.6,24,30.5,0.0,0,5.7,20.2,2025,10,26,14,299,Post-Monsoon,0
2025-10-26 15:00:00,31.2,24,29.6,0.0,0,7.1,21.2,2025,10,26,15,299,Post-Monsoon,0
2025-10-26 16:00:00,30.4,25,28.8,0.0,0,6.8,20.9,2025,10,26,16,299,Post-Monsoon,0
2025-10-26 17:00:00,29.0,34,29.4,0.0,0,0.8,16.9,2025,10,26,17,299,Post-Monsoon,0
2025-10-26 18:00:00,27.7,36,27.9,0.0,0,0.9,2.5,2025,10,26,18,299,Post-Monsoon,0
2025-10-26 19:00:00,26.8,40,27.0,0.0,0,2.5,5.0,2025,10,26,19,299,Post-Monsoon,0
2025-10-26 20:00:00,26.2,44,26.8,0.0,0,1.6,5.4,2025,10,26,20,299,Post-Monsoon,0
2025-10-26 21:00:00,25.6,46,26.3,0.0,2,1.8,4.0,2025,10,26,21,299,Post-Monsoon,0
2025-10-26 22:00:00,24.9,49,25.8,0.0,86,1.5,3.6,2025,10,26,22,299,Post-Monsoon,0
2025-10-26 23:00:00,23.7,53,24.2,0.0,100,4.1,7.2,2025,10,26,23,299,Post-Monsoon,0
2025-10-27 00:00:00,22.6,59,23.3,0.0,70,4.3,8.6,2025,10,27,0,300,Post-Monsoon,0
2025-10-27 01:00:00,22.0,61,22.7,0.0,74,4.2,7.6,2025,10,27,1,300,Post-Monsoon,0
2025-10-27 02:00:00,21.5,62,22.2,0.0,1,4.4,7.6,2025,10,27,2,300,Post-Monsoon,0
2025-10-27 03:00:00,21.4,63,22.2,0.0,0,3.4,7.6,2025,10,27,3,300,Post-Monsoon,0
2025-10-27 04:00:00,20.9,65,21.9,0.0,10,2.5,5.4,2025,10,27,4,300,Post-Monsoon,0
2025-10-27 05:00:00,20.6,66,21.6,0.0,0,2.0,4.0,2025,10,27,5,300,Post-Monsoon,0
2025-10-27 06:00:00,20.3,68,21.3,0.0,0,2.2,3.2,2025,10,27,6,300,Post-Monsoon,0
2025-10-27 07:00:00,21.3,66,22.5,0.0,0,2.2,3.6,2025,10,27,7,300,Post-Monsoon,0
2025-10-27 08:00:00,23.4,57,24.4,0.0,0,3.3,10.4,2025,10,27,8,300,Post-Monsoon,0
2025-10-27 09:00:00,26.1,48,26.9,0.0,19,3.9,14.4,2025,10,27,9,300,Post-Monsoon,0
2025-10-27 10:00:00,28.5,39,28.8,0.0,34,4.3,16.9,2025,10,27,10,300,Post-Monsoon,0
2025-10-27 11:00:00,29.1,38,29.5,0.0,100,6.0,18.0,2025,10,27,11,300,Post-Monsoon,0
2025-10-27 12:00:00,30.3,34,30.3,0.0,100,6.5,21.2,2025,10,27,12,300,Post-Monsoon,0
2025-10-27 13:00:00,30.0,35,29.6,0.0,100,8.2,23.8,2025,10,27,13,300,Post-Monsoon,0
2025-10-27 14:00:00,28.8,41,28.5,0.0,100,11.2,27.4,2025,10,27,14,300,Post-Monsoon,0
2025-10-27 15:00:00,25.9,51,25.4,0.0,100,14.3,35.3,2025,10,27,15,300,Post-Monsoon,0
2025-10-27 16:00:00,24.8,48,24.4,0.0,100,9.2,33.1,2025,10,27,16,300,Post-Monsoon,0
2025-10-27 17:00:00,25.8,47,25.3,0.0,100,10.7,22.0,2025,10,27,17,300,Post-Monsoon,0
2025-10-27 18:00:00,24.7,49,24.1,0.0,100,10.9,23.8,2025,10,27,18,300,Post-Monsoon,0
2025-10-27 19:00:00,23.8,57,23.8,0.0,100,9.7,22.3,2025,10,27,19,300,Post-Monsoon,0
2025-10-27 20:00:00,23.2,64,24.0,0.0,100,7.7,19.8,2025,10,27,20,300,Post-Monsoon,0
2025-10-27 21:00:00,22.7,69,24.0,0.0,100,6.4,15.5,2025,10,27,21,300,Post-Monsoon,0
2025-10-27 22:00:00,22.3,71,23.9,0.0,100,5.2,13.3,2025,10,27,22,300,Post-Monsoon,0
2025-10-27 23:00:00,22.1,74,23.7,0.0,100,6.4,10.8,2025,10,27,23,300,Post-Monsoon,0
2025-10-28 00:00:00,21.9,76,24.0,0.0,100,4.0,13.3,2025,10,28,0,301,Post-Monsoon,0
2025-10-28 01:00:00,21.6,78,23.9,0.0,100,2.8,8.3,2025,10,28,1,301,Post-Monsoon,0
2025-10-28 02:00:00,21.3,81,23.7,0.0,100,2.5,6.5,2025,10,28,2,301,Post-Monsoon,0
2025-10-28 03:00:00,21.3,82,24.2,0.0,100,0.4,4.7,2025,10,28,3,301,Post-Monsoon,0
2025-10-28 04:00:00,21.4,79,23.8,0.0,100,2.6,5.0,2025,10,28,4,301,Post-Monsoon,0
2025-10-28 05:00:00,22.0,80,24.7,0.0,100,1.8,6.8,2025,10,28,5,301,Post-Monsoon,0
2025-10-28 06:00:00,22.0,78,24.7,0.0,100,1.9,4.0,2025,10,28,6,301,Post-Monsoon,0
2025-10-28 07:00:00,22.3,75,24.6,0.0,100,3.4,7.2,2025,10,28,7,301,Post-Monsoon,0
2025-10-28 08:00:00,22.7,74,24.9,0.0,100,4.0,10.8,2025,10,28,8,301,Post-Monsoon,0
2025-10-28 09:00:00,23.4,70,25.5,0.0,100,4.4,13.0,2025,10,28,9,301,Post-Monsoon,0
2025-10-28 10:00:00,24.7,63,26.6,0.0,100,4.0,14.8,2025,10,28,10,301,Post-Monsoon,0
2025-10-28 11:00:00,25.4,58,27.1,0.0,100,3.5,18.4,2025,10,28,11,301,Post-Monsoon,0
2025-10-28 12:00:00,25.5,57,27.0,0.0,100,4.3,13.0,2025,10,28,12,301,Post-Monsoon,0
2025-10-28 13:00:00,26.2,53,27.4,0.0,100,6.0,17.6,2025,10,28,13,301,Post-Monsoon,0
2025-10-28 14:00:00,26.3,55,27.6,0.0,100,6.5,20.5,2025,10,28,14,301,Post-Monsoon,0
2025-10-28 15:00:00,26.6,53,27.9,0.0,100,6.0,18.4,2025,10,28,15,301,Post-Monsoon,0
2025-10-28 16:00:00,26.3,55,27.6,0.0,100,6.7,17.6,2025,10,28,16,301,Post-Monsoon,0
2025-10-28 17:00:00,24.8,66,26.7,0.0,99,6.9,17.3,2025,10,28,17,301,Post-Monsoon,0
2025-10-28 18:00:00,23.9,72,26.2,0.0,100,5.4,14.4,2025,10,28,18,301,Post-Monsoon,0
2025-10-28 19:00:00,23.4,75,25.5,0.0,100,6.8,14.0,2025,10,28,19,301,Post-Monsoon,0
2025-10-28 20:00:00,22.6,80,25.1,0.0,84,5.6,14.0,2025,10,28,20,301,Post-Monsoon,0
2025-10-28 21:00:00,22.1,84,24.7,0.0,100,5.6,12.2,2025,10,28,21,301,Post-Monsoon,0
2025-10-28 22:00:00,21.6,87,24.7,0.0,97,2.9,11.5,2025,10,28,22,301,Post-Monsoon,0
2025-10-28 23:00:00,21.3,86,24.1,0.0,100,3.6,6.1,2025,10,28,23,301,Post-Monsoon,0
2025-10-29 00:00:00,21.0,88,24.0,0.0,100,2.4,7.2,2025,10,29,0,302,Post-Monsoon,0
2025-10-29 01:00:00,20.9,89,24.0,0.0,100,1.6,5.4,2025,10,29,1,302,Post-Monsoon,0
2025-10-29 02:00:00,20.8,90,23.8,0.0,100,1.9,4.3,2025,10,29,2,302,Post-Monsoon,0
2025-10-29 03:00:00,20.7,89,23.6,0.0,100,2.7,5.0,2025,10,29,3,302,Post-Monsoon,0
2025-10-29 04:00:00,20.7,88,23.4,0.0,100,3.0,6.8,2025,10,29,4,302,Post-Monsoon,0
2025-10-29 05:00:00,20.2,87,22.6,0.0,83,3.5,6.1,2025,10,29,5,302,Post-Monsoon,0
2025-10-29 06:00:00,20.3,86,22.7,0.0,20,3.0,7.6,2025,10,29,6,302,Post-Monsoon,0
2025-10-29 07:00:00,21.1,81,23.3,0.0,0,3.8,8.6,2025,10,29,7,302,Post-Monsoon,0
2025-10-29 08:00:00,22.8,73,25.0,0.0,14,3.6,13.0,2025,10,29,8,302,Post-Monsoon,0
2025-10-29 09:00:00,25.0,64,26.9,0.0,70,5.5,18.4,2025,10,29,9,302,Post-Monsoon,0
2025-10-29 10:00:00,26.9,55,28.1,0.0,1,8.6,25.2,2025,10,29,10,302,Post-Monsoon,0
2025-10-29 11:00:00,27.7,53,29.6,0.0,19,7.6,26.3,2025,10,29,11,302,Post-Monsoon,0
2025-10-29 12:00:00,28.6,50,30.6,0.0,7,6.7,22.7,2025,10,29,12,302,Post-Monsoon,0
2025-10-29 13:00:00,29.2,47,31.0,0.0,95,6.1,22.0,2025,10,29,13,302,Post-Monsoon,0
2025-10-29 14:00:00,29.2,46,30.6,0.0,98,5.6,21.2,2025,10,29,14,302,Post-Monsoon,0
2025-10-29 15:00:00,29.0,46,30.2,0.0,99,6.3,18.7,2025,10,29,15,302,Post-Monsoon,0
2025-10-29 16:00:00,28.4,48,29.8,0.0,100,5.6,18.0,2025,10,29,16,302,Post-Monsoon,0
2025-10-29 17:00:00,27.9,48,29.4,0.0,95,3.6,14.4,2025,10,29,17,302,Post-Monsoon,0
2025-10-29 18:00:00,27.1,52,28.8,0.0,100,3.4,7.9,2025,10,29,18,302,Post-Monsoon,0
2025-10-29 19:00:00,26.7,54,28.4,0.0,70,4.0,9.0,2025,10,29,19,302,Post-Monsoon,0
2025-10-29 20:00:00,26.0,61,28.5,0.0,52,1.9,8.3,2025,10,29,20,302,Post-Monsoon,0
2025-10-29 21:00:00,25.9,60,28.5,0.0,9,0.7,3.6,2025,10,29,21,302,Post-Monsoon,0
2025-10-29 22:00:00,25.3,61,27.5,0.0,15,2.4,4.0,2025,10,29,22,302,Post-Monsoon,0
2025-10-29 23:00:00,24.8,66,27.2,0.0,94,2.8,6.8,2025,10,29,23,302,Post-Monsoon,0
2025-10-30 00:00:00,24.7,63,26.7,0.0,98,4.3,9.0,2025,10,30,0,303,Post-Monsoon,0
2025-10-30 01:00:00,24.1,66,26.2,0.0,81,4.1,9.0,2025,10,30,1,303,Post-Monsoon,0
2025-10-30 02:00:00,24.0,67,26.0,0.0,85,4.7,9.0,2025,10,30,2,303,Post-Monsoon,0
2025-10-30 03:00:00,23.5,69,25.4,0.0,100,5.5,10.8,2025,10,30,3,303,Post-Monsoon,0
2025-10-30 04:00:00,23.1,72,25.1,0.0,100,4.8,10.8,2025,10,30,4,303,Post-Monsoon,0
2025-10-30 05:00:00,22.9,78,25.7,0.0,95,3.0,10.4,2025,10,30,5,303,Post-Monsoon,0
2025-10-30 06:00:00,22.6,80,25.5,0.0,100,2.7,6.8,2025,10,30,6,303,Post-Monsoon,0
2025-10-30 07:00:00,23.0,78,26.0,0.0,100,1.9,6.1,2025,10,30,7,303,Post-Monsoon,0
2025-10-30 08:00:00,23.4,76,26.7,0.0,100,0.7,6.1,2025,10,30,8,303,Post-Monsoon,0
2025-10-30 09:00:00,24.8,72,28.2,0.0,100,0.6,8.6,2025,10,30,9,303,Post-Monsoon,0
2025-10-30 10:00:00,26.1,68,29.4,0.0,100,2.6,12.6,2025,10,30,10,303,Post-Monsoon,0
2025-10-30 11:00:00,27.3,65,30.5,0.0,100,4.9,15.8,2025,10,30,11,303,Post-Monsoon,0
2025-10-30 12:00:00,27.3,61,30.0,0.1,100,4.6,17.6,2025,10,30,12,303,Post-Monsoon,1
2025-10-30 13:00:00,26.9,63,29.6,0.0,100,5.0,17.3,2025,10,30,13,303,Post-Monsoon,0
2025-10-30 14:00:00,26.7,64,29.5,0.0,100,4.5,15.5,2025,10,30,14,303,Post-Monsoon,0
2025-10-30 15:00:00,26.4,65,29.3,0.0,100,3.7,14.0,2025,10,30,15,303,Post-Monsoon,0
2025-10-30 16:00:00,26.1,66,29.1,0.0,99,2.7,12.2,2025,10,30,16,303,Post-Monsoon,0
2025-10-30 17:00:00,24.9,75,28.5,0.0,99,2.2,8.6,2025,10,30,17,303,Post-Monsoon,0
2025-10-30 18:00:00,24.8,77,28.4,0.0,36,2.9,6.1,2025,10,30,18,303,Post-Monsoon,0
2025-10-30 19:00:00,24.0,83,27.7,0.0,98,3.9,7.2,2025,10,30,19,303,Post-Monsoon,0
2025-10-30 20:00:00,23.5,88,27.3,0.0,98,5.7,11.2,2025,10,30,20,303,Post-Monsoon,0
2025-10-30 21:00:00,23.2,91,27.4,0.0,100,3.9,11.2,2025,10,30,21,303,Post-Monsoon,0
2025-10-30 22:00:00,23.1,93,27.4,0.0,100,3.9,7.9,2025,10,30,22,303,Post-Monsoon,0
2025-10-30 23:00:00,22.9,95,26.9,0.0,100,6.3,9.0,2025,10,30,23,303,Post-Monsoon,0
2025-10-31 00:00:00,22.9,94,26.8,0.0,100,5.8,13.0,2025,10,31,0,304,Post-Monsoon,0
2025-10-31 01:00:00,22.7,94,26.8,0.0,100,4.4,12.2,2025,10,31,1,304,Post-Monsoon,0
2025-10-31 02:00:00,22.5,94,26.5,0.0,100,4.4,10.4,2025,10,31,2,304,Post-Monsoon,0
2025-10-31 03:00:00,22.3,95,26.4,0.0,100,3.4,9.7,2025,10,31,3,304,Post-Monsoon,0
2025-10-31 04:00:00,22.1,96,26.4,0.0,100,1.8,7.2,2025,10,31,4,304,Post-Monsoon,0
2025-10-31 05:00:00,21.6,96,25.7,0.0,97,1.1,4.0,2025,10,31,5,304,Post-Monsoon,0
2025-10-31 06:00:00,21.4,97,25.5,0.0,95,1.8,4.3,2025,10,31,6,304,Post-Monsoon,0
2025-10-31 07:00:00,22.2,95,25.9,0.0,97,5.2,11.9,2025,10,31,7,304,Post-Monsoon,0
2025-10-31 08:00:00,23.2,90,26.9,0.0,100,6.4,17.3,2025,10,31,8,304,Post-Monsoon,0
2025-10-31 09:00:00,24.9,79,28.3,0.0,33,6.5,19.4,2025,10,31,9,304,Post-Monsoon,0
2025-10-31 10:00:00,26.6,68,29.8,0.0,31,5.3,19.8,2025,10,31,10,304,Post-Monsoon,0
2025-10-31 11:00:00,27.9,61,30.9,0.0,16,4.4,19.8,2025,10,31,11,304,Post-Monsoon,0
2025-10-31 12:00:00,29.1,55,32.1,0.1,21,3.9,18.4,2025,10,31,12,304,Post-Monsoon,1
2025-10-31 13:00:00,29.9,51,32.6,0.0,98,4.0,18.0,2025,10,31,13,304,Post-Monsoon,0
2025-10-31 14:00:00,30.3,48,32.6,0.0,73,4.0,17.3,2025,10,31,14,304,Post-Monsoon,0
2025-10-31 15:00:00,30.3,47,32.2,0.0,26,5.8,18.4,2025,10,31,15,304,Post-Monsoon,0
2025-10-31 16:00:00,29.7,47,31.2,0.0,37,6.9,18.7,2025,10,31,16,304,Post-Monsoon,0
2025-10-31 17:00:00,28.2,55,30.7,0.0,34,4.3,18.0,2025,10,31,17,304,Post-Monsoon,0
2025-10-31 18:00:00,26.9,64,30.0,0.0,7,3.6,9.0,2025,10,31,18,304,Post-Monsoon,0
2025-10-31 19:00:00,26.1,68,29.3,0.0,6,4.0,8.3,2025,10,31,19,304,Post-Monsoon,0
2025-10-31 20:00:00,25.5,70,28.4,0.0,1,4.9,10.1,2025,10,31,20,304,Post-Monsoon,0
2025-10-31 21:00:00,24.8,71,27.4,0.0,1,6.2,12.2,2025,10,31,21,304,Post-Monsoon,0
2025-10-31 22:00:00,24.0,73,26.4,0.0,0,6.6,13.7,2025,10,31,22,304,Post-Monsoon,0
2025-10-31 23:00:00,23.4,81,26.3,0.0,0,5.5,13.3,2025,10,31,23,304,Post-Monsoon,0
2025-11-01 00:00:00,23.0,82,25.9,0.0,2,4.8,10.8,2025,11,1,0,305,Post-Monsoon,0
2025-11-01 01:00:00,22.7,82,25.3,0.0,2,5.8,11.2,2025,11,1,1,305,Post-Monsoon,0
2025-11-01 02:00:00,22.0,85,24.8,0.0,1,5.2,11.5,2025,11,1,2,305,Post-Monsoon,0
2025-11-01 03:00:00,21.2,89,24.0,0.0,1,5.2,10.4,2025,11,1,3,305,Post-Monsoon,0
2025-11-01 04:00:00,20.8,92,23.6,0.0,0,5.4,10.8,2025,11,1,4,305,Post-Monsoon,0
2025-11-01 05:00:00,20.9,95,23.9,0.0,2,5.7,10.8,2025,11,1,5,305,Post-Monsoon,0
2025-11-01 06:00:00,20.8,96,23.9,0.0,12,5.3,11.5,2025,11,1,6,305,Post-Monsoon,0
2025-11-01 07:00:00,21.3,91,24.1,0.0,10,6.1,14.0,2025,11,1,7,305,Post-Monsoon,0
2025-11-01 08:00:00,23.1,81,26.2,0.0,0,4.0,14.0,2025,11,1,8,305,Post-Monsoon,0
2025-11-01 09:00:00,26.0,64,28.5,0.0,0,4.3,15.5,2025,11,1,9,305,Post-Monsoon,0
2025-11-01 10:00:00,28.4,48,29.8,0.0,0,5.6,19.1,2025,11,1,10,305,Post-Monsoon,0
2025-11-01 11:00:00,29.8,36,30.2,0.0,0,7.9,21.6,2025,11,1,11,305,Post-Monsoon,0
2025-11-01 12:00:00,30.6,31,30.5,0.0,0,8.9,25.9,2025,11,1,12,305,Post-Monsoon,0
2025-11-01 13:00:00,30.9,29,30.2,0.0,1,9.8,27.4,2025,11,1,13,305,Post-Monsoon,0
2025-11-01 14:00:00,30.8,29,29.4,0.0,1,10.2,27.7,2025,11,1,14,305,Post-Monsoon,0
2025-11-01 15:00:00,30.4,29,29.1,0.0,0,10.2,27.7,2025,11,1,15,305,Post-Monsoon,0
2025-11-01 16:00:00,29.6,30,28.2,0.0,0,9.6,25.9,2025,11,1,16,305,Post-Monsoon,0
2025-11-01 17:00:00,27.0,47,27.7,0.0,0,5.4,21.6,2025,11,1,17,305,Post-Monsoon,0
2025-11-01 18:00:00,25.6,52,26.4,0.0,0,5.7,11.2,2025,11,1,18,305,Post-Monsoon,0
2025-11-01 19:00:00,24.7,55,25.5,0.0,0,5.4,10.8,2025,11,1,19,305,Post-Monsoon,0
2025-11-01 20:00:00,24.1,56,24.7,0.0,0,6.1,11.5,2025,11,1,20,305,Post-Monsoon,0
2025-11-01 21:00:00,23.5,58,24.1,0.0,0,6.0,11.5,2025,11,1,21,305,Post-Monsoon,0
2025-11-01 22:00:00,23.0,58,23.5,0.0,0,6.0,11.5,2025,11,1,22,305,Post-Monsoon,0
2025-11-01 23:00:00,22.0,68,23.2,0.0,0,5.2,12.2,2025,11,1,23,305,Post-Monsoon,0
2025-11-02 00:00:00,21.4,68,22.2,0.0,0,5.8,11.2,2025,11,2,0,306,Post-Monsoon,0
2025-11-02 01:00:00,21.2,68,21.9,0.0,0,6.2,11.5,2025,11,2,1,306,Post-Monsoon,0
2025-11-02 02:00:00,20.9,69,21.5,0.0,0,6.5,12.6,2025,11,2,2,306,Post-Monsoon,0
2025-11-02 03:00:00,20.1,72,20.8,0.0,0,6.2,12.6,2025,11,2,3,306,Post-Monsoon,0
2025-11-02 04:00:00,19.6,73,20.2,0.0,0,6.1,11.9,2025,11,2,4,306,Post-Monsoon,0
2025-11-02 05:00:00,19.4,79,20.4,0.0,1,5.9,12.6,2025,11,2,5,306,Post-Monsoon,0
2025-11-02 06:00:00,19.3,80,20.4,0.0,0,5.6,12.2,2025,11,2,6,306,Post-Monsoon,0
2025-11-02 07:00:00,19.9,78,21.0,0.0,0,6.3,11.9,2025,11,2,7,306,Post-Monsoon,0
2025-11-02 08:00:00,21.6,73,23.0,0.0,0,6.1,14.8,2025,11,2,8,306,Post-Monsoon,0
2025-11-02 09:00:00,23.8,65,25.3,0.0,0,5.9,17.3,2025,11,2,9,306,Post-Monsoon,0
2025-11-02 10:00:00,25.8,58,27.4,0.0,0,5.9,19.1,2025,11,2,10,306,Post-Monsoon,0
2025-11-02 11:00:00,27.6,50,29.0,0.0,0,8.8,21.6,2025,11,2,11,306,Post-Monsoon,0
2025-11-02 12:00:00,28.8,39,28.8,0.0,0,12.3,31.0,2025,11,2,12,306,Post-Monsoon,0
2025-11-02 13:00:00,29.3,36,28.7,0.0,0,12.8,31.7,2025,11,2,13,306,Post-Monsoon,0
2025-11-02 14:00:00,29.4,35,28.2,0.0,0,12.7,31.7,2025,11,2,14,306,Post-Monsoon,0
2025-11-02 15:00:00,29.1,35,28.0,0.0,0,12.2,30.6,2025,11,2,15,306,Post-Monsoon,0
2025-11-02 16:00:00,28.1,39,27.5,0.0,0,9.8,27.7,2025,11,2,16,306,Post-Monsoon,0
2025-11-02 17:00:00,26.2,48,26.5,0.0,0,7.6,21.6,2025,11,2,17,306,Post-Monsoon,0
2025-11-02 18:00:00,24.6,54,25.2,0.0,0,6.8,15.1,2025,11,2,18,306,Post-Monsoon,0
2025-11-02 19:00:00,23.7,56,24.2,0.0,0,7.0,14.0,2025,11,2,19,306,Post-Monsoon,0
2025-11-02 20:00:00,23.1,56,23.3,0.0,0,7.2,14.0,2025,11,2,20,306,Post-Monsoon,0
2025-11-02 21:00:00,22.5,56,22.4,0.0,0,7.4,14.4,2025,11,2,21,306,Post-Monsoon,0
2025-11-02 22:00:00,21.8,57,21.5,0.0,0,7.9,15.1,2025,11,2,22,306,Post-Monsoon,0
2025-11-02 23:00:00,21.6,60,21.6,0.0,0,8.2,15.5,2025,11,2,23,306,Post-Monsoon,0
2025-11-03 00:00:00,21.2,60,21.0,0.0,0,8.5,16.6,2025,11,3,0,307,Post-Monsoon,0
2025-11-03 01:00:00,20.6,61,20.1,0.0,0,9.1,18.0,2025,11,3,1,307,Post-Monsoon,0
2025-11-03 02:00:00,19.7,64,19.2,0.0,0,9.2,18.4,2025,11,3,2,307,Post-Monsoon,0
2025-11-03 03:00:00,19.0,66,18.5,0.0,0,8.8,18.4,2025,11,3,3,307,Post-Monsoon,0
2025-11-03 04:00:00,18.5,68,18.0,0.0,0,8.5,17.6,2025,11,3,4,307,Post-Monsoon,0
2025-11-03 05:00:00,18.2,72,17.9,0.0,0,8.3,16.9,2025,11,3,5,307,Post-Monsoon,0
2025-11-03 06:00:00,17.9,73,17.6,0.0,0,8.0,16.2,2025,11,3,6,307,Post-Monsoon,0
2025-11-03 07:00:00,18.3,70,17.9,0.0,0,8.3,16.6,2025,11,3,7,307,Post-Monsoon,0
2025-11-03 08:00:00,19.9,69,20.0,0.0,0,8.1,17.3,2025,11,3,8,307,Post-Monsoon,0
2025-11-03 09:00:00,22.3,60,22.8,0.0,0,5.9,16.9,2025,11,3,9,307,Post-Monsoon,0
2025-11-03 10:00:00,24.8,52,25.3,0.0,0,6.0,18.7,2025,11,3,10,307,Post-Monsoon,0
2025-11-03 11:00:00,27.2,46,28.1,0.0,0,7.0,21.2,2025,11,3,11,307,Post-Monsoon,0
2025-11-03 12:00:00,28.8,40,29.5,0.0,0,8.7,23.4,2025,11,3,12,307,Post-Monsoon,0
2025-11-03 13:00:00,29.9,35,29.7,0.0,0,10.8,27.0,2025,11,3,13,307,Post-Monsoon,0
2025-11-03 14:00:00,30.5,28,28.4,0.0,0,14.1,32.0,2025,11,3,14,307,Post-Monsoon,0
2025-11-03 15:00:00,30.0,28,28.0,0.0,0,13.3,32.8,2025,11,3,15,307,Post-Monsoon,0
2025-11-03 16:00:00,28.7,32,27.3,0.0,0,10.3,29.2,2025,11,3,16,307,Post-Monsoon,0
2025-11-03 17:00:00,26.3,42,26.1,0.0,0,6.9,22.3,2025,11,3,17,307,Post-Monsoon,0
2025-11-03 18:00:00,25.2,46,25.0,0.0,0,6.9,13.3,2025,11,3,18,307,Post-Monsoon,0
2025-11-03 19:00:00,24.3,51,24.6,0.0,11,5.7,13.0,2025,11,3,19,307,Post-Monsoon,0
2025-11-03 20:00:00,24.1,50,24.6,0.0,0,2.7,8.6,2025,11,3,20,307,Post-Monsoon,0
2025-11-03 21:00:00,23.5,51,24.1,0.0,0,1.6,4.0,2025,11,3,21,307,Post-Monsoon,0
2025-11-03 22:00:00,22.7,53,23.2,0.0,0,2.0,3.2,2025,11,3,22,307,Post-Monsoon,0
2025-11-03 23:00:00,23.0,54,23.7,0.0,0,1.7,6.1,2025,11,3,23,307,Post-Monsoon,0
2025-11-04 00:00:00,21.7,57,22.5,0.0,8,0.4,3.2,2025,11,4,0,308,Post-Monsoon,0
2025-11-04 01:00:00,21.0,59,21.7,0.0,9,0.4,1.8,2025,11,4,1,308,Post-Monsoon,0
2025-11-04 02:00:00,20.1,63,20.5,0.0,3,2.5,3.6,2025,11,4,2,308,Post-Monsoon,0
2025-11-04 03:00:00,19.3,67,19.7,0.0,87,3.6,4.7,2025,11,4,3,308,Post-Monsoon,0
2025-11-04 04:00:00,19.5,69,19.8,0.0,74,5.3,9.0,2025,11,4,4,308,Post-Monsoon,0
2025-11-04 05:00:00,18.9,74,19.4,0.0,100,5.1,9.7,2025,11,4,5,308,Post-Monsoon,0
2025-11-04 06:00:00,19.9,68,20.2,0.0,48,6.8,12.6,2025,11,4,6,308,Post-Monsoon,0
2025-11-04 07:00:00,20.1,67,20.0,0.0,32,9.0,18.4,2025,11,4,7,308,Post-Monsoon,0
2025-11-04 08:00:00,21.8,65,22.1,0.0,17,8.5,18.0,2025,11,4,8,308,Post-Monsoon,0
2025-11-04 09:00:00,23.6,61,24.9,0.0,3,3.8,16.2,2025,11,4,9,308,Post-Monsoon,0
2025-11-04 10:00:00,25.7,54,27.3,0.0,2,2.0,12.2,2025,11,4,10,308,Post-Monsoon,0
2025-11-04 11:00:00,27.5,47,29.0,0.0,1,3.9,13.3,2025,11,4,11,308,Post-Monsoon,0
2025-11-04 12:00:00,28.7,42,30.0,0.0,3,4.2,15.5,2025,11,4,12,308,Post-Monsoon,0
2025-11-04 13:00:00,28.7,44,29.2,0.0,7,10.6,27.4,2025,11,4,13,308,Post-Monsoon,0
2025-11-04 14:00:00,28.2,46,28.3,0.0,5,11.0,30.2,2025,11,4,14,308,Post-Monsoon,0
2025-11-04 15:00:00,27.9,43,27.8,0.0,6,9.4,27.7,2025,11,4,15,308,Post-Monsoon,0
2025-11-04 16:00:00,26.9,47,27.3,0.0,6,7.1,22.7,2025,11,4,16,308,Post-Monsoon,0
2025-11-04 17:00:00,25.4,62,27.3,0.0,13,5.2,15.5,2025,11,4,17,308,Post-Monsoon,0
2025-11-04 18:00:00,24.7,60,25.9,0.0,5,6.8,14.0,2025,11,4,18,308,Post-Monsoon,0
2025-11-04 19:00:00,23.6,64,25.0,0.0,9,5.8,13.3,2025,11,4,19,308,Post-Monsoon,0
2025-11-04 20:00:00,23.0,67,24.3,0.0,8,6.8,14.0,2025,11,4,20,308,Post-Monsoon,0
2025-11-04 21:00:00,22.1,71,23.6,0.0,41,5.4,14.0,2025,11,4,21,308,Post-Monsoon,0
2025-11-04 22:00:00,21.6,73,23.2,0.0,5,4.7,10.8,2025,11,4,22,308,Post-Monsoon,0
2025-11-04 23:00:00,21.8,80,24.3,0.0,70,3.7,9.4,2025,11,4,23,308,Post-Monsoon,0
2025-11-05 00:00:00,21.3,83,23.7,0.0,7,3.8,6.5,2025,11,5,0,309,Post-Monsoon,0
2025-11-05 01:00:00,21.5,82,24.1,0.0,17,2.4,6.5,2025,11,5,1,309,Post-Monsoon,0
2025-11-05 02:00:00,21.4,81,23.5,0.0,7,6.1,10.1,2025,11,5,2,309,Post-Monsoon,0
2025-11-05 03:00:00,20.2,86,21.9,0.0,0,6.7,14.8,2025,11,5,3,309,Post-Monsoon,0
2025-11-05 04:00:00,19.4,88,21.1,0.0,0,5.9,14.0,2025,11,5,4,309,Post-Monsoon,0
2025-11-05 05:00:00,19.0,92,21.1,0.0,0,4.0,15.1,2025,11,5,5,309,Post-Monsoon,0
2025-11-05 06:00:00,18.9,92,21.1,0.0,0,3.2,6.8,2025,11,5,6,309,Post-Monsoon,0
2025-11-05 07:00:00,20.0,88,22.2,0.0,0,4.0,6.8,2025,11,5,7,309,Post-Monsoon,0
2025-11-05 08:00:00,22.1,80,24.5,0.0,0,4.3,12.2,2025,11,5,8,309,Post-Monsoon,0
2025-11-05 09:00:00,24.2,72,26.9,0.0,0,3.2,13.7,2025,11,5,9,309,Post-Monsoon,0
2025-11-05 10:00:00,26.1,63,28.8,0.0,0,3.1,14.8,2025,11,5,10,309,Post-Monsoon,0
2025-11-05 11:00:00,28.1,55,30.6,0.0,11,5.4,16.6,2025,11,5,11,309,Post-Monsoon,0
2025-11-05 12:00:00,29.3,43,30.4,0.0,24,8.0,23.4,2025,11,5,12,309,Post-Monsoon,0
2025-11-05 13:00:00,29.5,37,29.1,0.0,8,9.4,25.6,2025,11,5,13,309,Post-Monsoon,0
2025-11-05 14:00:00,29.4,35,28.6,0.0,7,10.2,25.6,2025,11,5,14,309,Post-Monsoon,0
2025-11-05 15:00:00,28.9,36,28.0,0.0,11,10.9,26.3,2025,11,5,15,309,Post-Monsoon,0
2025-11-05 16:00:00,28.0,39,27.4,0.0,2,10.2,25.9,2025,11,5,16,309,Post-Monsoon,0
2025-11-05 17:00:00,27.1,40,26.6,0.0,12,8.1,22.3,2025,11,5,17,309,Post-Monsoon,0
2025-11-05 18:00:00,25.9,45,25.5,0.0,7,9.2,18.7,2025,11,5,18,309,Post-Monsoon,0
2025-11-05 19:00:00,24.8,47,24.2,0.0,1,9.7,19.8,2025,11,5,19,309,Post-Monsoon,0
2025-11-05 20:00:00,23.8,49,23.1,0.0,0,8.9,20.5,2025,11,5,20,309,Post-Monsoon,0
2025-11-05 21:00:00,22.8,50,22.1,0.0,0,8.8,18.4,2025,11,5,21,309,Post-Monsoon,0
2025-11-05 22:00:00,22.0,51,21.1,0.0,0,8.9,18.0,2025,11,5,22,309,Post-Monsoon,0
2025-11-05 23:00:00,21.3,60,21.0,0.0,0,8.4,18.0,2025,11,5,23,309,Post-Monsoon,0
2025-11-06 00:00:00,20.5,60,19.8,0.0,0,9.8,19.8,2025,11,6,0,310,Post-Monsoon,0
2025-11-06 01:00:00,19.6,57,18.5,0.0,0,9.8,20.2,2025,11,6,1,310,Post-Monsoon,0
2025-11-06 02:00:00,18.8,50,16.9,0.0,0,9.4,20.2,2025,11,6,2,310,Post-Monsoon,0
2025-11-06 03:00:00,17.7,48,15.4,0.0,0,9.5,19.1,2025,11,6,3,310,Post-Monsoon,0
2025-11-06 04:00:00,16.8,51,14.6,0.0,0,9.4,19.4,2025,11,6,4,310,Post-Monsoon,0
2025-11-06 05:00:00,16.4,64,14.8,0.0,0,10.2,18.7,2025,11,6,5,310,Post-Monsoon,0
2025-11-06 06:00:00,15.8,66,14.4,0.0,0,8.9,20.2,2025,11,6,6,310,Post-Monsoon,0
2025-11-06 07:00:00,16.1,66,14.7,0.0,0,8.9,18.0,2025,11,6,7,310,Post-Monsoon,0
2025-11-06 08:00:00,17.7,63,16.7,0.0,0,7.6,18.4,2025,11,6,8,310,Post-Monsoon,0
2025-11-06 09:00:00,19.8,56,19.0,0.0,0,7.2,19.4,2025,11,6,9,310,Post-Monsoon,0
2025-11-06 10:00:00,22.1,47,20.9,0.0,0,8.4,23.0,2025,11,6,10,310,Post-Monsoon,0
2025-11-06 11:00:00,24.1,38,22.7,0.0,0,10.2,25.6,2025,11,6,11,310,Post-Monsoon,0
2025-11-06 12:00:00,25.2,32,23.9,0.0,0,9.5,27.0,2025,11,6,12,310,Post-Monsoon,0
2025-11-06 13:00:00,25.9,29,24.2,0.0,0,9.6,26.3,2025,11,6,13,310,Post-Monsoon,0
2025-11-06 14:00:00,26.1,29,23.8,0.0,0,9.9,26.3,2025,11,6,14,310,Post-Monsoon,0
2025-11-06 15:00:00,25.7,30,23.3,0.0,0,10.7,25.9,2025,11,6,15,310,Post-Monsoon,0
2025-11-06 16:00:00,24.8,33,22.8,0.0,0,9.3,25.6,2025,11,6,16,310,Post-Monsoon,0
2025-11-06 17:00:00,22.9,42,21.6,0.0,0,6.8,20.5,2025,11,6,17,310,Post-Monsoon,0
2025-11-06 18:00:00,21.7,47,20.8,0.0,0,6.3,13.7,2025,11,6,18,310,Post-Monsoon,0
2025-11-06 19:00:00,21.0,50,20.0,0.0,0,7.2,14.4,2025,11,6,19,310,Post-Monsoon,0
2025-11-06 20:00:00,20.2,52,19.1,0.0,0,7.6,15.5,2025,11,6,20,310,Post-Monsoon,0
2025-11-06 21:00:00,19.7,52,18.3,0.0,0,8.4,16.9,2025,11,6,21,310,Post-Monsoon,0
2025-11-06 22:00:00,19.1,52,17.5,0.0,0,8.4,17.3,2025,11,6,22,310,Post-Monsoon,0
2025-11-06 23:00:00,18.7,53,17.1,0.0,0,9.1,16.9,2025,11,6,23,310,Post-Monsoon,0
2025-11-07 00:00:00,17.8,55,16.2,0.0,0,8.4,18.0,2025,11,7,0,311,Post-Monsoon,0
2025-11-07 01:00:00,17.0,56,15.3,0.0,0,8.3,16.9,2025,11,7,1,311,Post-Monsoon,0
2025-11-07 02:00:00,16.4,58,14.7,0.0,0,8.1,16.6,2025,11,7,2,311,Post-Monsoon,0
2025-11-07 03:00:00,15.8,60,14.1,0.0,0,7.7,16.2,2025,11,7,3,311,Post-Monsoon,0
2025-11-07 04:00:00,15.4,61,13.7,0.0,0,7.6,15.5,2025,11,7,4,311,Post-Monsoon,0
2025-11-07 05:00:00,15.4,65,13.8,0.0,0,8.7,16.2,2025,11,7,5,311,Post-Monsoon,0
2025-11-07 06:00:00,14.8,67,13.2,0.0,0,8.2,17.3,2025,11,7,6,311,Post-Monsoon,0
2025-11-07 07:00:00,15.0,66,13.3,0.0,0,9.0,18.4,2025,11,7,7,311,Post-Monsoon,0
2025-11-07 08:00:00,16.5,62,15.0,0.0,0,8.3,19.4,2025,11,7,8,311,Post-Monsoon,0
2025-11-07 09:00:00,18.9,54,17.5,0.0,0,7.6,20.5,2025,11,7,9,311,Post-Monsoon,0
2025-11-07 10:00:00,21.3,46,20.0,0.0,0,7.5,22.0,2025,11,7,10,311,Post-Monsoon,0
2025-11-07 11:00:00,24.4,39,23.4,0.0,0,9.0,23.4,2025,11,7,11,311,Post-Monsoon,0
2025-11-07 12:00:00,26.1,32,24.9,0.0,0,9.3,26.3,2025,11,7,12,311,Post-Monsoon,0
2025-11-07 13:00:00,27.0,27,25.2,0.0,0,9.6,26.3,2025,11,7,13,311,Post-Monsoon,0
2025-11-07 14:00:00,27.3,24,24.6,0.0,0,10.0,26.3,2025,11,7,14,311,Post-Monsoon,0
2025-11-07 15:00:00,27.0,25,24.4,0.0,0,9.6,25.9,2025,11,7,15,311,Post-Monsoon,0
2025-11-07 16:00:00,25.9,29,23.7,0.0,0,8.4,23.4,2025,11,7,16,311,Post-Monsoon,0
2025-11-07 17:00:00,24.0,36,22.3,0.0,0,7.7,18.4,2025,11,7,17,311,Post-Monsoon,0
2025-11-07 18:00:00,22.7,40,21.1,0.0,0,7.6,16.2,2025,11,7,18,311,Post-Monsoon,0
2025-11-07 19:00:00,21.5,43,19.9,0.0,0,7.3,15.5,2025,11,7,19,311,Post-Monsoon,0
2025-11-07 20:00:00,20.5,45,18.9,0.0,0,7.4,14.8,2025,11,7,20,311,Post-Monsoon,0
2025-11-07 21:00:00,19.5,47,17.9,0.0,0,6.8,14.8,2025,11,7,21,311,Post-Monsoon,0
2025-11-07 22:00:00,18.7,48,17.0,0.0,0,7.0,13.7,2025,11,7,22,311,Post-Monsoon,0
2025-11-07 23:00:00,18.3,51,16.5,0.0,0,8.0,13.7,2025,11,7,23,311,Post-Monsoon,0
2025-11-08 00:00:00,17.3,53,15.6,0.0,0,7.9,15.8,2025,11,8,0,312,Post-Monsoon,0
2025-11-08 01:00:00,16.8,55,15.0,0.0,0,8.0,15.8,2025,11,8,1,312,Post-Monsoon,0
2025-11-08 02:00:00,16.3,56,14.4,0.0,0,8.2,16.6,2025,11,8,2,312,Post-Monsoon,0
2025-11-08 03:00:00,15.8,57,13.9,0.0,0,7.5,16.2,2025,11,8,3,312,Post-Monsoon,0
2025-11-08 04:00:00,15.2,58,13.4,0.0,0,6.5,15.1,2025,11,8,4,312,Post-Monsoon,0
2025-11-08 05:00:00,14.4,64,12.8,0.0,0,6.2,12.6,2025,11,8,5,312,Post-Monsoon,0
2025-11-08 06:00:00,13.9,66,12.4,0.0,0,5.2,11.2,2025,11,8,6,312,Post-Monsoon,0
2025-11-08 07:00:00,14.8,61,13.3,0.0,0,5.4,10.1,2025,11,8,7,312,Post-Monsoon,0
2025-11-08 08:00:00,16.8,56,15.3,0.0,0,6.1,14.0,2025,11,8,8,312,Post-Monsoon,0
2025-11-08 09:00:00,19.4,47,18.1,0.0,0,4.7,15.8,2025,11,8,9,312,Post-Monsoon,0
2025-11-08 10:00:00,22.0,38,20.5,0.0,0,5.5,18.4,2025,11,8,10,312,Post-Monsoon,0
2025-11-08 11:00:00,24.6,29,22.8,0.0,0,8.3,23.0,2025,11,8,11,312,Post-Monsoon,0
2025-11-08 12:00:00,25.9,25,24.0,0.0,0,9.4,27.0,2025,11,8,12,312,Post-Monsoon,0
2025-11-08 13:00:00,26.6,23,24.2,0.0,0,10.1,28.1,2025,11,8,13,312,Post-Monsoon,0
2025-11-08 14:00:00,26.8,22,23.6,0.0,0,10.7,28.4,2025,11,8,14,312,Post-Monsoon,0
2025-11-08 15:00:00,26.4,23,23.3,0.0,0,10.4,28.1,2025,11,8,15,312,Post-Monsoon,0
2025-11-08 16:00:00,25.4,26,22.7,0.0,0,9.3,25.9,2025,11,8,16,312,Post-Monsoon,0
2025-11-08 17:00:00,23.2,34,21.3,0.0,0,6.0,20.2,2025,11,8,17,312,Post-Monsoon,0
2025-11-08 18:00:00,22.1,39,20.5,0.0,0,5.7,12.6,2025,11,8,18,312,Post-Monsoon,0
2025-11-08 19:00:00,21.2,42,19.7,0.0,0,6.0,11.9,2025,11,8,19,312,Post-Monsoon,0
2025-11-08 20:00:00,20.2,45,18.7,0.0,0,6.1,11.9,2025,11,8,20,312,Post-Monsoon,0
2025-11-08 21:00:00,19.3,49,18.0,0.0,0,5.7,11.9,2025,11,8,21,312,Post-Monsoon,0
2025-11-08 22:00:00,18.7,49,17.3,0.0,0,5.9,11.2,2025,11,8,22,312,Post-Monsoon,0
2025-11-08 23:00:00,18.1,54,16.8,0.0,0,6.1,11.9,2025,11,8,23,312,Post-Monsoon,0
2025-11-09 00:00:00,17.5,53,15.9,0.0,0,6.7,13.0,2025,11,9,0,313,Post-Monsoon,0
2025-11-09 01:00:00,16.9,54,15.2,0.0,0,7.1,13.7,2025,11,9,1,313,Post-Monsoon,0
2025-11-09 02:00:00,16.3,55,14.6,0.0,0,6.4,13.7,2025,11,9,2,313,Post-Monsoon,0
2025-11-09 03:00:00,15.7,57,14.0,0.0,0,6.3,12.2,2025,11,9,3,313,Post-Monsoon,0
2025-11-09 04:00:00,15.1,59,13.4,0.0,0,6.2,11.9,2025,11,9,4,313,Post-Monsoon,0
2025-11-09 05:00:00,14.2,67,12.8,0.0,0,6.0,11.9,2025,11,9,5,313,Post-Monsoon,0
2025-11-09 06:00:00,14.1,66,12.6,0.0,0,5.8,11.9,2025,11,9,6,313,Post-Monsoon,0
2025-11-09 07:00:00,14.7,64,13.1,0.0,0,7.0,13.3,2025,11,9,7,313,Post-Monsoon,0
2025-11-09 08:00:00,16.4,60,15.1,0.0,0,6.5,15.5,2025,11,9,8,313,Post-Monsoon,0
2025-11-09 09:00:00,19.0,52,18.0,0.0,0,4.5,16.2,2025,11,9,9,313,Post-Monsoon,0
2025-11-09 10:00:00,21.7,44,20.7,0.0,0,4.9,18.0,2025,11,9,10,313,Post-Monsoon,0
2025-11-09 11:00:00,24.4,33,22.9,0.0,0,8.4,23.0,2025,11,9,11,313,Post-Monsoon,0
2025-11-09 12:00:00,25.9,28,24.3,0.0,0,8.6,25.9,2025,11,9,12,313,Post-Monsoon,0
2025-11-09 13:00:00,26.7,26,24.8,0.0,0,8.6,25.6,2025,11,9,13,313,Post-Monsoon,0
2025-11-09 14:00:00,26.8,25,24.3,0.0,0,9.0,25.9,2025,11,9,14,313,Post-Monsoon,0
2025-11-09 15:00:00,26.5,27,24.1,0.0,0,9.3,25.6,2025,11,9,15,313,Post-Monsoon,0
2025-11-09 16:00:00,25.6,30,23.4,0.0,0,9.0,24.1,2025,11,9,16,313,Post-Monsoon,0
2025-11-09 17:00:00,23.5,38,22.1,0.0,0,6.2,19.4,2025,11,9,17,313,Post-Monsoon,0
2025-11-09 18:00:00,22.4,41,21.0,0.0,0,6.9,14.0,2025,11,9,18,313,Post-Monsoon,0
2025-11-09 19:00:00,21.4,42,19.8,0.0,0,7.3,14.8,2025,11,9,19,313,Post-Monsoon,0
2025-11-09 20:00:00,20.5,43,18.7,0.0,0,7.1,14.8,2025,11,9,20,313,Post-Monsoon,0
2025-11-09 21:00:00,19.6,45,17.9,0.0,0,6.4,14.4,2025,11,9,21,313,Post-Monsoon,0
2025-11-09 22:00:00,19.1,45,17.3,0.0,0,6.6,13.0,2025,11,9,22,313,Post-Monsoon,0
2025-11-09 23:00:00,18.5,48,16.8,0.0,0,6.7,13.7,2025,11,9,23,313,Post-Monsoon,0
2025-11-10 00:00:00,17.8,51,16.1,0.0,0,6.9,13.7,2025,11,10,0,314,Post-Monsoon,0
2025-11-10 01:00:00,16.8,55,15.2,0.0,0,6.3,13.3,2025,11,10,1,314,Post-Monsoon,0
2025-11-10 02:00:00,16.1,58,14.6,0.0,0,5.9,11.9,2025,11,10,2,314,Post-Monsoon,0
2025-11-10 03:00:00,15.6,59,14.1,0.0,0,5.8,11.2,2025,11,10,3,314,Post-Monsoon,0
2025-11-10 04:00:00,15.0,61,13.5,0.0,0,5.5,10.1,2025,11,10,4,314,Post-Monsoon,0
2025-11-10 05:00:00,14.2,69,12.9,0.0,17,5.6,10.1,2025,11,10,5,314,Post-Monsoon,0
2025-11-10 06:00:00,13.9,70,12.7,0.0,0,5.2,11.2,2025,11,10,6,314,Post-Monsoon,0
2025-11-10 07:00:00,14.5,68,13.2,0.0,0,5.8,10.8,2025,11,10,7,314,Post-Monsoon,0
2025-11-10 08:00:00,16.4,63,15.4,0.0,0,5.5,13.3,2025,11,10,8,314,Post-Monsoon,0
2025-11-10 09:00:00,19.3,52,18.4,0.0,0,4.1,15.1,2025,11,10,9,314,Post-Monsoon,0
2025-11-10 10:00:00,22.0,43,21.0,0.0,0,4.0,16.6,2025,11,10,10,314,Post-Monsoon,0
2025-11-10 11:00:00,24.4,35,23.5,0.0,0,5.4,19.1,2025,11,10,11,314,Post-Monsoon,0
2025-11-10 12:00:00,26.1,28,24.6,0.0,0,7.2,23.0,2025,11,10,12,314,Post-Monsoon,0
2025-11-10 13:00:00,26.7,25,24.8,0.0,10,8.4,25.2,2025,11,10,13,314,Post-Monsoon,0
2025-11-10 14:00:00,27.0,24,24.4,0.0,60,8.8,25.6,2025,11,10,14,314,Post-Monsoon,0
2025-11-10 15:00:00,26.6,24,24.0,0.0,70,8.8,24.8,2025,11,10,15,314,Post-Monsoon,0
2025-11-10 16:00:00,25.7,26,23.2,0.0,64,8.1,23.0,2025,11,10,16,314,Post-Monsoon,0
2025-11-10 17:00:00,23.4,35,21.9,0.0,48,4.7,17.3,2025,11,10,17,314,Post-Monsoon,0
2025-11-10 18:00:00,22.3,38,20.9,0.0,0,4.6,10.1,2025,11,10,18,314,Post-Monsoon,0
2025-11-10 19:00:00,21.3,43,20.3,0.0,7,4.0,8.6,2025,11,10,19,314,Post-Monsoon,0
2025-11-10 20:00:00,20.5,45,19.6,0.0,49,3.2,6.8,2025,11,10,20,314,Post-Monsoon,0
2025-11-10 21:00:00,19.9,47,18.9,0.0,30,3.3,6.8,2025,11,10,21,314,Post-Monsoon,0
2025-11-10 22:00:00,19.4,47,18.2,0.0,83,3.8,7.6,2025,11,10,22,314,Post-Monsoon,0
2025-11-10 23:00:00,19.0,50,18.0,0.0,94,3.2,5.8,2025,11,10,23,314,Post-Monsoon,0
2025-11-11 00:00:00,17.5,53,16.4,0.0,9,3.3,5.0,2025,11,11,0,315,Post-Monsoon,0
2025-11-11 01:00:00,16.4,57,15.2,0.0,0,3.8,6.1,2025,11,11,1,315,Post-Monsoon,0
2025-11-11 02:00:00,15.4,59,13.9,0.0,0,5.5,9.4,2025,11,11,2,315,Post-Monsoon,0
2025-11-11 03:00:00,14.6,62,13.1,0.0,0,5.3,9.7,2025,11,11,3,315,Post-Monsoon,0
2025-11-11 04:00:00,14.1,63,12.6,0.0,0,5.4,10.1,2025,11,11,4,315,Post-Monsoon,0
2025-11-11 05:00:00,13.7,70,12.4,0.0,0,5.8,10.8,2025,11,11,5,315,Post-Monsoon,0
2025-11-11 06:00:00,13.7,70,12.3,0.0,0,5.9,11.9,2025,11,11,6,315,Post-Monsoon,0
2025-11-11 07:00:00,14.2,67,12.7,0.0,0,6.8,12.6,2025,11,11,7,315,Post-Monsoon,0
2025-11-11 08:00:00,16.4,61,15.0,0.0,0,7.0,15.5,2025,11,11,8,315,Post-Monsoon,0
2025-11-11 09:00:00,19.3,51,18.3,0.0,0,4.9,16.2,2025,11,11,9,315,Post-Monsoon,0
2025-11-11 10:00:00,22.2,42,21.0,0.0,0,5.2,18.4,2025,11,11,10,315,Post-Monsoon,0
2025-11-11 11:00:00,24.8,34,23.6,0.0,0,7.1,22.0,2025,11,11,11,315,Post-Monsoon,0
2025-11-11 12:00:00,26.4,28,24.7,0.0,0,9.2,26.6,2025,11,11,12,315,Post-Monsoon,0
2025-11-11 13:00:00,27.1,25,24.9,0.0,0,9.9,27.7,2025,11,11,13,315,Post-Monsoon,0
2025-11-11 14:00:00,27.4,23,24.5,0.0,0,10.3,27.7,2025,11,11,14,315,Post-Monsoon,0
2025-11-11 15:00:00,27.0,24,24.1,0.0,0,10.6,27.4,2025,11,11,15,315,Post-Monsoon,0
2025-11-11 16:00:00,26.0,27,23.4,0.0,0,9.4,26.3,2025,11,11,16,315,Post-Monsoon,0
2025-11-11 17:00:00,23.8,32,21.9,0.0,0,6.0,20.5,2025,11,11,17,315,Post-Monsoon,0
2025-11-11 18:00:00,22.6,37,21.0,0.0,0,6.0,13.3,2025,11,11,18,315,Post-Monsoon,0
2025-11-11 19:00:00,21.4,42,19.9,0.0,0,6.8,13.7,2025,11,11,19,315,Post-Monsoon,0
2025-11-11 20:00:00,20.4,47,19.0,0.0,0,6.7,13.7,2025,11,11,20,315,Post-Monsoon,0
2025-11-11 21:00:00,19.7,49,18.3,0.0,0,6.9,13.7,2025,11,11,21,315,Post-Monsoon,0
2025-11-11 22:00:00,19.1,49,17.5,0.0,0,7.5,14.4,2025,11,11,22,315,Post-Monsoon,0
2025-11-11 23:00:00,18.8,52,17.3,0.0,0,7.7,15.1,2025,11,11,23,315,Post-Monsoon,0
2025-11-12 00:00:00,17.8,54,16.3,0.0,0,7.1,15.1,2025,11,12,0,316,Post-Monsoon,0
2025-11-12 01:00:00,17.0,56,15.6,0.0,0,6.4,13.7,2025,11,12,1,316,Post-Monsoon,0
2025-11-12 02:00:00,16.4,58,15.0,0.0,0,6.1,11.9,2025,11,12,2,316,Post-Monsoon,0
2025-11-12 03:00:00,15.8,60,14.4,0.0,0,5.8,11.5,2025,11,12,3,316,Post-Monsoon,0
2025-11-12 04:00:00,15.2,62,13.7,0.0,0,6.5,12.6,2025,11,12,4,316,Post-Monsoon,0
2025-11-12 05:00:00,14.3,69,12.9,0.0,0,7.2,14.4,2025,11,12,5,316,Post-Monsoon,0
2025-11-12 06:00:00,14.0,70,12.5,0.0,0,7.6,15.1,2025,11,12,6,316,Post-Monsoon,0
2025-11-12 07:00:00,14.4,68,12.7,0.0,0,8.7,16.6,2025,11,12,7,316,Post-Monsoon,0
2025-11-12 08:00:00,16.3,62,14.8,0.0,0,7.8,17.6,2025,11,12,8,316,Post-Monsoon,0
2025-11-12 09:00:00,19.2,52,18.0,0.0,0,6.7,19.1,2025,11,12,9,316,Post-Monsoon,0
2025-11-12 10:00:00,22.2,43,20.9,0.0,0,7.1,21.6,2025,11,12,10,316,Post-Monsoon,0
2025-11-12 11:00:00,24.9,36,23.4,0.0,0,9.6,25.9,2025,11,12,11,316,Post-Monsoon,0
2025-11-12 12:00:00,26.6,29,24.6,0.0,0,11.8,31.7,2025,11,12,12,316,Post-Monsoon,0
2025-11-12 13:00:00,27.3,26,24.7,0.0,0,12.8,33.8,2025,11,12,13,316,Post-Monsoon,0
2025-11-12 14:00:00,27.5,24,24.4,0.0,0,12.8,33.5,2025,11,12,14,316,Post-Monsoon,0
2025-11-12 15:00:00,27.1,25,24.1,0.0,0,12.3,32.4,2025,11,12,15,316,Post-Monsoon,0
2025-11-12 16:00:00,26.2,26,23.5,0.0,0,10.7,29.5,2025,11,12,16,316,Post-Monsoon,0
2025-11-12 17:00:00,23.9,35,22.2,0.0,0,6.3,23.8,2025,11,12,17,316,Post-Monsoon,0
2025-11-12 18:00:00,22.8,39,21.4,0.0,0,5.6,13.3,2025,11,12,18,316,Post-Monsoon,0
2025-11-12 19:00:00,21.7,43,20.6,0.0,0,5.4,11.2,2025,11,12,19,316,Post-Monsoon,0
2025-11-12 20:00:00,20.8,47,19.8,0.0,0,5.1,10.1,2025,11,12,20,316,Post-Monsoon,0
2025-11-12 21:00:00,20.2,51,19.4,0.0,0,4.2,9.0,2025,11,12,21,316,Post-Monsoon,0
2025-11-12 22:00:00,19.4,53,18.6,0.0,0,4.2,6.8,2025,11,12,22,316,Post-Monsoon,0
2025-11-12 23:00:00,19.1,54,18.4,0.0,0,3.6,9.0,2025,11,12,23,316,Post-Monsoon,0
2025-11-13 00:00:00,17.3,59,16.2,0.0,0,5.8,10.8,2025,11,13,0,317,Post-Monsoon,0
2025-11-13 01:00:00,16.2,64,15.2,0.0,0,5.6,11.5,2025,11,13,1,317,Post-Monsoon,0
2025-11-13 02:00:00,15.4,69,14.5,0.0,0,5.4,11.2,2025,11,13,2,317,Post-Monsoon,0
2025-11-13 03:00:00,14.7,72,13.9,0.0,0,5.1,10.8,2025,11,13,3,317,Post-Monsoon,0
2025-11-13 04:00:00,14.3,75,13.4,0.0,0,5.4,10.4,2025,11,13,4,317,Post-Monsoon,0
2025-11-13 05:00:00,13.7,80,12.9,0.0,0,6.2,11.5,2025,11,13,5,317,Post-Monsoon,0
2025-11-13 06:00:00,13.2,81,12.4,0.0,0,5.5,12.2,2025,11,13,6,317,Post-Monsoon,0
2025-11-13 07:00:00,13.8,76,12.7,0.0,0,6.5,12.2,2025,11,13,7,317,Post-Monsoon,0
2025-11-13 08:00:00,15.7,68,14.7,0.0,0,6.3,15.5,2025,11,13,8,317,Post-Monsoon,0
2025-11-13 09:00:00,18.3,57,17.5,0.0,0,4.9,16.6,2025,11,13,9,317,Post-Monsoon,0
2025-11-13 10:00:00,21.2,47,20.3,0.0,0,4.9,18.0,2025,11,13,10,317,Post-Monsoon,0
2025-11-13 11:00:00,23.8,37,22.5,0.0,0,8.1,22.7,2025,11,13,11,317,Post-Monsoon,0
2025-11-13 12:00:00,25.2,33,23.7,0.0,0,9.4,27.4,2025,11,13,12,317,Post-Monsoon,0
2025-11-13 13:00:00,25.9,28,23.9,0.0,0,9.5,27.4,2025,11,13,13,317,Post-Monsoon,0
2025-11-13 14:00:00,26.3,26,23.6,0.0,0,9.7,27.0,2025,11,13,14,317,Post-Monsoon,0
2025-11-13 15:00:00,26.0,26,23.2,0.0,0,9.9,26.3,2025,11,13,15,317,Post-Monsoon,0
2025-11-13 16:00:00,25.1,29,22.7,0.0,0,8.9,25.2,2025,11,13,16,317,Post-Monsoon,0
2025-11-13 17:00:00,22.5,38,20.9,0.0,0,5.5,19.4,2025,11,13,17,317,Post-Monsoon,0
2025-11-13 18:00:00,21.5,40,19.9,0.0,0,6.2,12.2,2025,11,13,18,317,Post-Monsoon,0
2025-11-13 19:00:00,20.4,44,18.9,0.0,0,6.5,13.3,2025,11,13,19,317,Post-Monsoon,0
2025-11-13 20:00:00,19.3,48,17.8,0.0,0,6.5,13.0,2025,11,13,20,317,Post-Monsoon,0
2025-11-13 21:00:00,18.6,50,17.1,0.0,0,6.7,13.3,2025,11,13,21,317,Post-Monsoon,0
2025-11-13 22:00:00,17.9,52,16.4,0.0,0,6.5,13.3,2025,11,13,22,317,Post-Monsoon,0
2025-11-13 23:00:00,17.6,55,16.1,0.0,0,6.7,13.0,2025,11,13,23,317,Post-Monsoon,0
2025-11-14 00:00:00,16.7,57,15.2,0.0,0,6.7,13.7,2025,11,14,0,318,Post-Monsoon,0
2025-11-14 01:00:00,15.7,61,14.4,0.0,0,5.7,13.0,2025,11,14,1,318,Post-Monsoon,0
2025-11-14 02:00:00,15.0,64,13.8,0.0,0,5.4,10.8,2025,11,14,2,318,Post-Monsoon,0
2025-11-14 03:00:00,14.5,66,13.2,0.0,0,5.5,10.4,2025,11,14,3,318,Post-Monsoon,0
2025-11-14 04:00:00,13.9,68,12.5,0.0,0,5.8,11.2,2025,11,14,4,318,Post-Monsoon,0
2025-11-14 05:00:00,13.5,74,12.4,0.0,0,6.0,11.9,2025,11,14,5,318,Post-Monsoon,0
2025-11-14 06:00:00,13.3,75,12.2,0.0,0,5.6,12.6,2025,11,14,6,318,Post-Monsoon,0
2025-11-14 07:00:00,13.7,74,12.4,0.0,0,6.7,13.0,2025,11,14,7,318,Post-Monsoon,0
2025-11-14 08:00:00,15.6,67,14.5,0.0,0,6.2,14.4,2025,11,14,8,318,Post-Monsoon,0
2025-11-14 09:00:00,18.4,56,17.5,0.0,0,4.9,16.2,2025,11,14,9,318,Post-Monsoon,0
2025-11-14 10:00:00,21.1,46,20.0,0.0,0,5.2,18.7,2025,11,14,10,318,Post-Monsoon,0
2025-11-14 11:00:00,23.5,37,22.3,0.0,0,7.0,22.0,2025,11,14,11,318,Post-Monsoon,0
2025-11-14 12:00:00,25.1,29,23.2,0.0,0,8.6,25.9,2025,11,14,12,318,Post-Monsoon,0
2025-11-14 13:00:00,25.7,28,23.5,0.0,0,9.4,27.0,2025,11,14,13,318,Post-Monsoon,0
2025-11-14 14:00:00,26.0,26,23.4,0.0,0,9.5,27.0,2025,11,14,14,318,Post-Monsoon,0
2025-11-14 15:00:00,25.8,24,22.9,0.0,0,9.7,25.9,2025,11,14,15,318,Post-Monsoon,0
2025-11-14 16:00:00,24.9,27,22.3,0.0,0,8.9,24.8,2025,11,14,16,318,Post-Monsoon,0
2025-11-14 17:00:00,22.6,35,20.9,0.0,0,5.2,20.2,2025,11,14,17,318,Post-Monsoon,0
2025-11-14 18:00:00,21.9,38,20.3,0.0,0,5.4,11.9,2025,11,14,18,318,Post-Monsoon,0
2025-11-14 19:00:00,20.8,42,19.3,0.0,0,5.6,11.2,2025,11,14,19,318,Post-Monsoon,0
2025-11-14 20:00:00,19.6,46,18.2,0.0,0,5.6,11.5,2025,11,14,20,318,Post-Monsoon,0
2025-11-14 21:00:00,18.8,50,17.4,0.0,0,5.6,11.5,2025,11,14,21,318,Post-Monsoon,0
2025-11-14 22:00:00,18.1,52,16.7,0.0,0,5.6,11.2,2025,11,14,22,318,Post-Monsoon,0
2025-11-14 23:00:00,17.5,57,16.3,0.0,0,5.8,11.2,2025,11,14,23,318,Post-Monsoon,0
2025-11-15 00:00:00,16.9,56,15.5,0.0,0,6.0,11.9,2025,11,15,0,319,Post-Monsoon,0
2025-11-15 01:00:00,15.9,59,14.5,0.0,0,5.6,11.5,2025,11,15,1,319,Post-Monsoon,0
2025-11-15 02:00:00,15.2,62,13.8,0.0,0,5.4,10.8,2025,11,15,2,319,Post-Monsoon,0
2025-11-15 03:00:00,14.4,65,13.1,0.0,0,5.2,10.1,2025,11,15,3,319,Post-Monsoon,0
2025-11-15 04:00:00,13.7,69,12.4,0.0,0,4.9,9.4,2025,11,15,4,319,Post-Monsoon,0
2025-11-15 05:00:00,13.1,76,12.0,0.0,0,5.4,9.7,2025,11,15,5,319,Post-Monsoon,0
2025-11-15 06:00:00,12.8,77,11.6,0.0,0,5.6,11.5,2025,11,15,6,319,Post-Monsoon,0
2025-11-15 07:00:00,13.0,76,11.7,0.0,0,6.6,12.6,2025,11,15,7,319,Post-Monsoon,0
2025-11-15 08:00:00,15.1,67,14.0,0.0,0,6.2,14.4,2025,11,15,8,319,Post-Monsoon,0
2025-11-15 09:00:00,18.1,56,17.1,0.0,0,4.7,15.5,2025,11,15,9,319,Post-Monsoon,0
2025-11-15 10:00:00,21.0,45,19.8,0.0,0,5.1,18.4,2025,11,15,10,319,Post-Monsoon,0
2025-11-15 11:00:00,23.6,36,22.3,0.0,0,6.7,22.0,2025,11,15,11,319,Post-Monsoon,0
2025-11-15 12:00:00,25.3,29,23.7,0.0,0,7.5,23.8,2025,11,15,12,319,Post-Monsoon,0
2025-11-15 13:00:00,26.1,28,24.1,0.0,0,8.8,25.6,2025,11,15,13,319,Post-Monsoon,0
2025-11-15 14:00:00,26.6,25,23.9,0.0,0,10.0,27.0,2025,11,15,14,319,Post-Monsoon,0
2025-11-15 15:00:00,26.4,25,23.6,0.0,0,10.3,27.0,2025,11,15,15,319,Post-Monsoon,0
2025-11-15 16:00:00,25.5,28,23.1,0.0,0,9.0,25.6,2025,11,15,16,319,Post-Monsoon,0
2025-11-15 17:00:00,22.8,39,21.6,0.0,0,5.2,19.4,2025,11,15,17,319,Post-Monsoon,0
2025-11-15 18:00:00,22.2,39,20.7,0.0,0,5.9,11.9,2025,11,15,18,319,Post-Monsoon,0
2025-11-15 19:00:00,21.2,42,19.6,0.0,0,6.8,13.3,2025,11,15,19,319,Post-Monsoon,0
2025-11-15 20:00:00,20.3,45,18.7,0.0,0,7.2,14.8,2025,11,15,20,319,Post-Monsoon,0
2025-11-15 21:00:00,19.5,47,17.9,0.0,0,7.0,14.8,2025,11,15,21,319,Post-Monsoon,0
2025-11-15 22:00:00,18.7,49,17.2,0.0,0,6.3,14.0,2025,11,15,22,319,Post-Monsoon,0
2025-11-15 23:00:00,17.3,58,16.2,0.0,0,5.4,12.6,2025,11,15,23,319,Post-Monsoon,0
2025-11-16 00:00:00,16.2,59,15.0,0.0,0,5.2,10.4,2025,11,16,0,320,Post-Monsoon,0
2025-11-16 01:00:00,15.3,63,14.1,0.0,0,4.8,10.1,2025,11,16,1,320,Post-Monsoon,0
2025-11-16 02:00:00,14.6,67,13.5,0.0,0,4.6,8.6,2025,11,16,2,320,Post-Monsoon,0
2025-11-16 03:00:00,13.9,69,12.9,0.0,0,4.0,7.6,2025,11,16,3,320,Post-Monsoon,0
2025-11-16 04:00:00,13.3,70,12.0,0.0,0,4.7,9.4,2025,11,16,4,320,Post-Monsoon,0
2025-11-16 05:00:00,12.5,80,11.5,0.0,0,4.9,10.1,2025,11,16,5,320,Post-Monsoon,0
2025-11-16 06:00:00,12.3,79,11.3,0.0,0,4.7,10.1,2025,11,16,6,320,Post-Monsoon,0
2025-11-16 07:00:00,12.8,75,11.5,0.0,0,6.1,11.5,2025,11,16,7,320,Post-Monsoon,0
2025-11-16 08:00:00,15.0,66,13.6,0.0,0,6.9,14.4,2025,11,16,8,320,Post-Monsoon,0
2025-11-16 09:00:00,18.0,55,16.9,0.0,0,4.8,15.8,2025,11,16,9,320,Post-Monsoon,0
2025-11-16 10:00:00,21.0,45,19.8,0.0,0,5.7,19.1,2025,11,16,10,320,Post-Monsoon,0
2025-11-16 11:00:00,23.7,37,22.3,0.0,0,7.7,23.0,2025,11,16,11,320,Post-Monsoon,0
2025-11-16 12:00:00,25.6,29,23.6,0.0,0,10.2,28.1,2025,11,16,12,320,Post-Monsoon,0
2025-11-16 13:00:00,26.5,26,24.0,0.0,0,11.4,30.2,2025,11,16,13,320,Post-Monsoon,0
2025-11-16 14:00:00,26.8,24,23.7,0.0,0,11.6,30.2,2025,11,16,14,320,Post-Monsoon,0
2025-11-16 15:00:00,26.4,24,23.3,0.0,0,11.5,29.5,2025,11,16,15,320,Post-Monsoon,0
2025-11-16 16:00:00,25.5,26,22.8,0.0,0,9.8,27.7,2025,11,16,16,320,Post-Monsoon,0
2025-11-16 17:00:00,23.0,34,21.3,0.0,0,5.7,22.0,2025,11,16,17,320,Post-Monsoon,0
2025-11-16 18:00:00,22.3,36,20.5,0.0,0,6.2,13.3,2025,11,16,18,320,Post-Monsoon,0
2025-11-16 19:00:00,21.1,40,19.3,0.0,0,6.5,13.0,2025,11,16,19,320,Post-Monsoon,0
2025-11-16 20:00:00,19.7,45,18.2,0.0,0,5.7,13.0,2025,11,16,20,320,Post-Monsoon,0
2025-11-16 21:00:00,18.9,47,17.3,0.0,0,6.1,12.2,2025,11,16,21,320,Post-Monsoon,0
2025-11-16 22:00:00,18.3,48,16.5,0.0,0,6.5,12.6,2025,11,16,22,320,Post-Monsoon,0
2025-11-16 23:00:00,17.4,52,15.8,0.0,0,6.2,13.7,2025,11,16,23,320,Post-Monsoon,0
2025-11-17 00:00:00,15.9,56,14.3,0.0,0,5.8,11.9,2025,11,17,0,321,Post-Monsoon,0
2025-11-17 01:00:00,14.8,60,13.3,0.0,0,5.2,11.2,2025,11,17,1,321,Post-Monsoon,0
2025-11-17 02:00:00,14.3,62,12.7,0.0,0,5.2,9.4,2025,11,17,2,321,Post-Monsoon,0
2025-11-17 03:00:00,13.7,63,12.1,0.0,0,5.2,10.4,2025,11,17,3,321,Post-Monsoon,0
2025-11-17 04:00:00,13.2,65,11.5,0.0,0,5.4,10.8,2025,11,17,4,321,Post-Monsoon,0
2025-11-17 05:00:00,12.3,73,10.9,0.0,0,5.2,10.8,2025,11,17,5,321,Post-Monsoon,0
2025-11-17 06:00:00,12.3,73,10.8,0.0,0,5.5,11.2,2025,11,17,6,321,Post-Monsoon,0
2025-11-17 07:00:00,12.7,70,11.0,0.0,0,6.4,12.2,2025,11,17,7,321,Post-Monsoon,0
2025-11-17 08:00:00,14.8,63,13.2,0.0,0,6.8,15.1,2025,11,17,8,321,Post-Monsoon,0
2025-11-17 09:00:00,17.8,52,16.5,0.0,1,4.7,16.2,2025,11,17,9,321,Post-Monsoon,0
2025-11-17 10:00:00,20.6,42,19.3,0.0,0,4.4,16.9,2025,11,17,10,321,Post-Monsoon,0
2025-11-17 11:00:00,23.2,36,22.0,0.0,0,4.4,17.3,2025,11,17,11,321,Post-Monsoon,0
2025-11-17 12:00:00,25.0,30,23.6,0.0,0,5.9,20.5,2025,11,17,12,321,Post-Monsoon,0
2025-11-17 13:00:00,25.7,29,24.1,0.0,0,6.5,22.0,2025,11,17,13,321,Post-Monsoon,0
2025-11-17 14:00:00,26.0,28,24.2,0.0,0,6.1,21.6,2025,11,17,14,321,Post-Monsoon,0
2025-11-17 15:00:00,25.8,29,24.0,0.0,0,5.6,19.8,2025,11,17,15,321,Post-Monsoon,0
2025-11-17 16:00:00,25.1,30,23.4,0.0,0,5.3,17.3,2025,11,17,16,321,Post-Monsoon,0
2025-11-17 17:00:00,22.7,43,22.0,0.0,0,3.5,11.5,2025,11,17,17,321,Post-Monsoon,0
2025-11-17 18:00:00,22.0,43,21.3,0.0,0,2.7,7.6,2025,11,17,18,321,Post-Monsoon,0
2025-11-17 19:00:00,21.3,45,20.7,0.0,0,1.3,5.0,2025,11,17,19,321,Post-Monsoon,0
2025-11-17 20:00:00,20.4,48,19.9,0.0,0,1.6,2.5,2025,11,17,20,321,Post-Monsoon,0
2025-11-17 21:00:00,19.6,52,19.1,0.0,0,1.5,3.2,2025,11,17,21,321,Post-Monsoon,0
2025-11-17 22:00:00,18.8,55,18.6,0.0,0,1.1,2.9,2025,11,17,22,321,Post-Monsoon,0
2025-11-17 23:00:00,17.7,60,17.3,0.0,0,2.0,2.9,2025,11,17,23,321,Post-Monsoon,0
2025-11-18 00:00:00,16.6,64,16.1,0.0,0,2.1,4.0,2025,11,18,0,322,Post-Monsoon,0
2025-11-18 01:00:00,16.0,66,15.5,0.0,0,2.1,3.6,2025,11,18,1,322,Post-Monsoon,0
2025-11-18 02:00:00,15.5,67,15.1,0.0,0,1.7,3.2,2025,11,18,2,322,Post-Monsoon,0
2025-11-18 03:00:00,15.1,68,14.6,0.0,0,1.8,2.9,2025,11,18,3,322,Post-Monsoon,0
2025-11-18 04:00:00,14.2,72,13.4,0.0,0,3.3,5.8,2025,11,18,4,322,Post-Monsoon,0
2025-11-18 05:00:00,14.5,70,13.9,0.0,0,2.3,6.5,2025,11,18,5,322,Post-Monsoon,0
2025-11-18 06:00:00,13.5,74,12.6,0.0,0,4.2,8.3,2025,11,18,6,322,Post-Monsoon,0
2025-11-18 07:00:00,13.6,74,12.5,0.0,0,5.1,10.1,2025,11,18,7,322,Post-Monsoon,0
2025-11-18 08:00:00,15.3,68,14.4,0.0,5,4.9,13.0,2025,11,18,8,322,Post-Monsoon,0
2025-11-18 09:00:00,18.0,58,17.3,0.0,0,3.5,13.7,2025,11,18,9,322,Post-Monsoon,0
2025-11-18 10:00:00,20.8,48,20.0,0.0,0,3.9,16.2,2025,11,18,10,322,Post-Monsoon,0
2025-11-18 11:00:00,23.4,40,22.4,0.0,11,5.6,19.8,2025,11,18,11,322,Post-Monsoon,0
2025-11-18 12:00:00,24.9,34,23.8,0.0,9,6.9,22.7,2025,11,18,12,322,Post-Monsoon,0
2025-11-18 13:00:00,25.6,34,24.2,0.0,2,7.6,23.8,2025,11,18,13,322,Post-Monsoon,0
2025-11-18 14:00:00,25.8,34,24.3,0.0,2,7.7,23.8,2025,11,18,14,322,Post-Monsoon,0
2025-11-18 15:00:00,25.7,36,24.3,0.0,0,7.8,23.0,2025,11,18,15,322,Post-Monsoon,0
2025-11-18 16:00:00,24.9,41,24.0,0.0,2,7.5,21.2,2025,11,18,16,322,Post-Monsoon,0
2025-11-18 17:00:00,22.6,54,22.8,0.0,0,4.6,17.3,2025,11,18,17,322,Post-Monsoon,0
2025-11-18 18:00:00,21.9,59,22.4,0.0,0,3.4,9.0,2025,11,18,18,322,Post-Monsoon,0
2025-11-18 19:00:00,21.4,61,22.2,0.0,0,2.2,6.1,2025,11,18,19,322,Post-Monsoon,0
2025-11-18 20:00:00,20.9,63,21.9,0.0,0,0.9,3.6,2025,11,18,20,322,Post-Monsoon,0
2025-11-18 21:00:00,19.9,66,20.8,0.0,0,0.9,1.8,2025,11,18,21,322,Post-Monsoon,0
2025-11-18 22:00:00,18.5,70,18.8,0.0,0,3.8,7.9,2025,11,18,22,322,Post-Monsoon,0
2025-11-18 23:00:00,17.1,77,17.5,0.0,0,3.9,9.0,2025,11,18,23,322,Post-Monsoon,0
2025-11-19 00:00:00,16.2,80,16.6,0.0,0,3.2,7.6,2025,11,19,0,323,Post-Monsoon,0
2025-11-19 01:00:00,15.6,83,15.9,0.0,5,3.0,6.5,2025,11,19,1,323,Post-Monsoon,0
2025-11-19 02:00:00,15.2,83,15.3,0.0,0,4.0,7.9,2025,11,19,2,323,Post-Monsoon,0
2025-11-19 03:00:00,14.7,84,14.6,0.0,0,4.4,8.6,2025,11,19,3,323,Post-Monsoon,0
2025-11-19 04:00:00,14.2,83,14.0,0.0,0,4.0,8.6,2025,11,19,4,323,Post-Monsoon,0
2025-11-19 05:00:00,13.6,84,13.3,0.0,0,3.7,7.9,2025,11,19,5,323,Post-Monsoon,0
2025-11-19 06:00:00,13.3,83,12.8,0.0,0,4.0,7.9,2025,11,19,6,323,Post-Monsoon,0
2025-11-19 07:00:00,13.8,79,13.2,0.0,0,4.2,8.3,2025,11,19,7,323,Post-Monsoon,0
2025-11-19 08:00:00,15.7,71,15.5,0.0,0,2.2,9.7,2025,11,19,8,323,Post-Monsoon,0
2025-11-19 09:00:00,18.7,59,18.8,0.0,0,0.4,9.4,2025,11,19,9,323,Post-Monsoon,0
2025-11-19 10:00:00,21.7,50,21.8,0.0,0,1.1,11.2,2025,11,19,10,323,Post-Monsoon,0
2025-11-19 11:00:00,24.0,46,23.7,0.0,0,5.3,14.8,2025,11,19,11,323,Post-Monsoon,0
2025-11-19 12:00:00,25.3,40,25.0,0.0,36,5.9,20.5,2025,11,19,12,323,Post-Monsoon,0
2025-11-19 13:00:00,25.9,38,25.4,0.0,5,5.4,20.5,2025,11,19,13,323,Post-Monsoon,0
2025-11-19 14:00:00,26.0,37,25.4,0.0,5,4.8,19.1,2025,11,19,14,323,Post-Monsoon,0
2025-11-19 15:00:00,25.8,37,25.2,0.0,9,4.4,17.3,2025,11,19,15,323,Post-Monsoon,0
2025-11-19 16:00:00,25.1,40,24.5,0.0,2,4.8,14.8,2025,11,19,16,323,Post-Monsoon,0
2025-11-19 17:00:00,23.4,48,23.3,0.0,0,4.4,11.5,2025,11,19,17,323,Post-Monsoon,0
2025-11-19 18:00:00,22.5,56,22.9,0.0,0,3.5,9.0,2025,11,19,18,323,Post-Monsoon,0
2025-11-19 19:00:00,21.8,59,22.8,0.0,1,0.9,6.5,2025,11,19,19,323,Post-Monsoon,0
2025-11-19 20:00:00,21.1,63,22.3,0.0,5,0.4,1.8,2025,11,19,20,323,Post-Monsoon,0
2025-11-19 21:00:00,20.4,64,21.4,0.0,2,0.6,1.4,2025,11,19,21,323,Post-Monsoon,0
2025-11-19 22:00:00,20.0,65,20.9,0.0,0,0.7,1.8,2025,11,19,22,323,Post-Monsoon,0
2025-11-19 23:00:00,18.8,71,19.7,0.0,0,1.2,1.8,2025,11,19,23,323,Post-Monsoon,0
2025-11-20 00:00:00,18.1,73,18.9,0.0,2,1.3,2.2,2025,11,20,0,324,Post-Monsoon,0
2025-11-20 01:00:00,17.4,76,18.0,0.0,0,2.5,3.6,2025,11,20,1,324,Post-Monsoon,0
2025-11-20 02:00:00,16.4,80,16.6,0.0,0,4.2,7.2,2025,11,20,2,324,Post-Monsoon,0
2025-11-20 03:00:00,16.0,79,16.1,0.0,0,4.2,9.4,2025,11,20,3,324,Post-Monsoon,0
2025-11-20 04:00:00,15.3,81,15.2,0.0,0,4.6,9.4,2025,11,20,4,324,Post-Monsoon,0
2025-11-20 05:00:00,14.4,85,14.4,0.0,0,4.4,9.4,2025,11,20,5,324,Post-Monsoon,0
2025-11-20 06:00:00,14.1,85,14.0,0.0,0,4.2,8.3,2025,11,20,6,324,Post-Monsoon,0
2025-11-20 07:00:00,14.4,84,14.2,0.0,0,4.5,9.0,2025,11,20,7,324,Post-Monsoon,0
2025-11-20 08:00:00,16.2,76,16.3,0.0,0,3.4,10.8,2025,11,20,8,324,Post-Monsoon,0
2025-11-20 09:00:00,19.2,65,19.8,0.0,0,1.5,11.2,2025,11,20,9,324,Post-Monsoon,0
2025-11-20 10:00:00,22.2,54,22.8,0.0,0,1.1,11.9,2025,11,20,10,324,Post-Monsoon,0
2025-11-20 11:00:00,24.4,46,24.3,0.0,0,4.7,14.8,2025,11,20,11,324,Post-Monsoon,0
2025-11-20 12:00:00,25.6,42,25.6,0.0,0,5.3,19.8,2025,11,20,12,324,Post-Monsoon,0
2025-11-20 13:00:00,26.0,41,25.9,0.0,0,4.9,19.8,2025,11,20,13,324,Post-Monsoon,0
2025-11-20 14:00:00,26.1,40,25.9,0.0,0,4.5,19.1,2025,11,20,14,324,Post-Monsoon,0
2025-11-20 15:00:00,25.7,41,25.4,0.0,0,4.9,17.6,2025,11,20,15,324,Post-Monsoon,0
2025-11-20 16:00:00,25.0,43,24.6,0.0,0,5.6,16.2,2025,11,20,16,324,Post-Monsoon,0
2025-11-20 17:00:00,23.4,50,23.4,0.0,0,4.9,14.0,2025,11,20,17,324,Post-Monsoon,0
2025-11-20 18:00:00,22.0,57,22.4,0.0,0,4.1,10.1,2025,11,20,18,324,Post-Monsoon,0
2025-11-20 19:00:00,21.0,62,21.4,0.0,0,4.1,8.3,2025,11,20,19,324,Post-Monsoon,0
2025-11-20 20:00:00,20.6,63,21.3,0.0,0,2.0,7.6,2025,11,20,20,324,Post-Monsoon,0
2025-11-20 21:00:00,20.1,66,21.1,0.0,0,0.5,3.6,2025,11,20,21,324,Post-Monsoon,0
2025-11-20 22:00:00,19.2,68,20.1,0.0,0,0.7,1.8,2025,11,20,22,324,Post-Monsoon,0
2025-11-20 23:00:00,18.3,72,19.1,0.0,0,0.7,1.8,2025,11,20,23,324,Post-Monsoon,0
2025-11-21 00:00:00,17.5,73,18.2,0.0,0,0.6,1.8,2025,11,21,0,325,Post-Monsoon,0
2025-11-21 01:00:00,16.8,75,17.3,0.0,0,1.5,3.6,2025,11,21,1,325,Post-Monsoon,0
2025-11-21 02:00:00,16.4,75,16.8,0.0,0,1.4,4.0,2025,11,21,2,325,Post-Monsoon,0
2025-11-21 03:00:00,16.2,74,16.5,0.0,0,0.9,2.9,2025,11,21,3,325,Post-Monsoon,0
2025-11-21 04:00:00,15.9,75,16.2,0.0,0,0.9,1.8,2025,11,21,4,325,Post-Monsoon,0
2025-11-21 05:00:00,15.1,78,15.2,0.0,0,2.3,4.0,2025,11,21,5,325,Post-Monsoon,0
2025-11-21 06:00:00,14.5,81,14.3,0.0,0,4.1,6.5,2025,11,21,6,325,Post-Monsoon,0
2025-11-21 07:00:00,15.0,79,14.8,0.0,0,4.6,8.3,2025,11,21,7,325,Post-Monsoon,0
2025-11-21 08:00:00,17.7,69,17.5,0.0,0,5.3,12.2,2025,11,21,8,325,Post-Monsoon,0
2025-11-21 09:00:00,20.5,62,20.9,0.0,0,3.2,12.2,2025,11,21,9,325,Post-Monsoon,0
2025-11-21 10:00:00,22.8,55,23.2,0.0,0,4.7,16.6,2025,11,21,10,325,Post-Monsoon,0
2025-11-21 11:00:00,24.5,46,24.2,0.0,0,6.1,19.4,2025,11,21,11,325,Post-Monsoon,0
2025-11-21 12:00:00,25.6,40,25.5,0.0,0,4.7,20.2,2025,11,21,12,325,Post-Monsoon,0
2025-11-21 13:00:00,26.1,38,25.9,0.0,0,3.5,19.1,2025,11,21,13,325,Post-Monsoon,0
2025-11-21 14:00:00,26.2,38,25.9,0.0,0,3.1,16.6,2025,11,21,14,325,Post-Monsoon,0
2025-11-21 15:00:00,26.0,38,25.6,0.0,0,3.4,15.1,2025,11,21,15,325,Post-Monsoon,0
2025-11-21 16:00:00,25.4,39,24.9,0.0,0,4.6,13.7,2025,11,21,16,325,Post-Monsoon,0
2025-11-21 17:00:00,23.5,50,23.8,0.0,0,3.2,11.5,2025,11,21,17,325,Post-Monsoon,0
2025-11-21 18:00:00,22.9,55,23.9,0.0,0,0.7,6.8,2025,11,21,18,325,Post-Monsoon,0
2025-11-21 19:00:00,21.6,57,22.1,0.0,0,2.0,3.6,2025,11,21,19,325,Post-Monsoon,0
2025-11-21 20:00:00,20.6,61,21.1,0.0,0,2.7,4.3,2025,11,21,20,325,Post-Monsoon,0
2025-11-21 21:00:00,20.1,62,20.5,0.0,0,2.8,4.7,2025,11,21,21,325,Post-Monsoon,0
2025-11-21 22:00:00,19.3,66,19.8,0.0,0,3.1,5.0,2025,11,21,22,325,Post-Monsoon,0
2025-11-21 23:00:00,18.6,72,19.2,0.0,0,2.9,5.8,2025,11,21,23,325,Post-Monsoon,0
2025-11-22 00:00:00,18.2,73,19.0,0.0,0,1.3,4.0,2025,11,22,0,326,Post-Monsoon,0
2025-11-22 01:00:00,17.8,74,18.7,0.0,0,0.9,2.2,2025,11,22,1,326,Post-Monsoon,0
2025-11-22 02:00:00,17.4,76,18.3,0.0,0,0.3,1.8,2025,11,22,2,326,Post-Monsoon,0
2025-11-22 03:00:00,16.7,78,17.5,0.0,0,0.9,2.2,2025,11,22,3,326,Post-Monsoon,0
2025-11-22 04:00:00,15.9,80,16.3,0.0,0,2.1,3.2,2025,11,22,4,326,Post-Monsoon,0
2025-11-22 05:00:00,14.8,84,15.0,0.0,0,3.0,5.8,2025,11,22,5,326,Post-Monsoon,0
2025-11-22 06:00:00,14.1,87,14.2,0.0,0,3.5,5.8,2025,11,22,6,326,Post-Monsoon,0
2025-11-22 07:00:00,14.4,86,14.3,0.0,0,4.4,7.9,2025,11,22,7,326,Post-Monsoon,0
2025-11-22 08:00:00,16.7,76,16.6,0.0,0,5.2,12.6,2025,11,22,8,326,Post-Monsoon,0
2025-11-22 09:00:00,20.0,63,20.3,0.0,0,4.0,13.7,2025,11,22,9,326,Post-Monsoon,0
2025-11-22 10:00:00,22.9,51,22.9,0.0,0,4.7,16.9,2025,11,22,10,326,Post-Monsoon,0
2025-11-22 11:00:00,24.6,37,23.5,0.0,0,5.8,18.7,2025,11,22,11,326,Post-Monsoon,0
2025-11-22 12:00:00,25.7,32,24.5,0.0,0,6.0,20.9,2025,11,22,12,326,Post-Monsoon,0
2025-11-22 13:00:00,26.1,30,24.4,0.0,0,7.1,22.3,2025,11,22,13,326,Post-Monsoon,0
2025-11-22 14:00:00,26.2,29,24.2,0.0,0,7.7,23.0,2025,11,22,14,326,Post-Monsoon,0
2025-11-22 15:00:00,25.8,29,23.6,0.0,0,8.2,23.0,2025,11,22,15,326,Post-Monsoon,0
2025-11-22 16:00:00,25.0,30,22.9,0.0,0,7.9,22.0,2025,11,22,16,326,Post-Monsoon,0
2025-11-22 17:00:00,22.7,43,21.9,0.0,0,4.1,17.6,2025,11,22,17,326,Post-Monsoon,0
2025-11-22 18:00:00,21.8,46,21.2,0.0,0,3.6,8.3,2025,11,22,18,326,Post-Monsoon,0
2025-11-22 19:00:00,21.4,48,21.0,0.0,0,2.0,6.8,2025,11,22,19,326,Post-Monsoon,0
2025-11-22 20:00:00,20.8,50,20.5,0.0,0,1.4,4.0,2025,11,22,20,326,Post-Monsoon,0
2025-11-22 21:00:00,20.1,51,19.8,0.0,0,1.4,2.5,2025,11,22,21,326,Post-Monsoon,0
2025-11-22 22:00:00,19.4,53,19.0,0.0,0,1.6,2.5,2025,11,22,22,326,Post-Monsoon,0
2025-11-22 23:00:00,19.0,56,18.8,0.0,0,1.1,2.5,2025,11,22,23,326,Post-Monsoon,0
2025-11-23 00:00:00,17.8,59,17.4,0.0,0,2.1,2.9,2025,11,23,0,327,Post-Monsoon,0
2025-11-23 01:00:00,17.0,63,16.7,0.0,0,2.0,3.6,2025,11,23,1,327,Post-Monsoon,0
2025-11-23 02:00:00,16.1,68,15.9,0.0,0,1.5,3.2,2025,11,23,2,327,Post-Monsoon,0
2025-11-23 03:00:00,14.6,74,14.1,0.0,0,3.5,6.5,2025,11,23,3,327,Post-Monsoon,0
2025-11-23 04:00:00,13.7,78,13.1,0.0,0,3.9,7.2,2025,11,23,4,327,Post-Monsoon,0
2025-11-23 05:00:00,13.2,82,12.8,0.0,0,3.5,7.6,2025,11,23,5,327,Post-Monsoon,0
2025-11-23 06:00:00,13.2,82,12.8,0.0,0,2.5,6.5,2025,11,23,6,327,Post-Monsoon,0
2025-11-23 07:00:00,13.5,80,13.1,0.0,0,3.2,6.1,2025,11,23,7,327,Post-Monsoon,0
2025-11-23 08:00:00,15.8,70,15.2,0.0,0,4.0,10.8,2025,11,23,8,327,Post-Monsoon,0
2025-11-23 09:00:00,19.3,57,19.1,0.0,0,2.2,11.2,2025,11,23,9,327,Post-Monsoon,0
2025-11-23 10:00:00,22.1,46,21.8,0.0,0,1.8,12.6,2025,11,23,10,327,Post-Monsoon,0
2025-11-23 11:00:00,24.0,39,23.4,0.0,0,2.7,15.5,2025,11,23,11,327,Post-Monsoon,0
2025-11-23 12:00:00,25.5,31,24.4,0.0,0,5.1,19.1,2025,11,23,12,327,Post-Monsoon,0
2025-11-23 13:00:00,25.9,29,24.1,0.0,0,7.2,22.7,2025,11,23,13,327,Post-Monsoon,0
2025-11-23 14:00:00,25.9,28,23.7,0.0,0,7.8,23.4,2025,11,23,14,327,Post-Monsoon,0
2025-11-23 15:00:00,25.4,29,23.2,0.0,0,8.1,23.0,2025,11,23,15,327,Post-Monsoon,0
2025-11-23 16:00:00,24.4,33,22.5,0.0,0,7.9,22.0,2025,11,23,16,327,Post-Monsoon,0
2025-11-23 17:00:00,22.3,42,21.3,0.0,0,4.9,17.6,2025,11,23,17,327,Post-Monsoon,0
2025-11-23 18:00:00,21.5,46,20.7,0.0,0,4.4,10.4,2025,11,23,18,327,Post-Monsoon,0
2025-11-23 19:00:00,20.4,52,19.7,0.0,0,4.3,8.6,2025,11,23,19,327,Post-Monsoon,0
2025-11-23 20:00:00,19.4,56,18.9,0.0,0,4.3,7.9,2025,11,23,20,327,Post-Monsoon,0
2025-11-23 21:00:00,18.4,60,17.9,0.0,0,4.2,7.6,2025,11,23,21,327,Post-Monsoon,0
2025-11-23 22:00:00,17.8,63,17.5,0.0,0,3.1,7.2,2025,11,23,22,327,Post-Monsoon,0
2025-11-23 23:00:00,17.2,66,16.9,0.0,0,3.3,6.1,2025,11,23,23,327,Post-Monsoon,0
2025-11-24 00:00:00,16.3,69,16.0,0.0,0,3.1,5.0,2025,11,24,0,328,Post-Monsoon,0
2025-11-24 01:00:00,15.7,71,15.5,0.0,0,2.5,4.7,2025,11,24,1,328,Post-Monsoon,0
2025-11-24 02:00:00,14.8,75,14.3,0.0,0,3.6,5.8,2025,11,24,2,328,Post-Monsoon,0
2025-11-24 03:00:00,13.9,79,13.4,0.0,0,3.8,6.8,2025,11,24,3,328,Post-Monsoon,0
2025-11-24 04:00:00,13.2,81,12.5,0.0,0,4.5,8.3,2025,11,24,4,328,Post-Monsoon,0
2025-11-24 05:00:00,12.4,88,11.8,0.0,0,4.5,9.0,2025,11,24,5,328,Post-Monsoon,0
2025-11-24 06:00:00,12.2,88,11.7,0.0,0,4.0,9.0,2025,11,24,6,328,Post-Monsoon,0
2025-11-24 07:00:00,12.7,84,12.1,0.0,0,4.5,8.3,2025,11,24,7,328,Post-Monsoon,0
2025-11-24 08:00:00,14.7,75,14.1,0.0,0,4.5,12.2,2025,11,24,8,328,Post-Monsoon,0
2025-11-24 09:00:00,17.8,62,17.5,0.0,0,2.6,12.2,2025,11,24,9,328,Post-Monsoon,0
2025-11-24 10:00:00,20.6,52,20.3,0.0,0,2.2,13.0,2025,11,24,10,328,Post-Monsoon,0
2025-11-24 11:00:00,22.8,42,22.0,0.0,0,3.9,15.5,2025,11,24,11,328,Post-Monsoon,0
2025-11-24 12:00:00,24.2,36,23.3,0.0,0,4.6,18.4,2025,11,24,12,328,Post-Monsoon,0
2025-11-24 13:00:00,24.8,31,23.3,0.0,0,5.5,19.8,2025,11,24,13,328,Post-Monsoon,0
2025-11-24 14:00:00,25.0,30,23.1,0.0,0,6.3,20.2,2025,11,24,14,328,Post-Monsoon,0
2025-11-24 15:00:00,24.8,29,22.6,0.0,0,6.9,20.5,2025,11,24,15,328,Post-Monsoon,0
2025-11-24 16:00:00,23.9,31,21.9,0.0,0,6.9,19.8,2025,11,24,16,328,Post-Monsoon,0
2025-11-24 17:00:00,21.5,44,20.5,0.0,0,4.4,15.5,2025,11,24,17,328,Post-Monsoon,0
2025-11-24 18:00:00,20.7,47,19.8,0.0,0,3.9,9.0,2025,11,24,18,328,Post-Monsoon,0
2025-11-24 19:00:00,20.0,49,19.3,0.0,0,2.7,6.8,2025,11,24,19,328,Post-Monsoon,0
2025-11-24 20:00:00,19.0,52,18.3,0.0,0,3.1,5.4,2025,11,24,20,328,Post-Monsoon,0
2025-11-24 21:00:00,18.1,55,17.3,0.0,0,3.3,5.8,2025,11,24,21,328,Post-Monsoon,0
2025-11-24 22:00:00,17.2,58,16.4,0.0,0,3.4,5.8,2025,11,24,22,328,Post-Monsoon,0
2025-11-24 23:00:00,16.4,63,15.7,0.0,0,3.4,6.5,2025,11,24,23,328,Post-Monsoon,0
2025-11-25 00:00:00,15.3,66,14.5,0.0,0,3.6,6.1,2025,11,25,0,329,Post-Monsoon,0
2025-11-25 01:00:00,14.5,67,13.3,0.0,0,4.8,9.0,2025,11,25,1,329,Post-Monsoon,0
2025-11-25 02:00:00,13.6,72,12.6,0.0,0,4.0,9.0,2025,11,25,2,329,Post-Monsoon,0
2025-11-25 03:00:00,12.8,75,11.7,0.0,0,4.5,8.3,2025,11,25,3,329,Post-Monsoon,0
2025-11-25 04:00:00,12.2,77,11.1,0.0,0,4.4,9.0,2025,11,25,4,329,Post-Monsoon,0
2025-11-25 05:00:00,11.6,82,10.6,0.0,0,4.3,8.6,2025,11,25,5,329,Post-Monsoon,0
2025-11-25 06:00:00,11.4,83,10.3,0.0,0,4.5,9.0,2025,11,25,6,329,Post-Monsoon,0
2025-11-25 07:00:00,11.8,80,10.5,0.0,0,5.9,11.2,2025,11,25,7,329,Post-Monsoon,0
2025-11-25 08:00:00,13.7,72,12.4,0.0,0,6.5,14.4,2025,11,25,8,329,Post-Monsoon,0
2025-11-25 09:00:00,16.7,59,15.7,0.0,0,4.3,15.1,2025,11,25,9,329,Post-Monsoon,0
2025-11-25 10:00:00,19.5,50,18.5,0.0,0,4.8,17.3,2025,11,25,10,329,Post-Monsoon,0
2025-11-25 11:00:00,21.9,42,20.5,0.0,0,7.1,21.6,2025,11,25,11,329,Post-Monsoon,0
2025-11-25 12:00:00,23.3,36,21.6,0.0,0,8.3,25.2,2025,11,25,12,329,Post-Monsoon,0
2025-11-25 13:00:00,23.8,35,22.0,0.0,0,8.3,25.2,2025,11,25,13,329,Post-Monsoon,0
2025-11-25 14:00:00,24.0,34,22.0,0.0,0,8.6,25.2,2025,11,25,14,329,Post-Monsoon,0
2025-11-25 15:00:00,23.6,34,21.5,0.0,0,8.7,24.5,2025,11,25,15,329,Post-Monsoon,0
2025-11-25 16:00:00,22.8,35,20.7,0.0,0,8.3,23.0,2025,11,25,16,329,Post-Monsoon,0
2025-11-25 17:00:00,20.7,44,19.3,0.0,0,5.0,19.1,2025,11,25,17,329,Post-Monsoon,0
2025-11-25 18:00:00,20.0,46,18.6,0.0,0,5.2,11.5,2025,11,25,18,329,Post-Monsoon,0
2025-11-25 19:00:00,18.9,51,17.7,0.0,0,5.3,10.8,2025,11,25,19,329,Post-Monsoon,0
2025-11-25 20:00:00,17.8,55,16.7,0.0,0,5.4,10.8,2025,11,25,20,329,Post-Monsoon,0
2025-11-25 21:00:00,16.9,60,15.8,0.0,0,5.3,11.2,2025,11,25,21,329,Post-Monsoon,0
2025-11-25 22:00:00,16.0,63,15.0,0.0,0,5.2,10.4,2025,11,25,22,329,Post-Monsoon,0
2025-11-25 23:00:00,15.3,68,14.3,0.0,0,5.2,10.1,2025,11,25,23,329,Post-Monsoon,0
2025-11-26 00:00:00,14.8,67,13.6,0.0,0,5.4,11.2,2025,11,26,0,330,Post-Monsoon,0
2025-11-26 01:00:00,14.1,69,13.0,0.0,0,5.2,10.8,2025,11,26,1,330,Post-Monsoon,0
2025-11-26 02:00:00,13.3,73,12.2,0.0,0,4.7,10.1,2025,11,26,2,330,Post-Monsoon,0
2025-11-26 03:00:00,12.5,76,11.5,0.0,0,4.1,9.0,2025,11,26,3,330,Post-Monsoon,0
2025-11-26 04:00:00,11.9,79,10.8,0.0,0,4.0,8.3,2025,11,26,4,330,Post-Monsoon,0
2025-11-26 05:00:00,11.4,85,10.4,0.0,0,4.5,8.3,2025,11,26,5,330,Post-Monsoon,0
2025-11-26 06:00:00,11.2,86,10.2,0.0,0,4.1,9.0,2025,11,26,6,330,Post-Monsoon,0
2025-11-26 07:00:00,11.5,83,10.6,0.0,0,4.0,7.9,2025,11,26,7,330,Post-Monsoon,0
2025-11-26 08:00:00,13.5,74,12.6,0.0,0,4.3,11.5,2025,11,26,8,330,Post-Monsoon,0
2025-11-26 09:00:00,16.5,62,15.9,0.0,0,2.6,12.2,2025,11,26,9,330,Post-Monsoon,0
2025-11-26 10:00:00,19.3,51,18.8,0.0,0,2.0,13.0,2025,11,26,10,330,Post-Monsoon,0
2025-11-26 11:00:00,21.2,43,20.2,0.0,0,2.9,14.8,2025,11,26,11,330,Post-Monsoon,0
2025-11-26 12:00:00,22.9,35,21.8,0.0,0,3.4,16.9,2025,11,26,12,330,Post-Monsoon,0
2025-11-26 13:00:00,23.6,32,22.2,0.0,0,3.6,17.3,2025,11,26,13,330,Post-Monsoon,0
2025-11-26 14:00:00,23.9,31,22.2,0.0,0,3.9,16.9,2025,11,26,14,330,Post-Monsoon,0
2025-11-26 15:00:00,23.7,31,21.9,0.0,0,4.8,16.2,2025,11,26,15,330,Post-Monsoon,0
2025-11-26 16:00:00,22.9,33,21.0,0.0,0,5.4,15.8,2025,11,26,16,330,Post-Monsoon,0
2025-11-26 17:00:00,20.6,45,19.6,0.0,0,3.5,13.0,2025,11,26,17,330,Post-Monsoon,0
2025-11-26 18:00:00,19.6,46,18.4,0.0,0,4.0,7.9,2025,11,26,18,330,Post-Monsoon,0
2025-11-26 19:00:00,18.8,51,17.8,0.0,0,4.0,7.9,2025,11,26,19,330,Post-Monsoon,0
2025-11-26 20:00:00,18.4,52,17.5,0.0,0,2.8,6.8,2025,11,26,20,330,Post-Monsoon,0
2025-11-26 21:00:00,17.6,54,16.7,0.0,0,2.7,4.7,2025,11,26,21,330,Post-Monsoon,0
2025-11-26 22:00:00,17.2,56,16.7,0.0,0,1.0,3.6,2025,11,26,22,330,Post-Monsoon,0
2025-11-26 23:00:00,16.4,60,15.9,0.0,0,0.6,1.8,2025,11,26,23,330,Post-Monsoon,0
2025-11-27 00:00:00,15.9,61,15.3,0.0,0,0.4,1.8,2025,11,27,0,331,Post-Monsoon,0
2025-11-27 01:00:00,15.6,62,15.1,0.0,0,0.4,1.8,2025,11,27,1,331,Post-Monsoon,0
2025-11-27 02:00:00,14.8,65,14.2,0.0,0,0.6,1.8,2025,11,27,2,331,Post-Monsoon,0
2025-11-27 03:00:00,14.0,67,13.4,0.0,0,0.8,2.2,2025,11,27,3,331,Post-Monsoon,0
2025-11-27 04:00:00,13.4,70,12.7,0.0,0,1.0,2.2,2025,11,27,4,331,Post-Monsoon,0
2025-11-27 05:00:00,13.3,71,12.7,0.0,0,0.6,2.2,2025,11,27,5,331,Post-Monsoon,0
2025-11-27 06:00:00,12.8,74,12.1,0.0,0,1.1,2.2,2025,11,27,6,331,Post-Monsoon,0
2025-11-27 07:00:00,12.6,77,12.0,0.0,0,1.6,2.5,2025,11,27,7,331,Post-Monsoon,0
2025-11-27 08:00:00,14.5,71,13.9,0.0,0,2.8,6.8,2025,11,27,8,331,Post-Monsoon,0
2025-11-27 09:00:00,17.4,59,16.9,0.0,0,2.0,10.1,2025,11,27,9,331,Post-Monsoon,0
2025-11-27 10:00:00,19.9,47,19.0,0.0,0,3.0,13.7,2025,11,27,10,331,Post-Monsoon,0
2025-11-27 11:00:00,21.6,35,20.0,0.0,0,3.3,15.5,2025,11,27,11,331,Post-Monsoon,0
2025-11-27 12:00:00,23.2,31,21.8,0.0,0,3.1,15.8,2025,11,27,12,331,Post-Monsoon,0
2025-11-27 13:00:00,24.0,29,22.6,0.0,0,2.1,15.5,2025,11,27,13,331,Post-Monsoon,0
2025-11-27 14:00:00,24.4,29,22.9,0.0,0,2.1,13.7,2025,11,27,14,331,Post-Monsoon,0
2025-11-27 15:00:00,24.3,29,22.7,0.0,0,2.6,12.6,2025,11,27,15,331,Post-Monsoon,0
2025-11-27 16:00:00,23.5,32,22.0,0.0,0,3.1,11.2,2025,11,27,16,331,Post-Monsoon,0
2025-11-27 17:00:00,21.3,46,20.7,0.0,0,2.1,6.8,2025,11,27,17,331,Post-Monsoon,0
2025-11-27 18:00:00,20.3,49,19.8,0.0,0,2.2,5.4,2025,11,27,18,331,Post-Monsoon,0
2025-11-27 19:00:00,19.3,54,18.9,0.0,0,2.5,4.7,2025,11,27,19,331,Post-Monsoon,0
2025-11-27 20:00:00,18.6,58,18.3,0.0,0,2.5,5.4,2025,11,27,20,331,Post-Monsoon,0
2025-11-27 21:00:00,17.7,62,17.4,0.0,0,2.9,4.0,2025,11,27,21,331,Post-Monsoon,0
2025-11-27 22:00:00,16.9,66,16.5,0.0,0,3.4,5.4,2025,11,27,22,331,Post-Monsoon,0
2025-11-27 23:00:00,16.2,71,15.9,0.0,0,3.3,6.1,2025,11,27,23,331,Post-Monsoon,0
2025-11-28 00:00:00,15.3,74,14.9,0.0,0,3.7,5.0,2025,11,28,0,332,Post-Monsoon,0
2025-11-28 01:00:00,14.7,75,14.2,0.0,0,3.8,5.4,2025,11,28,1,332,Post-Monsoon,0
2025-11-28 02:00:00,14.2,76,13.7,0.0,1,3.1,5.0,2025,11,28,2,332,Post-Monsoon,0
2025-11-28 03:00:00,13.4,79,12.8,0.0,1,3.9,6.1,2025,11,28,3,332,Post-Monsoon,0
2025-11-28 04:00:00,12.5,84,11.8,0.0,0,4.8,8.6,2025,11,28,4,332,Post-Monsoon,0
2025-11-28 05:00:00,11.8,88,11.2,0.0,0,3.9,8.6,2025,11,28,5,332,Post-Monsoon,0
2025-11-28 06:00:00,11.5,88,10.8,0.0,0,3.8,7.2,2025,11,28,6,332,Post-Monsoon,0
2025-11-28 07:00:00,12.1,84,11.3,0.0,0,4.1,8.3,2025,11,28,7,332,Post-Monsoon,0
2025-11-28 08:00:00,14.2,73,13.1,0.0,0,6.3,14.0,2025,11,28,8,332,Post-Monsoon,0
2025-11-28 09:00:00,16.7,63,15.9,0.0,0,5.0,15.5,2025,11,28,9,332,Post-Monsoon,0
2025-11-28 10:00:00,19.3,53,18.4,0.0,0,4.8,16.9,2025,11,28,10,332,Post-Monsoon,0
2025-11-28 11:00:00,21.8,44,20.7,0.0,26,5.2,19.1,2025,11,28,11,332,Post-Monsoon,0
2025-11-28 12:00:00,23.6,36,22.2,0.0,55,5.3,19.1,2025,11,28,12,332,Post-Monsoon,0
2025-11-28 13:00:00,24.6,32,22.8,0.0,47,6.4,20.2,2025,11,28,13,332,Post-Monsoon,0
2025-11-28 14:00:00,25.2,30,23.3,0.0,23,7.0,20.9,2025,11,28,14,332,Post-Monsoon,0
2025-11-28 15:00:00,25.2,29,23.1,0.0,5,7.6,20.9,2025,11,28,15,332,Post-Monsoon,0
2025-11-28 16:00:00,24.3,33,22.4,0.0,0,7.7,20.2,2025,11,28,16,332,Post-Monsoon,0
2025-11-28 17:00:00,20.8,54,20.6,0.0,1,4.0,17.6,2025,11,28,17,332,Post-Monsoon,0
2025-11-28 18:00:00,20.5,52,19.9,0.0,0,4.7,9.4,2025,11,28,18,332,Post-Monsoon,0
2025-11-28 19:00:00,19.8,54,19.2,0.0,1,5.1,10.1,2025,11,28,19,332,Post-Monsoon,0
2025-11-28 20:00:00,19.1,57,18.4,0.0,5,5.6,10.8,2025,11,28,20,332,Post-Monsoon,0
2025-11-28 21:00:00,18.4,60,17.7,0.0,12,5.5,10.8,2025,11,28,21,332,Post-Monsoon,0
2025-11-28 22:00:00,17.6,64,17.0,0.0,1,5.4,10.8,2025,11,28,22,332,Post-Monsoon,0
2025-11-28 23:00:00,16.5,71,16.0,0.0,2,5.2,10.1,2025,11,28,23,332,Post-Monsoon,0
2025-11-29 00:00:00,15.9,71,15.3,0.0,0,5.6,10.8,2025,11,29,0,333,Post-Monsoon,0
2025-11-29 01:00:00,15.5,71,14.6,0.0,0,6.2,12.2,2025,11,29,1,333,Post-Monsoon,0
2025-11-29 02:00:00,15.0,72,14.0,0.0,0,6.5,12.6,2025,11,29,2,333,Post-Monsoon,0
2025-11-29 03:00:00,14.7,71,13.5,0.0,0,7.3,14.4,2025,11,29,3,333,Post-Monsoon,0
2025-11-29 04:00:00,14.4,71,13.0,0.0,0,7.4,14.8,2025,11,29,4,333,Post-Monsoon,0
2025-11-29 05:00:00,13.9,73,12.5,0.0,0,7.8,14.4,2025,11,29,5,333,Post-Monsoon,0
2025-11-29 06:00:00,13.7,73,12.3,0.0,0,7.5,15.1,2025,11,29,6,333,Post-Monsoon,0
2025-11-29 07:00:00,13.7,73,12.3,0.0,0,7.5,14.8,2025,11,29,7,333,Post-Monsoon,0
2025-11-29 08:00:00,15.1,68,13.8,0.0,0,8.0,17.3,2025,11,29,8,333,Post-Monsoon,0
2025-11-29 09:00:00,17.4,60,16.4,0.0,0,6.2,18.0,2025,11,29,9,333,Post-Monsoon,0
2025-11-29 10:00:00,20.1,49,19.0,0.0,0,6.2,19.4,2025,11,29,10,333,Post-Monsoon,0
2025-11-29 11:00:00,23.0,41,21.7,0.0,0,6.6,21.2,2025,11,29,11,333,Post-Monsoon,0
2025-11-29 12:00:00,25.1,32,23.3,0.0,0,8.2,24.1,2025,11,29,12,333,Post-Monsoon,0
2025-11-29 13:00:00,25.9,30,23.6,0.0,0,10.9,28.8,2025,11,29,13,333,Post-Monsoon,0
2025-11-29 14:00:00,25.9,32,23.6,0.0,0,11.5,29.9,2025,11,29,14,333,Post-Monsoon,0
2025-11-29 15:00:00,25.4,34,23.4,0.0,0,11.2,29.5,2025,11,29,15,333,Post-Monsoon,0
2025-11-29 16:00:00,24.5,36,22.7,0.0,0,9.4,27.4,2025,11,29,16,333,Post-Monsoon,0
2025-11-29 17:00:00,22.5,42,21.4,0.0,1,5.2,21.2,2025,11,29,17,333,Post-Monsoon,0
2025-11-29 18:00:00,21.5,44,20.4,0.0,0,5.2,11.2,2025,11,29,18,333,Post-Monsoon,0
2025-11-29 19:00:00,20.5,47,19.4,0.0,0,5.5,11.2,2025,11,29,19,333,Post-Monsoon,0
2025-11-29 20:00:00,19.5,50,18.2,0.0,0,6.1,11.9,2025,11,29,20,333,Post-Monsoon,0
2025-11-29 21:00:00,18.6,52,17.2,0.0,0,6.3,12.6,2025,11,29,21,333,Post-Monsoon,0
2025-11-29 22:00:00,17.7,53,16.3,0.0,0,5.8,12.6,2025,11,29,22,333,Post-Monsoon,0
2025-11-29 23:00:00,16.6,58,15.3,0.0,0,5.8,11.5,2025,11,29,23,333,Post-Monsoon,0
2025-11-30 00:00:00,16.1,57,14.5,0.0,0,6.5,12.6,2025,11,30,0,334,Post-Monsoon,0
2025-11-30 01:00:00,15.1,58,13.4,0.0,51,5.5,12.6,2025,11,30,1,334,Post-Monsoon,0
2025-11-30 02:00:00,14.0,60,12.3,0.0,76,4.7,10.8,2025,11,30,2,334,Post-Monsoon,0
2025-11-30 03:00:00,13.4,60,11.6,0.0,82,4.7,9.4,2025,11,30,3,334,Post-Monsoon,0
2025-11-30 04:00:00,12.8,61,11.0,0.0,95,5.0,9.7,2025,11,30,4,334,Post-Monsoon,0
2025-11-30 05:00:00,12.5,68,10.8,0.0,100,5.5,10.4,2025,11,30,5,334,Post-Monsoon,0
2025-11-30 06:00:00,11.7,71,10.0,0.0,100,5.6,11.5,2025,11,30,6,334,Post-Monsoon,0
2025-11-30 07:00:00,11.9,71,10.0,0.0,81,6.8,13.0,2025,11,30,7,334,Post-Monsoon,0
2025-11-30 08:00:00,13.4,65,11.5,0.0,98,7.4,15.8,2025,11,30,8,334,Post-Monsoon,0
2025-11-30 09:00:00,15.8,56,14.1,0.0,100,6.7,19.1,2025,11,30,9,334,Post-Monsoon,0
2025-11-30 10:00:00,18.5,47,16.6,0.0,98,7.1,21.2,2025,11,30,10,334,Post-Monsoon,0
2025-11-30 11:00:00,21.2,38,18.9,0.0,98,8.5,23.8,2025,11,30,11,334,Post-Monsoon,0
2025-11-30 12:00:00,23.0,32,20.3,0.0,99,10.4,28.1,2025,11,30,12,334,Post-Monsoon,0
2025-11-30 13:00:00,23.6,31,20.6,0.0,100,12.5,31.7,2025,11,30,13,334,Post-Monsoon,0
2025-11-30 14:00:00,23.4,31,20.4,0.0,99,12.9,32.0,2025,11,30,14,334,Post-Monsoon,0
2025-11-30 15:00:00,23.2,31,20.1,0.0,90,12.8,31.7,2025,11,30,15,334,Post-Monsoon,0
2025-11-30 16:00:00,22.5,32,19.7,0.0,52,10.6,30.2,2025,11,30,16,334,Post-Monsoon,0
2025-11-30 17:00:00,20.4,39,18.4,0.0,36,6.9,24.1,2025,11,30,17,334,Post-Monsoon,0
2025-11-30 18:00:00,19.5,42,17.5,0.0,16,7.3,15.1,2025,11,30,18,334,Post-Monsoon,0
2025-11-30 19:00:00,18.3,45,16.4,0.0,0,6.6,15.1,2025,11,30,19,334,Post-Monsoon,0
2025-11-30 20:00:00,17.2,47,15.3,0.0,0,5.8,13.0,2025,11,30,20,334,Post-Monsoon,0
2025-11-30 21:00:00,16.5,48,14.4,0.0,0,6.1,11.5,2025,11,30,21,334,Post-Monsoon,0
2025-11-30 22:00:00,15.7,48,13.5,0.0,0,5.9,11.5,2025,11,30,22,334,Post-Monsoon,0
2025-11-30 23:00:00,15.1,51,13.1,0.0,0,5.1,11.2,2025,11,30,23,334,Post-Monsoon,0
2025-12-01 00:00:00,13.9,51,11.6,0.0,0,5.7,8.6,2025,12,1,0,335,Winter,0
2025-12-01 01:00:00,13.2,53,10.9,0.0,0,5.2,9.0,2025,12,1,1,335,Winter,0
2025-12-01 02:00:00,12.6,55,10.5,0.0,0,4.2,7.9,2025,12,1,2,335,Winter,0
2025-12-01 03:00:00,12.1,58,10.2,0.0,0,3.3,6.8,2025,12,1,3,335,Winter,0
2025-12-01 04:00:00,11.6,60,9.8,0.0,0,3.1,4.7,2025,12,1,4,335,Winter,0
2025-12-01 05:00:00,11.0,69,9.6,0.0,0,1.6,4.3,2025,12,1,5,335,Winter,0
2025-12-01 06:00:00,10.2,73,9.0,0.0,0,0.7,2.9,2025,12,1,6,335,Winter,0
2025-12-01 07:00:00,10.0,75,8.6,0.0,0,2.1,3.6,2025,12,1,7,335,Winter,0
2025-12-01 08:00:00,12.2,65,10.6,0.0,0,3.7,9.4,2025,12,1,8,335,Winter,0
2025-12-01 09:00:00,15.2,54,13.9,0.0,0,1.8,10.4,2025,12,1,9,335,Winter,0
2025-12-01 10:00:00,18.1,44,16.7,0.0,0,1.8,12.2,2025,12,1,10,335,Winter,0
2025-12-01 11:00:00,21.1,34,19.4,0.0,0,2.7,14.4,2025,12,1,11,335,Winter,0
2025-12-01 12:00:00,23.2,28,21.2,0.0,0,4.8,18.4,2025,12,1,12,335,Winter,0
2025-12-01 13:00:00,24.1,26,21.7,0.0,0,6.0,20.2,2025,12,1,13,335,Winter,0
2025-12-01 14:00:00,24.3,26,21.8,0.0,0,6.5,20.9,2025,12,1,14,335,Winter,0
2025-12-01 15:00:00,24.0,27,21.6,0.0,0,6.5,20.5,2025,12,1,15,335,Winter,0
2025-12-01 16:00:00,23.1,30,21.1,0.0,0,5.0,18.4,2025,12,1,16,335,Winter,0
2025-12-01 17:00:00,20.8,40,19.7,0.0,0,2.2,11.5,2025,12,1,17,335,Winter,0
2025-12-01 18:00:00,20.0,43,18.9,0.0,0,1.8,4.7,2025,12,1,18,335,Winter,0
2025-12-01 19:00:00,18.8,47,17.6,0.0,0,2.7,4.7,2025,12,1,19,335,Winter,0
2025-12-01 20:00:00,17.9,51,16.8,0.0,0,2.7,5.0,2025,12,1,20,335,Winter,0
2025-12-01 21:00:00,17.1,55,16.0,0.0,0,3.5,5.8,2025,12,1,21,335,Winter,0
2025-12-01 22:00:00,16.3,58,15.1,0.0,0,4.4,7.2,2025,12,1,22,335,Winter,0
2025-12-01 23:00:00,15.9,61,14.8,0.0,0,3.8,7.2,2025,12,1,23,335,Winter,0
2025-12-02 00:00:00,14.9,65,13.9,0.0,0,3.3,5.0,2025,12,2,0,336,Winter,0
2025-12-02 01:00:00,14.1,69,13.1,0.0,0,4.2,5.8,2025,12,2,1,336,Winter,0
2025-12-02 02:00:00,13.6,70,12.3,0.0,0,5.0,8.3,2025,12,2,2,336,Winter,0
2025-12-02 03:00:00,13.4,69,12.4,0.0,2,3.1,8.3,2025,12,2,3,336,Winter,0
2025-12-02 04:00:00,13.2,69,12.1,0.0,3,3.1,4.3,2025,12,2,4,336,Winter,0
2025-12-02 05:00:00,12.8,74,11.9,0.0,17,3.1,7.6,2025,12,2,5,336,Winter,0
2025-12-02 06:00:00,12.7,72,11.5,0.0,8,4.1,7.2,2025,12,2,6,336,Winter,0
2025-12-02 07:00:00,12.9,71,11.7,0.0,4,3.6,7.6,2025,12,2,7,336,Winter,0
2025-12-02 08:00:00,15.0,61,13.8,0.0,2,3.7,9.7,2025,12,2,8,336,Winter,0
2025-12-02 09:00:00,18.0,51,17.0,0.0,2,2.2,10.8,2025,12,2,9,336,Winter,0
2025-12-02 10:00:00,20.8,43,19.8,0.0,0,2.7,13.3,2025,12,2,10,336,Winter,0
2025-12-02 11:00:00,22.8,46,22.4,0.0,0,4.0,15.5,2025,12,2,11,336,Winter,0
2025-12-02 12:00:00,24.2,46,24.4,0.0,0,3.5,17.3,2025,12,2,12,336,Winter,0
2025-12-02 13:00:00,24.9,45,25.0,0.0,5,3.3,16.9,2025,12,2,13,336,Winter,0
2025-12-02 14:00:00,25.2,42,25.0,0.0,12,4.3,16.9,2025,12,2,14,336,Winter,0
2025-12-02 15:00:00,25.0,41,24.4,0.0,4,6.1,18.4,2025,12,2,15,336,Winter,0
2025-12-02 16:00:00,24.2,44,23.5,0.0,21,7.5,18.7,2025,12,2,16,336,Winter,0
2025-12-02 17:00:00,21.8,52,21.4,0.0,7,6.2,17.6,2025,12,2,17,336,Winter,0
2025-12-02 18:00:00,20.9,51,20.1,0.0,0,6.3,14.4,2025,12,2,18,336,Winter,0
2025-12-02 19:00:00,19.8,51,18.9,0.0,0,4.8,13.7,2025,12,2,19,336,Winter,0
2025-12-02 20:00:00,18.6,55,17.8,0.0,0,4.5,9.7,2025,12,2,20,336,Winter,0
2025-12-02 21:00:00,18.1,56,17.4,0.0,0,2.7,7.9,2025,12,2,21,336,Winter,0
2025-12-02 22:00:00,16.7,59,15.7,0.0,0,4.5,8.3,2025,12,2,22,336,Winter,0
2025-12-02 23:00:00,15.8,65,14.9,0.0,0,4.2,8.6,2025,12,2,23,336,Winter,0
2025-12-03 00:00:00,14.4,67,13.3,0.0,0,4.5,8.3,2025,12,3,0,337,Winter,0
2025-12-03 01:00:00,13.7,67,12.3,0.0,0,5.0,9.4,2025,12,3,1,337,Winter,0
2025-12-03 02:00:00,12.8,68,11.3,0.0,0,4.4,10.1,2025,12,3,2,337,Winter,0
2025-12-03 03:00:00,12.1,69,10.6,0.0,0,4.0,7.6,2025,12,3,3,337,Winter,0
2025-12-03 04:00:00,11.3,71,9.7,0.0,0,4.2,6.8,2025,12,3,4,337,Winter,0
2025-12-03 05:00:00,10.8,77,9.3,0.0,0,4.5,7.6,2025,12,3,5,337,Winter,0
2025-12-03 06:00:00,10.3,79,8.8,0.0,0,4.3,8.3,2025,12,3,6,337,Winter,0
2025-12-03 07:00:00,10.4,78,8.9,0.0,0,4.2,7.6,2025,12,3,7,337,Winter,0
2025-12-03 08:00:00,12.5,69,10.9,0.0,0,5.1,11.5,2025,12,3,8,337,Winter,0
2025-12-03 09:00:00,15.1,59,13.8,0.0,0,3.7,13.7,2025,12,3,9,337,Winter,0
2025-12-03 10:00:00,17.9,49,16.3,0.0,0,5.0,17.6,2025,12,3,10,337,Winter,0
2025-12-03 11:00:00,20.2,40,18.0,0.0,0,7.8,22.3,2025,12,3,11,337,Winter,0
2025-12-03 12:00:00,21.7,34,19.6,0.0,0,8.0,24.5,2025,12,3,12,337,Winter,0
2025-12-03 13:00:00,22.6,30,20.0,0.0,0,8.9,25.6,2025,12,3,13,337,Winter,0
2025-12-03 14:00:00,22.9,29,19.9,0.0,0,9.7,26.6,2025,12,3,14,337,Winter,0
2025-12-03 15:00:00,22.4,30,19.5,0.0,0,10.4,26.6,2025,12,3,15,337,Winter,0
2025-12-03 16:00:00,21.4,34,18.8,0.0,0,9.4,25.9,2025,12,3,16,337,Winter,0
2025-12-03 17:00:00,19.5,41,17.5,0.0,0,6.2,20.9,2025,12,3,17,337,Winter,0
2025-12-03 18:00:00,18.8,45,17.0,0.0,0,6.4,13.3,2025,12,3,18,337,Winter,0
2025-12-03 19:00:00,17.8,49,16.1,0.0,0,6.1,13.0,2025,12,3,19,337,Winter,0
2025-12-03 20:00:00,16.8,52,15.1,0.0,9,6.6,13.3,2025,12,3,20,337,Winter,0
2025-12-03 21:00:00,15.8,55,14.1,0.0,14,6.0,13.3,2025,12,3,21,337,Winter,0
2025-12-03 22:00:00,14.9,57,13.2,0.0,49,5.7,11.9,2025,12,3,22,337,Winter,0
2025-12-03 23:00:00,13.9,63,12.3,0.0,54,5.7,11.9,2025,12,3,23,337,Winter,0
2025-12-04 00:00:00,12.9,66,11.2,0.0,71,6.1,12.6,2025,12,4,0,338,Winter,0
2025-12-04 01:00:00,12.0,69,10.3,0.0,89,5.6,11.9,2025,12,4,1,338,Winter,0
2025-12-04 02:00:00,11.5,70,9.7,0.0,37,5.9,11.5,2025,12,4,2,338,Winter,0
2025-12-04 03:00:00,11.1,71,9.2,0.0,5,6.0,11.9,2025,12,4,3,338,Winter,0
2025-12-04 04:00:00,10.7,72,8.8,0.0,0,5.9,11.9,2025,12,4,4,338,Winter,0
2025-12-04 05:00:00,10.1,75,8.1,0.0,1,6.6,11.5,2025,12,4,5,338,Winter,0
2025-12-04 06:00:00,9.8,75,7.6,0.0,7,7.2,14.0,2025,12,4,6,338,Winter,0
2025-12-04 07:00:00,9.9,74,7.6,0.0,2,7.9,15.1,2025,12,4,7,338,Winter,0
2025-12-04 08:00:00,11.4,68,9.0,0.0,14,9.1,17.3,2025,12,4,8,338,Winter,0
2025-12-04 09:00:00,13.8,60,11.8,0.0,66,6.7,18.4,2025,12,4,9,338,Winter,0
2025-12-04 10:00:00,16.4,51,14.4,0.0,82,7.3,21.2,2025,12,4,10,338,Winter,0
2025-12-04 11:00:00,19.2,44,16.9,0.0,71,9.4,25.2,2025,12,4,11,338,Winter,0
2025-12-04 12:00:00,20.8,38,18.4,0.0,15,9.8,27.7,2025,12,4,12,338,Winter,0
2025-12-04 13:00:00,21.6,34,19.0,0.0,0,10.5,28.8,2025,12,4,13,338,Winter,0
2025-12-04 14:00:00,21.9,32,19.0,0.0,0,10.5,28.8,2025,12,4,14,338,Winter,0
2025-12-04 15:00:00,21.5,33,18.7,0.0,0,10.4,28.1,2025,12,4,15,338,Winter,0
2025-12-04 16:00:00,20.6,36,17.9,0.0,0,10.0,25.9,2025,12,4,16,338,Winter,0
2025-12-04 17:00:00,18.3,44,16.5,0.0,0,5.1,22.7,2025,12,4,17,338,Winter,0
2025-12-04 18:00:00,17.5,47,15.8,0.0,0,4.9,10.1,2025,12,4,18,338,Winter,0
2025-12-04 19:00:00,16.6,51,14.9,0.0,0,5.2,10.1,2025,12,4,19,338,Winter,0
2025-12-04 20:00:00,15.7,54,13.9,0.0,0,5.9,11.9,2025,12,4,20,338,Winter,0
2025-12-04 21:00:00,14.8,56,13.0,0.0,0,5.4,11.9,2025,12,4,21,338,Winter,0
2025-12-04 22:00:00,14.0,58,12.1,0.0,0,5.5,10.4,2025,12,4,22,338,Winter,0
2025-12-04 23:00:00,13.5,62,12.0,0.0,0,4.0,10.1,2025,12,4,23,338,Winter,0
2025-12-05 00:00:00,12.3,65,10.6,0.0,0,4.6,6.8,2025,12,5,0,339,Winter,0
2025-12-05 01:00:00,11.5,67,9.7,0.0,0,4.9,8.3,2025,12,5,1,339,Winter,0
2025-12-05 02:00:00,10.9,68,9.0,0.0,0,4.8,8.3,2025,12,5,2,339,Winter,0
2025-12-05 03:00:00,10.2,70,8.3,0.0,0,4.3,7.9,2025,12,5,3,339,Winter,0
2025-12-05 04:00:00,9.5,74,7.5,0.0,0,4.7,8.3,2025,12,5,4,339,Winter,0
2025-12-05 05:00:00,8.9,80,7.0,0.0,0,4.9,8.6,2025,12,5,5,339,Winter,0
2025-12-05 06:00:00,8.6,81,6.8,0.0,0,4.5,9.4,2025,12,5,6,339,Winter,0
2025-12-05 07:00:00,8.7,80,6.8,0.0,0,4.7,9.4,2025,12,5,7,339,Winter,0
2025-12-05 08:00:00,10.5,71,8.6,0.0,0,5.2,11.9,2025,12,5,8,339,Winter,0
2025-12-05 09:00:00,13.7,59,12.1,0.0,0,3.6,13.3,2025,12,5,9,339,Winter,0
2025-12-05 10:00:00,16.8,47,15.0,0.0,0,3.9,15.5,2025,12,5,10,339,Winter,0
2025-12-05 11:00:00,19.3,38,17.2,0.0,0,4.9,18.4,2025,12,5,11,339,Winter,0
2025-12-05 12:00:00,20.8,31,18.6,0.0,0,5.2,19.8,2025,12,5,12,339,Winter,0
2025-12-05 13:00:00,21.5,29,19.1,0.0,0,5.4,19.8,2025,12,5,13,339,Winter,0
2025-12-05 14:00:00,21.8,31,19.5,0.0,0,5.6,19.4,2025,12,5,14,339,Winter,0
2025-12-05 15:00:00,21.7,33,19.4,0.0,0,6.5,19.1,2025,12,5,15,339,Winter,0
2025-12-05 16:00:00,20.8,37,18.6,0.0,0,7.5,19.1,2025,12,5,16,339,Winter,0
2025-12-05 17:00:00,19.0,44,17.0,0.0,0,6.8,16.9,2025,12,5,17,339,Winter,0
2025-12-05 18:00:00,18.2,48,16.6,0.0,0,5.2,14.4,2025,12,5,18,339,Winter,0
2025-12-05 19:00:00,17.3,51,15.7,0.0,0,5.7,11.5,2025,12,5,19,339,Winter,0
2025-12-05 20:00:00,16.2,56,14.6,0.0,0,5.6,11.5,2025,12,5,20,339,Winter,0
2025-12-05 21:00:00,15.1,60,13.7,0.0,0,5.3,10.8,2025,12,5,21,339,Winter,0
2025-12-05 22:00:00,14.4,62,12.9,0.0,0,5.6,10.8,2025,12,5,22,339,Winter,0
2025-12-05 23:00:00,13.5,67,12.0,0.0,0,5.8,11.5,2025,12,5,23,339,Winter,0
2025-12-06 00:00:00,12.9,66,11.2,0.0,0,5.9,12.2,2025,12,6,0,340,Winter,0
2025-12-06 01:00:00,12.3,67,10.4,0.0,0,6.4,12.2,2025,12,6,1,340,Winter,0
2025-12-06 02:00:00,11.8,68,9.8,0.0,0,7.0,13.7,2025,12,6,2,340,Winter,0
2025-12-06 03:00:00,11.3,69,9.1,0.0,5,7.6,15.1,2025,12,6,3,340,Winter,0
2025-12-06 04:00:00,10.9,70,8.6,0.0,97,8.1,15.8,2025,12,6,4,340,Winter,0
2025-12-06 05:00:00,10.5,75,8.2,0.0,94,9.1,16.9,2025,12,6,5,340,Winter,0
2025-12-06 06:00:00,10.2,76,7.9,0.0,0,9.3,18.0,2025,12,6,6,340,Winter,0
2025-12-06 07:00:00,10.4,74,7.9,0.0,2,10.4,20.5,2025,12,6,7,340,Winter,0
2025-12-06 08:00:00,11.9,68,9.2,0.0,0,11.5,23.0,2025,12,6,8,340,Winter,0
2025-12-06 09:00:00,14.2,58,11.9,0.0,0,9.3,23.4,2025,12,6,9,340,Winter,0
2025-12-06 10:00:00,16.8,49,14.4,0.0,12,9.3,24.8,2025,12,6,10,340,Winter,0
2025-12-06 11:00:00,19.7,42,17.3,0.0,0,10.2,26.6,2025,12,6,11,340,Winter,0
2025-12-06 12:00:00,21.9,35,19.6,0.0,85,10.2,28.1,2025,12,6,12,340,Winter,0
2025-12-06 13:00:00,23.1,32,20.4,0.0,32,11.4,30.2,2025,12,6,13,340,Winter,0
2025-12-06 14:00:00,23.6,32,20.8,0.0,55,11.9,30.2,2025,12,6,14,340,Winter,0
2025-12-06 15:00:00,23.1,34,20.3,0.0,73,12.9,30.6,2025,12,6,15,340,Winter,0
2025-12-06 16:00:00,22.1,36,19.5,0.0,98,10.9,30.2,2025,12,6,16,340,Winter,0
2025-12-06 17:00:00,20.2,42,17.9,0.0,77,9.6,24.8,2025,12,6,17,340,Winter,0
2025-12-06 18:00:00,19.4,42,16.9,0.0,87,10.2,21.6,2025,12,6,18,340,Winter,0
2025-12-06 19:00:00,18.3,43,15.8,0.0,100,9.4,21.2,2025,12,6,19,340,Winter,0
2025-12-06 20:00:00,17.6,44,15.1,0.0,84,8.9,19.4,2025,12,6,20,340,Winter,0
2025-12-06 21:00:00,16.5,47,14.0,0.0,100,8.7,18.4,2025,12,6,21,340,Winter,0
2025-12-06 22:00:00,15.9,50,13.4,0.0,96,8.8,18.0,2025,12,6,22,340,Winter,0
2025-12-06 23:00:00,15.1,54,12.8,0.0,100,8.5,18.4,2025,12,6,23,340,Winter,0
2025-12-07 00:00:00,14.5,57,12.3,0.0,99,8.3,16.9,2025,12,7,0,341,Winter,0
2025-12-07 01:00:00,13.8,60,11.6,0.0,5,7.9,16.6,2025,12,7,1,341,Winter,0
2025-12-07 02:00:00,13.2,63,11.0,0.0,13,8.0,16.2,2025,12,7,2,341,Winter,0
2025-12-07 03:00:00,12.7,65,10.5,0.0,0,9.0,17.6,2025,12,7,3,341,Winter,0
2025-12-07 04:00:00,12.3,67,10.0,0.0,0,9.4,19.1,2025,12,7,4,341,Winter,0
2025-12-07 05:00:00,11.4,73,9.1,0.0,0,9.7,19.1,2025,12,7,5,341,Winter,0
2025-12-07 06:00:00,10.8,76,8.6,0.0,0,9.0,19.4,2025,12,7,6,341,Winter,0
2025-12-07 07:00:00,10.7,76,8.5,0.0,0,9.3,18.4,2025,12,7,7,341,Winter,0
2025-12-07 08:00:00,12.1,70,9.8,0.0,0,10.4,20.2,2025,12,7,8,341,Winter,0
2025-12-07 09:00:00,14.6,61,12.7,0.0,0,7.5,19.4,2025,12,7,9,341,Winter,0
2025-12-07 10:00:00,17.4,52,15.5,0.0,0,7.9,22.3,2025,12,7,10,341,Winter,0
2025-12-07 11:00:00,20.3,44,18.4,0.0,0,8.8,24.5,2025,12,7,11,341,Winter,0
2025-12-07 12:00:00,22.4,39,20.6,0.0,0,9.0,25.6,2025,12,7,12,341,Winter,0
2025-12-07 13:00:00,23.7,35,21.6,0.0,0,9.3,26.3,2025,12,7,13,341,Winter,0
2025-12-07 14:00:00,24.1,35,22.1,0.0,0,9.6,26.6,2025,12,7,14,341,Winter,0
2025-12-07 15:00:00,23.7,38,21.8,0.0,32,9.9,25.9,2025,12,7,15,341,Winter,0
2025-12-07 16:00:00,22.7,41,21.0,0.0,77,9.7,24.8,2025,12,7,16,341,Winter,0
2025-12-07 17:00:00,20.8,49,19.7,0.0,87,7.0,22.3,2025,12,7,17,341,Winter,0
2025-12-07 18:00:00,20.3,52,19.1,0.0,72,8.1,16.6,2025,12,7,18,341,Winter,0
2025-12-07 19:00:00,19.3,55,18.0,0.0,48,8.6,17.6,2025,12,7,19,341,Winter,0
2025-12-07 20:00:00,18.3,58,17.0,0.0,97,8.2,17.6,2025,12,7,20,341,Winter,0
2025-12-07 21:00:00,17.4,60,16.1,0.0,36,7.6,16.6,2025,12,7,21,341,Winter,0
2025-12-07 22:00:00,16.6,61,15.3,0.0,56,7.4,15.5,2025,12,7,22,341,Winter,0
2025-12-07 23:00:00,15.9,63,14.5,0.0,95,7.9,15.1,2025,12,7,23,341,Winter,0
2025-12-08 00:00:00,15.2,64,13.6,0.0,100,8.0,16.2,2025,12,8,0,342,Winter,0
2025-12-08 01:00:00,15.0,63,13.2,0.0,100,8.5,16.9,2025,12,8,1,342,Winter,0
2025-12-08 02:00:00,14.6,62,12.7,0.0,99,8.4,16.9,2025,12,8,2,342,Winter,0
2025-12-08 03:00:00,14.2,63,12.2,0.0,2,8.5,16.9,2025,12,8,3,342,Winter,0
2025-12-08 04:00:00,13.7,65,11.7,0.0,2,8.7,17.3,2025,12,8,4,342,Winter,0
2025-12-08 05:00:00,12.8,69,10.7,0.0,0,9.4,18.0,2025,12,8,5,342,Winter,0
2025-12-08 06:00:00,12.2,72,10.1,0.0,0,9.3,18.7,2025,12,8,6,342,Winter,0
2025-12-08 07:00:00,12.1,73,9.9,0.0,1,9.8,19.1,2025,12,8,7,342,Winter,0
2025-12-08 08:00:00,13.5,67,11.2,0.0,0,10.8,20.9,2025,12,8,8,342,Winter,0
2025-12-08 09:00:00,15.8,59,13.9,0.0,0,8.5,21.2,2025,12,8,9,342,Winter,0
2025-12-08 10:00:00,18.6,49,16.7,0.0,0,8.6,23.8,2025,12,8,10,342,Winter,0
2025-12-08 11:00:00,21.5,41,19.6,0.0,0,9.0,25.6,2025,12,8,11,342,Winter,0
2025-12-08 12:00:00,23.6,36,21.8,0.0,0,9.5,26.6,2025,12,8,12,342,Winter,0
2025-12-08 13:00:00,24.9,32,22.7,0.0,0,10.2,27.7,2025,12,8,13,342,Winter,0
2025-12-08 14:00:00,25.2,31,22.7,0.0,0,11.7,29.5,2025,12,8,14,342,Winter,0
2025-12-08 15:00:00,24.7,32,22.1,0.0,0,12.6,30.6,2025,12,8,15,342,Winter,0
2025-12-08 16:00:00,23.7,35,21.3,0.0,0,11.1,29.9,2025,12,8,16,342,Winter,0
2025-12-08 17:00:00,21.8,42,20.1,0.0,0,8.4,24.8,2025,12,8,17,342,Winter,0
2025-12-08 18:00:00,20.7,47,19.0,0.0,0,9.4,19.4,2025,12,8,18,342,Winter,0
2025-12-08 19:00:00,19.5,50,17.9,0.0,0,9.0,19.4,2025,12,8,19,342,Winter,0
2025-12-08 20:00:00,18.6,51,16.8,0.0,0,8.7,18.4,2025,12,8,20,342,Winter,0
2025-12-08 21:00:00,17.7,52,15.7,0.0,0,9.7,19.8,2025,12,8,21,342,Winter,0
2025-12-08 22:00:00,16.8,53,14.7,0.0,0,9.6,20.5,2025,12,8,22,342,Winter,0
2025-12-08 23:00:00,15.9,56,13.8,0.0,0,9.7,19.8,2025,12,8,23,342,Winter,0
2025-12-09 00:00:00,15.0,58,12.7,0.0,0,9.5,19.8,2025,12,9,0,343,Winter,0
2025-12-09 01:00:00,14.3,60,12.0,0.0,0,9.8,19.8,2025,12,9,1,343,Winter,0
2025-12-09 02:00:00,13.7,63,11.3,0.0,0,10.1,20.5,2025,12,9,2,343,Winter,0
2025-12-09 03:00:00,13.2,65,10.9,0.0,0,10.3,20.9,2025,12,9,3,343,Winter,0
2025-12-09 04:00:00,12.8,67,10.5,0.0,0,10.5,21.2,2025,12,9,4,343,Winter,0
2025-12-09 05:00:00,12.1,71,9.7,0.0,0,10.8,21.6,2025,12,9,5,343,Winter,0
2025-12-09 06:00:00,11.7,72,9.4,0.0,0,10.4,22.0,2025,12,9,6,343,Winter,0
2025-12-09 07:00:00,11.6,73,9.2,0.0,0,11.2,22.3,2025,12,9,7,343,Winter,0
2025-12-09 08:00:00,12.8,68,10.2,0.0,0,12.7,24.5,2025,12,9,8,343,Winter,0
2025-12-09 09:00:00,15.1,60,13.1,0.0,0,9.3,23.0,2025,12,9,9,343,Winter,0
2025-12-09 10:00:00,17.9,51,16.0,0.0,0,8.9,24.1,2025,12,9,10,343,Winter,0
2025-12-09 11:00:00,20.8,44,19.0,0.0,0,9.4,26.3,2025,12,9,11,343,Winter,0
2025-12-09 12:00:00,22.9,38,20.8,0.0,0,10.7,29.2,2025,12,9,12,343,Winter,0
2025-12-09 13:00:00,24.1,33,21.6,0.0,0,11.5,30.2,2025,12,9,13,343,Winter,0
2025-12-09 14:00:00,24.5,31,21.8,0.0,0,11.7,30.2,2025,12,9,14,343,Winter,0
2025-12-09 15:00:00,24.1,34,21.6,0.0,0,11.8,29.5,2025,12,9,15,343,Winter,0
2025-12-09 16:00:00,23.1,38,20.9,0.0,0,11.0,28.1,2025,12,9,16,343,Winter,0
2025-12-09 17:00:00,21.0,46,19.5,0.0,0,7.9,24.5,2025,12,9,17,343,Winter,0
2025-12-09 18:00:00,20.3,49,18.9,0.0,0,8.3,17.3,2025,12,9,18,343,Winter,0
2025-12-09 19:00:00,19.4,51,17.9,0.0,0,8.0,17.3,2025,12,9,19,343,Winter,0
2025-12-09 20:00:00,18.7,52,17.1,0.0,1,8.3,16.9,2025,12,9,20,343,Winter,0
2025-12-09 21:00:00,18.2,53,16.5,0.0,0,8.5,17.3,2025,12,9,21,343,Winter,0
2025-12-09 22:00:00,17.5,55,15.7,0.0,0,8.9,18.0,2025,12,9,22,343,Winter,0
2025-12-09 23:00:00,16.5,58,14.7,0.0,2,9.2,18.0,2025,12,9,23,343,Winter,0
2025-12-10 00:00:00,15.3,62,13.4,0.0,20,9.3,18.7,2025,12,10,0,344,Winter,0
2025-12-10 01:00:00,14.7,64,12.8,0.0,100,9.7,19.1,2025,12,10,1,344,Winter,0
2025-12-10 02:00:00,14.2,66,12.2,0.0,0,9.5,19.4,2025,12,10,2,344,Winter,0
2025-12-10 03:00:00,13.6,68,11.7,0.0,0,9.2,19.1,2025,12,10,3,344,Winter,0
2025-12-10 04:00:00,13.2,70,11.2,0.0,0,9.4,18.7,2025,12,10,4,344,Winter,0
2025-12-10 05:00:00,12.6,71,10.5,0.0,0,9.4,19.4,2025,12,10,5,344,Winter,0
2025-12-10 06:00:00,12.1,73,10.1,0.0,3,9.4,18.7,2025,12,10,6,344,Winter,0
2025-12-10 07:00:00,11.8,75,9.7,0.0,0,9.7,19.4,2025,12,10,7,344,Winter,0
2025-12-10 08:00:00,13.0,70,10.8,0.0,9,10.3,20.5,2025,12,10,8,344,Winter,0
2025-12-10 09:00:00,15.2,61,13.6,0.0,0,6.5,19.1,2025,12,10,9,344,Winter,0
2025-12-10 10:00:00,17.9,52,16.5,0.0,0,5.9,19.1,2025,12,10,10,344,Winter,0
2025-12-10 11:00:00,20.7,44,19.3,0.0,0,5.6,20.5,2025,12,10,11,344,Winter,0
2025-12-10 12:00:00,22.7,38,21.1,0.0,0,7.1,22.7,2025,12,10,12,344,Winter,0
2025-12-10 13:00:00,23.7,36,21.9,0.0,0,7.6,23.4,2025,12,10,13,344,Winter,0
2025-12-10 14:00:00,24.1,35,22.1,0.0,0,8.9,24.5,2025,12,10,14,344,Winter,0
2025-12-10 15:00:00,23.7,38,21.9,0.0,0,9.6,25.2,2025,12,10,15,344,Winter,0
2025-12-10 16:00:00,22.8,43,21.5,0.0,3,8.2,24.5,2025,12,10,16,344,Winter,0
2025-12-10 17:00:00,20.4,54,19.9,0.0,1,5.1,18.4,2025,12,10,17,344,Winter,0
2025-12-10 18:00:00,20.3,53,19.5,0.0,0,5.7,11.9,2025,12,10,18,344,Winter,0
2025-12-10 19:00:00,19.4,55,18.6,0.0,0,5.5,11.9,2025,12,10,19,344,Winter,0
2025-12-10 20:00:00,18.4,58,17.6,0.0,0,5.2,10.8,2025,12,10,20,344,Winter,0
2025-12-10 21:00:00,17.6,60,16.8,0.0,0,5.0,10.1,2025,12,10,21,344,Winter,0
2025-12-10 22:00:00,17.0,61,16.1,0.0,20,5.4,9.0,2025,12,10,22,344,Winter,0
2025-12-10 23:00:00,16.6,61,15.5,0.0,0,5.5,9.4,2025,12,10,23,344,Winter,0
2025-12-11 00:00:00,15.2,64,13.9,0.0,0,6.0,10.4,2025,12,11,0,345,Winter,0
2025-12-11 01:00:00,14.2,68,12.9,0.0,0,5.4,10.4,2025,12,11,1,345,Winter,0
2025-12-11 02:00:00,13.2,73,12.0,0.0,0,5.0,8.6,2025,12,11,2,345,Winter,0
2025-12-11 03:00:00,12.4,76,11.3,0.0,0,4.5,8.6,2025,12,11,3,345,Winter,0
2025-12-11 04:00:00,12.1,78,10.8,0.0,0,5.1,10.1,2025,12,11,4,345,Winter,0
2025-12-11 05:00:00,11.1,85,9.8,0.0,0,6.8,12.2,2025,12,11,5,345,Winter,0
2025-12-11 06:00:00,10.8,86,9.4,0.0,0,6.4,13.3,2025,12,11,6,345,Winter,0
2025-12-11 07:00:00,10.8,85,9.3,0.0,0,6.7,12.6,2025,12,11,7,345,Winter,0
2025-12-11 08:00:00,12.4,76,11.0,0.0,0,6.9,14.8,2025,12,11,8,345,Winter,0
2025-12-11 09:00:00,15.2,64,14.3,0.0,0,3.3,14.0,2025,12,11,9,345,Winter,0
2025-12-11 10:00:00,18.3,52,17.2,0.0,0,3.7,15.1,2025,12,11,10,345,Winter,0
2025-12-11 11:00:00,21.5,44,20.4,0.0,0,4.9,18.0,2025,12,11,11,345,Winter,0
2025-12-11 12:00:00,23.5,37,21.9,0.0,0,7.1,22.3,2025,12,11,12,345,Winter,0
2025-12-11 13:00:00,24.4,34,22.4,0.0,0,9.2,25.9,2025,12,11,13,345,Winter,0
2025-12-11 14:00:00,24.7,33,22.4,0.0,0,10.4,27.7,2025,12,11,14,345,Winter,0
2025-12-11 15:00:00,24.3,34,22.1,0.0,0,10.0,27.7,2025,12,11,15,345,Winter,0
2025-12-11 16:00:00,23.4,38,21.7,0.0,0,8.0,24.8,2025,12,11,16,345,Winter,0
2025-12-11 17:00:00,20.7,52,20.2,0.0,0,4.9,18.4,2025,12,11,17,345,Winter,0
2025-12-11 18:00:00,20.0,55,19.6,0.0,0,4.4,9.7,2025,12,11,18,345,Winter,0
2025-12-11 19:00:00,19.1,59,18.7,0.0,0,4.4,8.6,2025,12,11,19,345,Winter,0
2025-12-11 20:00:00,18.2,62,17.8,0.0,0,4.5,8.3,2025,12,11,20,345,Winter,0
2025-12-11 21:00:00,17.5,64,17.2,0.0,0,3.8,8.3,2025,12,11,21,345,Winter,0
2025-12-11 22:00:00,17.1,65,16.8,0.0,0,3.0,6.8,2025,12,11,22,345,Winter,0
2025-12-11 23:00:00,16.9,66,16.8,0.0,0,1.5,5.4,2025,12,11,23,345,Winter,0
2025-12-12 00:00:00,15.4,71,15.0,0.0,0,2.7,4.3,2025,12,12,0,346,Winter,0
2025-12-12 01:00:00,14.0,77,13.3,0.0,0,4.7,7.6,2025,12,12,1,346,Winter,0
2025-12-12 02:00:00,13.2,80,12.4,0.0,0,5.2,10.1,2025,12,12,2,346,Winter,0
2025-12-12 03:00:00,12.4,83,11.6,0.0,0,4.8,10.1,2025,12,12,3,346,Winter,0
2025-12-12 04:00:00,11.8,85,10.9,0.0,0,4.5,9.0,2025,12,12,4,346,Winter,0
2025-12-12 05:00:00,11.2,88,10.2,0.0,0,5.6,9.7,2025,12,12,5,346,Winter,0
2025-12-12 06:00:00,10.5,90,9.6,0.0,0,4.4,11.9,2025,12,12,6,346,Winter,0
2025-12-12 07:00:00,10.4,90,9.4,0.0,0,4.2,8.6,2025,12,12,7,346,Winter,0
2025-12-12 08:00:00,12.2,82,11.2,0.0,0,5.1,12.6,2025,12,12,8,346,Winter,0
2025-12-12 09:00:00,15.3,69,14.6,0.0,0,3.4,13.0,2025,12,12,9,346,Winter,0
2025-12-12 10:00:00,18.4,56,17.8,0.0,0,2.9,13.7,2025,12,12,10,346,Winter,0
2025-12-12 11:00:00,21.0,47,20.3,0.0,4,3.1,14.8,2025,12,12,11,346,Winter,0
2025-12-12 12:00:00,22.9,40,22.0,0.0,4,3.4,16.2,2025,12,12,12,346,Winter,0
2025-12-12 13:00:00,23.9,35,22.7,0.0,2,3.3,16.2,2025,12,12,13,346,Winter,0
2025-12-12 14:00:00,24.4,32,22.9,0.0,0,3.6,15.5,2025,12,12,14,346,Winter,0
2025-12-12 15:00:00,24.3,31,22.7,0.0,0,3.8,15.1,2025,12,12,15,346,Winter,0
2025-12-12 16:00:00,23.5,34,22.1,0.0,20,4.0,13.7,2025,12,12,16,346,Winter,0
2025-12-12 17:00:00,21.0,48,20.4,0.0,99,3.3,9.7,2025,12,12,17,346,Winter,0
2025-12-12 18:00:00,19.9,53,19.4,0.0,94,3.5,8.3,2025,12,12,18,346,Winter,0
2025-12-12 19:00:00,19.1,57,18.9,0.0,95,2.2,7.2,2025,12,12,19,346,Winter,0
2025-12-12 20:00:00,18.4,61,18.3,0.0,0,2.2,4.7,2025,12,12,20,346,Winter,0
2025-12-12 21:00:00,17.9,63,17.9,0.0,19,2.0,3.2,2025,12,12,21,346,Winter,0
2025-12-12 22:00:00,17.2,66,17.0,0.0,0,2.4,3.6,2025,12,12,22,346,Winter,0
2025-12-12 23:00:00,16.4,69,16.2,0.0,0,2.4,3.6,2025,12,12,23,346,Winter,0
2025-12-13 00:00:00,15.3,75,15.2,0.0,13,2.3,3.6,2025,12,13,0,347,Winter,0
2025-12-13 01:00:00,14.3,80,14.1,0.0,6,3.5,4.7,2025,12,13,1,347,Winter,0
2025-12-13 02:00:00,13.9,82,13.8,0.0,0,1.9,4.7,2025,12,13,2,347,Winter,0
2025-12-13 03:00:00,13.7,82,13.6,0.0,0,1.5,2.9,2025,12,13,3,347,Winter,0
2025-12-13 04:00:00,13.4,83,13.4,0.0,4,0.9,2.5,2025,12,13,4,347,Winter,0
2025-12-13 05:00:00,13.1,82,13.0,0.0,38,0.4,1.4,2025,12,13,5,347,Winter,0
2025-12-13 06:00:00,12.8,83,12.7,0.0,97,0.0,1.4,2025,12,13,6,347,Winter,0
2025-12-13 07:00:00,12.7,84,12.7,0.0,100,0.2,1.1,2025,12,13,7,347,Winter,0
2025-12-13 08:00:00,14.1,79,13.8,0.0,13,3.1,5.0,2025,12,13,8,347,Winter,0
2025-12-13 09:00:00,16.5,69,16.4,0.0,9,2.4,10.8,2025,12,13,9,347,Winter,0
2025-12-13 10:00:00,19.3,58,19.1,0.0,4,3.0,13.0,2025,12,13,10,347,Winter,0
2025-12-13 11:00:00,21.4,52,21.2,0.0,12,3.6,15.8,2025,12,13,11,347,Winter,0
2025-12-13 12:00:00,23.1,44,22.8,0.0,13,2.8,15.8,2025,12,13,12,347,Winter,0
2025-12-13 13:00:00,24.0,40,23.7,0.0,35,1.5,14.8,2025,12,13,13,347,Winter,0
2025-12-13 14:00:00,24.5,37,24.1,0.0,100,1.1,12.2,2025,12,13,14,347,Winter,0
2025-12-13 15:00:00,24.4,37,23.8,0.0,34,1.9,10.8,2025,12,13,15,347,Winter,0
2025-12-13 16:00:00,23.8,39,22.9,0.0,73,3.5,9.7,2025,12,13,16,347,Winter,0
2025-12-13 17:00:00,21.0,52,20.6,0.0,86,4.5,7.9,2025,12,13,17,347,Winter,0
2025-12-13 18:00:00,20.2,57,20.0,0.0,78,4.0,9.0,2025,12,13,18,347,Winter,0
2025-12-13 19:00:00,19.2,64,19.4,0.0,98,2.9,7.9,2025,12,13,19,347,Winter,0
2025-12-13 20:00:00,18.2,68,18.5,0.0,100,2.4,5.0,2025,12,13,20,347,Winter,0
2025-12-13 21:00:00,17.3,72,17.6,0.0,80,2.7,4.3,2025,12,13,21,347,Winter,0
2025-12-13 22:00:00,16.3,77,16.4,0.0,100,4.0,6.5,2025,12,13,22,347,Winter,0
2025-12-13 23:00:00,15.4,83,15.6,0.0,100,3.9,6.5,2025,12,13,23,347,Winter,0
2025-12-14 00:00:00,14.7,85,15.0,0.0,100,3.1,6.8,2025,12,14,0,348,Winter,0
2025-12-14 01:00:00,14.1,87,14.3,0.0,98,2.5,4.7,2025,12,14,1,348,Winter,0
2025-12-14 02:00:00,13.7,89,13.9,0.0,74,1.8,3.6,2025,12,14,2,348,Winter,0
2025-12-14 03:00:00,13.3,89,13.6,0.0,70,1.3,2.9,2025,12,14,3,348,Winter,0
2025-12-14 04:00:00,13.0,90,13.2,0.0,12,0.8,2.2,2025,12,14,4,348,Winter,0
2025-12-14 05:00:00,11.6,93,11.2,0.0,98,3.2,1.8,2025,12,14,5,348,Winter,0
2025-12-14 06:00:00,11.2,94,10.6,0.0,3,4.3,6.8,2025,12,14,6,348,Winter,0
2025-12-14 07:00:00,11.2,94,10.7,0.0,18,4.0,7.2,2025,12,14,7,348,Winter,0
2025-12-14 08:00:00,13.5,86,13.2,0.0,1,4.5,9.4,2025,12,14,8,348,Winter,0
2025-12-14 09:00:00,16.9,71,17.2,0.0,8,1.9,9.7,2025,12,14,9,348,Winter,0
2025-12-14 10:00:00,19.8,60,20.1,0.0,4,1.3,11.2,2025,12,14,10,348,Winter,0
2025-12-14 11:00:00,21.2,54,21.4,0.0,100,1.9,11.2,2025,12,14,11,348,Winter,0
2025-12-14 12:00:00,22.8,48,23.1,0.0,100,0.8,13.0,2025,12,14,12,348,Winter,0
2025-12-14 13:00:00,23.7,43,23.8,0.0,98,0.4,11.5,2025,12,14,13,348,Winter,0
2025-12-14 14:00:00,24.2,41,24.1,0.0,83,0.5,10.8,2025,12,14,14,348,Winter,0
2025-12-14 15:00:00,24.2,40,23.9,0.0,66,1.2,10.1,2025,12,14,15,348,Winter,0
2025-12-14 16:00:00,23.4,51,24.1,0.0,100,1.0,9.0,2025,12,14,16,348,Winter,0
2025-12-14 17:00:00,21.1,60,21.7,0.0,100,2.2,3.2,2025,12,14,17,348,Winter,0
2025-12-14 18:00:00,20.2,60,20.5,0.0,100,3.1,6.5,2025,12,14,18,348,Winter,0
2025-12-14 19:00:00,19.4,62,19.4,0.0,100,3.6,7.2,2025,12,14,19,348,Winter,0
2025-12-14 20:00:00,18.8,65,19.0,0.0,100,3.1,6.8,2025,12,14,20,348,Winter,0
2025-12-14 21:00:00,18.3,68,18.7,0.0,100,1.7,5.4,2025,12,14,21,348,Winter,0
2025-12-14 22:00:00,17.9,69,18.5,0.0,92,0.6,2.5,2025,12,14,22,348,Winter,0
2025-12-14 23:00:00,17.4,71,18.0,0.0,100,0.2,1.1,2025,12,14,23,348,Winter,0
2025-12-15 00:00:00,16.3,75,16.7,0.0,100,0.9,2.2,2025,12,15,0,349,Winter,0
2025-12-15 01:00:00,14.8,81,14.8,0.0,100,3.1,4.3,2025,12,15,1,349,Winter,0
2025-12-15 02:00:00,13.6,88,13.3,0.0,98,5.2,10.1,2025,12,15,2,349,Winter,0
2025-12-15 03:00:00,12.6,93,12.2,0.0,91,5.8,11.2,2025,12,15,3,349,Winter,0
2025-12-15 04:00:00,12.0,95,11.6,0.0,75,5.0,11.2,2025,12,15,4,349,Winter,0
2025-12-15 05:00:00,11.3,94,10.6,0.0,2,5.2,10.8,2025,12,15,5,349,Winter,0
2025-12-15 06:00:00,10.9,95,10.2,0.0,22,5.0,10.1,2025,12,15,6,349,Winter,0
2025-12-15 07:00:00,10.5,99,9.8,0.0,59,5.6,9.7,2025,12,15,7,349,Winter,0
2025-12-15 08:00:00,11.5,97,10.8,0.0,100,6.3,14.0,2025,12,15,8,349,Winter,0
2025-12-15 09:00:00,13.8,87,13.4,0.0,100,6.0,15.1,2025,12,15,9,349,Winter,0
2025-12-15 10:00:00,16.1,76,16.0,0.0,20,4.3,16.6,2025,12,15,10,349,Winter,0
2025-12-15 11:00:00,19.4,63,19.3,0.0,0,5.4,19.1,2025,12,15,11,349,Winter,0
2025-12-15 12:00:00,21.7,51,21.2,0.0,0,6.1,20.9,2025,12,15,12,349,Winter,0
2025-12-15 13:00:00,22.9,44,21.9,0.0,0,6.8,21.6,2025,12,15,13,349,Winter,0
2025-12-15 14:00:00,23.3,46,22.5,0.0,0,7.4,22.3,2025,12,15,14,349,Winter,0
2025-12-15 15:00:00,23.2,48,22.6,0.0,0,7.4,22.0,2025,12,15,15,349,Winter,0
2025-12-15 16:00:00,22.4,50,21.8,0.0,0,7.1,20.2,2025,12,15,16,349,Winter,0
2025-12-15 17:00:00,19.9,57,19.5,0.0,0,5.1,15.5,2025,12,15,17,349,Winter,0
2025-12-15 18:00:00,19.1,60,18.7,0.0,0,4.8,10.1,2025,12,15,18,349,Winter,0
2025-12-15 19:00:00,18.2,64,17.8,0.0,0,5.1,10.1,2025,12,15,19,349,Winter,0
2025-12-15 20:00:00,17.3,68,16.8,0.0,0,5.4,10.4,2025,12,15,20,349,Winter,0
2025-12-15 21:00:00,16.6,69,15.9,0.0,0,6.3,11.9,2025,12,15,21,349,Winter,0
2025-12-15 22:00:00,16.2,68,15.1,0.0,0,7.7,14.8,2025,12,15,22,349,Winter,0
2025-12-15 23:00:00,15.4,70,14.2,0.0,0,8.3,16.2,2025,12,15,23,349,Winter,0
2025-12-16 00:00:00,14.4,73,13.1,0.0,0,7.9,16.6,2025,12,16,0,350,Winter,0
2025-12-16 01:00:00,13.7,76,12.4,0.0,0,7.8,15.5,2025,12,16,1,350,Winter,0
2025-12-16 02:00:00,13.2,79,11.9,0.0,0,8.0,15.5,2025,12,16,2,350,Winter,0
2025-12-16 03:00:00,12.8,82,11.5,0.0,0,8.4,16.2,2025,12,16,3,350,Winter,0
2025-12-16 04:00:00,12.5,85,11.2,0.0,0,8.9,17.6,2025,12,16,4,350,Winter,0
2025-12-16 05:00:00,12.0,88,10.6,0.0,0,9.3,18.0,2025,12,16,5,350,Winter,0
2025-12-16 06:00:00,11.8,89,10.4,0.0,0,9.3,18.4,2025,12,16,6,350,Winter,0
2025-12-16 07:00:00,11.6,90,10.2,0.0,0,9.9,19.1,2025,12,16,7,350,Winter,0
2025-12-16 08:00:00,13.0,83,11.4,0.0,0,11.2,22.0,2025,12,16,8,350,Winter,0
2025-12-16 09:00:00,15.2,73,13.9,0.0,0,9.3,22.7,2025,12,16,9,350,Winter,0
2025-12-16 10:00:00,17.8,62,16.4,0.0,0,10.3,26.6,2025,12,16,10,350,Winter,0
2025-12-16 11:00:00,20.0,56,18.7,0.0,0,11.0,29.2,2025,12,16,11,350,Winter,0
2025-12-16 12:00:00,21.9,48,20.5,0.0,0,11.7,30.6,2025,12,16,12,350,Winter,0
2025-12-16 13:00:00,23.0,45,21.4,0.0,0,11.3,31.0,2025,12,16,13,350,Winter,0
2025-12-16 14:00:00,23.3,45,21.9,0.0,0,11.1,29.9,2025,12,16,14,350,Winter,0
2025-12-16 15:00:00,23.1,48,21.8,0.0,2,11.5,28.8,2025,12,16,15,350,Winter,0
2025-12-16 16:00:00,22.2,52,21.2,0.0,0,11.1,28.1,2025,12,16,16,350,Winter,0
2025-12-16 17:00:00,20.5,60,20.1,0.0,6,7.9,25.2,2025,12,16,17,350,Winter,0
2025-12-16 18:00:00,19.6,64,19.2,0.0,2,8.1,16.6,2025,12,16,18,350,Winter,0
2025-12-16 19:00:00,18.8,67,18.3,0.0,0,8.6,17.6,2025,12,16,19,350,Winter,0
2025-12-16 20:00:00,18.1,69,17.5,0.0,0,8.9,18.4,2025,12,16,20,350,Winter,0
2025-12-16 21:00:00,17.3,71,16.6,0.0,1,9.0,18.4,2025,12,16,21,350,Winter,0
2025-12-16 22:00:00,16.6,74,15.9,0.0,16,8.9,18.4,2025,12,16,22,350,Winter,0
2025-12-16 23:00:00,15.5,79,14.9,0.0,12,7.7,18.0,2025,12,16,23,350,Winter,0
2025-12-17 00:00:00,14.6,83,14.0,0.0,0,7.9,15.8,2025,12,17,0,351,Winter,0
2025-12-17 01:00:00,14.1,85,13.4,0.0,0,7.6,15.8,2025,12,17,1,351,Winter,0
2025-12-17 02:00:00,13.5,86,12.7,0.0,3,8.0,15.8,2025,12,17,2,351,Winter,0
2025-12-17 03:00:00,13.1,87,12.2,0.0,1,8.5,16.9,2025,12,17,3,351,Winter,0
2025-12-17 04:00:00,12.7,88,11.6,0.0,4,9.1,18.4,2025,12,17,4,351,Winter,0
2025-12-17 05:00:00,11.6,90,10.3,0.0,1,9.3,18.7,2025,12,17,5,351,Winter,0
2025-12-17 06:00:00,11.4,90,10.1,0.0,0,9.0,18.4,2025,12,17,6,351,Winter,0
2025-12-17 07:00:00,11.4,90,10.0,0.0,0,9.1,18.0,2025,12,17,7,351,Winter,0
2025-12-17 08:00:00,12.9,82,11.3,0.0,0,10.5,19.8,2025,12,17,8,351,Winter,0
2025-12-17 09:00:00,15.2,71,14.0,0.0,0,8.7,21.6,2025,12,17,9,351,Winter,0
2025-12-17 10:00:00,17.8,62,16.6,0.0,0,8.9,23.8,2025,12,17,10,351,Winter,0
2025-12-17 11:00:00,19.9,57,18.9,0.0,0,9.3,25.9,2025,12,17,11,351,Winter,0
2025-12-17 12:00:00,21.8,51,20.9,0.0,0,9.2,26.3,2025,12,17,12,351,Winter,0
2025-12-17 13:00:00,23.1,47,22.1,0.0,0,9.1,25.9,2025,12,17,13,351,Winter,0
2025-12-17 14:00:00,23.8,45,22.8,0.0,0,8.7,25.9,2025,12,17,14,351,Winter,0
2025-12-17 15:00:00,23.7,46,22.8,0.0,0,8.2,24.1,2025,12,17,15,351,Winter,0
2025-12-17 16:00:00,22.8,50,22.3,0.0,0,7.6,21.6,2025,12,17,16,351,Winter,0
2025-12-17 17:00:00,20.6,60,20.4,0.0,0,6.5,17.3,2025,12,17,17,351,Winter,0
2025-12-17 18:00:00,19.6,64,19.4,0.0,0,7.1,14.0,2025,12,17,18,351,Winter,0
2025-12-17 19:00:00,18.9,65,18.5,0.0,0,7.4,15.1,2025,12,17,19,351,Winter,0
2025-12-17 20:00:00,18.1,66,17.6,0.0,0,6.9,14.8,2025,12,17,20,351,Winter,0
2025-12-17 21:00:00,17.1,69,16.5,0.0,0,6.5,13.7,2025,12,17,21,351,Winter,0
2025-12-17 22:00:00,16.1,72,15.6,0.0,0,5.7,13.0,2025,12,17,22,351,Winter,0
2025-12-17 23:00:00,14.9,78,14.4,0.0,0,5.2,11.2,2025,12,17,23,351,Winter,0
2025-12-18 00:00:00,14.4,79,13.8,0.0,0,5.3,11.2,2025,12,18,0,352,Winter,0
2025-12-18 01:00:00,13.4,85,13.0,0.0,4,4.7,10.8,2025,12,18,1,352,Winter,0
2025-12-18 02:00:00,12.8,87,12.3,0.0,80,4.4,9.0,2025,12,18,2,352,Winter,0
2025-12-18 03:00:00,12.5,88,12.0,0.0,59,4.5,8.6,2025,12,18,3,352,Winter,0
2025-12-18 04:00:00,12.0,89,11.4,0.0,44,4.7,9.0,2025,12,18,4,352,Winter,0
2025-12-18 05:00:00,11.9,92,11.2,0.0,20,6.2,9.4,2025,12,18,5,352,Winter,0
2025-12-18 06:00:00,11.8,93,11.1,0.0,27,6.0,12.6,2025,12,18,6,352,Winter,0
2025-12-18 07:00:00,11.6,94,10.9,0.0,77,6.0,11.5,2025,12,18,7,352,Winter,0
2025-12-18 08:00:00,12.9,89,12.3,0.0,91,6.7,13.0,2025,12,18,8,352,Winter,0
2025-12-18 09:00:00,15.3,78,15.1,0.0,89,4.8,14.8,2025,12,18,9,352,Winter,0
2025-12-18 10:00:00,17.8,68,17.6,0.0,97,5.0,17.3,2025,12,18,10,352,Winter,0
2025-12-18 11:00:00,19.3,61,19.0,0.0,99,5.5,19.1,2025,12,18,11,352,Winter,0
2025-12-18 12:00:00,21.0,52,20.4,0.0,100,5.7,19.8,2025,12,18,12,352,Winter,0
2025-12-18 13:00:00,22.0,48,21.2,0.0,100,6.1,20.2,2025,12,18,13,352,Winter,0
2025-12-18 14:00:00,22.5,47,21.7,0.0,100,7.0,20.9,2025,12,18,14,352,Winter,0
2025-12-18 15:00:00,22.4,49,21.4,0.0,96,8.3,21.6,2025,12,18,15,352,Winter,0
2025-12-18 16:00:00,21.6,53,20.9,0.0,42,7.8,21.6,2025,12,18,16,352,Winter,0
2025-12-18 17:00:00,19.3,62,19.1,0.0,100,5.1,17.6,2025,12,18,17,352,Winter,0
2025-12-18 18:00:00,18.2,69,18.2,0.0,100,4.9,10.1,2025,12,18,18,352,Winter,0
2025-12-18 19:00:00,17.6,73,17.7,0.0,100,4.7,9.7,2025,12,18,19,352,Winter,0
2025-12-18 20:00:00,17.0,76,17.1,0.0,100,4.7,9.7,2025,12,18,20,352,Winter,0
2025-12-18 21:00:00,16.2,81,16.4,0.0,100,4.3,9.4,2025,12,18,21,352,Winter,0
2025-12-18 22:00:00,15.4,85,15.7,0.0,100,4.0,8.3,2025,12,18,22,352,Winter,0
2025-12-18 23:00:00,14.8,88,15.1,0.0,100,4.0,6.5,2025,12,18,23,352,Winter,0
2025-12-19 00:00:00,13.9,91,13.9,0.0,100,5.0,8.3,2025,12,19,0,353,Winter,0
2025-12-19 01:00:00,13.3,93,13.3,0.0,100,4.9,8.3,2025,12,19,1,353,Winter,0
2025-12-19 02:00:00,13.0,94,12.9,0.0,100,5.2,9.4,2025,12,19,2,353,Winter,0
2025-12-19 03:00:00,12.9,94,12.6,0.0,100,6.2,11.5,2025,12,19,3,353,Winter,0
2025-12-19 04:00:00,12.4,95,11.9,0.0,100,6.8,13.0,2025,12,19,4,353,Winter,0
2025-12-19 05:00:00,11.7,96,10.9,0.0,100,7.7,13.7,2025,12,19,5,353,Winter,0
2025-12-19 06:00:00,11.2,97,10.5,0.0,99,6.3,14.4,2025,12,19,6,353,Winter,0
2025-12-19 07:00:00,11.2,97,10.6,0.0,69,6.0,12.6,2025,12,19,7,353,Winter,0
2025-12-19 08:00:00,12.1,95,11.6,0.0,98,6.4,14.0,2025,12,19,8,353,Winter,0
2025-12-19 09:00:00,13.6,92,13.6,0.0,98,4.5,15.5,2025,12,19,9,353,Winter,0
2025-12-19 10:00:00,16.2,78,16.4,0.0,63,4.0,15.5,2025,12,19,10,353,Winter,0
2025-12-19 11:00:00,18.0,66,17.7,0.0,92,5.5,19.8,2025,12,19,11,353,Winter,0
2025-12-19 12:00:00,20.0,55,19.2,0.0,99,7.0,22.0,2025,12,19,12,353,Winter,0
2025-12-19 13:00:00,21.3,48,20.1,0.0,93,7.7,23.4,2025,12,19,13,353,Winter,0
2025-12-19 14:00:00,21.9,44,20.6,0.0,77,7.3,23.4,2025,12,19,14,353,Winter,0
2025-12-19 15:00:00,21.9,44,20.7,0.0,94,7.1,21.2,2025,12,19,15,353,Winter,0
2025-12-19 16:00:00,21.0,50,20.0,0.0,40,6.9,19.4,2025,12,19,16,353,Winter,0
2025-12-19 17:00:00,18.5,65,18.3,0.0,4,5.0,15.8,2025,12,19,17,353,Winter,0
2025-12-19 18:00:00,17.6,70,17.5,0.0,1,5.1,10.8,2025,12,19,18,353,Winter,0
2025-12-19 19:00:00,16.7,74,16.6,0.0,0,5.3,10.4,2025,12,19,19,353,Winter,0
2025-12-19 20:00:00,15.8,78,15.6,0.0,0,5.2,10.4,2025,12,19,20,353,Winter,0
2025-12-19 21:00:00,15.0,80,14.7,0.0,0,5.1,10.1,2025,12,19,21,353,Winter,0
2025-12-19 22:00:00,14.2,83,13.9,0.0,0,4.8,9.7,2025,12,19,22,353,Winter,0
2025-12-19 23:00:00,13.5,85,13.0,0.0,0,5.2,8.6,2025,12,19,23,353,Winter,0
2025-12-20 00:00:00,12.7,86,12.0,0.0,0,5.1,9.0,2025,12,20,0,354,Winter,0
2025-12-20 01:00:00,12.2,88,11.4,0.0,0,5.3,9.7,2025,12,20,1,354,Winter,0
2025-12-20 02:00:00,11.6,89,10.8,0.0,0,5.1,10.1,2025,12,20,2,354,Winter,0
2025-12-20 03:00:00,11.1,90,10.3,0.0,0,5.1,9.4,2025,12,20,3,354,Winter,0
2025-12-20 04:00:00,10.7,92,9.7,0.0,0,5.2,9.7,2025,12,20,4,354,Winter,0
2025-12-20 05:00:00,9.7,97,8.9,0.0,5,4.3,9.4,2025,12,20,5,354,Winter,0
2025-12-20 06:00:00,9.6,98,8.9,0.0,34,3.4,7.6,2025,12,20,6,354,Winter,0
2025-12-20 07:00:00,9.5,99,8.9,0.0,99,3.0,6.1,2025,12,20,7,354,Winter,0
2025-12-20 08:00:00,10.7,95,10.3,0.0,98,2.1,8.6,2025,12,20,8,354,Winter,0
2025-12-20 09:00:00,13.7,83,13.8,0.0,7,0.6,9.0,2025,12,20,9,354,Winter,0
2025-12-20 10:00:00,17.0,68,17.2,0.0,24,1.3,11.2,2025,12,20,10,354,Winter,0
2025-12-20 11:00:00,18.7,60,18.5,0.0,100,3.4,13.0,2025,12,20,11,354,Winter,0
2025-12-20 12:00:00,20.3,54,20.0,0.0,100,3.0,15.1,2025,12,20,12,354,Winter,0
2025-12-20 13:00:00,21.2,50,21.0,0.0,99,2.2,15.1,2025,12,20,13,354,Winter,0
2025-12-20 14:00:00,21.8,48,21.7,0.0,98,1.1,13.7,2025,12,20,14,354,Winter,0
2025-12-20 15:00:00,21.8,48,21.7,0.0,95,1.3,10.8,2025,12,20,15,354,Winter,0
2025-12-20 16:00:00,21.2,51,21.0,0.0,95,2.5,9.0,2025,12,20,16,354,Winter,0
2025-12-20 17:00:00,18.1,73,18.6,0.0,90,3.1,7.2,2025,12,20,17,354,Winter,0
2025-12-20 18:00:00,17.2,75,17.1,0.0,88,6.1,11.9,2025,12,20,18,354,Winter,0
2025-12-20 19:00:00,16.1,80,16.0,0.0,63,6.2,13.7,2025,12,20,19,354,Winter,0
2025-12-20 20:00:00,15.1,84,14.8,0.0,54,6.4,13.0,2025,12,20,20,354,Winter,0
2025-12-20 21:00:00,14.1,88,13.8,0.0,1,6.4,13.3,2025,12,20,21,354,Winter,0
2025-12-20 22:00:00,13.3,91,12.8,0.0,1,6.9,14.4,2025,12,20,22,354,Winter,0
2025-12-20 23:00:00,12.5,95,12.0,0.0,8,6.6,14.4,2025,12,20,23,354,Winter,0
2025-12-21 00:00:00,12.0,96,11.6,0.0,63,5.3,13.7,2025,12,21,0,355,Winter,0
2025-12-21 01:00:00,11.7,96,11.3,0.0,34,4.8,10.8,2025,12,21,1,355,Winter,0
2025-12-21 02:00:00,11.3,97,10.9,0.0,10,4.5,9.7,2025,12,21,2,355,Winter,0
2025-12-21 03:00:00,11.0,97,10.5,0.0,88,4.5,9.0,2025,12,21,3,355,Winter,0
2025-12-21 04:00:00,10.7,98,10.1,0.0,100,4.8,9.0,2025,12,21,4,355,Winter,0
2025-12-21 05:00:00,10.8,99,10.2,0.0,100,5.1,12.2,2025,12,21,5,355,Winter,0
2025-12-21 06:00:00,11.0,98,10.3,0.0,100,5.7,11.9,2025,12,21,6,355,Winter,0
2025-12-21 07:00:00,11.1,98,10.5,0.0,100,6.0,13.0,2025,12,21,7,355,Winter,0
2025-12-21 08:00:00,11.5,98,11.0,0.0,100,5.5,14.8,2025,12,21,8,355,Winter,0
2025-12-21 09:00:00,12.9,91,12.6,0.0,100,5.5,16.2,2025,12,21,9,355,Winter,0
2025-12-21 10:00:00,15.1,81,14.9,0.0,100,5.1,17.6,2025,12,21,10,355,Winter,0
2025-12-21 11:00:00,16.2,75,16.2,0.0,100,4.0,18.0,2025,12,21,11,355,Winter,0
2025-12-21 12:00:00,18.1,67,18.1,0.0,100,3.8,15.8,2025,12,21,12,355,Winter,0
2025-12-21 13:00:00,19.4,61,19.4,0.0,100,3.4,16.2,2025,12,21,13,355,Winter,0
2025-12-21 14:00:00,20.2,57,20.1,0.0,93,3.4,15.1,2025,12,21,14,355,Winter,0
2025-12-21 15:00:00,20.4,56,20.2,0.0,50,3.6,13.7,2025,12,21,15,355,Winter,0
2025-12-21 16:00:00,19.8,59,19.7,0.0,13,4.0,12.6,2025,12,21,16,355,Winter,0
2025-12-21 17:00:00,16.6,78,17.0,0.0,15,3.2,9.4,2025,12,21,17,355,Winter,0
2025-12-21 18:00:00,16.0,80,16.3,0.0,21,3.3,7.2,2025,12,21,18,355,Winter,0
2025-12-21 19:00:00,15.3,84,15.7,0.0,36,3.1,6.5,2025,12,21,19,355,Winter,0
2025-12-21 20:00:00,14.8,87,15.1,0.0,6,3.3,5.8,2025,12,21,20,355,Winter,0
2025-12-21 21:00:00,14.4,88,14.8,0.0,52,2.3,5.8,2025,12,21,21,355,Winter,0
2025-12-21 22:00:00,13.8,91,13.9,0.0,19,3.7,6.5,2025,12,21,22,355,Winter,0
2025-12-21 23:00:00,13.3,93,13.3,0.0,69,4.5,7.9,2025,12,21,23,355,Winter,0
2025-12-22 00:00:00,12.6,95,12.6,0.0,68,4.1,9.0,2025,12,22,0,356,Winter,0
2025-12-22 01:00:00,12.2,96,12.1,0.0,81,3.9,7.9,2025,12,22,1,356,Winter,0
2025-12-22 02:00:00,11.7,98,11.5,0.0,21,4.0,7.2,2025,12,22,2,356,Winter,0
2025-12-22 03:00:00,11.4,100,11.3,0.0,100,3.5,6.8,2025,12,22,3,356,Winter,0
2025-12-22 04:00:00,11.4,100,11.3,0.0,100,2.9,6.1,2025,12,22,4,356,Winter,0
2025-12-22 05:00:00,11.8,99,11.5,0.0,100,5.2,7.6,2025,12,22,5,356,Winter,0
2025-12-22 06:00:00,11.9,100,11.8,0.0,100,4.2,12.2,2025,12,22,6,356,Winter,0
2025-12-22 07:00:00,11.9,99,11.9,0.0,100,3.6,10.8,2025,12,22,7,356,Winter,0
2025-12-22 08:00:00,12.1,98,12.1,0.0,100,3.9,11.5,2025,12,22,8,356,Winter,0
2025-12-22 09:00:00,13.0,94,13.0,0.0,100,4.7,14.0,2025,12,22,9,356,Winter,0
2025-12-22 10:00:00,15.1,83,15.3,0.0,42,3.1,15.5,2025,12,22,10,356,Winter,0
2025-12-22 11:00:00,16.1,79,16.7,0.0,44,0.6,13.3,2025,12,22,11,356,Winter,0
2025-12-22 12:00:00,18.3,71,19.0,0.0,30,1.6,12.6,2025,12,22,12,356,Winter,0
2025-12-22 13:00:00,19.9,63,20.3,0.0,0,2.7,13.7,2025,12,22,13,356,Winter,0
2025-12-22 14:00:00,21.0,57,21.1,0.0,0,3.5,14.4,2025,12,22,14,356,Winter,0
2025-12-22 15:00:00,21.3,55,21.4,0.0,0,3.0,14.0,2025,12,22,15,356,Winter,0
2025-12-22 16:00:00,20.8,60,21.4,0.0,0,2.0,10.8,2025,12,22,16,356,Winter,0
2025-12-22 17:00:00,19.1,68,19.8,0.0,0,1.3,4.3,2025,12,22,17,356,Winter,0
2025-12-22 18:00:00,17.9,73,18.5,0.0,0,2.7,5.0,2025,12,22,18,356,Winter,0
2025-12-22 19:00:00,17.1,77,17.6,0.0,0,3.1,5.0,2025,12,22,19,356,Winter,0
2025-12-22 20:00:00,16.4,80,16.7,0.0,0,4.3,7.6,2025,12,22,20,356,Winter,0
2025-12-22 21:00:00,15.9,82,16.3,0.0,0,3.5,7.6,2025,12,22,21,356,Winter,0
2025-12-22 22:00:00,15.4,84,15.9,0.0,0,2.5,5.8,2025,12,22,22,356,Winter,0
2025-12-22 23:00:00,14.6,89,15.0,0.0,0,3.2,3.6,2025,12,22,23,356,Winter,0
2025-12-23 00:00:00,13.5,94,13.7,0.0,1,3.4,5.4,2025,12,23,0,357,Winter,0
2025-12-23 01:00:00,12.9,96,13.0,0.0,32,4.3,7.9,2025,12,23,1,357,Winter,0
2025-12-23 02:00:00,12.7,97,12.7,0.0,53,4.3,8.6,2025,12,23,2,357,Winter,0
2025-12-23 03:00:00,12.4,98,12.2,0.0,69,5.7,10.1,2025,12,23,3,357,Winter,0
2025-12-23 04:00:00,12.4,98,12.0,0.0,81,7.2,13.3,2025,12,23,4,357,Winter,0
2025-12-23 05:00:00,11.7,98,10.9,0.0,100,8.7,14.4,2025,12,23,5,357,Winter,0
2025-12-23 06:00:00,11.6,98,10.7,0.0,100,8.2,16.6,2025,12,23,6,357,Winter,0
2025-12-23 07:00:00,11.7,97,10.8,0.0,100,8.3,16.6,2025,12,23,7,357,Winter,0
2025-12-23 08:00:00,12.6,96,11.9,0.0,100,9.1,19.4,2025,12,23,8,357,Winter,0
2025-12-23 09:00:00,14.1,93,14.0,0.0,91,7.1,20.5,2025,12,23,9,357,Winter,0
2025-12-23 10:00:00,16.8,79,16.7,0.0,7,6.8,20.5,2025,12,23,10,357,Winter,0
2025-12-23 11:00:00,19.0,69,18.9,0.0,2,7.4,23.0,2025,12,23,11,357,Winter,0
2025-12-23 12:00:00,21.0,61,20.9,0.0,0,7.6,23.0,2025,12,23,12,357,Winter,0
2025-12-23 13:00:00,22.4,57,22.2,0.0,0,8.4,24.1,2025,12,23,13,357,Winter,0
2025-12-23 14:00:00,23.1,53,22.6,0.0,0,9.5,25.6,2025,12,23,14,357,Winter,0
2025-12-23 15:00:00,22.9,54,22.4,0.0,0,9.9,25.6,2025,12,23,15,357,Winter,0
2025-12-23 16:00:00,22.0,59,21.8,0.0,0,9.3,24.5,2025,12,23,16,357,Winter,0
2025-12-23 17:00:00,20.5,65,20.5,0.0,0,7.8,20.9,2025,12,23,17,357,Winter,0
2025-12-23 18:00:00,19.4,71,19.4,0.0,0,8.2,16.9,2025,12,23,18,357,Winter,0
2025-12-23 19:00:00,18.3,76,18.3,0.0,0,8.9,18.4,2025,12,23,19,357,Winter,0
2025-12-23 20:00:00,17.4,78,17.1,0.0,0,9.2,19.1,2025,12,23,20,357,Winter,0
2025-12-23 21:00:00,16.6,80,16.2,0.0,0,9.3,18.7,2025,12,23,21,357,Winter,0
2025-12-23 22:00:00,15.9,82,15.3,0.0,0,9.9,19.8,2025,12,23,22,357,Winter,0
2025-12-23 23:00:00,15.2,84,14.4,0.0,0,10.4,21.2,2025,12,23,23,357,Winter,0
2025-12-24 00:00:00,14.5,87,13.7,0.0,0,10.2,20.9,2025,12,24,0,358,Winter,0
2025-12-24 01:00:00,14.1,88,13.3,0.0,0,9.8,20.5,2025,12,24,1,358,Winter,0
2025-12-24 02:00:00,13.7,89,12.9,0.0,0,9.8,19.8,2025,12,24,2,358,Winter,0
2025-12-24 03:00:00,13.4,90,12.5,0.0,0,9.6,19.8,2025,12,24,3,358,Winter,0
2025-12-24 04:00:00,12.9,90,12.0,0.0,0,9.2,19.1,2025,12,24,4,358,Winter,0
2025-12-24 05:00:00,12.5,91,11.4,0.0,0,9.6,18.4,2025,12,24,5,358,Winter,0
2025-12-24 06:00:00,11.9,90,10.6,0.0,0,9.6,19.1,2025,12,24,6,358,Winter,0
2025-12-24 07:00:00,11.6,90,10.2,0.0,0,9.6,19.1,2025,12,24,7,358,Winter,0
2025-12-24 08:00:00,12.6,84,11.2,0.0,0,9.7,20.5,2025,12,24,8,358,Winter,0
2025-12-24 09:00:00,14.6,75,13.3,0.0,0,8.6,22.0,2025,12,24,9,358,Winter,0
2025-12-24 10:00:00,16.7,67,15.5,0.0,0,8.8,24.1,2025,12,24,10,358,Winter,0
2025-12-24 11:00:00,18.9,60,17.6,0.0,0,10.4,27.4,2025,12,24,11,358,Winter,0
2025-12-24 12:00:00,20.4,45,18.3,0.0,0,12.1,32.0,2025,12,24,12,358,Winter,0
2025-12-24 13:00:00,21.0,41,18.6,0.0,0,11.8,32.0,2025,12,24,13,358,Winter,0
2025-12-24 14:00:00,21.1,40,18.7,0.0,0,11.6,31.0,2025,12,24,14,358,Winter,0
2025-12-24 15:00:00,20.8,42,18.3,0.0,0,11.7,30.2,2025,12,24,15,358,Winter,0
2025-12-24 16:00:00,20.0,44,17.7,0.0,0,10.9,28.8,2025,12,24,16,358,Winter,0
2025-12-24 17:00:00,18.6,50,17.0,0.0,0,7.2,24.5,2025,12,24,17,358,Winter,0
2025-12-24 18:00:00,17.5,57,16.4,0.0,0,5.5,14.8,2025,12,24,18,358,Winter,0
2025-12-24 19:00:00,16.3,64,15.5,0.0,0,4.6,11.2,2025,12,24,19,358,Winter,0
2025-12-24 20:00:00,15.5,67,14.6,0.0,0,4.9,9.7,2025,12,24,20,358,Winter,0
2025-12-24 21:00:00,14.7,68,13.6,0.0,0,5.4,10.4,2025,12,24,21,358,Winter,0
2025-12-24 22:00:00,14.1,69,12.8,0.0,0,5.8,11.5,2025,12,24,22,358,Winter,0
2025-12-24 23:00:00,13.0,74,11.8,0.0,0,5.4,11.5,2025,12,24,23,358,Winter,0
2025-12-25 00:00:00,12.3,75,11.0,0.0,0,5.4,10.1,2025,12,25,0,359,Winter,0
2025-12-25 01:00:00,11.9,75,10.4,0.0,0,6.0,11.9,2025,12,25,1,359,Winter,0
2025-12-25 02:00:00,11.3,76,9.7,0.0,0,6.5,13.0,2025,12,25,2,359,Winter,0
2025-12-25 03:00:00,10.8,77,9.0,0.0,0,6.6,13.0,2025,12,25,3,359,Winter,0
2025-12-25 04:00:00,10.2,78,8.3,0.0,0,6.9,13.7,2025,12,25,4,359,Winter,0
2025-12-25 05:00:00,9.8,82,7.8,0.0,0,7.8,15.1,2025,12,25,5,359,Winter,0
2025-12-25 06:00:00,9.4,82,7.5,0.0,0,7.1,15.1,2025,12,25,6,359,Winter,0
2025-12-25 07:00:00,9.3,81,7.2,0.0,0,7.5,14.4,2025,12,25,7,359,Winter,0
2025-12-25 08:00:00,10.7,74,8.5,0.0,0,8.0,15.5,2025,12,25,8,359,Winter,0
2025-12-25 09:00:00,13.1,64,11.6,0.0,0,4.5,15.5,2025,12,25,9,359,Winter,0
2025-12-25 10:00:00,15.9,53,14.4,0.0,0,4.0,15.1,2025,12,25,10,359,Winter,0
2025-12-25 11:00:00,18.5,46,16.9,0.0,0,5.2,18.0,2025,12,25,11,359,Winter,0
2025-12-25 12:00:00,19.9,43,18.3,0.0,0,5.8,19.1,2025,12,25,12,359,Winter,0
2025-12-25 13:00:00,20.7,40,18.8,0.0,0,6.7,20.5,2025,12,25,13,359,Winter,0
2025-12-25 14:00:00,21.0,38,19.0,0.0,0,6.7,20.9,2025,12,25,14,359,Winter,0
2025-12-25 15:00:00,20.8,39,18.9,0.0,13,6.5,19.4,2025,12,25,15,359,Winter,0
2025-12-25 16:00:00,19.9,45,18.5,0.0,15,4.7,17.3,2025,12,25,16,359,Winter,0
2025-12-25 17:00:00,17.9,54,16.8,0.0,15,4.4,11.2,2025,12,25,17,359,Winter,0
2025-12-25 18:00:00,17.1,57,16.0,0.0,98,4.7,10.4,2025,12,25,18,359,Winter,0
2025-12-25 19:00:00,16.0,65,15.2,0.0,100,4.1,9.4,2025,12,25,19,359,Winter,0
2025-12-25 20:00:00,15.2,69,14.5,0.0,100,3.8,7.2,2025,12,25,20,359,Winter,0
2025-12-25 21:00:00,14.6,73,14.1,0.0,100,3.0,6.1,2025,12,25,21,359,Winter,0
2025-12-25 22:00:00,14.1,75,13.7,0.0,100,2.2,5.4,2025,12,25,22,359,Winter,0
2025-12-25 23:00:00,13.2,79,12.8,0.0,98,2.1,4.0,2025,12,25,23,359,Winter,0
2025-12-26 00:00:00,12.9,79,12.4,0.0,100,1.5,3.2,2025,12,26,0,360,Winter,0
2025-12-26 01:00:00,12.6,79,12.2,0.0,98,1.3,2.5,2025,12,26,1,360,Winter,0
2025-12-26 02:00:00,11.9,82,11.2,0.0,99,2.3,3.6,2025,12,26,2,360,Winter,0
2025-12-26 03:00:00,11.3,83,10.5,0.0,100,2.8,4.7,2025,12,26,3,360,Winter,0
2025-12-26 04:00:00,10.7,85,9.6,0.0,100,4.3,7.9,2025,12,26,4,360,Winter,0
2025-12-26 05:00:00,10.4,87,9.3,0.0,100,4.7,8.3,2025,12,26,5,360,Winter,0
2025-12-26 06:00:00,10.1,87,8.9,0.0,100,4.3,9.4,2025,12,26,6,360,Winter,0
2025-12-26 07:00:00,9.9,86,8.8,0.0,100,3.4,8.3,2025,12,26,7,360,Winter,0
2025-12-26 08:00:00,11.3,79,10.2,0.0,100,3.3,7.6,2025,12,26,8,360,Winter,0
2025-12-26 09:00:00,13.7,68,12.8,0.0,99,2.3,9.7,2025,12,26,9,360,Winter,0
2025-12-26 10:00:00,16.3,58,15.3,0.0,100,3.0,13.3,2025,12,26,10,360,Winter,0
2025-12-26 11:00:00,18.3,52,17.0,0.0,90,5.9,17.3,2025,12,26,11,360,Winter,0
2025-12-26 12:00:00,19.8,43,17.9,0.0,7,7.5,23.0,2025,12,26,12,360,Winter,0
2025-12-26 13:00:00,20.7,39,18.7,0.0,0,7.6,23.4,2025,12,26,13,360,Winter,0
2025-12-26 14:00:00,21.1,38,18.9,0.0,40,8.4,24.5,2025,12,26,14,360,Winter,0
2025-12-26 15:00:00,20.8,40,18.7,0.0,73,8.4,24.1,2025,12,26,15,360,Winter,0
2025-12-26 16:00:00,20.0,44,18.1,0.0,99,8.2,22.3,2025,12,26,16,360,Winter,0
2025-12-26 17:00:00,18.6,51,17.3,0.0,100,6.0,19.1,2025,12,26,17,360,Winter,0
2025-12-26 18:00:00,17.7,59,17.0,0.0,89,3.9,12.2,2025,12,26,18,360,Winter,0
2025-12-26 19:00:00,16.7,65,16.1,0.0,52,4.2,7.9,2025,12,26,19,360,Winter,0
2025-12-26 20:00:00,16.0,69,15.4,0.0,0,4.6,7.9,2025,12,26,20,360,Winter,0
2025-12-26 21:00:00,15.2,73,14.6,0.0,0,4.6,7.9,2025,12,26,21,360,Winter,0
2025-12-26 22:00:00,14.5,77,13.9,0.0,91,4.5,7.6,2025,12,26,22,360,Winter,0
2025-12-26 23:00:00,13.9,81,13.4,0.0,99,4.8,7.2,2025,12,26,23,360,Winter,0
2025-12-27 00:00:00,12.8,85,12.1,0.0,37,5.1,8.6,2025,12,27,0,361,Winter,0
2025-12-27 01:00:00,12.2,87,11.6,0.0,97,4.4,8.3,2025,12,27,1,361,Winter,0
2025-12-27 02:00:00,11.8,89,11.1,0.0,91,4.9,8.3,2025,12,27,2,361,Winter,0
2025-12-27 03:00:00,11.2,92,10.4,0.0,0,5.1,8.6,2025,12,27,3,361,Winter,0
2025-12-27 04:00:00,10.6,95,9.8,0.0,98,5.1,9.4,2025,12,27,4,361,Winter,0
2025-12-27 05:00:00,10.1,98,9.3,0.0,50,5.4,9.4,2025,12,27,5,361,Winter,0
2025-12-27 06:00:00,9.8,98,8.8,0.0,99,5.4,10.8,2025,12,27,6,361,Winter,0
2025-12-27 07:00:00,9.7,98,8.8,0.0,100,5.2,10.8,2025,12,27,7,361,Winter,0
2025-12-27 08:00:00,10.7,94,9.8,0.0,100,5.6,13.0,2025,12,27,8,361,Winter,0
2025-12-27 09:00:00,12.5,86,11.9,0.0,99,4.4,13.7,2025,12,27,9,361,Winter,0
2025-12-27 10:00:00,15.1,73,14.5,0.0,100,4.4,15.8,2025,12,27,10,361,Winter,0
2025-12-27 11:00:00,17.3,65,16.8,0.0,99,5.2,18.4,2025,12,27,11,361,Winter,0
2025-12-27 12:00:00,19.1,56,18.2,0.0,95,6.1,20.5,2025,12,27,12,361,Winter,0
2025-12-27 13:00:00,20.0,52,19.1,0.0,80,6.4,21.2,2025,12,27,13,361,Winter,0
2025-12-27 14:00:00,20.5,51,19.5,0.0,82,6.8,20.9,2025,12,27,14,361,Winter,0
2025-12-27 15:00:00,20.5,50,19.3,0.0,42,7.6,21.2,2025,12,27,15,361,Winter,0
2025-12-27 16:00:00,19.8,54,18.7,0.0,82,7.5,20.9,2025,12,27,16,361,Winter,0
2025-12-27 17:00:00,18.2,66,18.1,0.0,85,4.0,17.6,2025,12,27,17,361,Winter,0
2025-12-27 18:00:00,17.6,67,17.4,0.0,99,4.1,9.0,2025,12,27,18,361,Winter,0
2025-12-27 19:00:00,16.9,71,16.8,0.0,73,3.9,8.3,2025,12,27,19,361,Winter,0
2025-12-27 20:00:00,16.3,75,16.4,0.0,9,3.0,7.2,2025,12,27,20,361,Winter,0
2025-12-27 21:00:00,15.5,77,15.5,0.0,1,2.7,5.0,2025,12,27,21,361,Winter,0
2025-12-27 22:00:00,14.9,79,15.1,0.0,0,1.4,4.0,2025,12,27,22,361,Winter,0
2025-12-27 23:00:00,13.8,85,13.9,0.0,73,2.4,4.3,2025,12,27,23,361,Winter,0
2025-12-28 00:00:00,12.9,88,12.6,0.0,21,3.8,6.8,2025,12,28,0,362,Winter,0
2025-12-28 01:00:00,12.1,91,11.6,0.0,0,4.5,8.6,2025,12,28,1,362,Winter,0
2025-12-28 02:00:00,11.5,92,10.9,0.0,0,4.7,8.6,2025,12,28,2,362,Winter,0
2025-12-28 03:00:00,10.9,94,10.2,0.0,0,4.7,9.0,2025,12,28,3,362,Winter,0
2025-12-28 04:00:00,10.1,95,9.3,0.0,0,4.2,8.6,2025,12,28,4,362,Winter,0
2025-12-28 05:00:00,9.6,97,8.7,0.0,10,4.5,7.6,2025,12,28,5,362,Winter,0
2025-12-28 06:00:00,9.6,97,8.7,0.0,39,4.3,9.0,2025,12,28,6,362,Winter,0
2025-12-28 07:00:00,9.4,99,8.4,0.0,56,4.7,9.4,2025,12,28,7,362,Winter,0
2025-12-28 08:00:00,10.1,96,9.2,0.0,100,4.9,11.9,2025,12,28,8,362,Winter,0
2025-12-28 09:00:00,11.9,89,11.4,0.0,96,4.2,13.7,2025,12,28,9,362,Winter,0
2025-12-28 10:00:00,15.2,74,14.8,0.0,68,3.8,15.5,2025,12,28,10,362,Winter,0
2025-12-28 11:00:00,17.7,64,17.0,0.0,48,5.6,19.1,2025,12,28,11,362,Winter,0
2025-12-28 12:00:00,19.1,56,18.4,0.0,0,6.3,20.5,2025,12,28,12,362,Winter,0
2025-12-28 13:00:00,20.1,52,19.2,0.0,0,6.2,20.9,2025,12,28,13,362,Winter,0
2025-12-28 14:00:00,20.5,50,19.5,0.0,0,5.9,20.2,2025,12,28,14,362,Winter,0
2025-12-28 15:00:00,20.4,50,19.6,0.0,12,5.0,18.7,2025,12,28,15,362,Winter,0
2025-12-28 16:00:00,19.8,55,19.1,0.0,0,5.6,15.5,2025,12,28,16,362,Winter,0
2025-12-28 17:00:00,18.0,64,17.7,0.0,41,4.5,13.0,2025,12,28,17,362,Winter,0
2025-12-28 18:00:00,17.0,71,17.0,0.0,30,3.7,9.7,2025,12,28,18,362,Winter,0
2025-12-28 19:00:00,16.7,73,16.9,0.0,95,2.3,6.5,2025,12,28,19,362,Winter,0
2025-12-28 20:00:00,15.8,76,15.9,0.0,100,2.9,4.0,2025,12,28,20,362,Winter,0
2025-12-28 21:00:00,14.9,81,15.0,0.0,93,3.1,5.0,2025,12,28,21,362,Winter,0
2025-12-28 22:00:00,14.1,85,14.3,0.0,2,2.3,5.8,2025,12,28,22,362,Winter,0
2025-12-28 23:00:00,13.3,89,13.6,0.0,76,1.2,3.2,2025,12,28,23,362,Winter,0
2025-12-29 00:00:00,13.0,89,13.4,0.0,41,0.3,2.2,2025,12,29,0,363,Winter,0
2025-12-29 01:00:00,12.7,91,13.0,0.0,15,0.2,0.7,2025,12,29,1,363,Winter,0
2025-12-29 02:00:00,11.4,98,11.7,0.0,16,0.4,1.4,2025,12,29,2,363,Winter,0
2025-12-29 03:00:00,11.1,99,11.0,0.0,100,1.9,4.3,2025,12,29,3,363,Winter,0
2025-12-29 04:00:00,11.0,99,10.7,0.0,100,3.4,8.6,2025,12,29,4,363,Winter,0
2025-12-29 05:00:00,10.6,98,10.1,0.0,100,3.9,9.0,2025,12,29,5,363,Winter,0
2025-12-29 06:00:00,10.6,97,10.1,0.0,100,3.8,11.5,2025,12,29,6,363,Winter,0
2025-12-29 07:00:00,10.7,95,10.2,0.0,100,3.1,10.4,2025,12,29,7,363,Winter,0
2025-12-29 08:00:00,10.9,95,10.5,0.0,100,3.2,10.8,2025,12,29,8,363,Winter,0
2025-12-29 09:00:00,11.6,96,11.4,0.0,100,3.4,13.0,2025,12,29,9,363,Winter,0
2025-12-29 10:00:00,13.4,86,13.4,0.0,72,2.4,13.3,2025,12,29,10,363,Winter,0
2025-12-29 11:00:00,15.3,77,15.1,0.0,48,4.1,14.8,2025,12,29,11,363,Winter,0
2025-12-29 12:00:00,17.5,65,17.0,0.0,28,4.9,18.7,2025,12,29,12,363,Winter,0
2025-12-29 13:00:00,18.9,53,17.9,0.0,3,5.5,20.2,2025,12,29,13,363,Winter,0
2025-12-29 14:00:00,19.8,46,18.4,0.0,0,5.6,20.2,2025,12,29,14,363,Winter,0
2025-12-29 15:00:00,19.9,44,18.4,0.0,0,5.6,19.1,2025,12,29,15,363,Winter,0
2025-12-29 16:00:00,19.2,49,17.9,0.0,0,5.6,17.3,2025,12,29,16,363,Winter,0
2025-12-29 17:00:00,16.8,66,16.3,0.0,0,4.0,14.4,2025,12,29,17,363,Winter,0
2025-12-29 18:00:00,15.7,73,15.3,0.0,0,3.8,8.3,2025,12,29,18,363,Winter,0
2025-12-29 19:00:00,15.0,78,14.8,0.0,0,3.6,7.6,2025,12,29,19,363,Winter,0
2025-12-29 20:00:00,14.4,81,14.2,0.0,0,3.4,6.1,2025,12,29,20,363,Winter,0
2025-12-29 21:00:00,13.7,84,13.6,0.0,0,2.5,6.1,2025,12,29,21,363,Winter,0
2025-12-29 22:00:00,12.9,87,12.8,0.0,88,2.1,4.7,2025,12,29,22,363,Winter,0
2025-12-29 23:00:00,12.0,92,11.8,0.0,97,3.2,4.0,2025,12,29,23,363,Winter,0
2025-12-30 00:00:00,11.2,96,10.9,0.0,89,3.2,6.5,2025,12,30,0,364,Winter,0
2025-12-30 01:00:00,10.7,98,10.4,0.0,57,2.9,5.8,2025,12,30,1,364,Winter,0
2025-12-30 02:00:00,10.6,97,10.2,0.0,82,2.6,5.4,2025,12,30,2,364,Winter,0
2025-12-30 03:00:00,10.4,99,9.9,0.0,99,3.3,6.5,2025,12,30,3,364,Winter,0
2025-12-30 04:00:00,9.8,99,9.0,0.0,100,5.0,11.2,2025,12,30,4,364,Winter,0
2025-12-30 05:00:00,9.8,99,9.1,0.0,100,4.4,11.9,2025,12,30,5,364,Winter,0
2025-12-30 06:00:00,9.7,99,9.0,0.0,100,4.2,11.5,2025,12,30,6,364,Winter,0
2025-12-30 07:00:00,9.7,99,8.9,0.0,100,4.4,11.2,2025,12,30,7,364,Winter,0
2025-12-30 08:00:00,10.0,98,9.2,0.0,100,4.1,12.2,2025,12,30,8,364,Winter,0
2025-12-30 09:00:00,10.9,97,10.3,0.0,100,4.7,15.1,2025,12,30,9,364,Winter,0
2025-12-30 10:00:00,13.8,80,13.4,0.0,11,3.6,15.1,2025,12,30,10,364,Winter,0
2025-12-30 11:00:00,16.7,67,16.0,0.0,77,5.0,18.0,2025,12,30,11,364,Winter,0
2025-12-30 12:00:00,18.6,56,17.6,0.0,4,6.0,20.5,2025,12,30,12,364,Winter,0
2025-12-30 13:00:00,19.9,47,18.5,0.0,0,6.5,21.2,2025,12,30,13,364,Winter,0
2025-12-30 14:00:00,20.4,46,18.9,0.0,0,7.2,22.3,2025,12,30,14,364,Winter,0
2025-12-30 15:00:00,20.4,45,18.8,0.0,0,7.6,22.3,2025,12,30,15,364,Winter,0
2025-12-30 16:00:00,19.6,52,18.4,0.0,0,7.4,21.2,2025,12,30,16,364,Winter,0
2025-12-30 17:00:00,17.9,62,17.3,0.0,0,5.0,18.0,2025,12,30,17,364,Winter,0
2025-12-30 18:00:00,16.7,69,16.3,0.0,0,4.8,10.8,2025,12,30,18,364,Winter,0
2025-12-30 19:00:00,15.9,72,15.5,0.0,0,4.8,9.0,2025,12,30,19,364,Winter,0
2025-12-30 20:00:00,15.3,74,14.8,0.0,0,4.8,8.3,2025,12,30,20,364,Winter,0
2025-12-30 21:00:00,14.8,76,14.4,0.0,0,3.5,7.9,2025,12,30,21,364,Winter,0
2025-12-30 22:00:00,14.2,78,13.8,0.0,0,3.1,5.4,2025,12,30,22,364,Winter,0
2025-12-30 23:00:00,13.4,80,13.1,0.0,0,2.4,4.3,2025,12,30,23,364,Winter,0
2025-12-31 00:00:00,12.8,80,12.5,0.0,0,0.8,3.6,2025,12,31,0,365,Winter,0
2025-12-31 01:00:00,12.2,82,11.8,0.0,0,1.2,2.2,2025,12,31,1,365,Winter,0
2025-12-31 02:00:00,11.2,86,10.5,0.0,0,2.3,3.6,2025,12,31,2,365,Winter,0
2025-12-31 03:00:00,10.3,90,9.5,0.0,55,2.4,3.6,2025,12,31,3,365,Winter,0
2025-12-31 04:00:00,9.4,95,8.5,0.0,11,3.6,5.0,2025,12,31,4,365,Winter,0
2025-12-31 05:00:00,9.1,99,8.1,0.0,49,4.7,7.2,2025,12,31,5,365,Winter,0
2025-12-31 06:00:00,9.2,99,8.0,0.0,98,5.8,10.8,2025,12,31,6,365,Winter,0
2025-12-31 07:00:00,9.2,98,8.0,0.0,100,6.3,11.9,2025,12,31,7,365,Winter,0
2025-12-31 08:00:00,10.4,93,9.1,0.0,100,7.6,15.1,2025,12,31,8,365,Winter,0
2025-12-31 09:00:00,11.6,91,10.8,0.0,95,6.0,17.3,2025,12,31,9,365,Winter,0
2025-12-31 10:00:00,14.2,77,13.4,0.0,8,5.9,18.7,2025,12,31,10,365,Winter,0
2025-12-31 11:00:00,16.2,71,15.4,0.0,23,7.5,20.9,2025,12,31,11,365,Winter,0
2025-12-31 12:00:00,17.8,68,17.3,0.0,25,7.1,23.4,2025,12,31,12,365,Winter,0
2025-12-31 13:00:00,18.9,64,18.5,0.0,100,6.4,22.7,2025,12,31,13,365,Winter,0
2025-12-31 14:00:00,19.4,61,19.0,0.0,69,6.3,20.9,2025,12,31,14,365,Winter,0
2025-12-31 15:00:00,19.3,61,18.5,0.0,100,8.2,22.3,2025,12,31,15,365,Winter,0
2025-12-31 16:00:00,18.3,65,17.6,0.0,98,8.4,22.3,2025,12,31,16,365,Winter,0
2025-12-31 17:00:00,14.7,80,13.7,0.0,15,9.4,22.0,2025,12,31,17,365,Winter,0
2025-12-31 18:00:00,13.4,86,12.0,0.0,7,11.2,23.8,2025,12,31,18,365,Winter,0
2025-12-31 19:00:00,12.4,89,11.1,0.0,97,10.5,23.4,2025,12,31,19,365,Winter,0
2025-12-31 20:00:00,12.1,90,10.8,0.0,13,9.6,22.0,2025,12,31,20,365,Winter,0
2025-12-31 21:00:00,11.8,91,10.6,0.0,10,9.3,20.5,2025,12,31,21,365,Winter,0
2025-12-31 22:00:00,11.6,93,10.3,0.0,8,9.3,19.1,2025,12,31,22,365,Winter,0
2025-12-31 23:00:00,11.4,96,10.3,0.0,20,9.5,19.1,2025,12,31,23,365,Winter,0
