time,pm2_5,pm10,carbon_monoxide,nitrogen_dioxide,sulphur_dioxide,ozone
2025-01-01 00:00:00,185.8,188.6,1645.0,56.7,49.7,31.0
2025-01-01 01:00:00,174.6,177.4,1551.0,44.8,39.7,39.0
2025-01-01 02:00:00,164.4,166.7,1478.0,34.6,31.5,46.0
2025-01-01 03:00:00,156.5,158.8,1418.0,26.7,26.0,52.0
2025-01-01 04:00:00,149.5,151.8,1379.0,20.6,22.3,57.0
2025-01-01 05:00:00,156.5,158.3,1377.0,33.3,29.0,44.0
2025-01-01 06:00:00,144.4,146.2,1458.0,31.4,27.8,48.0
2025-01-01 07:00:00,138.3,140.6,1577.0,28.7,26.1,54.0
2025-01-01 08:00:00,136.4,138.8,1615.0,26.0,25.1,64.0
2025-01-01 09:00:00,141.1,143.0,1494.0,23.3,25.2,80.0
2025-01-01 10:00:00,129.9,132.2,1294.0,20.5,25.9,99.0
2025-01-01 11:00:00,122.5,125.3,1131.0,18.2,26.6,118.0
2025-01-01 12:00:00,115.5,118.3,1034.0,15.4,27.1,138.0
2025-01-01 13:00:00,108.7,111.8,974.0,13.1,27.6,157.0
2025-01-01 14:00:00,103.6,106.6,992.0,14.1,28.0,164.0
2025-01-01 15:00:00,99.4,102.7,1143.0,21.0,28.2,149.0
2025-01-01 16:00:00,100.4,102.9,1370.0,31.3,28.3,121.0
2025-01-01 17:00:00,148.5,151.8,1543.0,52.6,36.4,90.0
2025-01-01 18:00:00,157.4,160.7,1605.0,55.0,36.8,77.0
2025-01-01 19:00:00,162.1,165.3,1613.0,58.0,37.4,59.0
2025-01-01 20:00:00,167.6,170.4,1603.0,58.6,37.5,46.0
2025-01-01 21:00:00,171.8,174.6,1587.0,55.1,37.2,41.0
2025-01-01 22:00:00,175.1,178.3,1553.0,49.2,36.4,41.0
2025-01-01 23:00:00,174.2,177.0,1504.0,42.6,35.0,42.0
2025-01-02 00:00:00,167.6,170.4,1427.0,35.3,32.1,45.0
2025-01-02 01:00:00,163.0,165.8,1335.0,27.3,28.6,50.0
2025-01-02 02:00:00,157.9,160.7,1271.0,21.0,26.2,54.0
2025-01-02 03:00:00,151.8,154.6,1242.0,17.0,25.8,57.0
2025-01-02 04:00:00,146.7,149.5,1241.0,14.6,26.6,61.0
2025-01-02 05:00:00,147.1,149.9,1288.0,15.3,28.2,64.0
2025-01-02 06:00:00,143.4,146.7,1433.0,19.6,30.4,61.0
2025-01-02 07:00:00,146.7,150.4,1625.0,25.4,33.5,58.0
2025-01-02 08:00:00,148.1,151.8,1732.0,28.4,35.9,64.0
2025-01-02 09:00:00,149.5,152.7,1677.0,26.2,36.9,89.0
2025-01-02 10:00:00,139.2,143.9,1535.0,21.2,37.1,123.0
2025-01-02 11:00:00,129.5,134.6,1404.0,17.0,37.2,149.0
2025-01-02 12:00:00,118.5,123.9,1283.0,13.7,37.2,163.0
2025-01-02 13:00:00,107.1,112.9,1173.0,11.2,36.9,169.0
2025-01-02 14:00:00,100.4,105.7,1165.0,12.5,36.9,165.0
2025-01-02 15:00:00,97.8,102.4,1344.0,20.6,36.9,145.0
2025-01-02 16:00:00,100.8,104.3,1626.0,32.6,37.1,114.0
2025-01-02 17:00:00,131.3,136.4,1855.0,50.7,39.7,85.0
2025-01-02 18:00:00,144.4,148.5,1969.0,55.9,43.1,71.0
2025-01-02 19:00:00,155.5,159.7,2030.0,63.1,47.8,52.0
2025-01-02 20:00:00,169.0,173.2,2061.0,68.0,51.7,37.0
2025-01-02 21:00:00,182.5,187.2,2070.0,68.9,54.8,29.0
2025-01-02 22:00:00,194.6,198.8,2051.0,67.6,57.1,24.0
2025-01-02 23:00:00,196.5,200.2,2006.0,64.7,56.7,22.0
2025-01-03 00:00:00,189.1,192.8,1925.0,60.1,51.6,22.0
2025-01-03 01:00:00,182.5,186.3,1819.0,53.9,43.8,25.0
2025-01-03 02:00:00,176.5,180.2,1728.0,47.6,37.4,28.0
2025-01-03 03:00:00,171.4,175.1,1635.0,40.4,33.6,32.0
2025-01-03 04:00:00,167.2,170.9,1557.0,33.1,31.1,37.0
2025-01-03 05:00:00,168.1,171.8,1588.0,29.7,32.6,39.0
2025-01-03 06:00:00,163.0,167.2,1841.0,34.2,36.0,36.0
2025-01-03 07:00:00,167.6,171.8,2202.0,40.1,40.7,33.0
2025-01-03 08:00:00,171.4,175.6,2425.0,43.0,43.8,41.0
2025-01-03 09:00:00,168.6,172.3,2383.0,40.3,43.7,68.0
2025-01-03 10:00:00,157.9,163.0,2202.0,34.5,41.9,106.0
2025-01-03 11:00:00,136.4,143.9,2015.0,29.1,40.3,136.0
2025-01-03 12:00:00,111.5,121.5,1801.0,23.3,39.1,153.0
2025-01-03 13:00:00,94.3,106.4,1580.0,17.9,38.1,162.0
2025-01-03 14:00:00,83.4,96.4,1552.0,18.5,37.7,160.0
2025-01-03 15:00:00,79.4,91.7,1910.0,29.9,37.8,140.0
2025-01-03 16:00:00,85.7,95.2,2460.0,47.4,38.6,109.0
2025-01-03 17:00:00,133.2,151.3,2819.0,83.7,51.1,63.0
2025-01-03 18:00:00,160.2,177.4,2773.0,89.8,58.0,49.0
2025-01-03 19:00:00,181.6,198.4,2535.0,98.1,67.5,31.0
2025-01-03 20:00:00,197.0,213.7,2360.0,103.3,75.0,16.0
2025-01-03 21:00:00,211.4,228.2,2365.0,103.6,79.5,9.0
2025-01-03 22:00:00,225.4,241.2,2432.0,100.8,81.9,7.0
2025-01-03 23:00:00,228.2,244.0,2472.0,95.7,80.0,7.0
2025-01-04 00:00:00,213.7,229.1,2446.0,87.2,70.8,12.0
2025-01-04 01:00:00,197.4,212.8,2391.0,76.3,57.3,20.0
2025-01-04 02:00:00,184.4,198.8,2328.0,66.9,46.2,26.0
2025-01-04 03:00:00,174.6,188.1,2215.0,59.5,38.7,29.0
2025-01-04 04:00:00,169.5,183.5,2092.0,53.5,33.6,31.0
2025-01-04 05:00:00,172.3,187.2,2105.0,53.3,36.1,33.0
2025-01-04 06:00:00,178.8,195.6,2382.0,55.7,46.0,29.0
2025-01-04 07:00:00,199.8,218.4,2795.0,58.8,59.3,26.0
2025-01-04 08:00:00,211.9,227.7,3094.0,60.1,67.6,35.0
2025-01-04 09:00:00,194.6,206.3,3192.0,58.5,65.3,69.0
2025-01-04 10:00:00,178.3,188.6,3178.0,55.0,57.8,115.0
2025-01-04 11:00:00,133.2,143.0,3069.0,50.5,53.0,155.0
2025-01-04 12:00:00,97.3,104.1,2782.0,41.5,54.1,184.0
2025-01-04 13:00:00,77.3,81.5,2401.0,31.5,58.0,206.0
2025-01-04 14:00:00,68.7,71.5,2198.0,31.8,62.5,211.0
2025-01-04 15:00:00,67.1,69.2,2357.0,51.2,67.6,191.0
2025-01-04 16:00:00,82.7,84.3,2693.0,80.9,73.4,154.0
2025-01-04 17:00:00,167.2,176.5,2927.0,110.1,85.0,116.0
2025-01-04 18:00:00,201.6,210.0,2947.0,122.8,88.2,86.0
2025-01-04 19:00:00,218.9,226.8,2865.0,139.6,92.2,45.0
2025-01-04 20:00:00,218.4,225.4,2733.0,146.4,92.0,17.0
2025-01-04 21:00:00,205.8,212.3,2543.0,134.6,84.2,13.0
2025-01-04 22:00:00,195.1,201.6,2303.0,112.8,72.3,21.0
2025-01-04 23:00:00,187.2,193.2,2090.0,92.6,61.9,29.0
2025-01-05 00:00:00,179.7,185.3,1930.0,77.6,55.0,34.0
2025-01-05 01:00:00,176.5,182.5,1797.0,64.3,49.7,40.0
2025-01-05 02:00:00,178.3,184.9,1695.0,53.5,45.8,44.0
2025-01-05 03:00:00,181.1,188.1,1622.0,45.4,43.5,45.0
2025-01-05 04:00:00,182.5,189.5,1578.0,39.8,42.6,44.0
2025-01-05 05:00:00,221.2,229.1,1572.0,60.1,45.8,20.0
2025-01-05 06:00:00,204.4,211.9,1636.0,58.2,46.8,19.0
2025-01-05 07:00:00,204.4,210.0,1737.0,55.2,48.1,19.0
2025-01-05 08:00:00,200.7,205.4,1781.0,50.9,49.2,34.0
2025-01-05 09:00:00,187.7,193.2,1710.0,44.4,49.7,75.0
2025-01-05 10:00:00,178.8,184.9,1580.0,36.5,50.1,130.0
2025-01-05 11:00:00,160.7,168.1,1471.0,29.7,50.6,175.0
2025-01-05 12:00:00,136.9,144.8,1390.0,23.4,51.9,203.0
2025-01-05 13:00:00,120.6,128.5,1328.0,18.2,53.3,221.0
2025-01-05 14:00:00,114.6,122.0,1338.0,17.8,54.0,223.0
2025-01-05 15:00:00,112.2,119.0,1481.0,26.4,53.3,202.0
2025-01-05 16:00:00,115.3,120.6,1695.0,39.8,51.8,166.0
2025-01-05 17:00:00,116.2,120.1,1852.0,44.5,48.1,121.0
2025-01-05 18:00:00,129.9,133.2,1898.0,46.9,47.6,105.0
2025-01-05 19:00:00,135.0,138.3,1887.0,50.0,46.8,84.0
2025-01-05 20:00:00,137.4,140.2,1849.0,51.1,46.0,68.0
2025-01-05 21:00:00,138.3,141.1,1771.0,48.6,45.2,63.0
2025-01-05 22:00:00,141.1,143.9,1666.0,44.1,44.4,64.0
2025-01-05 23:00:00,143.9,146.7,1599.0,39.5,43.3,65.0
2025-01-06 00:00:00,142.5,145.3,1615.0,34.9,41.5,65.0
2025-01-06 01:00:00,143.0,145.3,1669.0,30.2,39.5,66.0
2025-01-06 02:00:00,143.9,146.2,1690.0,27.3,38.5,65.0
2025-01-06 03:00:00,144.8,146.7,1612.0,26.8,39.1,61.0
2025-01-06 04:00:00,149.9,151.8,1500.0,28.0,40.8,55.0
2025-01-06 05:00:00,142.0,143.4,1482.0,22.3,34.6,53.0
2025-01-06 06:00:00,145.3,146.7,1680.0,28.3,38.2,45.0
2025-01-06 07:00:00,153.7,154.6,1972.0,36.4,43.2,35.0
2025-01-06 08:00:00,156.5,157.4,2118.0,41.3,47.5,37.0
2025-01-06 09:00:00,152.7,154.1,1979.0,40.1,49.9,60.0
2025-01-06 10:00:00,143.9,145.3,1693.0,35.7,51.6,94.0
2025-01-06 11:00:00,123.9,126.7,1438.0,31.7,53.9,124.0
2025-01-06 12:00:00,117.6,121.1,1257.0,27.9,57.9,149.0
2025-01-06 13:00:00,109.7,113.4,1106.0,24.5,62.5,170.0
2025-01-06 14:00:00,102.4,106.6,1027.0,25.7,65.3,177.0
2025-01-06 15:00:00,99.2,103.1,1061.0,36.1,65.0,161.0
2025-01-06 16:00:00,101.3,104.8,1168.0,51.2,63.0,131.0
2025-01-06 17:00:00,152.7,157.4,1267.0,60.8,62.2,102.0
2025-01-06 18:00:00,163.9,167.6,1349.0,59.3,61.2,90.0
2025-01-06 19:00:00,164.8,168.1,1423.0,57.1,59.5,74.0
2025-01-06 20:00:00,163.4,166.7,1438.0,53.5,57.0,61.0
2025-01-06 21:00:00,160.7,163.4,1354.0,48.0,53.3,56.0
2025-01-06 22:00:00,158.8,161.1,1211.0,41.3,48.7,54.0
2025-01-06 23:00:00,152.3,154.6,1073.0,34.4,43.7,55.0
2025-01-07 00:00:00,141.6,143.4,954.0,27.3,37.6,59.0
2025-01-07 01:00:00,132.2,133.6,840.0,20.1,30.9,66.0
2025-01-07 02:00:00,125.7,127.1,758.0,14.6,26.3,72.0
2025-01-07 03:00:00,122.5,123.9,715.0,11.3,24.8,76.0
2025-01-07 04:00:00,121.1,122.5,702.0,9.6,25.3,79.0
2025-01-07 05:00:00,126.2,127.6,724.0,11.1,26.7,78.0
2025-01-07 06:00:00,124.8,126.2,809.0,15.5,27.8,71.0
2025-01-07 07:00:00,128.1,129.0,927.0,21.3,29.4,63.0
2025-01-07 08:00:00,129.9,130.9,993.0,24.4,30.7,63.0
2025-01-07 09:00:00,123.4,124.8,962.0,22.1,31.7,78.0
2025-01-07 10:00:00,111.3,112.5,878.0,17.0,32.5,101.0
2025-01-07 11:00:00,102.4,103.6,794.0,12.9,32.8,121.0
2025-01-07 12:00:00,95.2,96.4,706.0,10.5,32.4,138.0
2025-01-07 13:00:00,89.4,90.6,616.0,9.0,31.5,153.0
2025-01-07 14:00:00,83.8,84.8,585.0,9.8,30.6,158.0
2025-01-07 15:00:00,80.8,81.7,659.0,14.7,29.8,148.0
2025-01-07 16:00:00,80.3,81.0,791.0,22.0,29.1,128.0
2025-01-07 17:00:00,86.8,87.5,900.0,36.7,30.6,99.0
2025-01-07 18:00:00,97.3,98.0,962.0,38.5,31.7,91.0
2025-01-07 19:00:00,103.8,104.5,1000.0,40.8,33.1,79.0
2025-01-07 20:00:00,107.6,108.3,1009.0,40.8,33.7,71.0
2025-01-07 21:00:00,108.3,109.2,976.0,36.9,32.8,70.0
2025-01-07 22:00:00,107.8,108.7,913.0,30.7,31.1,73.0
2025-01-07 23:00:00,104.1,105.2,848.0,25.0,29.1,75.0
2025-01-08 00:00:00,96.9,98.0,780.0,20.5,26.8,76.0
2025-01-08 01:00:00,90.1,91.7,710.0,16.4,24.3,77.0
2025-01-08 02:00:00,84.3,85.9,665.0,13.4,22.4,78.0
2025-01-08 03:00:00,79.6,81.3,647.0,11.4,21.2,78.0
2025-01-08 04:00:00,76.1,77.8,655.0,10.5,20.5,77.0
2025-01-08 05:00:00,76.6,78.2,713.0,12.4,21.5,72.0
2025-01-08 06:00:00,74.7,76.1,874.0,17.7,23.2,65.0
2025-01-08 07:00:00,78.5,79.9,1084.0,24.9,25.6,57.0
2025-01-08 08:00:00,81.0,82.0,1207.0,28.7,27.5,58.0
2025-01-08 09:00:00,80.3,81.3,1168.0,26.1,28.3,78.0
2025-01-08 10:00:00,74.0,75.0,1041.0,20.1,28.6,107.0
2025-01-08 11:00:00,64.5,65.2,918.0,15.1,28.5,131.0
2025-01-08 12:00:00,53.0,53.4,798.0,11.6,27.9,147.0
2025-01-08 13:00:00,42.4,42.7,682.0,9.0,26.9,158.0
2025-01-08 14:00:00,35.4,35.6,660.0,9.8,26.3,159.0
2025-01-08 15:00:00,31.9,32.0,806.0,15.9,26.2,146.0
2025-01-08 16:00:00,32.2,32.4,1046.0,25.4,26.4,123.0
2025-01-08 17:00:00,59.6,60.1,1245.0,42.1,30.8,94.0
2025-01-08 18:00:00,71.0,71.5,1352.0,49.8,33.5,79.0
2025-01-08 19:00:00,78.0,78.5,1417.0,60.4,37.3,57.0
2025-01-08 20:00:00,82.7,84.3,1456.0,67.9,40.7,40.0
2025-01-08 21:00:00,87.3,90.1,1467.0,69.6,43.7,32.0
2025-01-08 22:00:00,95.0,98.7,1452.0,68.2,46.3,29.0
2025-01-08 23:00:00,101.0,105.0,1426.0,66.1,47.2,26.0
2025-01-09 00:00:00,102.7,106.9,1383.0,63.6,45.0,23.0
2025-01-09 01:00:00,105.0,109.2,1329.0,60.3,41.0,21.0
2025-01-09 02:00:00,106.9,111.3,1300.0,57.2,37.8,19.0
2025-01-09 03:00:00,109.0,113.4,1222.0,54.3,35.5,17.0
2025-01-09 04:00:00,110.4,114.8,1169.0,51.6,34.0,15.0
2025-01-09 05:00:00,122.0,127.1,1398.0,58.3,49.0,16.0
2025-01-09 06:00:00,117.8,122.5,2272.0,59.8,55.6,14.0
2025-01-09 07:00:00,132.7,137.4,3428.0,61.4,64.5,13.0
2025-01-09 08:00:00,156.5,160.2,4036.0,59.7,69.2,26.0
2025-01-09 09:00:00,135.5,139.2,3569.0,51.8,65.4,66.0
2025-01-09 10:00:00,102.4,105.5,2555.0,40.6,57.5,120.0
2025-01-09 11:00:00,94.1,94.5,1747.0,31.2,52.1,164.0
2025-01-09 12:00:00,82.2,82.4,1380.0,23.1,51.9,191.0
2025-01-09 13:00:00,69.8,70.3,1219.0,16.8,54.2,207.0
2025-01-09 14:00:00,62.2,62.6,1312.0,19.5,57.1,207.0
2025-01-09 15:00:00,58.3,58.7,1697.0,37.1,58.7,183.0
2025-01-09 16:00:00,63.8,64.0,2336.0,63.5,61.0,144.0
2025-01-09 17:00:00,198.4,199.8,3164.0,116.2,85.5,89.0
2025-01-09 18:00:00,238.4,240.3,4376.0,134.0,107.9,69.0
2025-01-09 19:00:00,283.1,285.0,5777.0,158.3,138.9,41.0
2025-01-09 20:00:00,324.1,326.0,6712.0,175.6,163.5,19.0
2025-01-09 21:00:00,354.8,356.7,6889.0,180.2,177.9,9.0
2025-01-09 22:00:00,369.7,374.4,6601.0,177.8,185.8,6.0
2025-01-09 23:00:00,365.1,369.7,6075.0,171.1,183.1,5.0
2025-01-10 00:00:00,348.3,352.0,5226.0,159.2,163.0,5.0
2025-01-10 01:00:00,334.3,339.0,4140.0,143.0,132.3,7.0
2025-01-10 02:00:00,324.1,327.8,3297.0,128.7,107.3,10.0
2025-01-10 03:00:00,314.8,319.4,2916.0,118.3,94.1,13.0
2025-01-10 04:00:00,310.1,313.9,2779.0,109.7,86.6,16.0
2025-01-10 05:00:00,307.3,308.3,2709.0,90.4,54.2,8.0
2025-01-10 06:00:00,292.4,293.4,2697.0,87.1,56.3,7.0
2025-01-10 07:00:00,272.9,273.8,2752.0,82.1,59.3,9.0
2025-01-10 08:00:00,275.7,276.6,2725.0,75.7,61.5,27.0
2025-01-10 09:00:00,269.2,270.1,2540.0,67.1,61.1,76.0
2025-01-10 10:00:00,244.0,244.9,2274.0,57.0,60.0,142.0
2025-01-10 11:00:00,217.5,218.9,2009.0,47.7,62.4,194.0
2025-01-10 12:00:00,185.8,187.7,1716.0,37.4,72.2,224.0
2025-01-10 13:00:00,153.7,156.0,1424.0,28.0,85.6,240.0
2025-01-10 14:00:00,133.6,135.5,1297.0,27.3,95.2,239.0
2025-01-10 15:00:00,124.8,127.1,1466.0,42.2,97.7,214.0
2025-01-10 16:00:00,139.2,141.1,1801.0,65.7,96.4,172.0
2025-01-10 17:00:00,231.9,235.6,2077.0,86.3,84.5,120.0
2025-01-10 18:00:00,262.6,265.4,2231.0,95.8,85.4,94.0
2025-01-10 19:00:00,282.2,285.0,2325.0,108.4,86.3,58.0
2025-01-10 20:00:00,293.4,296.2,2326.0,114.6,84.9,33.0
2025-01-10 21:00:00,293.4,295.2,2190.0,109.6,79.8,28.0
2025-01-10 22:00:00,282.2,284.1,1960.0,98.3,72.5,34.0
2025-01-10 23:00:00,268.2,270.1,1732.0,85.1,64.8,41.0
2025-01-11 00:00:00,251.5,253.3,1523.0,70.0,56.7,48.0
2025-01-11 01:00:00,238.4,240.3,1315.0,53.2,48.4,58.0
2025-01-11 02:00:00,231.4,233.3,1157.0,39.5,41.8,65.0
2025-01-11 03:00:00,225.4,226.8,1059.0,30.5,37.7,69.0
2025-01-11 04:00:00,217.9,219.8,1010.0,24.6,35.4,71.0
2025-01-11 05:00:00,213.3,214.7,1021.0,22.6,29.6,73.0
2025-01-11 06:00:00,193.7,194.6,1147.0,27.4,32.4,70.0
2025-01-11 07:00:00,183.5,184.9,1333.0,33.9,36.5,67.0
2025-01-11 08:00:00,172.3,173.2,1426.0,37.4,40.3,71.0
2025-01-11 09:00:00,154.1,155.5,1329.0,34.6,43.3,90.0
2025-01-11 10:00:00,136.0,137.4,1139.0,28.7,46.1,116.0
2025-01-11 11:00:00,129.5,131.3,996.0,25.0,49.3,136.0
2025-01-11 12:00:00,125.3,127.1,920.0,25.2,54.0,145.0
2025-01-11 13:00:00,127.1,129.9,893.0,27.5,59.2,148.0
2025-01-11 14:00:00,129.0,131.8,994.0,31.8,62.4,144.0
2025-01-11 15:00:00,124.3,128.1,1366.0,40.2,62.3,128.0
2025-01-11 16:00:00,129.9,133.2,1867.0,50.6,60.3,106.0
2025-01-11 17:00:00,139.7,144.4,2157.0,70.4,58.5,67.0
2025-01-11 18:00:00,113.4,118.3,2046.0,64.1,51.4,63.0
2025-01-11 19:00:00,111.1,115.0,1725.0,55.2,41.5,58.0
2025-01-11 20:00:00,101.5,105.5,1424.0,47.5,33.7,54.0
2025-01-11 21:00:00,97.1,100.6,1217.0,42.9,30.4,53.0
2025-01-11 22:00:00,95.7,99.0,1031.0,39.4,29.3,53.0
2025-01-11 23:00:00,90.1,93.6,873.0,35.2,27.8,55.0
2025-01-12 00:00:00,80.1,83.8,738.0,28.7,24.6,61.0
2025-01-12 01:00:00,72.2,75.9,631.0,21.4,21.2,68.0
2025-01-12 02:00:00,67.5,71.0,575.0,16.1,19.3,73.0
2025-01-12 03:00:00,66.1,69.4,525.0,13.6,20.1,74.0
2025-01-12 04:00:00,68.7,71.7,525.0,13.1,22.5,73.0
2025-01-12 05:00:00,69.2,71.5,736.0,16.8,25.3,65.0
2025-01-12 06:00:00,69.2,71.2,1425.0,27.1,30.7,56.0
2025-01-12 07:00:00,78.5,80.8,2324.0,40.9,38.0,45.0
2025-01-12 08:00:00,92.2,94.1,2785.0,49.1,43.0,42.0
2025-01-12 09:00:00,89.4,91.5,2381.0,46.1,43.0,55.0
2025-01-12 10:00:00,82.9,85.2,1539.0,37.4,40.7,78.0
2025-01-12 11:00:00,79.2,81.5,888.0,30.0,39.6,99.0
2025-01-12 12:00:00,74.7,77.5,652.0,24.3,41.4,120.0
2025-01-12 13:00:00,74.0,76.6,607.0,20.1,44.5,139.0
2025-01-12 14:00:00,73.1,75.7,709.0,23.1,47.8,145.0
2025-01-12 15:00:00,74.0,76.4,1055.0,40.7,51.5,126.0
2025-01-12 16:00:00,77.8,80.1,1549.0,65.6,55.5,92.0
2025-01-12 17:00:00,101.5,104.1,1857.0,48.6,43.0,88.0
2025-01-12 18:00:00,111.3,113.4,1781.0,48.6,42.4,79.0
2025-01-12 19:00:00,113.2,115.3,1519.0,48.4,41.6,67.0
2025-01-12 20:00:00,112.5,114.3,1329.0,47.5,40.2,57.0
2025-01-12 21:00:00,111.1,112.9,1330.0,45.7,38.2,50.0
2025-01-12 22:00:00,115.3,117.1,1403.0,43.2,35.8,44.0
2025-01-12 23:00:00,119.7,121.1,1447.0,40.0,32.9,40.0
2025-01-13 00:00:00,116.4,118.0,1420.0,35.6,29.1,39.0
2025-01-13 01:00:00,115.0,116.6,1364.0,30.6,24.9,39.0
2025-01-13 02:00:00,115.0,116.4,1302.0,26.5,21.8,39.0
2025-01-13 03:00:00,114.8,115.9,1218.0,23.4,20.1,39.0
2025-01-13 04:00:00,112.7,113.9,1129.0,21.3,19.5,38.0
2025-01-13 05:00:00,110.6,111.3,1101.0,20.7,16.6,32.0
2025-01-13 06:00:00,109.4,110.1,1205.0,23.2,18.4,29.0
2025-01-13 07:00:00,112.9,113.6,1372.0,26.5,21.0,26.0
2025-01-13 08:00:00,110.1,110.8,1461.0,28.1,24.1,31.0
2025-01-13 09:00:00,107.1,107.8,1398.0,26.5,28.0,49.0
2025-01-13 10:00:00,96.4,97.1,1257.0,23.2,32.3,74.0
2025-01-13 11:00:00,85.0,85.4,1127.0,20.4,35.8,98.0
2025-01-13 12:00:00,78.5,79.2,1012.0,17.5,37.7,121.0
2025-01-13 13:00:00,70.3,71.0,907.0,15.1,38.8,143.0
2025-01-13 14:00:00,63.1,63.8,885.0,17.1,39.9,152.0
2025-01-13 15:00:00,59.6,60.3,1023.0,27.2,41.4,138.0
2025-01-13 16:00:00,61.7,62.4,1244.0,41.6,42.9,111.0
2025-01-13 17:00:00,71.7,72.2,1385.0,45.9,41.7,88.0
2025-01-13 18:00:00,84.5,84.8,1366.0,49.9,42.5,75.0
2025-01-13 19:00:00,89.2,89.4,1268.0,55.0,43.3,57.0
2025-01-13 20:00:00,88.9,89.2,1170.0,56.8,42.6,44.0
2025-01-13 21:00:00,85.9,86.1,1099.0,52.5,39.0,41.0
2025-01-13 22:00:00,83.4,83.6,1029.0,44.7,33.8,42.0
2025-01-13 23:00:00,79.9,80.3,963.0,37.2,29.1,45.0
2025-01-14 00:00:00,75.7,75.9,893.0,30.6,25.3,49.0
2025-01-14 01:00:00,74.3,74.5,827.0,24.2,22.0,55.0
2025-01-14 02:00:00,74.5,74.7,789.0,19.3,19.9,59.0
2025-01-14 03:00:00,75.9,76.1,762.0,16.1,19.3,62.0
2025-01-14 04:00:00,77.3,77.5,763.0,14.4,19.9,63.0
2025-01-14 05:00:00,75.9,76.1,867.0,14.4,22.5,67.0
2025-01-14 06:00:00,79.2,79.4,1192.0,22.5,26.7,56.0
2025-01-14 07:00:00,91.0,91.3,1620.0,33.5,32.5,42.0
2025-01-14 08:00:00,102.9,103.1,1875.0,39.5,37.1,43.0
2025-01-14 09:00:00,102.4,102.7,1793.0,35.9,39.4,71.0
2025-01-14 10:00:00,97.6,98.0,1539.0,27.4,40.4,113.0
2025-01-14 11:00:00,92.4,92.9,1325.0,20.3,41.3,149.0
2025-01-14 12:00:00,84.3,84.8,1195.0,15.1,42.0,174.0
2025-01-14 13:00:00,74.5,75.2,1107.0,11.3,42.4,194.0
2025-01-14 14:00:00,66.6,67.3,1142.0,13.9,43.3,197.0
2025-01-14 15:00:00,62.2,63.1,1354.0,27.3,44.5,176.0
2025-01-14 16:00:00,65.2,65.9,1691.0,47.2,46.2,139.0
2025-01-14 17:00:00,115.5,116.4,2076.0,74.7,57.1,102.0
2025-01-14 18:00:00,149.9,150.9,2577.0,87.5,66.1,78.0
2025-01-14 19:00:00,180.7,181.6,3127.0,105.1,78.8,46.0
2025-01-14 20:00:00,207.7,208.2,3449.0,117.5,90.3,21.0
2025-01-14 21:00:00,230.5,232.4,3317.0,119.6,99.9,11.0
2025-01-14 22:00:00,250.5,254.3,2957.0,116.5,108.3,9.0
2025-01-14 23:00:00,261.7,267.3,2772.0,113.5,113.3,8.0
2025-01-15 00:00:00,262.6,269.2,3003.0,112.8,114.2,7.0
2025-01-15 01:00:00,262.6,269.2,3409.0,112.1,111.8,8.0
2025-01-15 02:00:00,260.8,267.3,3665.0,109.9,105.6,8.0
2025-01-15 03:00:00,258.9,265.4,3585.0,105.2,93.2,6.0
2025-01-15 04:00:00,275.7,278.5,3356.0,99.1,77.1,4.0
2025-01-15 05:00:00,292.4,293.4,3207.0,97.2,61.8,0.0
2025-01-15 06:00:00,261.7,261.7,3306.0,91.6,58.6,5.0
2025-01-15 07:00:00,212.3,212.8,3485.0,83.8,54.1,12.0
2025-01-15 08:00:00,214.7,215.1,3479.0,77.9,50.2,27.0
2025-01-15 09:00:00,221.7,221.7,3130.0,77.7,46.6,51.0
2025-01-15 10:00:00,204.4,204.9,2596.0,79.3,43.6,81.0
2025-01-15 11:00:00,202.1,202.6,2079.0,75.5,43.4,116.0
2025-01-15 12:00:00,187.2,187.7,1580.0,58.1,48.6,163.0
2025-01-15 13:00:00,145.3,146.7,1099.0,35.3,56.7,214.0
2025-01-15 14:00:00,108.7,111.8,838.0,24.0,62.5,240.0
2025-01-15 15:00:00,103.8,107.3,956.0,33.7,62.8,222.0
2025-01-15 16:00:00,109.2,112.7,1293.0,55.0,60.8,178.0
2025-01-15 17:00:00,148.1,152.3,1581.0,64.0,53.7,118.0
2025-01-15 18:00:00,171.4,175.1,1731.0,79.1,60.0,89.0
2025-01-15 19:00:00,196.0,199.8,1831.0,99.6,68.5,50.0
2025-01-15 20:00:00,212.3,216.1,1870.0,112.8,73.2,21.0
2025-01-15 21:00:00,216.1,219.3,1850.0,112.4,70.8,13.0
2025-01-15 22:00:00,210.5,213.3,1768.0,104.7,64.5,15.0
2025-01-15 23:00:00,196.5,199.8,1606.0,95.5,58.1,19.0
2025-01-16 00:00:00,195.6,198.8,1303.0,86.3,52.4,22.0
2025-01-16 01:00:00,195.1,197.9,920.0,75.7,46.6,26.0
2025-01-16 02:00:00,183.5,186.7,624.0,64.8,41.5,32.0
2025-01-16 03:00:00,176.0,178.8,461.0,52.1,37.1,41.0
2025-01-16 04:00:00,170.9,174.2,385.0,39.1,33.3,51.0
2025-01-16 05:00:00,135.5,137.8,420.0,33.0,29.3,49.0
2025-01-16 06:00:00,117.8,119.7,657.0,36.8,28.9,45.0
2025-01-16 07:00:00,117.8,119.7,1004.0,41.9,28.5,40.0
2025-01-16 08:00:00,120.6,122.5,1214.0,44.2,29.2,42.0
2025-01-16 09:00:00,119.0,120.1,1148.0,41.0,31.4,56.0
2025-01-16 10:00:00,101.0,102.7,945.0,35.0,34.7,77.0
2025-01-16 11:00:00,90.1,92.2,770.0,30.1,39.0,97.0
2025-01-16 12:00:00,93.4,96.2,642.0,26.7,45.7,115.0
2025-01-16 13:00:00,99.7,102.7,543.0,24.3,53.3,131.0
2025-01-16 14:00:00,103.4,106.4,583.0,26.1,58.1,137.0
2025-01-16 15:00:00,105.9,108.7,862.0,35.2,57.2,125.0
2025-01-16 16:00:00,109.0,111.5,1281.0,48.4,53.4,103.0
2025-01-16 17:00:00,93.6,94.8,1654.0,50.4,49.8,89.0
2025-01-16 18:00:00,118.3,119.7,1951.0,58.3,53.1,71.0
2025-01-16 19:00:00,132.2,133.6,2202.0,69.0,57.5,47.0
2025-01-16 20:00:00,140.2,141.1,2311.0,75.0,59.3,29.0
2025-01-16 21:00:00,141.1,142.0,2200.0,72.6,56.7,23.0
2025-01-16 22:00:00,140.2,140.6,1947.0,65.6,51.6,22.0
2025-01-16 23:00:00,138.3,138.8,1688.0,57.9,45.9,24.0
2025-01-17 00:00:00,130.9,131.3,1450.0,50.5,39.6,27.0
2025-01-17 01:00:00,125.7,126.2,1206.0,42.4,32.8,31.0
2025-01-17 02:00:00,122.9,123.4,1008.0,35.0,27.7,36.0
2025-01-17 03:00:00,119.0,119.7,852.0,27.8,24.8,42.0
2025-01-17 04:00:00,112.9,113.6,741.0,21.2,23.6,49.0
2025-01-17 05:00:00,105.0,105.7,741.0,16.8,23.3,56.0
2025-01-17 06:00:00,99.7,100.4,953.0,21.0,28.3,52.0
2025-01-17 07:00:00,101.7,102.7,1276.0,26.6,35.2,47.0
2025-01-17 08:00:00,105.7,106.4,1468.0,29.6,41.5,50.0
2025-01-17 09:00:00,105.5,106.2,1404.0,27.6,46.7,68.0
2025-01-17 10:00:00,99.0,99.9,1209.0,23.1,51.2,93.0
2025-01-17 11:00:00,88.5,89.4,1023.0,19.1,53.3,115.0
2025-01-17 12:00:00,72.9,73.8,866.0,16.0,51.5,130.0
2025-01-17 13:00:00,63.6,64.7,717.0,13.5,47.3,141.0
2025-01-17 14:00:00,59.4,60.5,654.0,13.7,43.3,144.0
2025-01-17 15:00:00,58.1,59.4,741.0,18.5,40.1,133.0
2025-01-17 16:00:00,59.1,60.3,915.0,26.1,37.1,114.0
2025-01-17 17:00:00,95.0,97.8,1061.0,30.4,34.9,93.0
2025-01-17 18:00:00,102.2,104.5,1143.0,34.3,33.8,80.0
2025-01-17 19:00:00,106.6,108.7,1199.0,39.6,32.3,63.0
2025-01-17 20:00:00,110.8,112.9,1223.0,42.9,30.9,49.0
2025-01-17 21:00:00,113.9,115.7,1205.0,42.4,30.1,44.0
2025-01-17 22:00:00,117.8,119.7,1156.0,40.0,29.4,43.0
2025-01-17 23:00:00,120.1,121.5,1107.0,37.4,28.5,42.0
2025-01-18 00:00:00,119.2,120.6,1068.0,35.2,26.8,40.0
2025-01-18 01:00:00,121.1,122.5,1029.0,32.9,24.9,38.0
2025-01-18 02:00:00,123.4,124.8,997.0,30.6,23.3,37.0
2025-01-18 03:00:00,124.3,125.3,964.0,27.6,22.1,37.0
2025-01-18 04:00:00,122.0,123.4,937.0,24.6,21.3,38.0
2025-01-18 05:00:00,137.8,138.8,942.0,33.3,26.8,30.0
2025-01-18 06:00:00,133.2,134.1,1008.0,34.6,29.6,31.0
2025-01-18 07:00:00,136.9,138.3,1105.0,36.2,33.5,34.0
2025-01-18 08:00:00,135.5,136.9,1176.0,36.1,36.3,43.0
2025-01-18 09:00:00,127.6,129.0,1198.0,32.7,36.7,63.0
2025-01-18 10:00:00,119.2,120.6,1192.0,27.7,36.0,89.0
2025-01-18 11:00:00,103.1,105.2,1166.0,23.4,36.4,111.0
2025-01-18 12:00:00,89.6,92.4,1053.0,18.8,39.0,130.0
2025-01-18 13:00:00,80.1,83.6,919.0,15.1,42.8,146.0
2025-01-18 14:00:00,73.3,77.3,972.0,18.2,46.5,149.0
2025-01-18 15:00:00,69.2,73.3,1286.0,32.7,48.2,132.0
2025-01-18 16:00:00,71.0,75.0,1787.0,54.1,50.0,102.0
2025-01-18 17:00:00,116.4,120.6,2458.0,76.9,63.0,71.0
2025-01-18 18:00:00,157.9,162.1,3520.0,94.8,83.0,51.0
2025-01-18 19:00:00,197.4,201.6,4751.0,119.0,110.2,25.0
2025-01-18 20:00:00,231.9,236.1,5477.0,134.2,128.3,5.0
2025-01-18 21:00:00,257.0,261.7,5296.0,132.3,129.2,0.0
2025-01-18 22:00:00,267.3,271.0,4608.0,121.4,120.9,2.0
2025-01-18 23:00:00,238.4,241.2,3939.0,110.3,110.9,5.0
2025-01-19 00:00:00,219.8,223.5,3422.0,101.2,100.3,7.0
2025-01-19 01:00:00,210.9,214.7,2924.0,91.8,88.0,11.0
2025-01-19 02:00:00,207.2,210.9,2570.0,84.3,78.7,13.0
2025-01-19 03:00:00,206.8,210.9,2441.0,79.9,74.3,13.0
2025-01-19 04:00:00,204.9,209.1,2456.0,77.4,72.8,11.0
2025-01-19 05:00:00,241.2,245.9,2495.0,93.5,116.8,9.0
2025-01-19 06:00:00,241.2,245.9,2546.0,93.4,123.9,8.0
2025-01-19 07:00:00,258.0,262.6,2622.0,92.8,132.7,8.0
2025-01-19 08:00:00,271.9,275.7,2639.0,88.0,132.6,21.0
2025-01-19 09:00:00,206.8,210.0,2576.0,75.9,115.1,58.0
2025-01-19 10:00:00,155.1,159.3,2455.0,59.8,88.7,108.0
2025-01-19 11:00:00,124.8,128.5,2258.0,45.8,68.0,148.0
2025-01-19 12:00:00,102.7,105.9,1882.0,34.2,59.2,174.0
2025-01-19 13:00:00,92.2,94.8,1430.0,24.8,56.1,190.0
2025-01-19 14:00:00,88.5,90.6,1194.0,23.0,54.5,191.0
2025-01-19 15:00:00,86.8,88.9,1342.0,33.8,53.2,169.0
2025-01-19 16:00:00,90.3,92.0,1705.0,52.2,53.4,132.0
2025-01-19 17:00:00,122.9,124.8,2074.0,63.6,61.0,120.0
2025-01-19 18:00:00,144.4,145.8,2409.0,73.4,63.6,94.0
2025-01-19 19:00:00,159.7,161.1,2749.0,86.6,67.1,57.0
2025-01-19 20:00:00,170.4,171.8,2999.0,94.3,69.4,30.0
2025-01-19 21:00:00,180.2,181.6,3163.0,92.3,70.1,20.0
2025-01-19 22:00:00,185.8,187.2,3238.0,84.9,69.6,20.0
2025-01-19 23:00:00,183.0,184.4,3118.0,75.9,66.3,22.0
2025-01-20 00:00:00,170.0,171.4,2656.0,65.8,58.2,25.0
2025-01-20 01:00:00,156.0,156.9,2001.0,54.1,47.5,31.0
2025-01-20 02:00:00,143.4,144.4,1490.0,43.9,39.0,36.0
2025-01-20 03:00:00,135.0,136.0,1252.0,35.6,34.6,39.0
2025-01-20 04:00:00,127.6,128.5,1160.0,28.7,32.4,40.0
2025-01-20 05:00:00,114.3,115.0,1169.0,21.4,30.7,45.0
2025-01-20 06:00:00,109.2,109.9,1335.0,24.8,32.9,41.0
2025-01-20 07:00:00,111.3,112.0,1603.0,29.3,35.8,37.0
2025-01-20 08:00:00,112.9,113.6,1762.0,31.4,37.7,43.0
2025-01-20 09:00:00,114.6,115.0,1711.0,28.9,37.6,70.0
2025-01-20 10:00:00,111.3,112.0,1551.0,24.0,36.5,108.0
2025-01-20 11:00:00,100.8,101.5,1382.0,19.3,34.9,138.0
2025-01-20 12:00:00,82.7,83.4,1205.0,14.7,32.7,153.0
2025-01-20 13:00:00,70.1,70.8,1018.0,10.3,30.1,161.0
2025-01-20 14:00:00,64.5,65.2,915.0,9.9,28.2,159.0
2025-01-20 15:00:00,62.2,62.9,957.0,16.1,27.4,144.0
2025-01-20 16:00:00,64.0,64.7,1083.0,26.2,27.3,121.0
2025-01-20 17:00:00,81.0,81.5,1209.0,33.8,27.6,94.0
2025-01-20 18:00:00,90.6,91.0,1325.0,38.0,28.8,82.0
2025-01-20 19:00:00,96.2,96.6,1441.0,43.5,30.4,65.0
2025-01-20 20:00:00,99.0,99.4,1499.0,45.9,31.1,54.0
2025-01-20 21:00:00,99.4,100.1,1464.0,42.4,30.0,53.0
2025-01-20 22:00:00,99.7,100.6,1370.0,35.8,28.0,57.0
2025-01-20 23:00:00,98.3,99.4,1263.0,29.5,25.9,61.0
2025-01-21 00:00:00,94.8,95.7,1135.0,24.4,23.8,65.0
2025-01-21 01:00:00,92.4,93.1,994.0,19.6,21.6,69.0
2025-01-21 02:00:00,91.0,91.5,901.0,16.1,20.3,72.0
2025-01-21 03:00:00,90.1,90.6,873.0,13.8,20.0,73.0
2025-01-21 04:00:00,89.6,89.9,894.0,12.8,20.6,72.0
2025-01-21 05:00:00,88.9,89.4,980.0,13.1,22.6,75.0
2025-01-21 06:00:00,90.3,90.6,1195.0,19.1,25.1,66.0
2025-01-21 07:00:00,97.1,97.3,1475.0,27.1,28.5,54.0
2025-01-21 08:00:00,102.0,102.4,1648.0,31.6,30.9,54.0
2025-01-21 09:00:00,104.3,104.8,1625.0,29.5,31.5,78.0
2025-01-21 10:00:00,100.4,101.0,1495.0,23.9,31.1,113.0
2025-01-21 11:00:00,91.5,92.4,1349.0,18.8,30.1,141.0
2025-01-21 12:00:00,75.9,76.8,1184.0,14.7,28.4,155.0
2025-01-21 13:00:00,58.6,59.8,1003.0,11.1,26.2,162.0
2025-01-21 14:00:00,47.6,48.8,914.0,11.0,24.5,160.0
2025-01-21 15:00:00,43.7,44.8,989.0,16.8,23.7,144.0
2025-01-21 16:00:00,44.5,45.5,1155.0,26.0,23.3,120.0
2025-01-21 17:00:00,65.7,67.5,1302.0,35.9,25.2,87.0
2025-01-21 18:00:00,75.0,76.6,1402.0,40.1,26.1,75.0
2025-01-21 19:00:00,79.9,81.3,1481.0,45.7,27.4,58.0
2025-01-21 20:00:00,82.9,84.5,1511.0,48.7,28.0,46.0
2025-01-21 21:00:00,85.2,87.1,1468.0,46.9,27.6,42.0
2025-01-21 22:00:00,88.5,91.0,1376.0,42.5,26.5,43.0
2025-01-21 23:00:00,89.9,93.1,1270.0,37.4,24.9,45.0
2025-01-22 00:00:00,87.8,91.3,1144.0,31.7,22.5,48.0
2025-01-22 01:00:00,86.6,90.1,1004.0,25.4,19.7,52.0
2025-01-22 02:00:00,85.7,88.9,908.0,20.6,17.7,55.0
2025-01-22 03:00:00,84.5,87.5,850.0,17.7,16.8,55.0
2025-01-22 04:00:00,83.4,85.9,836.0,16.3,16.8,55.0
2025-01-22 05:00:00,81.3,83.4,937.0,16.9,18.5,55.0
2025-01-22 06:00:00,83.1,85.2,1276.0,24.0,23.0,45.0
2025-01-22 07:00:00,93.4,95.7,1730.0,33.6,29.2,33.0
2025-01-22 08:00:00,103.1,105.5,2004.0,39.2,33.7,35.0
2025-01-22 09:00:00,102.0,104.5,1944.0,37.1,34.7,64.0
2025-01-22 10:00:00,97.8,101.5,1703.0,31.1,34.0,108.0
2025-01-22 11:00:00,87.3,92.9,1449.0,25.5,33.8,140.0
2025-01-22 12:00:00,68.7,77.1,1179.0,20.2,35.0,153.0
2025-01-22 13:00:00,51.7,61.7,895.0,15.3,36.7,154.0
2025-01-22 14:00:00,43.4,53.2,771.0,15.9,38.0,146.0
2025-01-22 15:00:00,41.3,50.3,954.0,26.7,38.7,124.0
2025-01-22 16:00:00,45.8,53.1,1296.0,43.0,39.0,93.0
2025-01-22 17:00:00,75.2,84.8,1527.0,76.3,46.9,48.0
2025-01-22 18:00:00,104.3,113.6,1527.0,83.1,53.3,35.0
2025-01-22 19:00:00,122.9,132.2,1416.0,92.0,61.6,18.0
2025-01-22 20:00:00,129.0,139.2,1278.0,95.0,64.7,7.0
2025-01-22 21:00:00,132.7,142.5,1125.0,86.4,57.4,10.0
2025-01-22 22:00:00,120.1,128.5,946.0,71.9,44.8,20.0
2025-01-22 23:00:00,94.8,102.0,787.0,60.7,35.5,27.0
2025-01-23 00:00:00,92.9,100.4,660.0,57.3,33.7,27.0
2025-01-23 01:00:00,100.4,109.4,554.0,57.3,35.1,24.0
2025-01-23 02:00:00,108.3,118.0,486.0,56.1,35.7,23.0
2025-01-23 03:00:00,118.3,127.6,437.0,51.2,33.4,25.0
2025-01-23 04:00:00,105.2,112.7,427.0,45.1,30.3,29.0
2025-01-23 05:00:00,108.0,115.0,532.0,47.9,29.2,18.0
2025-01-23 06:00:00,101.0,106.9,880.0,46.5,30.6,19.0
2025-01-23 07:00:00,103.4,108.7,1343.0,44.3,32.4,22.0
2025-01-23 08:00:00,105.2,109.7,1611.0,40.8,33.9,34.0
2025-01-23 09:00:00,106.2,109.4,1503.0,35.1,34.8,64.0
2025-01-23 10:00:00,94.1,97.6,1200.0,28.2,35.3,103.0
2025-01-23 11:00:00,73.1,77.1,930.0,21.8,34.7,132.0
2025-01-23 12:00:00,48.1,51.9,753.0,15.7,32.0,143.0
2025-01-23 13:00:00,37.4,40.6,608.0,10.3,28.3,145.0
2025-01-23 14:00:00,33.8,36.6,544.0,8.5,25.5,140.0
2025-01-23 15:00:00,32.6,35.3,609.0,12.6,24.6,128.0
2025-01-23 16:00:00,35.4,37.6,755.0,20.3,24.7,109.0
2025-01-23 17:00:00,41.7,43.8,880.0,30.5,26.6,88.0
2025-01-23 18:00:00,49.6,52.2,961.0,35.6,28.1,75.0
2025-01-23 19:00:00,55.9,60.1,1021.0,42.4,30.0,58.0
2025-01-23 20:00:00,60.1,65.9,1035.0,46.4,31.1,45.0
2025-01-23 21:00:00,62.2,69.4,976.0,45.4,30.7,41.0
2025-01-23 22:00:00,64.0,71.0,870.0,41.6,29.5,42.0
2025-01-23 23:00:00,63.8,69.6,772.0,37.0,27.7,44.0
2025-01-24 00:00:00,61.5,65.9,693.0,31.4,24.9,46.0
2025-01-24 01:00:00,60.5,64.7,621.0,24.9,21.5,50.0
2025-01-24 02:00:00,60.1,65.2,573.0,20.1,19.0,52.0
2025-01-24 03:00:00,59.8,66.1,540.0,17.7,18.0,51.0
2025-01-24 04:00:00,60.1,67.3,531.0,16.9,18.0,49.0
2025-01-24 05:00:00,62.9,72.9,589.0,18.9,19.1,44.0
2025-01-24 06:00:00,65.0,74.3,787.0,22.9,21.5,38.0
2025-01-24 07:00:00,72.6,80.6,1052.0,28.3,24.8,31.0
2025-01-24 08:00:00,77.8,83.4,1213.0,30.7,27.5,36.0
2025-01-24 09:00:00,79.4,82.9,1181.0,27.6,29.4,62.0
2025-01-24 10:00:00,75.4,77.8,1045.0,21.6,30.6,100.0
2025-01-24 11:00:00,66.4,67.5,901.0,16.2,30.8,130.0
2025-01-24 12:00:00,49.9,50.8,752.0,11.9,29.0,146.0
2025-01-24 13:00:00,34.6,35.6,594.0,8.2,26.1,154.0
2025-01-24 14:00:00,29.8,30.9,512.0,7.4,24.0,154.0
2025-01-24 15:00:00,28.6,29.6,563.0,11.3,23.3,143.0
2025-01-24 16:00:00,29.7,30.9,689.0,18.1,23.3,124.0
2025-01-24 17:00:00,34.7,36.3,799.0,26.8,23.9,92.0
2025-01-24 18:00:00,43.2,46.7,866.0,31.4,25.4,81.0
2025-01-24 19:00:00,48.8,56.7,917.0,37.5,27.4,66.0
2025-01-24 20:00:00,52.7,65.4,947.0,40.6,28.5,55.0
2025-01-24 21:00:00,54.2,68.5,952.0,38.2,27.8,53.0
2025-01-24 22:00:00,55.9,68.0,935.0,32.8,26.1,56.0
2025-01-24 23:00:00,56.2,65.2,898.0,27.7,24.3,58.0
2025-01-25 00:00:00,54.5,62.2,826.0,23.6,22.5,58.0
2025-01-25 01:00:00,54.2,61.9,734.0,19.8,20.5,58.0
2025-01-25 02:00:00,54.5,62.4,667.0,16.9,19.1,57.0
2025-01-25 03:00:00,54.7,62.9,625.0,14.9,18.3,57.0
2025-01-25 04:00:00,54.5,62.2,609.0,13.9,18.0,56.0
2025-01-25 05:00:00,51.3,57.4,662.0,13.8,17.8,56.0
2025-01-25 06:00:00,50.8,54.8,863.0,17.8,19.1,50.0
2025-01-25 07:00:00,53.9,56.5,1135.0,23.1,21.0,44.0
2025-01-25 08:00:00,55.5,57.5,1288.0,26.0,22.5,45.0
2025-01-25 09:00:00,55.3,57.0,1215.0,24.4,23.2,61.0
2025-01-25 10:00:00,52.4,54.2,1023.0,20.5,23.5,86.0
2025-01-25 11:00:00,49.4,50.9,846.0,16.8,23.7,107.0
2025-01-25 12:00:00,42.6,43.7,709.0,13.5,24.0,123.0
2025-01-25 13:00:00,35.9,36.8,587.0,10.5,24.1,135.0
2025-01-25 14:00:00,29.8,31.0,535.0,10.4,24.1,138.0
2025-01-25 15:00:00,27.4,29.1,596.0,14.9,23.6,127.0
2025-01-25 16:00:00,28.3,30.5,726.0,22.3,22.9,108.0
2025-01-25 17:00:00,35.7,37.3,856.0,29.7,23.7,83.0
2025-01-25 18:00:00,44.7,47.1,977.0,35.4,24.8,71.0
2025-01-25 19:00:00,49.5,53.2,1097.0,43.1,26.4,55.0
2025-01-25 20:00:00,52.4,57.7,1167.0,47.6,27.1,43.0
2025-01-25 21:00:00,54.2,61.2,1154.0,46.3,26.6,40.0
2025-01-25 22:00:00,56.3,63.8,1092.0,41.8,25.4,41.0
2025-01-25 23:00:00,56.2,63.1,1027.0,36.8,23.6,43.0
2025-01-26 00:00:00,52.5,58.8,968.0,31.7,20.9,44.0
2025-01-26 01:00:00,49.5,55.6,907.0,26.0,17.5,46.0
2025-01-26 02:00:00,46.8,53.6,868.0,21.6,15.1,47.0
2025-01-26 03:00:00,44.7,52.3,841.0,18.6,13.9,47.0
2025-01-26 04:00:00,43.7,51.7,836.0,16.9,13.5,46.0
2025-01-26 05:00:00,45.8,54.6,901.0,17.6,14.7,44.0
2025-01-26 06:00:00,46.6,53.8,1120.0,22.4,17.7,38.0
2025-01-26 07:00:00,54.1,59.8,1409.0,28.8,22.0,30.0
2025-01-26 08:00:00,61.7,65.7,1568.0,32.0,25.5,34.0
2025-01-26 09:00:00,60.1,63.6,1481.0,29.0,27.5,59.0
2025-01-26 10:00:00,57.3,60.1,1264.0,22.8,28.8,94.0
2025-01-26 11:00:00,55.2,56.1,1066.0,17.5,29.8,123.0
2025-01-26 12:00:00,49.1,49.5,924.0,13.8,30.6,140.0
2025-01-26 13:00:00,41.3,41.7,801.0,11.1,31.0,151.0
2025-01-26 14:00:00,36.0,36.2,739.0,11.2,31.3,153.0
2025-01-26 15:00:00,34.0,34.2,765.0,15.0,30.9,142.0
2025-01-26 16:00:00,35.3,35.4,852.0,21.7,30.4,122.0
2025-01-26 17:00:00,61.7,61.7,956.0,34.7,34.7,94.0
2025-01-26 18:00:00,72.9,73.1,1083.0,43.2,36.1,78.0
2025-01-26 19:00:00,79.9,80.1,1228.0,54.9,38.1,57.0
2025-01-26 20:00:00,86.1,86.6,1335.0,63.2,39.6,40.0
2025-01-26 21:00:00,90.6,92.0,1381.0,65.6,40.6,32.0
2025-01-26 22:00:00,95.9,98.5,1390.0,64.8,41.2,29.0
2025-01-26 23:00:00,97.1,101.0,1375.0,61.6,40.1,28.0
2025-01-27 00:00:00,92.7,96.9,1333.0,55.5,36.2,30.0
2025-01-27 01:00:00,88.2,92.7,1267.0,47.1,30.7,34.0
2025-01-27 02:00:00,84.1,88.7,1204.0,39.7,26.1,37.0
2025-01-27 03:00:00,79.6,84.8,1119.0,33.8,23.0,38.0
2025-01-27 04:00:00,75.0,80.6,1037.0,29.0,20.7,39.0
2025-01-27 05:00:00,82.4,89.2,1055.0,34.2,24.0,34.0
2025-01-27 06:00:00,75.7,82.4,1297.0,35.9,25.4,31.0
2025-01-27 07:00:00,78.9,85.7,1641.0,38.1,27.4,28.0
2025-01-27 08:00:00,82.7,88.2,1815.0,37.8,29.1,36.0
2025-01-27 09:00:00,80.3,85.0,1661.0,33.0,30.0,65.0
2025-01-27 10:00:00,73.6,77.3,1337.0,25.9,30.5,104.0
2025-01-27 11:00:00,69.6,70.5,1054.0,19.7,31.1,137.0
2025-01-27 12:00:00,61.0,61.2,871.0,15.1,31.9,158.0
2025-01-27 13:00:00,51.7,51.9,728.0,11.5,32.8,172.0
2025-01-27 14:00:00,45.4,45.6,656.0,10.7,33.2,176.0
2025-01-27 15:00:00,43.9,44.0,672.0,13.8,32.5,165.0
2025-01-27 16:00:00,44.6,44.7,759.0,19.7,31.3,143.0
2025-01-27 17:00:00,70.8,71.2,892.0,28.8,32.6,119.0
2025-01-27 18:00:00,79.2,79.6,1118.0,34.1,33.3,104.0
2025-01-27 19:00:00,83.8,85.0,1389.0,41.2,34.2,84.0
2025-01-27 20:00:00,85.0,88.2,1543.0,45.4,34.4,68.0
2025-01-27 21:00:00,84.5,89.6,1481.0,44.1,33.6,62.0
2025-01-27 22:00:00,83.8,89.9,1301.0,39.8,32.3,61.0
2025-01-27 23:00:00,81.5,86.8,1131.0,35.1,30.4,61.0
2025-01-28 00:00:00,76.8,80.6,1002.0,30.4,27.7,60.0
2025-01-28 01:00:00,73.3,75.9,882.0,25.5,24.6,60.0
2025-01-28 02:00:00,71.0,73.1,804.0,21.7,22.3,59.0
2025-01-28 03:00:00,69.8,72.6,761.0,19.3,21.1,57.0
2025-01-28 04:00:00,69.6,74.0,761.0,18.2,20.7,53.0
2025-01-28 05:00:00,75.0,77.5,857.0,21.4,22.4,47.0
2025-01-28 06:00:00,74.3,76.4,1159.0,26.7,25.3,40.0
2025-01-28 07:00:00,83.1,85.0,1557.0,33.8,29.5,31.0
2025-01-28 08:00:00,93.1,94.5,1775.0,37.4,33.2,36.0
2025-01-28 09:00:00,91.7,92.4,1651.0,34.3,36.0,65.0
2025-01-28 10:00:00,86.1,86.8,1347.0,27.8,38.4,106.0
2025-01-28 11:00:00,81.0,81.5,1077.0,22.0,40.6,143.0
2025-01-28 12:00:00,72.6,73.1,897.0,17.5,42.7,171.0
2025-01-28 13:00:00,64.5,65.2,752.0,13.8,44.6,195.0
2025-01-28 14:00:00,58.3,59.1,686.0,13.7,46.0,204.0
2025-01-28 15:00:00,54.7,55.6,680.0,17.5,45.6,194.0
2025-01-28 16:00:00,55.3,56.0,754.0,24.8,44.8,170.0
2025-01-28 17:00:00,88.7,89.4,1016.0,42.9,51.4,148.0
2025-01-28 18:00:00,111.3,112.0,1615.0,64.9,56.8,113.0
2025-01-28 19:00:00,138.3,138.8,2401.0,95.4,64.7,64.0
2025-01-28 20:00:00,161.1,161.6,3033.0,119.2,73.9,26.0
2025-01-28 21:00:00,181.1,181.6,3427.0,130.6,87.0,10.0
2025-01-28 22:00:00,207.2,207.7,3667.0,135.2,101.5,5.0
2025-01-28 23:00:00,224.4,225.8,3664.0,135.0,108.3,3.0
2025-01-29 00:00:00,218.9,219.8,3274.0,129.8,101.3,2.0
2025-01-29 01:00:00,204.4,204.9,2641.0,119.8,86.7,4.0
2025-01-29 02:00:00,190.0,190.5,2104.0,106.9,73.5,10.0
2025-01-29 03:00:00,178.3,178.8,1757.0,89.4,64.8,20.0
2025-01-29 04:00:00,168.6,169.0,1506.0,69.1,57.6,33.0
2025-01-29 05:00:00,173.7,174.2,1412.0,75.5,60.4,23.0
2025-01-29 06:00:00,170.0,170.4,1607.0,71.2,58.9,26.0
2025-01-29 07:00:00,172.3,173.2,1960.0,64.9,56.8,32.0
2025-01-29 08:00:00,170.0,170.4,2131.0,56.9,55.1,52.0
2025-01-29 09:00:00,162.5,163.4,1935.0,45.9,54.1,100.0
2025-01-29 10:00:00,148.5,149.5,1558.0,33.2,53.3,162.0
2025-01-29 11:00:00,126.2,127.6,1222.0,23.3,52.9,209.0
2025-01-29 12:00:00,98.7,100.6,989.0,17.3,52.9,231.0
2025-01-29 13:00:00,82.7,84.5,798.0,14.1,53.2,238.0
2025-01-29 14:00:00,73.8,75.7,688.0,14.5,53.0,233.0
2025-01-29 15:00:00,70.1,71.9,686.0,19.8,51.5,214.0
2025-01-29 16:00:00,71.0,72.6,766.0,28.6,49.4,183.0
2025-01-29 17:00:00,104.8,107.3,887.0,39.1,50.7,151.0
2025-01-29 18:00:00,121.5,123.9,1081.0,50.3,52.9,125.0
2025-01-29 19:00:00,138.3,140.6,1316.0,65.6,55.8,89.0
2025-01-29 20:00:00,151.3,153.7,1464.0,74.9,57.6,63.0
2025-01-29 21:00:00,158.8,161.1,1453.0,73.7,57.6,55.0
2025-01-29 22:00:00,164.8,167.2,1354.0,66.6,56.5,57.0
2025-01-29 23:00:00,166.2,168.6,1253.0,57.7,54.3,62.0
2025-01-30 00:00:00,162.5,164.8,1172.0,46.8,50.4,70.0
2025-01-30 01:00:00,158.3,160.7,1089.0,34.1,45.4,82.0
2025-01-30 02:00:00,155.1,157.9,1025.0,24.3,41.8,91.0
2025-01-30 03:00:00,153.2,155.5,957.0,18.6,40.4,96.0
2025-01-30 04:00:00,152.3,154.6,908.0,15.8,40.4,97.0
2025-01-30 05:00:00,167.2,169.5,966.0,23.4,39.4,75.0
2025-01-30 06:00:00,172.3,174.6,1263.0,31.6,41.5,63.0
2025-01-30 07:00:00,184.4,187.2,1666.0,42.5,44.5,49.0
2025-01-30 08:00:00,190.0,192.3,1870.0,48.4,47.1,54.0
2025-01-30 09:00:00,194.2,195.6,1685.0,44.5,48.6,95.0
2025-01-30 10:00:00,176.0,178.3,1300.0,35.5,49.7,156.0
2025-01-30 11:00:00,143.4,146.7,976.0,28.0,51.5,202.0
2025-01-30 12:00:00,105.0,107.8,803.0,23.1,54.7,222.0
2025-01-30 13:00:00,88.7,90.8,692.0,19.6,58.4,228.0
2025-01-30 14:00:00,79.4,81.3,633.0,20.4,61.6,225.0
2025-01-30 15:00:00,75.2,76.6,615.0,26.5,63.4,216.0
2025-01-30 16:00:00,76.1,77.5,649.0,36.9,64.5,198.0
2025-01-30 17:00:00,126.7,129.0,762.0,55.1,69.6,165.0
2025-01-30 18:00:00,153.7,155.5,1023.0,72.5,71.7,129.0
2025-01-30 19:00:00,176.5,178.3,1362.0,96.3,74.6,79.0
2025-01-30 20:00:00,191.4,193.2,1596.0,113.2,76.0,40.0
2025-01-30 21:00:00,197.4,198.8,1604.0,116.8,75.1,24.0
2025-01-30 22:00:00,198.8,200.2,1506.0,113.5,72.7,20.0
2025-01-30 23:00:00,198.8,200.7,1485.0,108.7,69.8,18.0
2025-01-31 00:00:00,198.8,200.7,1648.0,103.6,66.1,16.0
2025-01-31 01:00:00,203.0,204.9,1887.0,97.0,61.8,16.0
2025-01-31 02:00:00,208.6,210.5,2061.0,90.6,58.0,16.0
2025-01-31 03:00:00,211.9,213.7,2085.0,84.5,54.8,15.0
2025-01-31 04:00:00,211.9,213.7,2044.0,78.7,52.0,15.0
2025-01-31 05:00:00,251.5,254.3,2055.0,105.3,80.4,1.0
2025-01-31 06:00:00,245.9,248.7,2231.0,99.6,75.7,0.0
2025-01-31 07:00:00,243.1,244.9,2457.0,91.4,69.2,0.0
2025-01-31 08:00:00,235.6,237.0,2509.0,81.8,64.3,16.0
2025-01-31 09:00:00,218.9,220.3,2243.0,70.8,63.2,73.0
2025-01-31 10:00:00,200.2,201.6,1803.0,58.4,63.9,149.0
2025-01-31 11:00:00,159.3,161.6,1389.0,46.6,63.1,203.0
2025-01-31 12:00:00,101.3,105.9,1042.0,34.0,59.4,215.0
2025-01-31 13:00:00,69.2,77.3,722.0,22.0,54.3,204.0
2025-01-31 14:00:00,55.8,66.8,506.0,16.2,49.7,188.0
2025-01-31 15:00:00,51.9,64.3,420.0,19.3,45.4,173.0
2025-01-31 16:00:00,53.7,65.4,437.0,28.7,41.5,154.0
2025-01-31 17:00:00,88.0,104.3,558.0,45.3,43.5,130.0
2025-01-31 18:00:00,117.1,133.6,855.0,66.0,52.5,100.0
2025-01-31 19:00:00,146.2,163.0,1255.0,93.9,64.5,58.0
2025-01-31 20:00:00,167.2,182.5,1543.0,111.2,71.4,28.0
2025-01-31 21:00:00,170.0,183.9,1633.0,108.5,68.7,21.0
2025-01-31 22:00:00,157.4,169.5,1611.0,95.2,60.9,27.0
2025-01-31 23:00:00,141.6,152.7,1521.0,80.6,52.6,34.0
2025-02-01 00:00:00,125.7,135.5,1334.0,66.9,44.7,42.0
2025-02-01 01:00:00,114.1,123.4,1080.0,52.0,36.4,51.0
2025-02-01 02:00:00,105.7,114.6,892.0,39.5,29.9,59.0
2025-02-01 03:00:00,99.7,108.5,798.0,29.8,26.0,63.0
2025-02-01 04:00:00,95.2,104.5,771.0,22.6,24.0,66.0
2025-02-01 05:00:00,129.5,139.2,858.0,45.5,31.4,38.0
2025-02-01 06:00:00,124.3,134.6,1185.0,47.6,32.8,35.0
2025-02-01 07:00:00,129.0,138.8,1627.0,50.2,34.6,33.0
2025-02-01 08:00:00,129.5,139.2,1854.0,49.4,36.2,44.0
2025-02-01 09:00:00,124.8,133.2,1667.0,42.3,37.4,82.0
2025-02-01 10:00:00,111.1,123.9,1266.0,31.8,38.3,134.0
2025-02-01 11:00:00,93.1,109.9,919.0,22.8,38.1,172.0
2025-02-01 12:00:00,74.3,92.4,714.0,15.8,35.6,187.0
2025-02-01 13:00:00,59.6,78.0,564.0,10.3,32.0,188.0
2025-02-01 14:00:00,51.1,69.8,473.0,9.9,29.8,181.0
2025-02-01 15:00:00,49.4,67.8,436.0,17.5,29.9,165.0
2025-02-01 16:00:00,52.6,69.6,459.0,30.3,31.4,141.0
2025-02-01 17:00:00,90.3,107.6,567.0,32.2,28.4,104.0
2025-02-01 18:00:00,94.8,106.9,857.0,34.0,28.7,93.0
2025-02-01 19:00:00,94.5,104.5,1232.0,36.4,29.2,77.0
2025-02-01 20:00:00,94.1,103.1,1432.0,37.4,29.1,65.0
2025-02-01 21:00:00,94.1,102.9,1289.0,35.9,28.2,60.0
2025-02-01 22:00:00,94.8,104.3,971.0,32.9,26.8,59.0
2025-02-01 23:00:00,95.2,105.7,720.0,29.8,25.4,59.0
2025-02-02 00:00:00,95.7,106.4,632.0,26.7,24.0,59.0
2025-02-02 01:00:00,98.0,109.0,611.0,23.3,22.7,59.0
2025-02-02 02:00:00,101.3,112.5,606.0,20.4,22.3,60.0
2025-02-02 03:00:00,102.7,114.1,578.0,17.2,23.3,63.0
2025-02-02 04:00:00,102.4,115.0,566.0,14.4,25.2,67.0
2025-02-02 05:00:00,101.7,114.6,635.0,16.1,24.4,63.0
2025-02-02 06:00:00,104.1,117.8,885.0,23.4,27.8,56.0
2025-02-02 07:00:00,113.4,128.1,1216.0,33.2,32.7,47.0
2025-02-02 08:00:00,122.0,136.0,1390.0,38.0,37.8,48.0
2025-02-02 09:00:00,123.4,138.3,1262.0,33.3,44.1,68.0
2025-02-02 10:00:00,117.3,136.0,977.0,23.8,50.6,99.0
2025-02-02 11:00:00,102.7,122.9,737.0,15.8,53.2,124.0
2025-02-02 12:00:00,87.5,108.5,611.0,11.5,48.6,141.0
2025-02-02 13:00:00,76.8,97.3,530.0,8.8,40.1,152.0
2025-02-02 14:00:00,68.7,86.8,491.0,8.2,33.0,156.0
2025-02-02 15:00:00,63.1,78.2,499.0,9.7,29.1,148.0
2025-02-02 16:00:00,61.2,72.9,550.0,13.3,26.6,132.0
2025-02-02 17:00:00,83.6,96.9,626.0,22.2,28.5,106.0
2025-02-02 18:00:00,92.9,103.1,742.0,29.4,29.8,90.0
2025-02-02 19:00:00,100.6,109.4,884.0,39.2,31.7,69.0
2025-02-02 20:00:00,107.1,115.3,992.0,46.0,32.8,52.0
2025-02-02 21:00:00,111.3,119.2,1051.0,47.5,33.0,44.0
2025-02-02 22:00:00,115.0,122.9,1075.0,45.9,32.5,42.0
2025-02-02 23:00:00,115.9,123.9,1047.0,42.7,31.1,41.0
2025-02-03 00:00:00,112.9,120.6,926.0,37.4,28.0,42.0
2025-02-03 01:00:00,109.4,117.1,753.0,30.4,23.9,45.0
2025-02-03 02:00:00,105.7,112.7,634.0,24.7,20.8,48.0
2025-02-03 03:00:00,102.4,108.7,590.0,20.8,19.1,50.0
2025-02-03 04:00:00,100.6,106.6,599.0,18.1,18.3,52.0
2025-02-03 05:00:00,104.3,110.6,704.0,17.8,18.8,52.0
2025-02-03 06:00:00,104.3,110.6,1016.0,23.1,21.0,47.0
2025-02-03 07:00:00,110.1,116.2,1423.0,30.1,24.0,41.0
2025-02-03 08:00:00,112.7,118.5,1631.0,33.1,26.3,46.0
2025-02-03 09:00:00,111.3,115.9,1451.0,28.3,27.2,72.0
2025-02-03 10:00:00,95.2,101.0,1072.0,19.6,27.3,108.0
2025-02-03 11:00:00,58.4,63.3,762.0,12.7,27.1,137.0
2025-02-03 12:00:00,45.8,49.6,617.0,9.4,26.3,151.0
2025-02-03 13:00:00,41.8,45.4,542.0,8.0,25.2,156.0
2025-02-03 14:00:00,41.2,44.7,515.0,9.1,24.9,155.0
2025-02-03 15:00:00,41.4,44.9,521.0,12.1,25.4,146.0
2025-02-03 16:00:00,43.8,47.0,575.0,17.6,26.7,131.0
2025-02-03 17:00:00,53.2,55.1,706.0,29.5,33.3,113.0
2025-02-03 18:00:00,79.6,81.5,992.0,51.4,43.2,84.0
2025-02-03 19:00:00,110.1,112.0,1355.0,81.4,57.0,45.0
2025-02-03 20:00:00,136.4,138.3,1589.0,103.3,68.8,15.0
2025-02-03 21:00:00,157.4,159.3,1589.0,109.6,78.2,5.0
2025-02-03 22:00:00,174.2,176.0,1460.0,107.7,85.7,5.0
2025-02-03 23:00:00,178.8,181.1,1318.0,103.3,86.6,7.0
2025-02-04 00:00:00,159.3,161.1,1188.0,97.9,76.2,8.0
2025-02-04 01:00:00,146.2,148.5,1044.0,90.0,59.3,11.0
2025-02-04 02:00:00,138.3,140.2,929.0,80.5,45.5,16.0
2025-02-04 03:00:00,122.9,124.8,836.0,67.6,38.7,26.0
2025-02-04 04:00:00,113.4,115.7,771.0,53.2,35.0,38.0
2025-02-04 05:00:00,89.6,91.7,791.0,24.3,26.5,64.0
2025-02-04 06:00:00,91.5,93.8,988.0,35.3,30.7,50.0
2025-02-04 07:00:00,109.2,111.5,1271.0,50.2,36.6,32.0
2025-02-04 08:00:00,123.4,125.3,1421.0,58.4,41.4,28.0
2025-02-04 09:00:00,99.0,101.7,1314.0,53.7,44.0,50.0
2025-02-04 10:00:00,78.9,82.4,1074.0,42.4,45.6,85.0
2025-02-04 11:00:00,65.4,69.2,853.0,33.0,47.1,112.0
2025-02-04 12:00:00,52.3,55.8,681.0,28.0,48.9,123.0
2025-02-04 13:00:00,46.8,49.8,528.0,24.9,50.6,126.0
2025-02-04 14:00:00,45.4,48.2,451.0,24.5,51.6,123.0
2025-02-04 15:00:00,45.3,47.7,454.0,27.6,51.2,114.0
2025-02-04 16:00:00,46.4,48.7,533.0,33.3,50.1,98.0
2025-02-04 17:00:00,68.0,71.2,740.0,43.0,49.4,71.0
2025-02-04 18:00:00,78.5,81.3,1232.0,54.4,52.4,53.0
2025-02-04 19:00:00,92.2,94.8,1850.0,70.1,56.7,28.0
2025-02-04 20:00:00,108.0,110.6,2173.0,81.7,61.1,9.0
2025-02-04 21:00:00,117.8,120.6,1928.0,86.8,67.0,1.0
2025-02-04 22:00:00,126.7,129.9,1387.0,87.8,73.1,0.0
2025-02-04 23:00:00,134.1,136.9,941.0,83.9,73.5,2.0
2025-02-05 00:00:00,115.5,117.1,734.0,72.3,63.6,10.0
2025-02-05 01:00:00,103.1,104.5,621.0,55.8,48.1,23.0
2025-02-05 02:00:00,95.9,97.3,561.0,41.4,35.6,33.0
2025-02-05 03:00:00,92.0,93.4,546.0,31.0,29.2,40.0
2025-02-05 04:00:00,89.9,91.5,584.0,22.7,25.8,45.0
2025-02-05 05:00:00,92.4,96.9,653.0,16.1,20.5,46.0
2025-02-05 06:00:00,93.6,97.6,788.0,21.9,22.8,37.0
2025-02-05 07:00:00,101.3,105.2,954.0,29.6,26.0,26.0
2025-02-05 08:00:00,108.0,111.5,1032.0,33.2,28.7,27.0
2025-02-05 09:00:00,99.0,103.4,943.0,28.8,30.9,53.0
2025-02-05 10:00:00,86.6,92.0,766.0,20.3,32.5,91.0
2025-02-05 11:00:00,68.9,75.2,614.0,13.2,32.4,122.0
2025-02-05 12:00:00,56.0,61.7,522.0,9.3,29.0,137.0
2025-02-05 13:00:00,45.8,51.2,455.0,6.8,23.7,144.0
2025-02-05 14:00:00,38.8,44.6,422.0,6.2,19.9,145.0
2025-02-05 15:00:00,36.1,42.1,421.0,7.8,18.9,138.0
2025-02-05 16:00:00,37.5,42.8,455.0,11.3,19.2,125.0
2025-02-05 17:00:00,36.6,43.3,539.0,15.6,19.4,106.0
2025-02-05 18:00:00,49.0,53.9,722.0,25.6,22.9,88.0
2025-02-05 19:00:00,58.9,63.3,956.0,39.2,27.7,65.0
2025-02-05 20:00:00,66.4,71.5,1109.0,47.8,30.9,48.0
2025-02-05 21:00:00,71.5,78.0,1122.0,47.1,31.2,45.0
2025-02-05 22:00:00,74.3,83.4,1054.0,41.3,29.9,50.0
2025-02-05 23:00:00,72.6,84.5,956.0,34.7,28.1,57.0
2025-02-06 00:00:00,68.0,81.5,818.0,27.8,25.7,65.0
2025-02-06 01:00:00,65.0,77.8,650.0,20.1,22.9,74.0
2025-02-06 02:00:00,63.3,72.9,534.0,14.3,21.3,82.0
2025-02-06 03:00:00,62.2,68.2,495.0,11.3,22.0,86.0
2025-02-06 04:00:00,61.0,64.7,506.0,10.2,24.1,89.0
2025-02-06 05:00:00,63.8,67.3,573.0,11.6,25.1,85.0
2025-02-06 06:00:00,64.5,67.8,755.0,16.9,27.0,78.0
2025-02-06 07:00:00,70.1,73.8,993.0,23.9,29.5,70.0
2025-02-06 08:00:00,74.0,78.0,1106.0,27.2,31.1,71.0
2025-02-06 09:00:00,73.8,77.8,978.0,23.0,31.0,89.0
2025-02-06 10:00:00,65.2,71.5,727.0,15.1,30.0,115.0
2025-02-06 11:00:00,51.7,59.6,524.0,8.9,28.2,135.0
2025-02-06 12:00:00,43.1,51.2,433.0,6.4,25.2,143.0
2025-02-06 13:00:00,40.5,47.6,390.0,5.6,21.5,144.0
2025-02-06 14:00:00,40.0,46.4,378.0,5.9,18.7,141.0
2025-02-06 15:00:00,39.8,45.3,402.0,7.3,17.4,134.0
2025-02-06 16:00:00,40.4,48.9,457.0,9.8,17.0,123.0
2025-02-06 17:00:00,42.0,64.5,509.0,13.0,18.1,109.0
2025-02-06 18:00:00,48.9,96.4,548.0,16.3,19.2,100.0
2025-02-06 19:00:00,57.0,134.6,583.0,20.9,20.8,87.0
2025-02-06 20:00:00,63.8,158.8,611.0,24.0,21.8,77.0
2025-02-06 21:00:00,67.5,157.9,631.0,24.5,22.0,72.0
2025-02-06 22:00:00,69.4,140.2,644.0,23.4,21.7,69.0
2025-02-06 23:00:00,69.8,120.1,646.0,21.6,21.0,68.0
2025-02-07 00:00:00,67.5,104.5,628.0,18.6,19.5,69.0
2025-02-07 01:00:00,65.2,99.0,599.0,14.8,17.6,72.0
2025-02-07 02:00:00,63.1,98.0,581.0,11.9,16.2,75.0
2025-02-07 03:00:00,61.5,97.8,577.0,10.0,15.5,77.0
2025-02-07 04:00:00,59.6,96.4,584.0,9.0,15.2,78.0
2025-02-07 05:00:00,61.0,95.0,621.0,10.7,16.4,74.0
2025-02-07 06:00:00,60.3,94.3,726.0,15.2,18.3,67.0
2025-02-07 07:00:00,62.9,97.1,860.0,21.1,20.9,58.0
2025-02-07 08:00:00,64.7,97.1,924.0,24.1,23.0,58.0
2025-02-07 09:00:00,62.6,97.6,857.0,21.3,24.4,73.0
2025-02-07 10:00:00,55.8,94.8,720.0,15.5,25.3,97.0
2025-02-07 11:00:00,48.0,76.6,598.0,10.7,25.2,117.0
2025-02-07 12:00:00,39.7,58.8,512.0,8.2,23.6,131.0
2025-02-07 13:00:00,33.4,51.6,440.0,6.7,21.0,141.0
2025-02-07 14:00:00,32.2,60.1,401.0,6.5,19.0,145.0
2025-02-07 15:00:00,34.3,83.6,408.0,7.9,18.1,140.0
2025-02-07 16:00:00,37.6,105.5,448.0,10.5,17.9,130.0
2025-02-07 17:00:00,36.4,115.5,498.0,13.7,18.9,117.0
2025-02-07 18:00:00,43.5,136.9,565.0,18.3,20.1,105.0
2025-02-07 19:00:00,49.7,147.1,642.0,24.6,21.8,89.0
2025-02-07 20:00:00,52.2,141.6,690.0,28.6,22.7,77.0
2025-02-07 21:00:00,50.2,118.3,687.0,28.3,22.2,72.0
2025-02-07 22:00:00,47.6,90.8,654.0,25.7,21.0,71.0
2025-02-07 23:00:00,44.7,70.1,613.0,22.7,19.7,71.0
2025-02-08 00:00:00,42.5,59.3,559.0,19.7,18.3,72.0
2025-02-08 01:00:00,42.1,57.4,496.0,16.3,16.8,73.0
2025-02-08 02:00:00,42.7,60.1,458.0,13.8,15.8,74.0
2025-02-08 03:00:00,43.7,64.5,449.0,12.1,15.6,74.0
2025-02-08 04:00:00,44.2,69.2,466.0,11.3,15.9,74.0
2025-02-08 05:00:00,44.8,71.2,528.0,12.1,16.6,73.0
2025-02-08 06:00:00,45.4,73.1,688.0,16.9,18.2,65.0
2025-02-08 07:00:00,49.6,78.5,894.0,23.4,20.4,55.0
2025-02-08 08:00:00,54.1,82.4,1008.0,26.7,22.1,54.0
2025-02-08 09:00:00,53.9,82.0,949.0,23.8,22.9,70.0
2025-02-08 10:00:00,51.3,83.8,799.0,17.7,23.3,95.0
2025-02-08 11:00:00,45.9,69.8,665.0,12.7,23.3,117.0
2025-02-08 12:00:00,39.7,53.8,575.0,9.8,22.7,132.0
2025-02-08 13:00:00,34.5,44.8,502.0,8.0,21.8,144.0
2025-02-08 14:00:00,31.8,44.2,466.0,8.0,21.2,148.0
2025-02-08 15:00:00,31.9,53.1,473.0,9.8,21.1,142.0
2025-02-08 16:00:00,34.6,68.5,518.0,13.5,21.5,128.0
2025-02-08 17:00:00,43.1,95.9,607.0,20.0,23.3,114.0
2025-02-08 18:00:00,58.2,127.1,788.0,32.7,26.6,93.0
2025-02-08 19:00:00,71.9,162.1,1013.0,50.0,31.0,64.0
2025-02-08 20:00:00,82.0,185.8,1145.0,61.1,33.8,44.0
2025-02-08 21:00:00,84.3,191.9,1102.0,60.4,33.7,40.0
2025-02-08 22:00:00,83.1,189.1,965.0,53.5,31.9,44.0
2025-02-08 23:00:00,80.1,181.1,842.0,46.2,29.7,48.0
2025-02-09 00:00:00,74.7,166.7,765.0,40.0,26.9,51.0
2025-02-09 01:00:00,70.5,150.9,701.0,33.4,23.5,54.0
2025-02-09 02:00:00,66.8,134.6,657.0,28.2,21.0,56.0
2025-02-09 03:00:00,63.3,117.3,605.0,24.6,19.7,56.0
2025-02-09 04:00:00,61.9,101.7,573.0,22.3,19.2,55.0
2025-02-09 05:00:00,63.6,92.7,653.0,22.9,20.1,54.0
2025-02-09 06:00:00,67.8,85.2,976.0,29.1,23.3,46.0
2025-02-09 07:00:00,79.6,90.6,1411.0,37.2,27.8,37.0
2025-02-09 08:00:00,89.2,95.2,1660.0,41.0,31.3,41.0
2025-02-09 09:00:00,86.4,90.1,1551.0,36.2,33.1,71.0
2025-02-09 10:00:00,78.2,80.8,1255.0,27.1,34.0,115.0
2025-02-09 11:00:00,63.8,65.9,988.0,19.4,34.4,149.0
2025-02-09 12:00:00,49.8,51.7,812.0,15.0,34.4,164.0
2025-02-09 13:00:00,41.1,43.3,665.0,12.1,33.9,169.0
2025-02-09 14:00:00,38.3,41.1,580.0,11.4,33.1,167.0
2025-02-09 15:00:00,36.8,40.3,557.0,12.8,31.6,158.0
2025-02-09 16:00:00,38.0,41.6,597.0,16.4,29.9,141.0
2025-02-09 17:00:00,54.0,57.9,732.0,28.3,36.2,130.0
2025-02-09 18:00:00,72.9,75.9,1034.0,45.6,38.9,102.0
2025-02-09 19:00:00,90.1,92.4,1432.0,69.4,42.8,62.0
2025-02-09 20:00:00,105.7,108.0,1741.0,86.4,45.9,33.0
2025-02-09 21:00:00,119.0,121.5,1901.0,90.4,48.2,22.0
2025-02-09 22:00:00,129.9,132.7,1971.0,87.5,49.9,22.0
2025-02-09 23:00:00,133.2,136.9,1952.0,82.9,49.6,23.0
2025-02-10 00:00:00,130.9,136.4,1792.0,77.4,45.7,26.0
2025-02-10 01:00:00,128.5,136.9,1542.0,70.2,39.9,31.0
2025-02-10 02:00:00,126.2,137.4,1351.0,63.9,35.5,34.0
2025-02-10 03:00:00,125.3,138.8,1263.0,59.0,33.6,34.0
2025-02-10 04:00:00,125.7,141.1,1235.0,55.1,33.1,33.0
2025-02-10 05:00:00,125.7,141.6,1288.0,46.1,33.7,43.0
2025-02-10 06:00:00,130.4,145.3,1518.0,51.4,37.5,37.0
2025-02-10 07:00:00,143.9,157.9,1830.0,58.2,42.7,30.0
2025-02-10 08:00:00,146.7,156.0,1954.0,59.3,46.1,39.0
2025-02-10 09:00:00,127.1,134.6,1719.0,49.4,46.5,77.0
2025-02-10 10:00:00,95.5,104.5,1297.0,33.8,45.2,131.0
2025-02-10 11:00:00,66.6,75.4,934.0,21.1,42.3,170.0
2025-02-10 12:00:00,43.7,51.3,708.0,14.0,37.0,183.0
2025-02-10 13:00:00,32.4,37.8,542.0,9.7,30.2,181.0
2025-02-10 14:00:00,26.7,30.7,450.0,8.4,25.1,174.0
2025-02-10 15:00:00,24.1,27.4,441.0,9.3,22.7,164.0
2025-02-10 16:00:00,25.6,28.2,507.0,13.0,22.1,148.0
2025-02-10 17:00:00,53.3,61.9,633.0,26.3,28.2,127.0
2025-02-10 18:00:00,74.5,82.0,864.0,45.2,34.3,99.0
2025-02-10 19:00:00,94.8,102.2,1155.0,71.0,42.6,60.0
2025-02-10 20:00:00,110.1,117.6,1359.0,88.3,48.5,31.0
2025-02-10 21:00:00,119.2,126.7,1406.0,89.7,50.1,23.0
2025-02-10 22:00:00,124.8,131.8,1366.0,82.7,49.4,25.0
2025-02-10 23:00:00,126.2,133.2,1301.0,74.2,47.3,29.0
2025-02-11 00:00:00,123.9,130.9,1204.0,64.8,43.2,34.0
2025-02-11 01:00:00,122.5,129.0,1083.0,54.0,37.8,41.0
2025-02-11 02:00:00,121.5,128.5,1018.0,46.6,33.9,43.0
2025-02-11 03:00:00,124.8,131.8,1022.0,45.6,32.2,36.0
2025-02-11 04:00:00,131.3,138.8,1083.0,48.0,31.9,26.0
2025-02-11 05:00:00,134.6,142.5,1245.0,44.3,34.7,33.0
2025-02-11 06:00:00,143.9,151.3,1651.0,49.3,39.0,29.0
2025-02-11 07:00:00,156.9,164.8,2159.0,55.7,45.1,25.0
2025-02-11 08:00:00,158.3,163.9,2387.0,56.9,50.0,35.0
2025-02-11 09:00:00,138.8,143.9,2087.0,48.3,53.6,71.0
2025-02-11 10:00:00,106.2,114.8,1507.0,34.6,56.2,120.0
2025-02-11 11:00:00,70.8,83.4,1014.0,22.9,55.3,157.0
2025-02-11 12:00:00,50.3,64.0,730.0,15.4,48.4,173.0
2025-02-11 13:00:00,42.1,55.4,534.0,10.1,38.2,177.0
2025-02-11 14:00:00,36.8,51.3,427.0,7.9,30.2,173.0
2025-02-11 15:00:00,34.0,50.5,429.0,8.7,26.2,161.0
2025-02-11 16:00:00,35.7,52.4,520.0,12.7,24.5,142.0
2025-02-11 17:00:00,56.1,78.7,645.0,28.6,32.1,126.0
2025-02-11 18:00:00,81.3,100.4,824.0,46.9,38.9,99.0
2025-02-11 19:00:00,101.0,119.2,1036.0,71.6,48.0,62.0
2025-02-11 20:00:00,107.8,124.3,1170.0,86.6,53.8,36.0
2025-02-11 21:00:00,106.6,121.1,1161.0,83.3,53.4,32.0
2025-02-11 22:00:00,100.8,113.9,1073.0,70.3,49.5,38.0
2025-02-11 23:00:00,92.7,104.3,986.0,57.1,44.7,45.0
2025-02-12 00:00:00,82.4,93.1,922.0,45.7,38.9,49.0
2025-02-12 01:00:00,74.3,84.8,859.0,34.1,32.1,53.0
2025-02-12 02:00:00,68.2,78.5,812.0,25.3,26.8,55.0
2025-02-12 03:00:00,63.1,72.9,779.0,20.5,23.9,54.0
2025-02-12 04:00:00,58.9,69.8,763.0,18.4,22.5,50.0
2025-02-12 05:00:00,61.9,81.5,788.0,17.2,21.5,47.0
2025-02-12 06:00:00,58.2,83.6,906.0,21.5,23.3,41.0
2025-02-12 07:00:00,59.0,89.9,1065.0,27.2,25.7,33.0
2025-02-12 08:00:00,61.2,92.9,1128.0,29.6,27.6,36.0
2025-02-12 09:00:00,58.8,95.7,1008.0,25.8,29.0,58.0
2025-02-12 10:00:00,53.7,95.0,793.0,18.8,29.8,91.0
2025-02-12 11:00:00,44.9,78.0,610.0,12.8,28.9,117.0
2025-02-12 12:00:00,37.0,63.8,500.0,8.9,24.8,130.0
2025-02-12 13:00:00,31.9,57.0,422.0,5.9,19.1,137.0
2025-02-12 14:00:00,28.9,64.0,377.0,4.7,14.7,138.0
2025-02-12 15:00:00,30.2,97.6,378.0,5.8,13.0,133.0
2025-02-12 16:00:00,34.9,136.9,412.0,8.6,12.7,122.0
2025-02-12 17:00:00,42.1,218.4,448.0,11.4,13.2,109.0
2025-02-12 18:00:00,48.7,224.4,481.0,14.8,14.7,100.0
2025-02-12 19:00:00,53.0,227.7,515.0,19.5,16.8,88.0
2025-02-12 20:00:00,54.8,219.8,532.0,22.7,18.3,78.0
2025-02-12 21:00:00,54.5,194.6,521.0,23.2,18.6,73.0
2025-02-12 22:00:00,52.6,157.9,494.0,22.2,18.2,71.0
2025-02-12 23:00:00,48.4,121.5,465.0,20.6,17.5,70.0
2025-02-13 00:00:00,44.2,96.2,432.0,18.3,16.3,70.0
2025-02-13 01:00:00,41.4,82.4,398.0,15.3,14.8,72.0
2025-02-13 02:00:00,39.7,76.1,385.0,13.1,13.8,74.0
2025-02-13 03:00:00,38.3,72.9,400.0,11.6,13.4,76.0
2025-02-13 04:00:00,37.5,71.0,436.0,10.7,13.4,78.0
2025-02-13 05:00:00,39.1,85.0,502.0,10.8,14.9,81.0
2025-02-13 06:00:00,41.9,91.5,636.0,15.2,16.6,74.0
2025-02-13 07:00:00,46.6,96.9,800.0,21.0,18.9,64.0
2025-02-13 08:00:00,49.5,91.3,884.0,23.7,20.4,63.0
2025-02-13 09:00:00,48.5,84.5,819.0,20.1,20.4,78.0
2025-02-13 10:00:00,42.0,69.2,675.0,13.3,19.6,102.0
2025-02-13 11:00:00,30.3,44.9,551.0,8.0,18.4,121.0
2025-02-13 12:00:00,22.7,33.5,481.0,5.8,16.6,130.0
2025-02-13 13:00:00,21.1,39.7,431.0,5.0,14.4,134.0
2025-02-13 14:00:00,24.0,67.8,404.0,5.3,12.9,134.0
2025-02-13 15:00:00,29.4,119.0,407.0,6.8,12.6,130.0
2025-02-13 16:00:00,36.7,166.7,432.0,9.3,13.1,122.0
2025-02-13 17:00:00,56.6,277.5,457.0,12.0,14.1,107.0
2025-02-13 18:00:00,63.6,293.4,477.0,15.5,15.3,98.0
2025-02-13 19:00:00,67.3,288.7,496.0,20.2,16.9,86.0
2025-02-13 20:00:00,67.3,269.2,507.0,23.5,18.1,77.0
2025-02-13 21:00:00,63.3,226.8,506.0,24.1,18.4,73.0
2025-02-13 22:00:00,58.3,172.3,497.0,23.1,18.2,71.0
2025-02-13 23:00:00,52.9,125.3,478.0,21.7,17.7,70.0
2025-02-14 00:00:00,47.6,93.6,438.0,19.7,16.8,69.0
2025-02-14 01:00:00,45.8,79.4,389.0,17.2,15.7,67.0
2025-02-14 02:00:00,45.2,74.7,360.0,15.4,14.9,66.0
2025-02-14 03:00:00,44.9,72.9,356.0,14.2,14.6,64.0
2025-02-14 04:00:00,44.8,71.7,373.0,13.7,14.7,63.0
2025-02-14 05:00:00,44.1,83.4,432.0,12.5,16.4,68.0
2025-02-14 06:00:00,45.6,87.3,586.0,16.9,18.4,61.0
2025-02-14 07:00:00,49.9,93.4,782.0,22.7,21.1,51.0
2025-02-14 08:00:00,54.1,93.6,888.0,25.4,23.1,51.0
2025-02-14 09:00:00,54.1,92.7,817.0,22.2,24.0,68.0
2025-02-14 10:00:00,49.5,87.3,655.0,16.0,24.1,93.0
2025-02-14 11:00:00,40.0,64.5,526.0,10.9,23.7,115.0
2025-02-14 12:00:00,31.3,45.4,475.0,8.3,22.3,129.0
2025-02-14 13:00:00,28.2,39.5,455.0,6.7,20.4,138.0
2025-02-14 14:00:00,27.5,41.1,454.0,6.7,18.9,142.0
2025-02-14 15:00:00,28.6,49.1,467.0,8.3,18.3,138.0
2025-02-14 16:00:00,31.3,58.8,499.0,11.3,18.2,128.0
2025-02-14 17:00:00,38.3,95.9,544.0,15.4,18.6,107.0
2025-02-14 18:00:00,46.8,114.1,614.0,20.2,19.7,97.0
2025-02-14 19:00:00,52.9,128.5,698.0,26.8,21.2,83.0
2025-02-14 20:00:00,57.0,143.4,760.0,31.3,22.3,72.0
2025-02-14 21:00:00,60.3,150.9,782.0,31.9,22.9,68.0
2025-02-14 22:00:00,62.4,148.1,782.0,30.4,23.2,67.0
2025-02-14 23:00:00,63.1,137.4,779.0,28.4,22.9,67.0
2025-02-15 00:00:00,61.0,121.5,774.0,25.6,21.5,66.0
2025-02-15 01:00:00,59.8,107.8,766.0,22.3,19.5,65.0
2025-02-15 02:00:00,59.8,98.7,764.0,20.5,18.4,63.0
2025-02-15 03:00:00,61.2,94.1,734.0,20.4,17.9,58.0
2025-02-15 04:00:00,64.0,93.8,711.0,21.8,18.2,51.0
2025-02-15 05:00:00,75.0,102.9,813.0,27.1,21.6,43.0
2025-02-15 06:00:00,84.1,111.3,1205.0,36.3,28.4,36.0
2025-02-15 07:00:00,101.3,127.6,1722.0,48.5,37.6,27.0
2025-02-15 08:00:00,108.7,125.7,1982.0,53.6,43.5,32.0
2025-02-15 09:00:00,96.6,107.3,1746.0,45.0,43.2,62.0
2025-02-15 10:00:00,72.2,81.0,1252.0,29.4,39.7,105.0
2025-02-15 11:00:00,44.1,51.9,837.0,17.0,35.8,137.0
2025-02-15 12:00:00,30.5,39.6,622.0,11.7,32.0,146.0
2025-02-15 13:00:00,26.5,36.8,485.0,9.7,27.9,144.0
2025-02-15 14:00:00,26.3,37.4,398.0,9.8,25.1,138.0
2025-02-15 15:00:00,26.8,37.8,356.0,10.6,24.2,133.0
2025-02-15 16:00:00,27.3,38.1,364.0,13.5,24.6,124.0
2025-02-15 17:00:00,43.2,60.8,402.0,26.6,32.8,111.0
2025-02-15 18:00:00,60.3,74.5,467.0,44.3,35.8,84.0
2025-02-15 19:00:00,79.6,92.7,564.0,68.5,40.0,47.0
2025-02-15 20:00:00,95.2,108.3,684.0,85.9,43.2,20.0
2025-02-15 21:00:00,103.4,116.6,847.0,89.5,44.4,13.0
2025-02-15 22:00:00,103.6,118.0,1034.0,86.3,44.6,17.0
2025-02-15 23:00:00,101.3,117.6,1184.0,83.2,44.4,19.0
2025-02-16 00:00:00,101.0,119.7,1283.0,83.6,44.1,16.0
2025-02-16 01:00:00,109.4,128.5,1346.0,84.3,43.5,12.0
2025-02-16 02:00:00,120.6,138.8,1352.0,82.3,42.2,10.0
2025-02-16 03:00:00,120.6,136.4,1237.0,74.5,39.0,12.0
2025-02-16 04:00:00,112.5,127.1,1065.0,64.1,35.2,15.0
2025-02-16 05:00:00,138.3,154.6,1013.0,71.9,37.7,7.0
2025-02-16 06:00:00,141.6,157.4,1251.0,70.4,38.3,11.0
2025-02-16 07:00:00,149.0,164.4,1608.0,67.8,39.2,18.0
2025-02-16 08:00:00,142.5,153.7,1754.0,61.8,40.3,34.0
2025-02-16 09:00:00,109.2,120.6,1466.0,49.3,41.9,67.0
2025-02-16 10:00:00,82.9,99.2,966.0,33.5,43.8,109.0
2025-02-16 11:00:00,58.3,80.1,588.0,21.4,44.7,141.0
2025-02-16 12:00:00,47.5,72.9,479.0,16.0,44.0,154.0
2025-02-16 13:00:00,43.4,69.8,492.0,14.3,42.4,156.0
2025-02-16 14:00:00,41.0,66.1,520.0,14.5,40.7,153.0
2025-02-16 15:00:00,39.6,62.9,530.0,16.0,39.0,144.0
2025-02-16 16:00:00,41.1,61.7,554.0,19.4,37.2,130.0
2025-02-16 17:00:00,62.6,87.1,588.0,30.4,45.0,122.0
2025-02-16 18:00:00,75.7,95.7,630.0,38.4,45.5,101.0
2025-02-16 19:00:00,82.4,100.8,680.0,49.2,46.1,71.0
2025-02-16 20:00:00,83.4,102.4,739.0,55.4,45.3,49.0
2025-02-16 21:00:00,83.8,103.1,812.0,52.9,42.3,42.0
2025-02-16 22:00:00,82.9,103.1,892.0,45.8,37.9,43.0
2025-02-16 23:00:00,77.8,98.0,960.0,38.6,33.4,45.0
2025-02-17 00:00:00,71.2,89.6,1006.0,31.9,28.7,48.0
2025-02-17 01:00:00,68.2,82.9,1039.0,25.0,23.8,53.0
2025-02-17 02:00:00,68.2,79.6,1070.0,20.8,20.7,55.0
2025-02-17 03:00:00,70.5,79.4,1063.0,20.5,20.0,51.0
2025-02-17 04:00:00,75.9,83.1,1054.0,22.8,21.0,45.0
2025-02-17 05:00:00,100.1,109.0,1158.0,37.0,25.2,25.0
2025-02-17 06:00:00,109.9,119.7,1547.0,46.4,32.6,19.0
2025-02-17 07:00:00,131.3,142.5,2050.0,58.6,42.8,12.0
2025-02-17 08:00:00,143.0,150.9,2261.0,63.2,50.3,20.0
2025-02-17 09:00:00,113.4,118.7,1904.0,52.9,53.4,55.0
2025-02-17 10:00:00,80.8,87.5,1256.0,34.9,53.8,105.0
2025-02-17 11:00:00,55.6,62.9,745.0,20.3,51.4,142.0
2025-02-17 12:00:00,43.2,51.3,549.0,13.1,44.3,157.0
2025-02-17 13:00:00,37.1,47.0,490.0,9.3,34.4,160.0
2025-02-17 14:00:00,33.2,46.1,468.0,8.0,27.1,157.0
2025-02-17 15:00:00,31.5,46.3,435.0,8.6,24.4,148.0
2025-02-17 16:00:00,32.2,47.1,438.0,11.8,24.3,133.0
2025-02-17 17:00:00,39.6,56.9,518.0,19.0,24.3,108.0
2025-02-17 18:00:00,55.9,70.1,728.0,31.7,28.4,87.0
2025-02-17 19:00:00,71.2,83.1,1013.0,49.0,34.0,59.0
2025-02-17 20:00:00,80.3,92.7,1254.0,60.8,38.0,39.0
2025-02-17 21:00:00,84.5,98.3,1439.0,62.4,39.5,34.0
2025-02-17 22:00:00,88.9,104.3,1579.0,58.4,39.4,36.0
2025-02-17 23:00:00,89.6,108.0,1585.0,52.3,37.8,41.0
2025-02-18 00:00:00,84.5,108.0,1352.0,43.9,33.9,48.0
2025-02-18 01:00:00,77.8,106.4,985.0,33.4,28.4,56.0
2025-02-18 02:00:00,71.7,101.7,712.0,25.3,23.8,62.0
2025-02-18 03:00:00,68.0,95.0,595.0,20.6,20.5,63.0
2025-02-18 04:00:00,64.3,88.0,571.0,18.2,18.1,61.0
2025-02-18 05:00:00,78.9,95.2,680.0,23.7,21.5,52.0
2025-02-18 06:00:00,85.9,99.4,1053.0,32.9,26.1,41.0
2025-02-18 07:00:00,107.6,120.6,1560.0,45.1,32.4,28.0
2025-02-18 08:00:00,107.1,115.7,1841.0,51.1,37.0,27.0
2025-02-18 09:00:00,94.8,102.4,1692.0,45.3,38.9,49.0
2025-02-18 10:00:00,73.3,83.4,1318.0,33.3,39.2,83.0
2025-02-18 11:00:00,47.8,61.2,981.0,22.8,37.5,111.0
2025-02-18 12:00:00,32.4,46.1,757.0,15.8,32.5,127.0
2025-02-18 13:00:00,26.8,45.5,570.0,10.3,25.4,137.0
2025-02-18 14:00:00,24.4,45.2,446.0,7.3,19.9,140.0
2025-02-18 15:00:00,23.7,47.7,388.0,6.7,16.9,136.0
2025-02-18 16:00:00,24.5,54.8,393.0,8.7,15.4,125.0
2025-02-18 17:00:00,26.4,63.8,482.0,15.8,16.5,106.0
2025-02-18 18:00:00,39.8,92.4,718.0,25.8,19.3,88.0
2025-02-18 19:00:00,52.6,126.7,1037.0,39.7,23.2,64.0
2025-02-18 20:00:00,62.9,171.8,1269.0,49.9,26.2,45.0
2025-02-18 21:00:00,71.9,216.1,1341.0,53.6,27.8,36.0
2025-02-18 22:00:00,79.9,247.7,1327.0,53.6,28.5,32.0
2025-02-18 23:00:00,83.8,255.2,1274.0,51.6,28.1,31.0
2025-02-19 00:00:00,81.5,243.1,1169.0,46.8,25.7,32.0
2025-02-19 01:00:00,78.2,217.5,1026.0,39.9,22.2,35.0
2025-02-19 02:00:00,75.9,189.1,932.0,34.4,19.5,37.0
2025-02-19 03:00:00,74.7,163.4,914.0,31.6,18.3,36.0
2025-02-19 04:00:00,73.6,142.5,945.0,30.3,18.0,34.0
2025-02-19 05:00:00,67.3,123.4,1036.0,27.4,18.2,40.0
2025-02-19 06:00:00,66.1,107.1,1272.0,31.4,20.2,36.0
2025-02-19 07:00:00,72.9,100.4,1568.0,36.5,23.0,31.0
2025-02-19 08:00:00,76.4,95.2,1681.0,37.9,25.5,38.0
2025-02-19 09:00:00,71.2,85.4,1443.0,32.1,27.6,66.0
2025-02-19 10:00:00,61.5,72.4,1022.0,22.7,29.3,106.0
2025-02-19 11:00:00,43.9,52.9,682.0,15.0,30.1,137.0
2025-02-19 12:00:00,30.4,40.2,524.0,10.8,29.4,154.0
2025-02-19 13:00:00,27.8,38.8,447.0,8.4,27.6,164.0
2025-02-19 14:00:00,27.4,42.1,407.0,8.1,25.9,165.0
2025-02-19 15:00:00,27.2,46.1,368.0,8.7,23.6,157.0
2025-02-19 16:00:00,27.9,49.6,365.0,11.4,21.3,141.0
2025-02-19 17:00:00,41.0,56.0,463.0,22.2,25.2,128.0
2025-02-19 18:00:00,54.2,67.8,785.0,31.1,27.7,108.0
2025-02-19 19:00:00,64.7,77.3,1208.0,43.4,31.2,80.0
2025-02-19 20:00:00,69.4,85.0,1427.0,52.2,33.5,58.0
2025-02-19 21:00:00,76.4,91.3,1246.0,54.1,33.6,49.0
2025-02-19 22:00:00,84.8,99.9,861.0,52.6,32.5,46.0
2025-02-19 23:00:00,80.1,95.2,554.0,51.1,31.8,44.0
2025-02-20 00:00:00,79.2,93.6,442.0,51.8,32.2,40.0
2025-02-20 01:00:00,82.0,96.9,407.0,52.5,32.8,38.0
2025-02-20 02:00:00,85.0,102.0,382.0,50.7,32.7,38.0
2025-02-20 03:00:00,81.7,100.4,323.0,43.4,31.2,43.0
2025-02-20 04:00:00,71.5,91.0,274.0,33.6,28.9,52.0
2025-02-20 05:00:00,54.4,65.0,292.0,23.6,22.8,68.0
2025-02-20 06:00:00,48.5,59.3,456.0,28.3,23.6,64.0
2025-02-20 07:00:00,51.2,62.2,687.0,34.3,24.7,60.0
2025-02-20 08:00:00,53.6,65.9,815.0,36.3,24.8,62.0
2025-02-20 09:00:00,47.3,62.4,734.0,30.2,23.2,77.0
2025-02-20 10:00:00,33.5,55.9,548.0,20.0,20.6,99.0
2025-02-20 11:00:00,29.7,63.3,401.0,12.0,18.4,116.0
2025-02-20 12:00:00,31.7,96.2,346.0,8.4,16.8,125.0
2025-02-20 13:00:00,32.5,109.9,328.0,6.9,15.4,130.0
2025-02-20 14:00:00,35.9,130.9,328.0,6.9,14.8,131.0
2025-02-20 15:00:00,37.4,134.1,346.0,8.6,15.2,126.0
2025-02-20 16:00:00,38.9,133.2,382.0,11.8,16.3,117.0
2025-02-20 17:00:00,41.1,164.4,413.0,15.6,16.5,102.0
2025-02-20 18:00:00,43.3,160.7,433.0,19.6,17.7,91.0
2025-02-20 19:00:00,45.8,149.0,449.0,25.0,19.4,76.0
2025-02-20 20:00:00,44.8,130.4,461.0,28.0,20.5,67.0
2025-02-20 21:00:00,44.5,114.6,475.0,26.5,20.5,69.0
2025-02-20 22:00:00,46.7,102.2,486.0,22.7,19.9,77.0
2025-02-20 23:00:00,47.7,66.4,479.0,19.5,19.4,83.0
2025-02-21 00:00:00,46.8,56.2,437.0,17.7,19.2,83.0
2025-02-21 01:00:00,46.8,54.4,376.0,16.4,19.2,81.0
2025-02-21 02:00:00,48.0,61.9,334.0,15.9,19.1,78.0
2025-02-21 03:00:00,48.7,64.0,309.0,15.6,18.6,73.0
2025-02-21 04:00:00,48.5,67.5,303.0,16.1,18.1,67.0
2025-02-21 05:00:00,43.8,55.2,356.0,16.8,17.2,71.0
2025-02-21 06:00:00,48.3,60.8,532.0,25.5,20.6,62.0
2025-02-21 07:00:00,62.4,76.4,767.0,37.1,25.5,52.0
2025-02-21 08:00:00,68.5,82.0,906.0,43.5,30.5,54.0
2025-02-21 09:00:00,60.3,77.1,856.0,39.9,35.8,79.0
2025-02-21 10:00:00,60.5,82.9,710.0,31.1,41.2,117.0
2025-02-21 11:00:00,56.9,83.6,593.0,23.1,44.3,148.0
2025-02-21 12:00:00,51.1,81.7,556.0,17.5,43.8,168.0
2025-02-21 13:00:00,48.7,85.0,547.0,12.8,41.1,181.0
2025-02-21 14:00:00,47.0,85.2,534.0,10.0,38.0,186.0
2025-02-21 15:00:00,46.3,85.9,493.0,9.9,34.9,180.0
2025-02-21 16:00:00,44.9,87.3,447.0,11.8,31.4,166.0
2025-02-21 17:00:00,51.6,112.2,438.0,13.9,27.5,138.0
2025-02-21 18:00:00,54.6,120.1,499.0,17.4,26.7,120.0
2025-02-21 19:00:00,59.5,123.9,596.0,22.1,25.5,95.0
2025-02-21 20:00:00,62.9,126.7,667.0,25.7,24.3,75.0
2025-02-21 21:00:00,65.0,120.6,690.0,27.3,23.1,64.0
2025-02-21 22:00:00,67.1,113.4,688.0,27.7,21.9,57.0
2025-02-21 23:00:00,68.5,111.5,665.0,26.9,20.5,54.0
2025-02-22 00:00:00,67.8,114.3,609.0,24.1,18.8,55.0
2025-02-22 01:00:00,66.8,119.0,532.0,19.9,16.9,59.0
2025-02-22 02:00:00,65.7,119.2,480.0,16.7,15.4,61.0
2025-02-22 03:00:00,64.7,117.8,462.0,14.9,14.3,60.0
2025-02-22 04:00:00,63.1,114.3,469.0,13.9,13.5,58.0
2025-02-22 05:00:00,60.5,111.3,512.0,13.7,13.4,58.0
2025-02-22 06:00:00,59.6,107.6,637.0,16.6,14.7,56.0
2025-02-22 07:00:00,61.7,109.0,799.0,20.4,16.5,53.0
2025-02-22 08:00:00,63.8,100.6,877.0,21.9,18.5,59.0
2025-02-22 09:00:00,62.4,99.2,791.0,19.0,21.1,80.0
2025-02-22 10:00:00,58.1,97.3,621.0,13.9,23.9,110.0
2025-02-22 11:00:00,49.0,91.3,488.0,9.7,25.1,133.0
2025-02-22 12:00:00,40.0,84.5,443.0,7.4,23.6,144.0
2025-02-22 13:00:00,33.8,78.9,436.0,6.1,20.7,149.0
2025-02-22 14:00:00,30.6,82.2,436.0,5.9,18.1,148.0
2025-02-22 15:00:00,29.4,95.0,427.0,6.6,16.4,142.0
2025-02-22 16:00:00,29.6,114.8,426.0,8.4,15.0,130.0
2025-02-22 17:00:00,29.3,94.1,445.0,13.1,16.8,115.0
2025-02-22 18:00:00,38.5,107.8,508.0,20.4,18.6,99.0
2025-02-22 19:00:00,46.3,119.2,593.0,30.3,21.1,76.0
2025-02-22 20:00:00,49.8,125.3,646.0,37.4,22.8,59.0
2025-02-22 21:00:00,52.7,126.7,638.0,39.2,23.0,52.0
2025-02-22 22:00:00,55.3,127.6,599.0,38.1,22.4,50.0
2025-02-22 23:00:00,56.2,125.7,560.0,35.5,21.3,50.0
2025-02-23 00:00:00,53.7,121.1,528.0,31.1,19.3,53.0
2025-02-23 01:00:00,50.8,117.8,498.0,25.2,16.7,58.0
2025-02-23 02:00:00,48.9,115.0,484.0,20.6,14.9,62.0
2025-02-23 03:00:00,48.5,112.9,472.0,17.9,14.1,63.0
2025-02-23 04:00:00,49.0,110.1,477.0,16.5,13.9,61.0
2025-02-23 05:00:00,49.9,110.8,558.0,16.1,14.5,63.0
2025-02-23 06:00:00,52.9,99.7,817.0,22.3,16.7,54.0
2025-02-23 07:00:00,62.9,101.3,1152.0,30.5,19.8,43.0
2025-02-23 08:00:00,68.7,99.7,1317.0,34.2,22.8,46.0
2025-02-23 09:00:00,65.4,92.4,1149.0,28.9,25.8,76.0
2025-02-23 10:00:00,55.3,79.4,809.0,19.0,28.7,120.0
2025-02-23 11:00:00,39.6,66.8,540.0,11.2,29.9,153.0
2025-02-23 12:00:00,31.9,62.9,437.0,7.8,28.1,166.0
2025-02-23 13:00:00,28.6,64.5,403.0,6.4,24.7,169.0
2025-02-23 14:00:00,28.7,71.2,390.0,6.4,21.9,166.0
2025-02-23 15:00:00,28.1,77.5,367.0,6.6,20.2,160.0
2025-02-23 16:00:00,27.7,84.3,365.0,8.2,19.1,148.0
2025-02-23 17:00:00,29.6,73.8,429.0,15.3,20.8,136.0
2025-02-23 18:00:00,43.9,92.4,614.0,27.4,23.5,113.0
2025-02-23 19:00:00,57.6,102.9,864.0,44.0,27.3,81.0
2025-02-23 20:00:00,66.8,115.7,1062.0,56.3,30.2,56.0
2025-02-23 21:00:00,72.6,129.9,1167.0,60.4,31.6,45.0
2025-02-23 22:00:00,80.8,146.2,1220.0,60.2,32.2,40.0
2025-02-23 23:00:00,87.1,159.7,1217.0,58.3,31.7,38.0
2025-02-24 00:00:00,88.9,166.2,1130.0,54.7,29.7,37.0
2025-02-24 01:00:00,90.6,172.3,988.0,49.4,26.6,39.0
2025-02-24 02:00:00,89.4,172.8,879.0,44.5,24.2,41.0
2025-02-24 03:00:00,88.0,171.4,812.0,40.2,22.7,42.0
2025-02-24 04:00:00,87.1,165.8,778.0,36.3,21.7,43.0
2025-02-24 05:00:00,84.8,158.8,843.0,34.3,22.6,50.0
2025-02-24 06:00:00,87.1,154.1,1133.0,40.2,24.8,45.0
2025-02-24 07:00:00,98.3,163.0,1522.0,47.8,27.8,41.0
2025-02-24 08:00:00,95.9,135.0,1693.0,49.7,30.8,49.0
2025-02-24 09:00:00,84.1,122.0,1437.0,40.6,34.2,84.0
2025-02-24 10:00:00,64.3,99.7,964.0,25.8,37.6,132.0
2025-02-24 11:00:00,46.0,76.1,587.0,14.1,38.3,167.0
2025-02-24 12:00:00,35.2,66.4,429.0,9.0,34.3,178.0
2025-02-24 13:00:00,30.9,66.4,368.0,7.0,27.7,177.0
2025-02-24 14:00:00,29.2,70.3,342.0,6.7,22.4,171.0
2025-02-24 15:00:00,28.5,77.5,326.0,6.9,19.4,164.0
2025-02-24 16:00:00,28.9,85.4,347.0,8.8,17.6,152.0
2025-02-24 17:00:00,33.9,92.2,424.0,14.2,18.5,142.0
2025-02-24 18:00:00,46.9,112.5,588.0,23.5,21.1,122.0
2025-02-24 19:00:00,58.4,122.9,809.0,36.4,24.7,94.0
2025-02-24 20:00:00,65.2,137.8,1018.0,46.8,27.9,71.0
2025-02-24 21:00:00,72.4,153.7,1216.0,52.3,30.2,58.0
2025-02-24 22:00:00,80.1,165.8,1402.0,55.4,32.0,50.0
2025-02-24 23:00:00,88.7,176.5,1506.0,56.7,32.9,45.0
2025-02-25 00:00:00,95.9,190.5,1474.0,55.9,32.4,42.0
2025-02-25 01:00:00,97.3,193.2,1360.0,53.4,30.9,41.0
2025-02-25 02:00:00,97.1,195.1,1249.0,51.4,30.0,40.0
2025-02-25 03:00:00,98.5,194.6,1135.0,50.6,30.0,37.0
2025-02-25 04:00:00,99.9,190.5,1025.0,50.2,30.5,34.0
2025-02-25 05:00:00,101.3,189.1,1027.0,47.9,33.3,39.0
2025-02-25 06:00:00,110.1,193.7,1289.0,54.2,37.5,36.0
2025-02-25 07:00:00,124.3,201.6,1662.0,62.2,43.3,32.0
2025-02-25 08:00:00,109.9,157.4,1807.0,63.3,47.4,43.0
2025-02-25 09:00:00,91.5,141.1,1490.0,51.0,48.9,80.0
2025-02-25 10:00:00,71.9,131.3,946.0,31.8,48.9,131.0
2025-02-25 11:00:00,50.8,112.5,532.0,16.8,46.7,169.0
2025-02-25 12:00:00,41.4,100.4,406.0,10.3,40.9,183.0
2025-02-25 13:00:00,37.4,91.0,411.0,8.0,33.0,184.0
2025-02-25 14:00:00,35.0,83.1,439.0,8.0,27.5,180.0
2025-02-25 15:00:00,34.1,78.7,446.0,9.0,26.5,173.0
2025-02-25 16:00:00,34.5,75.9,476.0,12.3,27.9,160.0
2025-02-25 17:00:00,38.9,72.9,556.0,18.8,28.2,150.0
2025-02-25 18:00:00,57.7,78.9,705.0,36.2,32.3,122.0
2025-02-25 19:00:00,75.4,91.3,904.0,60.3,37.9,84.0
2025-02-25 20:00:00,87.5,101.5,1128.0,78.3,42.3,54.0
2025-02-25 21:00:00,96.6,110.6,1400.0,84.5,44.3,40.0
2025-02-25 22:00:00,105.9,121.1,1696.0,84.6,45.0,34.0
2025-02-25 23:00:00,111.5,129.5,1923.0,83.6,44.8,31.0
2025-02-26 00:00:00,112.9,134.1,2063.0,82.6,43.3,29.0
2025-02-26 01:00:00,114.8,138.8,2133.0,80.5,40.9,29.0
2025-02-26 02:00:00,115.3,143.0,2088.0,78.9,39.6,29.0
2025-02-26 03:00:00,115.7,145.3,1802.0,78.6,40.7,27.0
2025-02-26 04:00:00,117.6,148.5,1400.0,78.7,43.0,25.0
2025-02-26 05:00:00,108.5,136.9,1214.0,76.0,39.0,29.0
2025-02-26 06:00:00,110.6,139.2,1518.0,77.1,40.8,28.0
2025-02-26 07:00:00,108.5,152.3,2037.0,77.9,43.4,29.0
2025-02-26 08:00:00,98.7,161.6,2283.0,73.6,45.9,43.0
2025-02-26 09:00:00,92.2,156.0,1965.0,59.8,48.5,83.0
2025-02-26 10:00:00,75.2,157.9,1374.0,40.8,51.1,136.0
2025-02-26 11:00:00,57.4,143.0,891.0,25.7,52.2,178.0
2025-02-26 12:00:00,48.3,133.6,663.0,17.5,50.9,202.0
2025-02-26 13:00:00,46.0,132.7,543.0,13.0,48.0,215.0
2025-02-26 14:00:00,45.8,137.8,474.0,11.6,44.9,217.0
2025-02-26 15:00:00,46.6,144.8,417.0,13.8,41.4,206.0
2025-02-26 16:00:00,47.7,152.3,411.0,19.0,37.6,183.0
2025-02-26 17:00:00,50.5,152.3,516.0,26.3,38.6,162.0
2025-02-26 18:00:00,58.4,159.3,834.0,30.4,36.2,139.0
2025-02-26 19:00:00,56.8,129.5,1264.0,36.6,33.0,107.0
2025-02-26 20:00:00,59.8,126.7,1556.0,44.7,32.3,78.0
2025-02-26 21:00:00,69.2,142.0,1569.0,56.8,36.5,57.0
2025-02-26 22:00:00,86.4,168.6,1445.0,70.8,43.1,39.0
2025-02-26 23:00:00,98.0,183.0,1362.0,80.3,47.6,27.0
2025-02-27 00:00:00,94.8,182.5,1431.0,82.7,48.0,21.0
2025-02-27 01:00:00,96.2,190.0,1541.0,80.5,46.2,20.0
2025-02-27 02:00:00,98.0,195.1,1542.0,75.6,44.0,23.0
2025-02-27 03:00:00,88.5,204.0,1316.0,66.5,41.7,30.0
2025-02-27 04:00:00,81.0,177.9,981.0,54.6,38.9,40.0
2025-02-27 05:00:00,63.1,102.4,741.0,42.5,27.9,40.0
2025-02-27 06:00:00,61.5,90.8,703.0,41.8,28.8,43.0
2025-02-27 07:00:00,58.4,94.1,760.0,40.6,29.9,48.0
2025-02-27 08:00:00,58.6,90.8,789.0,38.1,29.7,54.0
2025-02-27 09:00:00,55.6,93.4,740.0,33.2,26.9,62.0
2025-02-27 10:00:00,51.1,97.6,664.0,26.9,22.8,72.0
2025-02-27 11:00:00,45.3,95.7,588.0,21.6,19.4,81.0
2025-02-27 12:00:00,42.0,136.9,509.0,17.6,17.4,89.0
2025-02-27 13:00:00,39.9,166.7,430.0,14.5,16.2,95.0
2025-02-27 14:00:00,38.3,162.1,392.0,13.5,15.7,97.0
2025-02-27 15:00:00,38.6,170.9,425.0,15.9,16.2,92.0
2025-02-27 16:00:00,40.9,194.2,499.0,20.3,17.4,83.0
2025-02-27 17:00:00,38.9,179.7,559.0,18.4,15.8,82.0
2025-02-27 18:00:00,39.5,173.2,590.0,20.0,16.8,78.0
2025-02-27 19:00:00,40.9,173.7,606.0,22.1,18.1,72.0
2025-02-27 20:00:00,42.8,196.5,603.0,23.4,19.1,68.0
2025-02-27 21:00:00,43.3,198.8,568.0,23.2,19.7,67.0
2025-02-27 22:00:00,43.3,191.9,513.0,22.2,19.9,66.0
2025-02-27 23:00:00,42.6,177.0,464.0,21.0,19.8,66.0
2025-02-28 00:00:00,40.5,147.1,429.0,19.8,19.1,64.0
2025-02-28 01:00:00,40.9,154.1,399.0,18.4,18.0,62.0
2025-02-28 02:00:00,33.3,79.6,374.0,17.1,16.8,61.0
2025-02-28 03:00:00,29.1,58.9,337.0,15.2,15.4,62.0
2025-02-28 04:00:00,30.7,98.0,305.0,13.4,14.0,64.0
2025-02-28 05:00:00,28.7,57.9,330.0,15.3,14.1,56.0
2025-02-28 06:00:00,29.2,57.4,479.0,21.0,15.8,49.0
2025-02-28 07:00:00,36.3,63.6,686.0,28.7,18.1,41.0
2025-02-28 08:00:00,42.0,71.9,803.0,33.6,20.5,37.0
2025-02-28 09:00:00,42.6,79.4,741.0,33.4,22.7,42.0
2025-02-28 10:00:00,41.6,81.0,590.0,30.4,24.9,53.0
2025-02-28 11:00:00,41.8,80.1,469.0,27.2,26.7,65.0
2025-02-28 12:00:00,45.9,77.8,424.0,24.0,27.9,81.0
2025-02-28 13:00:00,47.4,79.4,409.0,20.5,28.7,99.0
2025-02-28 14:00:00,44.9,83.8,413.0,18.5,29.9,112.0
2025-02-28 15:00:00,46.0,122.9,437.0,18.5,32.0,118.0
2025-02-28 16:00:00,45.9,124.3,479.0,19.9,34.5,120.0
2025-02-28 17:00:00,54.8,180.7,523.0,22.4,40.1,127.0
2025-02-28 18:00:00,67.8,181.1,571.0,37.7,41.6,99.0
2025-02-28 19:00:00,75.0,185.8,620.0,58.1,43.3,61.0
2025-02-28 20:00:00,77.1,193.7,647.0,67.8,41.8,37.0
2025-02-28 21:00:00,71.9,182.5,641.0,56.2,33.7,41.0
2025-02-28 22:00:00,49.6,94.3,613.0,33.9,22.4,59.0
2025-02-28 23:00:00,37.8,61.9,570.0,16.7,14.2,74.0
2025-03-01 00:00:00,35.9,60.5,499.0,11.5,12.3,78.0
2025-03-01 01:00:00,35.9,60.5,412.0,11.5,13.6,77.0
2025-03-01 02:00:00,35.9,60.8,354.0,11.9,14.6,77.0
2025-03-01 03:00:00,35.4,60.5,341.0,10.7,13.9,78.0
2025-03-01 04:00:00,34.3,58.7,357.0,9.9,12.9,79.0
2025-03-01 05:00:00,35.4,70.8,394.0,9.3,11.2,80.0
2025-03-01 06:00:00,34.9,69.2,468.0,17.0,13.6,70.0
2025-03-01 07:00:00,43.1,75.2,563.0,27.4,17.0,58.0
2025-03-01 08:00:00,48.0,76.1,625.0,33.8,20.6,55.0
2025-03-01 09:00:00,49.7,85.7,624.0,32.3,24.3,71.0
2025-03-01 10:00:00,53.9,97.1,591.0,26.7,28.3,97.0
2025-03-01 11:00:00,58.8,111.5,560.0,21.6,31.5,121.0
2025-03-01 12:00:00,60.3,121.1,535.0,17.8,33.4,142.0
2025-03-01 13:00:00,56.9,116.9,512.0,14.5,34.5,161.0
2025-03-01 14:00:00,54.7,114.3,518.0,13.4,36.3,174.0
2025-03-01 15:00:00,55.1,112.9,572.0,14.2,39.5,181.0
2025-03-01 16:00:00,57.9,115.5,655.0,17.2,43.2,183.0
2025-03-01 17:00:00,64.3,115.5,735.0,23.1,41.9,162.0
2025-03-01 18:00:00,72.4,107.3,818.0,30.1,40.7,137.0
2025-03-01 19:00:00,78.0,115.7,898.0,39.7,38.8,102.0
2025-03-01 20:00:00,83.6,121.1,930.0,46.4,36.9,73.0
2025-03-01 21:00:00,85.2,119.7,881.0,48.0,35.1,58.0
2025-03-01 22:00:00,85.2,117.6,784.0,46.6,33.2,49.0
2025-03-01 23:00:00,85.2,114.3,694.0,43.4,30.6,43.0
2025-03-02 00:00:00,81.3,107.1,624.0,37.7,26.3,40.0
2025-03-02 01:00:00,77.1,99.4,561.0,30.1,21.3,41.0
2025-03-02 02:00:00,72.6,92.0,523.0,23.9,18.2,42.0
2025-03-02 03:00:00,68.7,85.0,513.0,20.0,18.3,43.0
2025-03-02 04:00:00,65.2,79.2,527.0,17.5,20.3,43.0
2025-03-02 05:00:00,63.3,79.4,575.0,17.3,17.5,44.0
2025-03-02 06:00:00,63.1,78.0,697.0,20.4,19.7,39.0
2025-03-02 07:00:00,67.8,81.3,851.0,24.4,23.0,33.0
2025-03-02 08:00:00,70.5,81.5,923.0,26.1,26.4,37.0
2025-03-02 09:00:00,67.8,95.5,838.0,23.5,30.9,59.0
2025-03-02 10:00:00,61.7,110.1,670.0,18.6,35.6,90.0
2025-03-02 11:00:00,45.6,101.7,524.0,14.1,37.2,115.0
2025-03-02 12:00:00,37.5,102.9,427.0,10.5,33.2,128.0
2025-03-02 13:00:00,33.2,106.6,352.0,7.4,26.1,135.0
2025-03-02 14:00:00,31.3,127.6,320.0,6.3,20.3,136.0
2025-03-02 15:00:00,32.1,169.5,345.0,7.7,17.2,130.0
2025-03-02 16:00:00,37.8,234.7,413.0,11.1,15.3,118.0
2025-03-02 17:00:00,42.0,265.4,510.0,16.6,16.0,101.0
2025-03-02 18:00:00,54.2,288.7,669.0,26.2,17.7,83.0
2025-03-02 19:00:00,66.4,335.3,856.0,39.3,20.0,58.0
2025-03-02 20:00:00,75.0,384.6,956.0,47.7,21.5,41.0
2025-03-02 21:00:00,80.1,416.3,893.0,47.3,21.5,37.0
2025-03-02 22:00:00,83.1,426.5,742.0,42.3,20.6,41.0
2025-03-02 23:00:00,83.1,414.4,614.0,36.8,19.5,45.0
2025-03-03 00:00:00,80.3,385.6,542.0,31.9,18.1,49.0
2025-03-03 01:00:00,77.1,350.2,493.0,26.6,16.4,53.0
2025-03-03 02:00:00,73.1,308.3,472.0,22.3,15.2,57.0
2025-03-03 03:00:00,68.2,263.6,461.0,18.9,14.5,60.0
2025-03-03 04:00:00,62.9,213.7,477.0,16.7,14.4,62.0
2025-03-03 05:00:00,59.6,177.0,584.0,17.2,15.0,62.0
2025-03-03 06:00:00,56.8,141.1,896.0,24.2,17.2,54.0
2025-03-03 07:00:00,61.7,118.7,1298.0,33.6,20.3,45.0
2025-03-03 08:00:00,63.8,95.2,1505.0,38.5,23.6,49.0
2025-03-03 09:00:00,56.3,77.8,1337.0,34.7,27.4,80.0
2025-03-03 10:00:00,45.1,59.0,974.0,26.4,31.4,124.0
2025-03-03 11:00:00,33.6,44.0,677.0,19.4,34.1,158.0
2025-03-03 12:00:00,28.5,39.9,541.0,15.0,34.5,172.0
2025-03-03 13:00:00,26.5,43.1,470.0,11.9,33.7,176.0
2025-03-03 14:00:00,26.8,48.0,440.0,11.4,33.3,175.0
2025-03-03 15:00:00,28.1,52.6,445.0,13.4,34.0,171.0
2025-03-03 16:00:00,30.4,59.1,491.0,18.1,35.1,161.0
2025-03-03 17:00:00,41.4,83.4,571.0,26.7,36.0,143.0
2025-03-03 18:00:00,63.6,103.8,715.0,39.0,37.4,119.0
2025-03-03 19:00:00,74.7,134.1,893.0,55.5,39.3,85.0
2025-03-03 20:00:00,78.0,181.6,1003.0,65.5,40.0,61.0
2025-03-03 21:00:00,79.2,212.8,997.0,62.8,38.5,55.0
2025-03-03 22:00:00,79.4,217.9,923.0,53.6,35.9,59.0
2025-03-03 23:00:00,80.6,216.1,822.0,45.0,32.9,62.0
2025-03-04 00:00:00,79.2,206.8,685.0,39.1,29.4,61.0
2025-03-04 01:00:00,78.0,199.3,522.0,33.8,25.7,60.0
2025-03-04 02:00:00,76.8,196.0,401.0,30.8,23.4,57.0
2025-03-04 03:00:00,77.3,196.0,344.0,31.4,23.6,52.0
2025-03-04 04:00:00,79.4,203.0,328.0,34.3,25.2,45.0
2025-03-04 05:00:00,115.3,229.1,357.0,70.2,37.4,7.0
2025-03-04 06:00:00,107.6,213.3,471.0,61.9,36.0,13.0
2025-03-04 07:00:00,95.7,206.8,628.0,50.2,34.0,23.0
2025-03-04 08:00:00,82.7,173.7,708.0,38.6,31.8,39.0
2025-03-04 09:00:00,72.6,238.4,629.0,27.6,29.3,67.0
2025-03-04 10:00:00,73.8,317.6,473.0,16.8,26.6,101.0
2025-03-04 11:00:00,74.5,323.2,356.0,8.9,23.9,127.0
2025-03-04 12:00:00,69.4,291.5,333.0,5.2,20.9,139.0
2025-03-04 13:00:00,57.4,248.7,350.0,4.2,17.9,143.0
2025-03-04 14:00:00,51.6,249.6,366.0,4.6,15.9,143.0
2025-03-04 15:00:00,53.1,286.8,364.0,6.2,15.7,138.0
2025-03-04 16:00:00,60.5,362.3,360.0,9.1,16.4,130.0
2025-03-04 17:00:00,84.3,592.3,361.0,10.3,17.5,113.0
2025-03-04 18:00:00,98.7,672.4,373.0,12.5,17.7,106.0
2025-03-04 19:00:00,110.1,745.1,391.0,15.6,18.0,97.0
2025-03-04 20:00:00,117.8,771.1,404.0,17.5,17.9,89.0
2025-03-04 21:00:00,121.5,758.1,411.0,17.5,17.0,84.0
2025-03-04 22:00:00,123.9,739.5,414.0,16.4,15.7,79.0
2025-03-04 23:00:00,124.3,722.7,408.0,14.9,14.4,77.0
2025-03-05 00:00:00,123.4,707.8,385.0,12.9,13.0,77.0
2025-03-05 01:00:00,122.0,691.0,354.0,10.4,11.7,79.0
2025-03-05 02:00:00,119.2,676.1,333.0,8.5,10.7,81.0
2025-03-05 03:00:00,116.9,665.0,325.0,7.4,10.3,83.0
2025-03-05 04:00:00,116.4,672.4,327.0,6.8,10.2,85.0
2025-03-05 05:00:00,123.4,739.5,353.0,7.3,13.0,88.0
2025-03-05 06:00:00,122.5,733.9,432.0,10.5,14.2,81.0
2025-03-05 07:00:00,121.5,720.8,536.0,14.8,15.8,72.0
2025-03-05 08:00:00,118.3,603.5,587.0,16.9,16.9,70.0
2025-03-05 09:00:00,120.6,735.7,538.0,14.7,17.3,83.0
2025-03-05 10:00:00,109.2,713.4,437.0,10.3,17.3,103.0
2025-03-05 11:00:00,105.0,737.6,354.0,6.8,16.8,120.0
2025-03-05 12:00:00,114.3,853.1,314.0,5.2,15.5,130.0
2025-03-05 13:00:00,131.3,1020.7,291.0,4.6,13.8,136.0
2025-03-05 14:00:00,150.4,1195.8,283.0,4.9,12.5,138.0
2025-03-05 15:00:00,168.6,1348.6,292.0,6.8,12.3,135.0
2025-03-05 16:00:00,177.9,1382.1,315.0,9.7,12.5,128.0
2025-03-05 17:00:00,186.3,1438.0,337.0,12.0,12.7,122.0
2025-03-05 18:00:00,186.7,1419.3,355.0,12.2,12.5,116.0
2025-03-05 19:00:00,177.4,1281.5,371.0,12.6,12.2,108.0
2025-03-05 20:00:00,168.6,1199.5,378.0,12.7,12.0,101.0
2025-03-05 21:00:00,155.5,1061.7,369.0,12.5,12.0,96.0
2025-03-05 22:00:00,142.5,905.2,351.0,12.1,12.0,93.0
2025-03-05 23:00:00,133.6,814.0,335.0,11.7,12.0,89.0
2025-03-06 00:00:00,128.5,760.0,321.0,11.2,11.8,85.0
2025-03-06 01:00:00,125.7,728.3,308.0,10.6,11.4,80.0
2025-03-06 02:00:00,122.5,700.4,309.0,10.2,11.2,76.0
2025-03-06 03:00:00,116.4,657.5,321.0,9.7,11.0,72.0
2025-03-06 04:00:00,109.9,616.5,347.0,9.4,10.8,69.0
2025-03-06 05:00:00,105.9,605.4,404.0,9.8,10.7,67.0
2025-03-06 06:00:00,101.7,579.3,533.0,13.5,11.7,60.0
2025-03-06 07:00:00,100.8,560.7,694.0,18.4,13.2,51.0
2025-03-06 08:00:00,102.7,478.7,776.0,20.8,14.7,51.0
2025-03-06 09:00:00,101.7,556.9,711.0,18.2,16.2,68.0
2025-03-06 10:00:00,91.7,517.8,568.0,13.0,17.6,93.0
2025-03-06 11:00:00,81.5,476.8,448.0,8.9,18.4,114.0
2025-03-06 12:00:00,72.9,470.3,384.0,6.7,18.2,127.0
2025-03-06 13:00:00,71.9,504.8,342.0,5.5,17.4,137.0
2025-03-06 14:00:00,75.2,560.7,323.0,6.0,16.8,140.0
2025-03-06 15:00:00,76.8,594.2,293.0,7.9,16.4,136.0
2025-03-06 16:00:00,76.6,586.7,285.0,11.4,16.3,126.0
2025-03-06 17:00:00,75.9,562.5,399.0,19.2,18.1,112.0
2025-03-06 18:00:00,83.1,523.4,727.0,32.9,21.2,92.0
2025-03-06 19:00:00,90.3,504.8,1177.0,51.8,25.5,65.0
2025-03-06 20:00:00,98.3,516.0,1565.0,66.1,30.1,43.0
2025-03-06 21:00:00,108.7,555.1,1866.0,71.7,35.7,32.0
2025-03-06 22:00:00,122.0,579.3,2105.0,72.7,41.4,26.0
2025-03-06 23:00:00,130.4,568.1,2180.0,70.9,43.7,24.0
2025-03-07 00:00:00,122.0,514.1,1967.0,65.9,39.8,25.0
2025-03-07 01:00:00,111.1,455.4,1591.0,58.1,32.4,29.0
2025-03-07 02:00:00,102.4,409.8,1317.0,51.0,26.6,33.0
2025-03-07 03:00:00,95.9,352.0,1241.0,45.3,24.1,34.0
2025-03-07 04:00:00,93.1,316.6,1268.0,40.3,23.1,34.0
2025-03-07 05:00:00,80.8,244.0,1383.0,27.8,20.6,46.0
2025-03-07 06:00:00,78.2,202.6,1701.0,32.0,22.6,44.0
2025-03-07 07:00:00,81.0,180.7,2107.0,37.4,25.2,43.0
2025-03-07 08:00:00,76.8,167.6,2237.0,38.6,27.3,53.0
2025-03-07 09:00:00,65.7,140.2,1827.0,31.4,28.3,83.0
2025-03-07 10:00:00,47.4,115.0,1142.0,19.9,28.6,124.0
2025-03-07 11:00:00,35.3,112.9,615.0,11.0,28.2,155.0
2025-03-07 12:00:00,32.9,125.3,435.0,7.4,26.8,168.0
2025-03-07 13:00:00,33.5,149.9,412.0,6.3,24.6,171.0
2025-03-07 14:00:00,37.5,190.5,418.0,6.6,22.8,169.0
2025-03-07 15:00:00,41.3,237.0,391.0,7.2,21.4,163.0
2025-03-07 16:00:00,45.8,285.9,393.0,9.2,20.3,152.0
2025-03-07 17:00:00,53.6,410.7,470.0,13.2,19.1,136.0
2025-03-07 18:00:00,66.1,449.8,690.0,22.8,21.3,117.0
2025-03-07 19:00:00,79.4,484.3,986.0,36.0,24.3,90.0
2025-03-07 20:00:00,89.9,527.1,1208.0,45.4,26.6,69.0
2025-03-07 21:00:00,97.3,560.7,1308.0,48.0,27.9,60.0
2025-03-07 22:00:00,103.6,579.3,1333.0,46.7,28.6,58.0
2025-03-07 23:00:00,105.5,549.5,1280.0,43.2,28.3,59.0
2025-03-08 00:00:00,96.6,482.4,1095.0,36.4,26.5,64.0
2025-03-08 01:00:00,86.4,412.6,830.0,27.2,23.8,73.0
2025-03-08 02:00:00,80.3,352.0,639.0,20.4,21.6,78.0
2025-03-08 03:00:00,78.5,321.3,575.0,17.7,20.5,76.0
2025-03-08 04:00:00,77.5,306.4,584.0,17.2,20.1,71.0
2025-03-08 05:00:00,82.0,341.8,655.0,18.8,20.1,68.0
2025-03-08 06:00:00,78.2,298.0,852.0,24.0,21.3,62.0
2025-03-08 07:00:00,78.2,260.8,1111.0,30.7,23.0,55.0
2025-03-08 08:00:00,78.2,226.3,1234.0,33.2,24.6,62.0
2025-03-08 09:00:00,70.8,216.5,1093.0,27.2,26.2,97.0
2025-03-08 10:00:00,59.1,208.6,816.0,16.9,27.7,145.0
2025-03-08 11:00:00,47.3,211.9,588.0,8.8,27.6,179.0
2025-03-08 12:00:00,44.2,238.4,476.0,5.5,24.7,187.0
2025-03-08 13:00:00,45.2,279.4,413.0,4.4,20.3,180.0
2025-03-08 14:00:00,47.6,328.8,379.0,4.8,17.0,171.0
2025-03-08 15:00:00,50.6,373.5,334.0,4.9,15.6,163.0
2025-03-08 16:00:00,53.7,404.2,320.0,6.4,15.4,153.0
2025-03-08 17:00:00,56.1,393.9,437.0,14.0,18.6,141.0
2025-03-08 18:00:00,68.5,418.2,796.0,29.8,22.4,116.0
2025-03-08 19:00:00,82.4,409.8,1288.0,51.8,27.8,81.0
2025-03-08 20:00:00,98.0,447.0,1686.0,69.7,33.3,52.0
2025-03-08 21:00:00,113.2,493.6,1915.0,80.6,39.9,36.0
2025-03-08 22:00:00,129.5,534.6,2050.0,87.5,46.6,26.0
2025-03-08 23:00:00,140.2,551.3,2088.0,88.6,49.4,22.0
2025-03-09 00:00:00,133.6,521.5,1984.0,80.6,44.8,25.0
2025-03-09 01:00:00,123.4,497.3,1784.0,66.8,36.2,33.0
2025-03-09 02:00:00,113.9,449.8,1619.0,56.0,29.6,38.0
2025-03-09 03:00:00,111.1,422.8,1505.0,51.4,27.5,36.0
2025-03-09 04:00:00,113.2,420.0,1426.0,49.7,27.4,31.0
2025-03-09 05:00:00,118.3,422.8,1473.0,49.9,28.5,27.0
2025-03-09 06:00:00,118.3,423.8,1823.0,52.2,29.7,31.0
2025-03-09 07:00:00,125.7,414.4,2297.0,54.8,31.5,38.0
2025-03-09 08:00:00,116.4,337.1,2451.0,53.3,34.1,55.0
2025-03-09 09:00:00,101.3,341.8,1963.0,43.9,38.7,93.0
2025-03-09 10:00:00,80.8,319.4,1154.0,30.3,44.0,141.0
2025-03-09 11:00:00,63.6,271.9,539.0,19.5,46.6,179.0
2025-03-09 12:00:00,54.6,247.7,347.0,13.8,44.0,198.0
2025-03-09 13:00:00,52.6,253.3,349.0,10.8,38.6,207.0
2025-03-09 14:00:00,54.1,271.9,375.0,10.0,34.1,208.0
2025-03-09 15:00:00,56.5,298.0,354.0,11.6,31.9,202.0
2025-03-09 16:00:00,59.0,326.0,357.0,15.5,30.7,189.0
2025-03-09 17:00:00,65.2,333.4,429.0,21.1,35.0,178.0
2025-03-09 18:00:00,74.3,310.1,642.0,27.8,33.6,153.0
2025-03-09 19:00:00,80.1,306.4,924.0,36.8,31.5,119.0
2025-03-09 20:00:00,82.0,311.1,1103.0,42.6,29.5,93.0
2025-03-09 21:00:00,83.4,310.1,1090.0,42.2,27.6,83.0
2025-03-09 22:00:00,84.8,310.1,973.0,38.5,25.7,80.0
2025-03-09 23:00:00,84.8,302.7,850.0,34.5,23.9,78.0
2025-03-10 00:00:00,82.7,285.9,739.0,31.0,22.3,75.0
2025-03-10 01:00:00,80.6,260.8,622.0,27.1,20.8,73.0
2025-03-10 02:00:00,79.2,243.1,536.0,24.1,19.8,71.0
2025-03-10 03:00:00,78.0,235.6,486.0,21.8,19.3,69.0
2025-03-10 04:00:00,76.1,225.8,467.0,20.2,19.2,67.0
2025-03-10 05:00:00,74.0,296.2,503.0,17.2,17.4,70.0
2025-03-10 06:00:00,72.2,275.7,654.0,21.4,18.3,66.0
2025-03-10 07:00:00,74.5,271.0,860.0,26.9,19.7,62.0
2025-03-10 08:00:00,76.6,259.8,961.0,29.2,21.9,70.0
2025-03-10 09:00:00,76.6,289.6,856.0,25.4,25.8,102.0
2025-03-10 10:00:00,76.1,331.6,646.0,18.4,30.4,146.0
2025-03-10 11:00:00,72.9,371.6,481.0,12.7,33.1,180.0
2025-03-10 12:00:00,68.7,396.7,417.0,9.3,31.9,193.0
2025-03-10 13:00:00,66.1,419.1,398.0,7.2,28.8,196.0
2025-03-10 14:00:00,69.2,455.4,396.0,7.2,26.7,193.0
2025-03-10 15:00:00,73.8,501.1,387.0,9.6,26.8,186.0
2025-03-10 16:00:00,76.8,517.8,396.0,14.1,27.8,173.0
2025-03-10 17:00:00,69.6,407.0,475.0,21.2,29.6,161.0
2025-03-10 18:00:00,79.2,334.3,697.0,36.0,31.8,132.0
2025-03-10 19:00:00,89.6,288.7,990.0,56.3,34.8,91.0
2025-03-10 20:00:00,95.0,254.3,1187.0,70.3,36.8,61.0
2025-03-10 21:00:00,98.7,237.5,1205.0,72.2,37.1,51.0
2025-03-10 22:00:00,100.1,230.0,1128.0,67.8,36.5,52.0
2025-03-10 23:00:00,100.1,214.2,1042.0,62.9,35.5,53.0
2025-03-11 00:00:00,97.6,191.4,969.0,58.9,34.2,51.0
2025-03-11 01:00:00,97.8,185.3,887.0,54.5,32.5,50.0
2025-03-11 02:00:00,102.2,189.1,818.0,51.3,31.2,47.0
2025-03-11 03:00:00,106.6,187.7,740.0,49.8,30.2,40.0
2025-03-11 04:00:00,109.2,183.5,676.0,49.4,29.5,33.0
2025-03-11 05:00:00,112.5,239.3,713.0,55.8,34.2,25.0
2025-03-11 06:00:00,111.5,204.0,979.0,57.3,34.4,29.0
2025-03-11 07:00:00,118.0,207.2,1346.0,58.9,34.9,37.0
2025-03-11 08:00:00,111.3,202.6,1519.0,56.7,37.2,57.0
2025-03-11 09:00:00,86.8,212.8,1309.0,47.3,43.8,102.0
2025-03-11 10:00:00,70.1,197.4,905.0,34.1,52.2,160.0
2025-03-11 11:00:00,52.6,149.5,583.0,23.0,55.7,204.0
2025-03-11 12:00:00,45.1,129.5,448.0,15.8,50.0,223.0
2025-03-11 13:00:00,42.0,136.4,394.0,10.6,39.4,228.0
2025-03-11 14:00:00,39.8,141.1,377.0,8.1,30.9,223.0
2025-03-11 15:00:00,37.6,143.0,389.0,8.7,26.7,208.0
2025-03-11 16:00:00,38.0,151.8,439.0,11.9,24.5,184.0
2025-03-11 17:00:00,53.0,211.4,508.0,17.3,28.3,172.0
2025-03-11 18:00:00,62.9,236.6,604.0,25.0,31.0,149.0
2025-03-11 19:00:00,78.9,276.6,719.0,35.7,34.8,116.0
2025-03-11 20:00:00,88.7,295.2,813.0,43.4,37.5,89.0
2025-03-11 21:00:00,95.9,289.6,883.0,46.0,38.6,74.0
2025-03-11 22:00:00,100.1,285.0,932.0,45.7,38.7,66.0
2025-03-11 23:00:00,97.1,270.1,928.0,43.6,37.8,59.0
2025-03-12 00:00:00,89.6,244.9,824.0,39.1,35.3,54.0
2025-03-12 01:00:00,84.3,224.0,668.0,32.8,31.8,51.0
2025-03-12 02:00:00,80.6,208.6,569.0,27.7,28.8,49.0
2025-03-12 03:00:00,76.8,204.4,573.0,24.6,26.9,46.0
2025-03-12 04:00:00,73.3,207.2,635.0,22.7,25.6,44.0
2025-03-12 05:00:00,82.2,278.5,723.0,20.0,26.5,49.0
2025-03-12 06:00:00,79.6,258.9,877.0,23.5,27.0,44.0
2025-03-12 07:00:00,80.3,249.6,1057.0,28.0,27.7,39.0
2025-03-12 08:00:00,79.4,219.8,1117.0,29.4,28.6,45.0
2025-03-12 09:00:00,73.6,230.5,945.0,24.7,30.4,72.0
2025-03-12 10:00:00,62.9,234.2,651.0,16.9,32.3,110.0
2025-03-12 11:00:00,53.7,244.0,424.0,10.6,32.1,138.0
2025-03-12 12:00:00,50.8,264.5,340.0,7.2,27.6,149.0
2025-03-12 13:00:00,53.7,313.9,322.0,5.3,20.9,151.0
2025-03-12 14:00:00,56.0,364.1,323.0,4.9,15.9,148.0
2025-03-12 15:00:00,59.4,412.6,321.0,5.9,14.2,142.0
2025-03-12 16:00:00,65.0,461.9,338.0,8.3,14.2,132.0
2025-03-12 17:00:00,69.2,504.8,391.0,12.2,14.8,118.0
2025-03-12 18:00:00,78.7,517.8,513.0,18.5,16.6,104.0
2025-03-12 19:00:00,89.6,551.3,672.0,27.1,19.0,84.0
2025-03-12 20:00:00,98.7,594.2,785.0,33.2,21.1,69.0
2025-03-12 21:00:00,104.1,614.7,816.0,34.6,22.6,63.0
2025-03-12 22:00:00,106.4,601.6,802.0,33.5,23.7,62.0
2025-03-12 23:00:00,104.5,556.9,773.0,31.6,24.1,61.0
2025-03-13 00:00:00,99.2,493.6,725.0,28.9,23.3,60.0
2025-03-13 01:00:00,94.3,437.7,663.0,25.3,21.7,61.0
2025-03-13 02:00:00,88.9,383.7,628.0,22.9,20.5,59.0
2025-03-13 03:00:00,80.8,302.7,631.0,22.2,20.0,54.0
2025-03-13 04:00:00,74.5,234.2,662.0,22.6,19.8,47.0
2025-03-13 05:00:00,74.7,244.9,727.0,19.2,18.4,52.0
2025-03-13 06:00:00,74.7,214.2,881.0,24.4,20.0,47.0
2025-03-13 07:00:00,81.7,198.8,1070.0,31.3,22.3,41.0
2025-03-13 08:00:00,80.1,173.2,1141.0,34.2,25.2,47.0
2025-03-13 09:00:00,70.3,161.6,982.0,29.5,29.7,78.0
2025-03-13 10:00:00,53.9,143.0,705.0,21.0,34.8,121.0
2025-03-13 11:00:00,46.8,155.1,495.0,13.7,36.5,153.0
2025-03-13 12:00:00,49.4,208.6,431.0,9.3,31.9,164.0
2025-03-13 13:00:00,47.7,227.2,435.0,6.3,24.1,163.0
2025-03-13 14:00:00,46.0,241.2,456.0,5.3,18.2,157.0
2025-03-13 15:00:00,46.6,268.2,472.0,5.6,16.0,147.0
2025-03-13 16:00:00,45.9,255.2,505.0,8.0,15.8,133.0
2025-03-13 17:00:00,37.6,137.8,568.0,17.0,24.8,131.0
2025-03-13 18:00:00,47.4,134.1,698.0,29.1,26.3,108.0
2025-03-13 19:00:00,64.5,182.1,858.0,45.5,28.4,78.0
2025-03-13 20:00:00,75.9,233.8,948.0,56.0,29.8,56.0
2025-03-13 21:00:00,78.9,231.9,904.0,55.3,30.3,53.0
2025-03-13 22:00:00,73.3,195.1,790.0,48.6,30.2,59.0
2025-03-13 23:00:00,71.9,228.6,697.0,41.9,29.2,64.0
2025-03-14 00:00:00,69.2,227.2,655.0,36.2,26.7,63.0
2025-03-14 01:00:00,64.7,171.8,635.0,30.4,23.3,61.0
2025-03-14 02:00:00,60.1,124.8,640.0,27.0,21.2,57.0
2025-03-14 03:00:00,57.6,112.0,650.0,27.3,21.0,51.0
2025-03-14 04:00:00,59.5,113.2,685.0,30.0,21.9,43.0
2025-03-14 05:00:00,79.2,176.0,805.0,40.6,28.4,35.0
2025-03-14 06:00:00,80.6,166.2,1142.0,43.5,30.4,36.0
2025-03-14 07:00:00,88.5,169.5,1564.0,47.1,33.2,39.0
2025-03-14 08:00:00,85.0,187.2,1734.0,47.2,36.2,52.0
2025-03-14 09:00:00,74.5,209.1,1409.0,40.6,40.2,84.0
2025-03-14 10:00:00,65.7,244.0,833.0,30.5,44.4,127.0
2025-03-14 11:00:00,64.5,310.1,394.0,21.7,45.4,159.0
2025-03-14 12:00:00,62.2,350.2,262.0,15.3,40.3,173.0
2025-03-14 13:00:00,61.7,380.9,268.0,10.3,31.9,176.0
2025-03-14 14:00:00,61.2,394.9,294.0,8.1,25.8,173.0
2025-03-14 15:00:00,60.5,389.3,303.0,9.6,24.1,163.0
2025-03-14 16:00:00,58.7,336.2,333.0,13.9,24.6,146.0
2025-03-14 17:00:00,46.8,229.6,376.0,17.6,22.4,127.0
2025-03-14 18:00:00,51.6,194.6,451.0,22.3,25.1,118.0
2025-03-14 19:00:00,55.2,176.0,539.0,28.6,28.7,105.0
2025-03-14 20:00:00,50.8,130.4,583.0,32.5,30.4,95.0
2025-03-14 21:00:00,51.0,107.8,544.0,32.0,28.8,90.0
2025-03-14 22:00:00,57.0,204.4,460.0,29.0,25.4,89.0
2025-03-14 23:00:00,61.5,306.4,389.0,25.3,21.8,88.0
2025-03-15 00:00:00,58.4,325.0,351.0,20.8,18.1,89.0
2025-03-15 01:00:00,51.5,296.2,325.0,15.5,14.1,91.0
2025-03-15 02:00:00,43.8,246.8,308.0,11.5,11.1,92.0
2025-03-15 03:00:00,37.1,193.2,295.0,9.4,9.6,92.0
2025-03-15 04:00:00,34.8,187.7,289.0,8.7,9.2,90.0
2025-03-15 05:00:00,34.3,212.3,302.0,8.8,9.1,92.0
2025-03-15 06:00:00,36.8,235.2,351.0,11.5,9.8,89.0
2025-03-15 07:00:00,40.3,234.2,418.0,15.1,10.7,86.0
2025-03-15 08:00:00,40.4,235.2,456.0,16.7,11.6,87.0
2025-03-15 09:00:00,44.6,303.6,438.0,14.5,12.3,97.0
2025-03-15 10:00:00,48.7,361.4,390.0,10.3,13.0,112.0
2025-03-15 11:00:00,49.0,367.9,352.0,7.0,13.4,124.0
2025-03-15 12:00:00,48.3,359.5,335.0,5.5,13.3,132.0
2025-03-15 13:00:00,50.1,373.5,326.0,4.9,13.0,139.0
2025-03-15 14:00:00,57.2,442.4,327.0,5.6,13.3,141.0
2025-03-15 15:00:00,63.1,497.3,319.0,7.7,14.5,140.0
2025-03-15 16:00:00,69.8,545.8,320.0,11.2,16.4,134.0
2025-03-15 17:00:00,50.1,261.7,382.0,16.1,21.9,140.0
2025-03-15 18:00:00,66.4,292.4,585.0,32.8,25.8,111.0
2025-03-15 19:00:00,77.5,287.8,849.0,55.5,31.1,72.0
2025-03-15 20:00:00,88.0,344.6,991.0,69.8,34.0,44.0
2025-03-15 21:00:00,89.6,366.0,892.0,68.1,32.5,37.0
2025-03-15 22:00:00,86.4,358.6,671.0,58.0,28.7,41.0
2025-03-15 23:00:00,85.4,371.6,496.0,47.6,24.9,46.0
2025-03-16 00:00:00,85.0,386.5,438.0,38.9,21.6,48.0
2025-03-16 01:00:00,84.8,400.5,426.0,30.0,18.3,51.0
2025-03-16 02:00:00,85.7,416.3,415.0,22.7,15.7,54.0
2025-03-16 03:00:00,86.4,429.3,374.0,17.7,14.0,56.0
2025-03-16 04:00:00,84.8,435.9,333.0,14.4,13.0,58.0
2025-03-16 05:00:00,55.2,241.2,345.0,13.0,11.7,61.0
2025-03-16 06:00:00,48.1,222.1,468.0,14.3,11.6,65.0
2025-03-16 07:00:00,40.5,190.0,642.0,15.9,11.7,70.0
2025-03-16 08:00:00,37.7,187.2,741.0,16.4,12.9,80.0
2025-03-16 09:00:00,37.5,189.1,693.0,14.8,16.7,98.0
2025-03-16 10:00:00,38.5,185.8,571.0,12.2,21.7,120.0
2025-03-16 11:00:00,40.4,184.9,460.0,9.7,24.4,137.0
2025-03-16 12:00:00,42.5,194.6,387.0,7.6,22.5,146.0
2025-03-16 13:00:00,39.0,178.8,326.0,5.6,18.3,151.0
2025-03-16 14:00:00,34.0,167.6,289.0,4.9,15.0,151.0
2025-03-16 15:00:00,32.4,178.3,279.0,5.8,14.0,148.0
2025-03-16 16:00:00,35.3,217.0,293.0,7.8,13.9,140.0
2025-03-16 17:00:00,42.4,357.6,332.0,10.5,12.6,129.0
2025-03-16 18:00:00,50.4,393.0,415.0,16.7,13.9,112.0
2025-03-16 19:00:00,62.4,435.9,523.0,25.2,15.6,88.0
2025-03-16 20:00:00,73.1,501.1,604.0,30.6,16.9,70.0
2025-03-16 21:00:00,81.7,560.7,640.0,30.1,17.3,65.0
2025-03-16 22:00:00,85.4,566.2,648.0,26.6,17.2,65.0
2025-03-16 23:00:00,82.0,508.5,629.0,23.1,16.9,67.0
2025-03-17 00:00:00,75.0,428.4,564.0,20.5,16.2,68.0
2025-03-17 01:00:00,68.2,350.2,471.0,18.0,15.2,70.0
2025-03-17 02:00:00,63.6,295.2,407.0,16.3,14.5,70.0
2025-03-17 03:00:00,61.0,260.8,388.0,15.3,14.1,68.0
2025-03-17 04:00:00,60.3,245.9,398.0,15.1,13.9,64.0
2025-03-17 05:00:00,61.5,244.9,446.0,15.8,15.5,67.0
2025-03-17 06:00:00,63.3,222.6,582.0,19.8,17.3,62.0
2025-03-17 07:00:00,70.1,197.0,756.0,25.1,19.7,56.0
2025-03-17 08:00:00,70.8,215.6,833.0,27.0,21.5,60.0
2025-03-17 09:00:00,67.3,231.9,717.0,22.1,22.5,85.0
2025-03-17 10:00:00,58.0,250.5,504.0,13.8,22.9,119.0
2025-03-17 11:00:00,46.7,265.4,340.0,7.3,22.2,146.0
2025-03-17 12:00:00,45.5,289.6,286.0,4.6,19.5,157.0
2025-03-17 13:00:00,49.9,337.1,282.0,3.7,15.7,159.0
2025-03-17 14:00:00,54.7,403.3,290.0,3.8,13.0,158.0
2025-03-17 15:00:00,61.5,482.4,293.0,4.5,12.2,155.0
2025-03-17 16:00:00,68.2,558.8,308.0,6.3,12.6,149.0
2025-03-17 17:00:00,66.4,568.1,351.0,9.3,13.2,139.0
2025-03-17 18:00:00,74.7,592.3,451.0,15.2,14.9,123.0
2025-03-17 19:00:00,85.0,601.6,579.0,23.4,17.2,100.0
2025-03-17 20:00:00,92.0,612.8,665.0,30.0,19.1,81.0
2025-03-17 21:00:00,95.9,597.9,675.0,34.0,20.5,70.0
2025-03-17 22:00:00,97.1,558.8,642.0,36.5,21.6,63.0
2025-03-17 23:00:00,95.0,508.5,596.0,36.4,21.7,61.0
2025-03-18 00:00:00,89.2,457.3,533.0,32.2,20.1,65.0
2025-03-18 01:00:00,82.4,420.0,456.0,25.5,17.4,73.0
2025-03-18 02:00:00,75.4,384.6,403.0,19.8,15.2,79.0
2025-03-18 03:00:00,70.5,361.4,382.0,15.9,13.7,82.0
2025-03-18 04:00:00,68.2,353.9,385.0,13.0,12.6,82.0
2025-03-18 05:00:00,65.7,334.3,429.0,12.8,12.8,82.0
2025-03-18 06:00:00,63.1,297.1,565.0,16.8,14.2,75.0
2025-03-18 07:00:00,64.3,274.7,741.0,21.9,16.2,67.0
2025-03-18 08:00:00,65.0,237.5,818.0,24.0,17.9,70.0
2025-03-18 09:00:00,60.8,228.2,700.0,19.9,19.2,96.0
2025-03-18 10:00:00,49.0,203.5,483.0,12.6,20.2,134.0
2025-03-18 11:00:00,41.0,222.6,319.0,6.9,20.3,163.0
2025-03-18 12:00:00,42.1,263.6,270.0,4.7,18.8,174.0
2025-03-18 13:00:00,47.0,333.4,274.0,4.1,16.3,176.0
2025-03-18 14:00:00,53.2,413.5,289.0,4.5,14.5,173.0
2025-03-18 15:00:00,60.3,495.5,296.0,5.4,13.8,168.0
2025-03-18 16:00:00,66.4,558.8,315.0,7.3,13.7,158.0
2025-03-18 17:00:00,62.6,540.2,362.0,11.0,15.4,150.0
2025-03-18 18:00:00,73.3,562.5,468.0,18.4,16.9,130.0
2025-03-18 19:00:00,84.5,581.1,603.0,28.6,19.1,103.0
2025-03-18 20:00:00,92.0,605.4,694.0,36.2,20.7,81.0
2025-03-18 21:00:00,95.0,607.2,699.0,38.7,21.4,71.0
2025-03-18 22:00:00,94.5,568.1,659.0,38.6,21.7,67.0
2025-03-18 23:00:00,91.5,512.2,626.0,37.4,21.4,65.0
2025-03-19 00:00:00,85.9,461.9,617.0,35.1,20.3,64.0
2025-03-19 01:00:00,81.0,426.5,615.0,31.8,18.7,64.0
2025-03-19 02:00:00,77.8,394.9,623.0,29.1,17.5,64.0
2025-03-19 03:00:00,75.4,365.1,625.0,27.3,17.0,61.0
2025-03-19 04:00:00,73.3,338.1,638.0,26.2,16.8,57.0
2025-03-19 05:00:00,74.7,314.8,715.0,26.2,17.5,56.0
2025-03-19 06:00:00,76.1,290.6,957.0,31.8,19.9,55.0
2025-03-19 07:00:00,81.7,238.4,1263.0,39.1,23.2,56.0
2025-03-19 08:00:00,75.2,199.8,1389.0,41.2,25.9,68.0
2025-03-19 09:00:00,57.6,166.7,1161.0,33.0,27.9,102.0
2025-03-19 10:00:00,38.3,132.2,752.0,19.7,29.3,147.0
2025-03-19 11:00:00,33.3,146.2,436.0,9.3,28.9,179.0
2025-03-19 12:00:00,32.2,168.6,329.0,5.3,25.3,185.0
2025-03-19 13:00:00,34.9,220.7,315.0,4.2,20.0,178.0
2025-03-19 14:00:00,38.2,270.1,322.0,4.4,15.9,169.0
2025-03-19 15:00:00,42.4,334.3,321.0,5.2,14.3,161.0
2025-03-19 16:00:00,52.2,432.1,341.0,7.2,14.1,150.0
2025-03-19 17:00:00,59.8,508.5,396.0,10.8,13.3,136.0
2025-03-19 18:00:00,79.2,614.7,515.0,15.3,15.4,123.0
2025-03-19 19:00:00,99.2,724.6,669.0,21.4,18.2,106.0
2025-03-19 20:00:00,109.9,763.7,781.0,26.0,20.5,92.0
2025-03-19 21:00:00,108.7,694.8,824.0,27.6,21.8,86.0
2025-03-19 22:00:00,102.2,583.0,824.0,27.8,22.5,83.0
2025-03-19 23:00:00,93.1,468.5,784.0,27.4,22.6,80.0
2025-03-20 00:00:00,83.1,363.2,675.0,26.6,21.9,76.0
2025-03-20 01:00:00,75.4,275.7,527.0,25.4,20.6,73.0
2025-03-20 02:00:00,70.1,214.7,426.0,24.5,19.6,69.0
2025-03-20 03:00:00,66.6,182.5,390.0,23.9,19.1,63.0
2025-03-20 04:00:00,64.5,162.1,402.0,23.8,19.0,57.0
2025-03-20 05:00:00,65.2,172.3,501.0,23.0,19.2,60.0
2025-03-20 06:00:00,63.6,154.1,792.0,27.4,20.9,59.0
2025-03-20 07:00:00,66.6,141.1,1170.0,33.1,23.2,59.0
2025-03-20 08:00:00,64.0,129.5,1356.0,34.9,25.4,68.0
2025-03-20 09:00:00,51.7,94.8,1171.0,29.2,27.7,94.0
2025-03-20 10:00:00,33.6,76.8,795.0,19.6,29.8,129.0
2025-03-20 11:00:00,26.6,87.5,489.0,11.8,29.9,154.0
2025-03-20 12:00:00,26.3,139.7,354.0,7.7,26.0,162.0
2025-03-20 13:00:00,29.9,197.9,290.0,5.3,20.0,160.0
2025-03-20 14:00:00,34.5,256.1,260.0,4.4,15.7,156.0
2025-03-20 15:00:00,43.0,338.1,246.0,4.9,14.5,151.0
2025-03-20 16:00:00,49.5,393.9,265.0,6.8,15.0,143.0
2025-03-20 17:00:00,57.5,480.6,333.0,10.8,16.2,131.0
2025-03-20 18:00:00,71.7,534.6,504.0,17.4,18.5,115.0
2025-03-20 19:00:00,84.5,592.3,724.0,26.4,21.6,94.0
2025-03-20 20:00:00,93.4,624.0,843.0,33.2,23.8,76.0
2025-03-20 21:00:00,95.9,609.1,768.0,36.0,24.5,67.0
2025-03-20 22:00:00,95.0,556.9,592.0,36.4,24.4,61.0
2025-03-20 23:00:00,91.7,504.8,451.0,35.0,23.3,59.0
2025-03-21 00:00:00,86.4,465.7,394.0,30.7,20.7,60.0
2025-03-21 01:00:00,82.0,442.4,372.0,24.5,17.3,64.0
2025-03-21 02:00:00,78.9,429.3,367.0,19.5,14.6,66.0
2025-03-21 03:00:00,76.1,406.1,368.0,16.6,13.4,66.0
2025-03-21 04:00:00,73.1,376.3,386.0,15.0,13.0,64.0
2025-03-21 05:00:00,73.6,344.6,441.0,17.6,13.3,56.0
2025-03-21 06:00:00,70.5,308.3,581.0,20.9,14.4,53.0
2025-03-21 07:00:00,71.2,269.2,757.0,25.1,16.1,51.0
2025-03-21 08:00:00,69.8,250.5,844.0,26.3,17.8,57.0
2025-03-21 09:00:00,64.3,256.1,762.0,21.7,20.1,81.0
2025-03-21 10:00:00,56.1,260.8,590.0,14.1,22.4,115.0
2025-03-21 11:00:00,46.9,266.4,442.0,8.1,23.0,140.0
2025-03-21 12:00:00,43.4,297.1,353.0,5.3,20.3,150.0
2025-03-21 13:00:00,47.4,376.3,287.0,4.2,15.9,152.0
2025-03-21 14:00:00,55.9,486.2,250.0,4.1,12.6,150.0
2025-03-21 15:00:00,66.6,605.4,246.0,4.8,11.6,146.0
2025-03-21 16:00:00,78.9,707.8,271.0,6.7,11.7,139.0
2025-03-21 17:00:00,89.4,804.7,322.0,10.7,12.6,123.0
2025-03-21 18:00:00,100.8,821.4,417.0,17.0,14.4,108.0
2025-03-21 19:00:00,106.6,802.8,537.0,25.7,16.9,87.0
2025-03-21 20:00:00,108.7,758.1,620.0,32.5,19.0,70.0
2025-03-21 21:00:00,106.6,689.2,636.0,35.8,20.4,62.0
2025-03-21 22:00:00,102.0,607.2,615.0,37.2,21.3,59.0
2025-03-21 23:00:00,95.2,519.7,580.0,36.6,21.4,58.0
2025-03-22 00:00:00,87.3,448.0,527.0,33.0,20.2,59.0
2025-03-22 01:00:00,82.7,405.1,460.0,27.4,18.2,62.0
2025-03-22 02:00:00,81.3,386.5,420.0,22.8,16.7,64.0
2025-03-22 03:00:00,82.2,386.5,412.0,20.2,16.0,63.0
2025-03-22 04:00:00,82.7,390.2,431.0,18.7,15.6,60.0
2025-03-22 05:00:00,83.1,309.2,504.0,27.0,17.9,44.0
2025-03-22 06:00:00,78.0,271.9,706.0,29.4,19.4,47.0
2025-03-22 07:00:00,76.1,235.2,962.0,32.3,21.4,52.0
2025-03-22 08:00:00,73.1,211.9,1073.0,31.9,22.8,65.0
2025-03-22 09:00:00,61.0,187.2,898.0,24.9,23.3,95.0
2025-03-22 10:00:00,48.1,174.2,578.0,14.6,23.3,133.0
2025-03-22 11:00:00,42.0,196.5,333.0,6.7,22.4,161.0
2025-03-22 12:00:00,38.3,203.5,258.0,3.7,20.1,171.0
2025-03-22 13:00:00,35.3,211.9,259.0,3.2,16.9,172.0
2025-03-22 14:00:00,36.9,242.1,272.0,3.9,14.6,169.0
2025-03-22 15:00:00,40.7,286.8,259.0,4.6,13.5,164.0
2025-03-22 16:00:00,43.7,314.8,259.0,6.4,13.3,156.0
2025-03-22 17:00:00,40.3,272.9,326.0,11.6,14.3,139.0
2025-03-22 18:00:00,47.0,273.8,519.0,20.7,16.8,119.0
2025-03-22 19:00:00,57.2,263.6,780.0,33.3,20.3,91.0
2025-03-22 20:00:00,62.9,257.0,986.0,43.2,23.3,68.0
2025-03-22 21:00:00,66.4,241.2,1087.0,47.6,25.5,57.0
2025-03-22 22:00:00,69.4,222.1,1133.0,49.2,27.2,52.0
2025-03-22 23:00:00,72.4,209.5,1150.0,50.3,28.3,47.0
2025-03-23 00:00:00,74.3,204.9,1137.0,51.2,28.5,41.0
2025-03-23 01:00:00,78.2,205.4,1094.0,51.5,28.1,36.0
2025-03-23 02:00:00,82.9,207.7,1048.0,52.8,28.2,31.0
2025-03-23 03:00:00,87.5,210.9,974.0,56.1,29.3,23.0
2025-03-23 04:00:00,91.7,214.7,897.0,60.3,31.0,14.0
2025-03-23 05:00:00,91.0,196.0,919.0,69.5,37.8,13.0
2025-03-23 06:00:00,96.4,195.6,1182.0,69.6,39.3,24.0
2025-03-23 07:00:00,109.4,190.5,1544.0,69.1,41.6,41.0
2025-03-23 08:00:00,92.4,160.7,1677.0,64.4,43.9,66.0
2025-03-23 09:00:00,69.8,143.0,1349.0,51.6,46.9,104.0
2025-03-23 10:00:00,52.3,123.9,792.0,34.5,50.0,149.0
2025-03-23 11:00:00,41.6,117.6,377.0,21.0,50.9,186.0
2025-03-23 12:00:00,38.5,120.6,272.0,14.3,47.8,211.0
2025-03-23 13:00:00,40.6,134.1,308.0,11.1,42.6,227.0
2025-03-23 14:00:00,44.1,152.3,349.0,9.9,38.2,234.0
2025-03-23 15:00:00,46.7,167.2,328.0,9.6,35.6,230.0
2025-03-23 16:00:00,47.3,172.3,313.0,11.2,33.9,215.0
2025-03-23 17:00:00,38.9,111.3,364.0,16.2,36.0,198.0
2025-03-23 18:00:00,45.3,103.8,513.0,28.1,37.3,164.0
2025-03-23 19:00:00,57.3,98.7,730.0,44.5,39.1,118.0
2025-03-23 20:00:00,63.8,105.9,983.0,55.4,40.0,83.0
2025-03-23 21:00:00,65.7,116.2,1307.0,56.0,39.2,71.0
2025-03-23 22:00:00,66.1,125.7,1669.0,51.3,37.5,69.0
2025-03-23 23:00:00,65.7,149.0,1935.0,46.4,35.6,69.0
2025-03-24 00:00:00,64.0,153.7,2059.0,42.0,33.4,67.0
2025-03-24 01:00:00,63.8,135.5,2087.0,37.3,31.0,67.0
2025-03-24 02:00:00,66.8,134.6,2029.0,35.6,29.9,64.0
2025-03-24 03:00:00,72.4,140.2,1841.0,39.0,30.9,56.0
2025-03-24 04:00:00,78.7,146.7,1566.0,45.4,33.3,45.0
2025-03-24 05:00:00,84.8,168.1,1347.0,47.8,34.0,35.0
2025-03-24 06:00:00,87.1,171.4,1272.0,51.4,35.3,41.0
2025-03-24 07:00:00,93.4,173.7,1252.0,55.8,37.2,51.0
2025-03-24 08:00:00,92.2,182.1,1161.0,55.0,39.5,73.0
2025-03-24 09:00:00,81.5,200.2,902.0,44.1,43.4,117.0
2025-03-24 10:00:00,68.7,222.6,571.0,28.0,47.7,174.0
2025-03-24 11:00:00,57.7,244.0,332.0,15.3,49.0,216.0
2025-03-24 12:00:00,53.3,247.7,267.0,9.5,44.4,234.0
2025-03-24 13:00:00,51.7,252.4,294.0,7.1,36.7,239.0
2025-03-24 14:00:00,50.3,250.5,328.0,6.7,30.7,236.0
2025-03-24 15:00:00,48.7,243.1,335.0,7.0,28.0,228.0
2025-03-24 16:00:00,46.6,225.8,350.0,9.4,27.0,213.0
2025-03-24 17:00:00,44.8,214.7,392.0,16.9,25.1,191.0
2025-03-24 18:00:00,49.5,177.9,481.0,27.6,27.8,165.0
2025-03-24 19:00:00,62.4,160.2,598.0,42.4,31.4,130.0
2025-03-24 20:00:00,68.5,151.8,705.0,53.3,34.2,102.0
2025-03-24 21:00:00,74.0,157.4,793.0,56.4,35.2,89.0
2025-03-24 22:00:00,79.4,155.5,872.0,55.7,35.2,84.0
2025-03-24 23:00:00,83.4,143.9,930.0,54.6,35.0,79.0
2025-03-25 00:00:00,85.7,133.2,962.0,54.1,34.4,71.0
2025-03-25 01:00:00,91.5,144.8,974.0,53.2,33.5,64.0
2025-03-25 02:00:00,97.6,162.1,976.0,52.9,33.0,56.0
2025-03-25 03:00:00,102.9,178.8,950.0,53.9,33.3,46.0
2025-03-25 04:00:00,106.9,193.7,914.0,55.5,34.0,36.0
2025-03-25 05:00:00,101.0,191.9,926.0,57.5,34.2,37.0
2025-03-25 06:00:00,98.3,196.0,1071.0,56.5,34.5,48.0
2025-03-25 07:00:00,96.4,209.5,1264.0,54.8,35.0,65.0
2025-03-25 08:00:00,87.8,219.3,1317.0,50.1,36.3,90.0
2025-03-25 09:00:00,73.8,231.9,1089.0,40.0,39.8,132.0
2025-03-25 10:00:00,63.8,243.1,721.0,27.0,44.1,183.0
2025-03-25 11:00:00,58.0,265.4,441.0,16.6,45.5,222.0
2025-03-25 12:00:00,55.8,279.4,353.0,10.9,41.7,240.0
2025-03-25 13:00:00,51.5,265.4,353.0,7.7,35.0,246.0
2025-03-25 14:00:00,45.4,231.4,360.0,6.5,29.3,242.0
2025-03-25 15:00:00,39.3,189.1,327.0,6.4,25.2,228.0
2025-03-25 16:00:00,35.5,162.5,299.0,8.2,21.9,204.0
2025-03-25 17:00:00,36.9,148.1,335.0,13.3,22.5,178.0
2025-03-25 18:00:00,45.1,177.4,486.0,21.7,25.9,158.0
2025-03-25 19:00:00,60.3,210.5,700.0,33.4,30.7,129.0
2025-03-25 20:00:00,72.9,226.8,874.0,42.6,34.4,105.0
2025-03-25 21:00:00,80.3,224.4,968.0,46.7,36.1,90.0
2025-03-25 22:00:00,83.8,209.1,1023.0,48.5,36.7,80.0
2025-03-25 23:00:00,83.1,183.0,1061.0,49.9,37.0,71.0
2025-03-26 00:00:00,84.8,182.5,1083.0,51.5,36.8,62.0
2025-03-26 01:00:00,91.0,187.7,1087.0,52.9,36.2,53.0
2025-03-26 02:00:00,98.5,197.0,1092.0,54.9,36.5,46.0
2025-03-26 03:00:00,104.3,204.9,1069.0,58.7,38.5,37.0
2025-03-26 04:00:00,108.3,205.4,1047.0,63.1,41.4,29.0
2025-03-26 05:00:00,105.5,211.4,1132.0,63.9,43.5,27.0
2025-03-26 06:00:00,103.1,208.6,1495.0,63.3,44.9,39.0
2025-03-26 07:00:00,102.4,195.1,1965.0,61.9,46.8,58.0
2025-03-26 08:00:00,95.2,204.9,2135.0,56.7,47.8,82.0
2025-03-26 09:00:00,79.9,220.7,1712.0,44.3,48.1,119.0
2025-03-26 10:00:00,63.1,247.7,989.0,28.2,47.6,161.0
2025-03-26 11:00:00,52.2,270.1,441.0,15.5,44.6,192.0
2025-03-26 12:00:00,49.0,289.6,280.0,9.0,37.0,202.0
2025-03-26 13:00:00,44.2,264.5,293.0,5.9,26.9,201.0
2025-03-26 14:00:00,38.3,224.9,322.0,5.1,19.2,194.0
2025-03-26 15:00:00,31.5,183.9,274.0,5.0,15.6,184.0
2025-03-26 16:00:00,29.7,163.0,240.0,7.2,14.5,169.0
2025-03-26 17:00:00,27.4,123.4,341.0,14.8,13.5,140.0
2025-03-26 18:00:00,37.8,112.5,734.0,28.8,17.4,116.0
2025-03-26 19:00:00,52.3,124.8,1260.0,47.8,22.9,82.0
2025-03-26 20:00:00,56.1,150.9,1564.0,60.0,26.7,58.0
2025-03-26 21:00:00,59.0,195.6,1412.0,58.9,27.5,52.0
2025-03-26 22:00:00,61.5,215.1,1037.0,50.9,26.8,54.0
2025-03-26 23:00:00,61.9,210.5,783.0,43.6,25.7,57.0
2025-03-27 00:00:00,60.3,197.9,831.0,39.0,24.2,57.0
2025-03-27 01:00:00,60.8,191.9,1000.0,35.1,22.3,57.0
2025-03-27 02:00:00,61.5,178.3,1086.0,33.2,21.3,54.0
2025-03-27 03:00:00,62.9,164.8,963.0,34.5,21.9,46.0
2025-03-27 04:00:00,67.3,171.8,756.0,37.8,23.4,36.0
2025-03-27 05:00:00,82.9,165.3,639.0,68.2,34.6,15.0
2025-03-27 06:00:00,82.9,167.6,738.0,65.8,35.8,25.0
2025-03-27 07:00:00,82.9,174.6,927.0,61.8,37.2,40.0
2025-03-27 08:00:00,76.8,214.7,1003.0,54.1,36.1,59.0
2025-03-27 09:00:00,65.0,266.4,838.0,39.3,30.3,87.0
2025-03-27 10:00:00,60.1,368.8,560.0,20.8,22.1,120.0
2025-03-27 11:00:00,65.4,478.7,343.0,7.2,15.6,144.0
2025-03-27 12:00:00,69.8,529.0,259.0,2.5,12.7,151.0
2025-03-27 13:00:00,71.5,545.8,236.0,2.7,11.6,149.0
2025-03-27 14:00:00,71.9,562.5,236.0,4.1,11.1,144.0
2025-03-27 15:00:00,71.7,571.8,230.0,4.6,10.5,140.0
2025-03-27 16:00:00,69.8,536.4,246.0,6.3,10.6,133.0
2025-03-27 17:00:00,69.8,470.3,330.0,12.9,13.3,124.0
2025-03-27 18:00:00,76.1,463.8,532.0,24.0,16.8,105.0
2025-03-27 19:00:00,89.4,463.8,801.0,39.3,21.8,78.0
2025-03-27 20:00:00,98.7,484.3,1029.0,51.3,26.0,56.0
2025-03-27 21:00:00,103.6,508.5,1221.0,56.8,28.9,45.0
2025-03-27 22:00:00,106.9,504.8,1372.0,59.0,31.0,40.0
2025-03-27 23:00:00,114.8,529.0,1364.0,59.8,32.0,35.0
2025-03-28 00:00:00,120.6,534.6,1060.0,60.8,31.7,28.0
2025-03-28 01:00:00,118.0,508.5,596.0,60.3,30.2,23.0
2025-03-28 02:00:00,113.4,556.9,259.0,55.6,27.4,23.0
2025-03-28 03:00:00,114.6,698.5,176.0,42.6,22.3,34.0
2025-03-28 04:00:00,132.7,847.5,220.0,25.3,15.9,51.0
2025-03-28 05:00:00,132.2,782.3,295.0,14.4,13.9,67.0
2025-03-28 06:00:00,122.5,700.4,402.0,15.9,14.7,68.0
2025-03-28 07:00:00,116.6,612.8,541.0,17.7,15.7,71.0
2025-03-28 08:00:00,112.0,579.3,614.0,17.9,16.6,80.0
2025-03-28 09:00:00,101.3,551.3,560.0,14.8,17.3,100.0
2025-03-28 10:00:00,75.7,439.6,440.0,9.9,17.8,127.0
2025-03-28 11:00:00,63.8,402.3,342.0,6.2,17.6,147.0
2025-03-28 12:00:00,57.4,400.5,295.0,4.6,16.0,156.0
2025-03-28 13:00:00,55.2,424.7,269.0,4.2,13.8,159.0
2025-03-28 14:00:00,61.5,506.6,260.0,4.5,12.1,158.0
2025-03-28 15:00:00,72.2,625.8,272.0,5.8,11.6,154.0
2025-03-28 16:00:00,84.8,748.8,301.0,7.8,11.7,147.0
2025-03-28 17:00:00,95.5,840.1,327.0,9.7,12.4,142.0
2025-03-28 18:00:00,117.6,976.0,345.0,11.2,12.6,134.0
2025-03-28 19:00:00,139.7,1072.9,359.0,13.2,12.9,122.0
2025-03-28 20:00:00,153.7,1154.8,365.0,14.5,13.1,113.0
2025-03-28 21:00:00,152.7,1087.8,358.0,14.4,13.3,110.0
2025-03-28 22:00:00,146.7,983.5,342.0,13.7,13.4,109.0
2025-03-28 23:00:00,141.1,897.8,324.0,12.7,13.4,108.0
2025-03-29 00:00:00,136.0,840.1,300.0,11.6,13.2,105.0
2025-03-29 01:00:00,132.2,806.5,274.0,10.3,12.9,102.0
2025-03-29 02:00:00,131.3,795.3,261.0,9.3,12.8,100.0
2025-03-29 03:00:00,131.3,800.9,263.0,8.6,12.9,99.0
2025-03-29 04:00:00,131.8,806.5,278.0,8.3,13.2,98.0
2025-03-29 05:00:00,122.0,746.9,313.0,8.5,12.9,98.0
2025-03-29 06:00:00,121.5,743.2,393.0,11.0,13.8,93.0
2025-03-29 07:00:00,123.9,726.4,493.0,14.2,15.1,88.0
2025-03-29 08:00:00,125.3,750.6,544.0,15.7,16.1,90.0
2025-03-29 09:00:00,122.5,769.3,498.0,13.6,16.8,107.0
2025-03-29 10:00:00,110.1,709.7,403.0,9.7,17.3,133.0
2025-03-29 11:00:00,99.7,689.2,329.0,6.7,17.4,153.0
2025-03-29 12:00:00,99.2,735.7,306.0,5.6,16.9,165.0
2025-03-29 13:00:00,108.0,847.5,304.0,5.4,16.1,172.0
2025-03-29 14:00:00,121.5,994.7,312.0,6.0,15.4,173.0
2025-03-29 15:00:00,138.3,1154.8,328.0,7.8,15.1,166.0
2025-03-29 16:00:00,153.7,1274.0,354.0,10.5,15.0,154.0
2025-03-29 17:00:00,153.2,1210.7,375.0,12.2,15.2,145.0
2025-03-29 18:00:00,163.4,1251.7,389.0,13.8,15.5,136.0
2025-03-29 19:00:00,169.0,1244.2,399.0,16.0,15.9,124.0
2025-03-29 20:00:00,166.7,1199.5,401.0,17.4,16.1,114.0
2025-03-29 21:00:00,158.8,1113.9,392.0,17.5,15.9,108.0
2025-03-29 22:00:00,149.9,1017.0,374.0,16.8,15.5,104.0
2025-03-29 23:00:00,141.1,914.6,356.0,15.7,14.9,100.0
2025-03-30 00:00:00,131.8,819.6,334.0,14.1,14.0,97.0
2025-03-30 01:00:00,123.9,745.1,311.0,12.2,13.1,94.0
2025-03-30 02:00:00,117.3,696.6,301.0,10.8,12.4,91.0
2025-03-30 03:00:00,113.4,670.6,302.0,9.9,12.3,88.0
2025-03-30 04:00:00,110.6,657.5,317.0,9.5,12.5,86.0
2025-03-30 05:00:00,99.4,579.3,365.0,10.2,12.4,85.0
2025-03-30 06:00:00,97.8,575.6,493.0,13.0,13.5,82.0
2025-03-30 07:00:00,97.1,540.2,655.0,16.7,15.2,79.0
2025-03-30 08:00:00,94.3,516.0,731.0,18.2,16.7,85.0
2025-03-30 09:00:00,87.5,512.2,640.0,15.5,18.2,108.0
2025-03-30 10:00:00,73.3,447.0,463.0,10.7,19.6,139.0
2025-03-30 11:00:00,60.1,402.3,328.0,6.9,20.2,163.0
2025-03-30 12:00:00,60.3,445.2,289.0,5.4,19.3,174.0
2025-03-30 13:00:00,68.5,549.5,291.0,5.0,17.7,179.0
2025-03-30 14:00:00,78.0,663.1,303.0,5.4,16.5,179.0
2025-03-30 15:00:00,88.5,780.4,304.0,6.4,16.3,175.0
2025-03-30 16:00:00,98.5,879.2,313.0,8.3,16.5,166.0
2025-03-30 17:00:00,103.1,922.0,358.0,11.4,17.0,154.0
2025-03-30 18:00:00,114.6,961.1,477.0,16.2,17.9,137.0
2025-03-30 19:00:00,125.7,983.5,632.0,22.8,19.1,114.0
2025-03-30 20:00:00,130.9,987.2,728.0,27.6,19.9,96.0
2025-03-30 21:00:00,129.0,929.5,718.0,29.4,20.2,87.0
2025-03-30 22:00:00,123.9,855.0,649.0,29.4,20.1,82.0
2025-03-30 23:00:00,114.8,750.6,577.0,28.0,19.5,80.0
2025-03-31 00:00:00,103.6,651.9,509.0,24.6,18.0,80.0
2025-03-31 01:00:00,92.4,558.8,437.0,19.9,16.1,83.0
2025-03-31 02:00:00,82.0,470.3,392.0,16.2,14.7,84.0
2025-03-31 03:00:00,74.0,403.3,374.0,14.2,14.2,83.0
2025-03-31 04:00:00,68.5,353.0,384.0,13.4,14.2,80.0
2025-03-31 05:00:00,64.5,314.8,448.0,14.9,14.7,77.0
2025-03-31 06:00:00,61.0,266.4,638.0,18.8,16.2,77.0
2025-03-31 07:00:00,62.4,231.4,884.0,23.8,18.3,79.0
2025-03-31 08:00:00,59.4,201.2,1002.0,25.7,20.3,90.0
2025-03-31 09:00:00,53.7,194.2,870.0,21.3,22.4,120.0
2025-03-31 10:00:00,43.5,183.9,609.0,13.6,24.4,158.0
2025-03-31 11:00:00,38.1,196.5,404.0,7.6,24.9,186.0
2025-03-31 12:00:00,39.0,232.4,327.0,5.1,22.7,193.0
2025-03-31 13:00:00,40.3,278.5,305.0,4.3,18.9,188.0
2025-03-31 14:00:00,42.8,329.7,300.0,4.4,16.1,181.0
2025-03-31 15:00:00,47.8,396.7,295.0,5.1,15.0,175.0
2025-03-31 16:00:00,54.0,465.7,306.0,6.7,14.8,166.0
2025-03-31 17:00:00,64.3,583.0,343.0,9.8,16.1,149.0
2025-03-31 18:00:00,78.2,657.5,433.0,14.8,17.5,134.0
2025-03-31 19:00:00,92.4,715.3,550.0,21.6,19.4,113.0
2025-03-31 20:00:00,98.7,724.6,623.0,26.5,20.7,97.0
2025-03-31 21:00:00,98.0,678.0,612.0,27.9,20.9,89.0
2025-03-31 22:00:00,94.8,624.0,556.0,27.4,20.4,86.0
2025-03-31 23:00:00,88.9,556.9,507.0,25.7,19.5,84.0
2025-04-01 00:00:00,81.3,499.2,479.0,22.3,17.7,85.0
2025-04-01 01:00:00,75.4,455.4,458.0,17.8,15.5,87.0
2025-04-01 02:00:00,71.9,423.8,448.0,14.4,13.8,88.0
2025-04-01 03:00:00,70.8,402.3,442.0,12.7,13.0,85.0
2025-04-01 04:00:00,69.6,376.3,448.0,12.2,12.7,80.0
2025-04-01 05:00:00,77.3,411.6,492.0,12.4,14.1,82.0
2025-04-01 06:00:00,76.6,388.4,633.0,16.7,16.1,79.0
2025-04-01 07:00:00,77.3,339.9,812.0,22.3,18.8,76.0
2025-04-01 08:00:00,74.0,285.0,886.0,24.5,20.5,82.0
2025-04-01 09:00:00,67.5,281.3,752.0,19.9,20.6,106.0
2025-04-01 10:00:00,51.8,236.6,512.0,11.8,19.8,139.0
2025-04-01 11:00:00,41.6,231.9,329.0,5.7,18.5,164.0
2025-04-01 12:00:00,39.1,256.1,270.0,3.6,16.4,173.0
2025-04-01 13:00:00,43.3,317.6,267.0,3.4,13.8,174.0
2025-04-01 14:00:00,50.1,404.2,277.0,4.0,12.0,171.0
2025-04-01 15:00:00,58.2,502.9,274.0,4.3,11.3,168.0
2025-04-01 16:00:00,66.4,586.7,283.0,5.5,11.5,161.0
2025-04-01 17:00:00,68.9,584.9,338.0,10.2,13.3,153.0
2025-04-01 18:00:00,79.2,625.8,490.0,17.7,15.6,134.0
2025-04-01 19:00:00,88.5,629.6,689.0,28.2,18.8,107.0
2025-04-01 20:00:00,94.1,610.9,814.0,36.9,21.7,85.0
2025-04-01 21:00:00,97.3,583.0,800.0,42.5,24.1,72.0
2025-04-01 22:00:00,99.2,549.5,713.0,46.3,26.1,63.0
2025-04-01 23:00:00,98.5,516.0,634.0,47.6,26.9,57.0
2025-04-02 00:00:00,95.2,491.7,583.0,45.0,25.5,55.0
2025-04-02 01:00:00,92.9,475.0,541.0,39.9,22.9,55.0
2025-04-02 02:00:00,91.0,453.6,530.0,36.1,20.9,54.0
2025-04-02 03:00:00,89.4,421.0,544.0,34.6,20.0,47.0
2025-04-02 04:00:00,88.2,386.5,590.0,34.3,19.7,39.0
2025-04-02 05:00:00,84.8,341.8,708.0,32.7,20.0,46.0
2025-04-02 06:00:00,88.5,332.5,1010.0,36.4,21.8,54.0
2025-04-02 07:00:00,89.4,254.3,1385.0,41.0,24.4,68.0
2025-04-02 08:00:00,75.2,193.7,1543.0,41.0,26.1,87.0
2025-04-02 09:00:00,56.3,143.9,1280.0,32.0,26.7,120.0
2025-04-02 10:00:00,35.3,110.1,800.0,18.4,26.5,159.0
2025-04-02 11:00:00,29.6,123.4,428.0,8.0,25.2,186.0
2025-04-02 12:00:00,27.8,141.1,301.0,4.2,21.8,191.0
2025-04-02 13:00:00,27.1,158.8,281.0,3.6,17.2,185.0
2025-04-02 14:00:00,27.4,175.1,286.0,4.1,13.9,176.0
2025-04-02 15:00:00,30.0,199.3,273.0,4.9,12.8,169.0
2025-04-02 16:00:00,32.1,224.9,284.0,6.8,12.9,161.0
2025-04-02 17:00:00,25.7,156.0,359.0,11.6,17.1,155.0
2025-04-02 18:00:00,36.3,228.2,507.0,17.9,19.1,138.0
2025-04-02 19:00:00,49.0,285.0,720.0,26.6,21.9,114.0
2025-04-02 20:00:00,55.9,306.4,1009.0,33.4,24.0,94.0
2025-04-02 21:00:00,58.1,288.7,1481.0,36.7,25.0,82.0
2025-04-02 22:00:00,59.8,266.4,2030.0,38.2,25.4,74.0
2025-04-02 23:00:00,60.1,242.1,2347.0,38.2,25.2,68.0
2025-04-03 00:00:00,56.1,201.6,2222.0,35.9,23.8,66.0
2025-04-03 01:00:00,50.3,155.5,1866.0,32.1,21.8,65.0
2025-04-03 02:00:00,48.0,135.0,1600.0,29.9,20.6,64.0
2025-04-03 03:00:00,47.8,124.3,1556.0,30.8,20.9,57.0
2025-04-03 04:00:00,49.4,117.3,1602.0,33.2,22.1,49.0
2025-04-03 05:00:00,40.9,139.7,1662.0,16.4,17.1,81.0
2025-04-03 06:00:00,42.5,104.3,1779.0,23.0,19.6,79.0
2025-04-03 07:00:00,53.6,96.9,1912.0,31.7,23.3,77.0
2025-04-03 08:00:00,52.9,94.1,1857.0,36.4,27.9,87.0
2025-04-03 09:00:00,49.7,105.0,1434.0,33.3,35.2,119.0
2025-04-03 10:00:00,46.1,132.7,823.0,26.1,43.5,162.0
2025-04-03 11:00:00,44.2,183.0,370.0,19.3,47.1,194.0
2025-04-03 12:00:00,44.2,230.0,235.0,13.9,41.9,206.0
2025-04-03 13:00:00,38.6,226.3,257.0,8.9,32.1,206.0
2025-04-03 14:00:00,34.5,214.2,296.0,6.5,24.4,202.0
2025-04-03 15:00:00,34.8,217.9,300.0,6.4,21.2,195.0
2025-04-03 16:00:00,34.8,210.9,320.0,8.9,20.1,183.0
2025-04-03 17:00:00,37.1,218.9,373.0,14.9,24.9,160.0
2025-04-03 18:00:00,48.5,270.1,490.0,19.2,29.1,147.0
2025-04-03 19:00:00,57.2,303.6,639.0,24.9,34.7,128.0
2025-04-03 20:00:00,61.0,327.8,744.0,28.4,37.4,113.0
2025-04-03 21:00:00,62.6,336.2,763.0,27.2,34.7,106.0
2025-04-03 22:00:00,65.0,339.0,737.0,23.8,29.1,104.0
2025-04-03 23:00:00,68.2,353.0,711.0,21.0,24.4,100.0
2025-04-04 00:00:00,68.2,341.8,691.0,19.9,21.8,94.0
2025-04-04 01:00:00,64.3,278.5,670.0,19.4,20.1,86.0
2025-04-04 02:00:00,59.4,213.7,671.0,19.9,19.2,78.0
2025-04-04 03:00:00,55.4,170.0,687.0,21.6,19.1,68.0
2025-04-04 04:00:00,52.0,132.7,725.0,24.1,19.7,57.0
2025-04-04 05:00:00,56.3,163.0,823.0,21.2,19.8,58.0
2025-04-04 06:00:00,57.7,139.7,1080.0,27.0,21.5,59.0
2025-04-04 07:00:00,68.5,127.1,1396.0,34.7,24.1,61.0
2025-04-04 08:00:00,66.4,119.2,1516.0,37.7,27.1,73.0
2025-04-04 09:00:00,54.6,107.1,1252.0,31.8,31.7,105.0
2025-04-04 10:00:00,37.6,90.1,791.0,21.3,36.7,147.0
2025-04-04 11:00:00,31.1,111.3,434.0,12.7,38.4,179.0
2025-04-04 12:00:00,33.2,149.9,311.0,8.2,33.8,191.0
2025-04-04 13:00:00,35.0,188.6,293.0,5.6,25.8,192.0
2025-04-04 14:00:00,38.2,239.3,293.0,4.4,19.4,188.0
2025-04-04 15:00:00,43.4,303.6,280.0,4.5,16.1,180.0
2025-04-04 16:00:00,49.0,381.8,285.0,6.0,14.4,166.0
2025-04-04 17:00:00,49.6,405.1,316.0,8.8,14.4,149.0
2025-04-04 18:00:00,58.8,450.8,397.0,14.3,16.4,132.0
2025-04-04 19:00:00,69.4,489.9,503.0,21.7,19.1,108.0
2025-04-04 20:00:00,74.3,491.7,568.0,26.9,21.0,90.0
2025-04-04 21:00:00,76.1,468.5,553.0,27.8,21.3,83.0
2025-04-04 22:00:00,76.1,446.1,496.0,26.5,20.7,82.0
2025-04-04 23:00:00,78.5,470.3,448.0,24.1,19.8,82.0
2025-04-05 00:00:00,86.1,543.9,425.0,20.4,18.3,84.0
2025-04-05 01:00:00,94.5,590.5,411.0,15.6,16.4,88.0
2025-04-05 02:00:00,99.0,586.7,407.0,12.3,15.1,89.0
2025-04-05 03:00:00,100.8,562.5,403.0,11.3,14.7,85.0
2025-04-05 04:00:00,102.9,543.9,410.0,11.7,14.9,79.0
2025-04-05 05:00:00,94.3,474.0,455.0,13.7,15.0,72.0
2025-04-05 06:00:00,96.9,472.2,596.0,16.5,16.5,73.0
2025-04-05 07:00:00,99.0,434.0,775.0,20.2,18.7,75.0
2025-04-05 08:00:00,97.1,427.5,852.0,21.3,20.6,86.0
2025-04-05 09:00:00,85.0,381.8,727.0,17.5,22.3,113.0
2025-04-05 10:00:00,67.3,298.0,501.0,11.3,23.7,149.0
2025-04-05 11:00:00,51.0,241.2,328.0,6.4,23.8,175.0
2025-04-05 12:00:00,44.4,243.1,277.0,4.3,21.4,183.0
2025-04-05 13:00:00,44.8,285.9,280.0,3.7,17.6,180.0
2025-04-05 14:00:00,49.5,359.5,293.0,3.9,14.8,175.0
2025-04-05 15:00:00,56.0,444.2,293.0,4.5,13.6,170.0
2025-04-05 16:00:00,61.9,517.8,304.0,6.0,13.4,162.0
2025-04-05 17:00:00,48.9,409.8,352.0,9.3,14.4,150.0
2025-04-05 18:00:00,57.2,451.7,479.0,15.4,16.2,133.0
2025-04-05 19:00:00,65.0,460.1,643.0,23.7,18.7,108.0
2025-04-05 20:00:00,69.4,460.1,751.0,30.0,20.6,89.0
2025-04-05 21:00:00,71.0,442.4,751.0,32.4,21.4,80.0
2025-04-05 22:00:00,70.8,420.0,693.0,32.8,21.7,75.0
2025-04-05 23:00:00,68.5,383.7,638.0,31.8,21.3,73.0
2025-04-06 00:00:00,64.0,343.7,600.0,29.0,19.9,72.0
2025-04-06 01:00:00,59.8,309.2,563.0,25.0,17.9,74.0
2025-04-06 02:00:00,56.7,279.4,541.0,21.9,16.4,73.0
2025-04-06 03:00:00,55.3,258.0,515.0,20.5,15.6,67.0
2025-04-06 04:00:00,54.7,244.9,502.0,20.2,15.3,59.0
2025-04-06 05:00:00,57.5,220.7,569.0,26.1,18.4,54.0
2025-04-06 06:00:00,55.9,217.0,825.0,28.0,19.4,60.0
2025-04-06 07:00:00,57.3,196.0,1159.0,30.3,20.9,70.0
2025-04-06 08:00:00,55.2,177.4,1310.0,29.7,22.1,88.0
2025-04-06 09:00:00,45.8,151.3,1096.0,23.4,23.1,124.0
2025-04-06 10:00:00,33.5,118.3,699.0,14.1,23.9,168.0
2025-04-06 11:00:00,28.1,107.8,393.0,7.1,23.7,199.0
2025-04-06 12:00:00,26.5,109.2,296.0,4.3,21.6,207.0
2025-04-06 13:00:00,26.3,121.1,292.0,3.8,18.5,202.0
2025-04-06 14:00:00,26.0,135.5,305.0,4.3,16.2,194.0
2025-04-06 15:00:00,26.6,152.3,295.0,4.9,15.2,186.0
2025-04-06 16:00:00,28.2,166.7,303.0,6.5,14.9,175.0
2025-04-06 17:00:00,27.9,161.6,373.0,11.1,16.2,163.0
2025-04-06 18:00:00,34.5,153.7,529.0,21.9,19.8,141.0
2025-04-06 19:00:00,47.0,171.4,746.0,36.8,24.7,111.0
2025-04-06 20:00:00,57.7,184.9,1003.0,47.9,28.7,87.0
2025-04-06 21:00:00,65.0,205.4,1361.0,51.7,31.0,76.0
2025-04-06 22:00:00,69.8,221.2,1758.0,51.8,32.4,72.0
2025-04-06 23:00:00,73.6,235.6,1980.0,50.2,32.8,69.0
2025-04-07 00:00:00,74.7,250.5,1899.0,46.9,31.5,67.0
2025-04-07 01:00:00,75.0,253.3,1644.0,42.0,29.3,66.0
2025-04-07 02:00:00,72.6,230.5,1380.0,38.4,27.6,63.0
2025-04-07 03:00:00,72.4,225.4,1113.0,37.2,27.2,55.0
2025-04-07 04:00:00,72.2,213.3,838.0,37.1,27.4,45.0
2025-04-07 05:00:00,65.9,228.2,709.0,32.0,27.9,57.0
2025-04-07 06:00:00,65.2,213.7,884.0,34.2,28.5,67.0
2025-04-07 07:00:00,67.8,199.3,1205.0,36.9,29.3,82.0
2025-04-07 08:00:00,66.4,189.5,1356.0,36.2,30.3,106.0
2025-04-07 09:00:00,60.8,196.0,1142.0,28.9,31.8,148.0
2025-04-07 10:00:00,54.7,211.4,757.0,18.2,33.4,199.0
2025-04-07 11:00:00,52.0,255.2,467.0,10.0,33.9,237.0
2025-04-07 12:00:00,53.6,304.5,386.0,6.6,32.1,251.0
2025-04-07 13:00:00,55.5,340.9,399.0,5.6,29.1,252.0
2025-04-07 14:00:00,57.4,353.0,427.0,6.0,26.8,248.0
2025-04-07 15:00:00,56.0,334.3,452.0,7.1,25.8,242.0
2025-04-07 16:00:00,51.6,282.2,493.0,9.6,25.6,231.0
2025-04-07 17:00:00,42.0,195.1,526.0,15.7,27.1,207.0
2025-04-07 18:00:00,43.9,155.5,537.0,25.9,28.6,175.0
2025-04-07 19:00:00,48.3,109.7,541.0,40.1,30.6,131.0
2025-04-07 20:00:00,54.0,98.5,558.0,50.8,32.1,95.0
2025-04-07 21:00:00,64.7,129.9,610.0,55.2,32.7,74.0
2025-04-07 22:00:00,73.1,156.0,676.0,56.1,32.8,61.0
2025-04-07 23:00:00,77.3,157.4,710.0,54.9,32.2,53.0
2025-04-08 00:00:00,77.3,153.7,680.0,51.2,30.7,49.0
2025-04-08 01:00:00,78.2,176.5,619.0,45.4,28.5,50.0
2025-04-08 02:00:00,77.5,197.0,580.0,40.0,26.7,51.0
2025-04-08 03:00:00,75.0,206.3,577.0,35.7,25.6,50.0
2025-04-08 04:00:00,70.3,198.4,595.0,31.8,24.8,51.0
2025-04-08 05:00:00,67.8,318.5,650.0,17.3,19.2,85.0
2025-04-08 06:00:00,65.7,295.2,791.0,19.7,19.8,90.0
2025-04-08 07:00:00,67.3,282.2,967.0,22.9,20.7,98.0
2025-04-08 08:00:00,69.4,288.7,1043.0,23.7,22.1,116.0
2025-04-08 09:00:00,75.0,339.0,924.0,20.0,24.9,155.0
2025-04-08 10:00:00,80.8,393.9,705.0,14.0,28.3,203.0
2025-04-08 11:00:00,81.0,428.4,527.0,9.2,29.9,238.0
2025-04-08 12:00:00,75.4,433.1,444.0,6.7,28.1,247.0
2025-04-08 13:00:00,71.0,426.5,403.0,5.3,24.6,242.0
2025-04-08 14:00:00,69.8,434.0,387.0,5.5,22.0,233.0
2025-04-08 15:00:00,70.5,448.9,385.0,7.4,21.3,223.0
2025-04-08 16:00:00,72.4,468.5,409.0,10.8,21.5,208.0
2025-04-08 17:00:00,48.1,224.9,477.0,14.9,22.2,190.0
2025-04-08 18:00:00,51.9,211.4,636.0,22.2,23.3,162.0
2025-04-08 19:00:00,59.6,210.9,839.0,32.1,24.9,124.0
2025-04-08 20:00:00,65.7,234.7,966.0,38.6,25.9,95.0
2025-04-08 21:00:00,69.8,262.6,952.0,38.5,26.0,85.0
2025-04-08 22:00:00,75.0,299.9,862.0,34.9,25.5,84.0
2025-04-08 23:00:00,78.9,328.8,765.0,31.0,24.7,84.0
2025-04-09 00:00:00,81.0,346.5,674.0,27.6,23.4,84.0
2025-04-09 01:00:00,82.4,355.8,576.0,23.9,21.7,85.0
2025-04-09 02:00:00,83.6,355.8,504.0,21.2,20.4,84.0
2025-04-09 03:00:00,83.4,342.7,463.0,19.8,19.6,78.0
2025-04-09 04:00:00,81.5,315.7,448.0,19.4,19.2,71.0
2025-04-09 05:00:00,81.0,266.4,476.0,19.3,21.2,77.0
2025-04-09 06:00:00,81.5,280.3,593.0,22.8,22.8,80.0
2025-04-09 07:00:00,82.9,247.7,754.0,27.3,25.2,85.0
2025-04-09 08:00:00,83.1,257.0,841.0,28.8,27.9,104.0
2025-04-09 09:00:00,83.8,283.1,785.0,24.5,31.7,148.0
2025-04-09 10:00:00,86.4,314.8,656.0,17.1,35.7,206.0
2025-04-09 11:00:00,84.5,352.0,546.0,11.1,37.3,246.0
2025-04-09 12:00:00,78.5,380.0,489.0,7.8,34.2,256.0
2025-04-09 13:00:00,71.2,380.9,452.0,5.9,28.6,249.0
2025-04-09 14:00:00,66.8,361.4,430.0,5.7,24.4,237.0
2025-04-09 15:00:00,64.7,345.5,421.0,7.6,22.8,223.0
2025-04-09 16:00:00,63.8,327.8,428.0,11.1,22.5,203.0
2025-04-09 17:00:00,50.2,275.7,454.0,12.8,19.2,174.0
2025-04-09 18:00:00,51.3,242.1,498.0,18.3,20.8,154.0
2025-04-09 19:00:00,55.5,227.2,560.0,26.0,23.1,127.0
2025-04-09 20:00:00,58.6,174.6,645.0,33.1,25.1,102.0
2025-04-09 21:00:00,63.3,132.2,790.0,39.4,26.8,83.0
2025-04-09 22:00:00,68.9,120.1,959.0,45.1,28.2,66.0
2025-04-09 23:00:00,71.9,127.1,1041.0,48.3,28.8,54.0
2025-04-10 00:00:00,71.5,122.9,947.0,47.2,27.8,48.0
2025-04-10 01:00:00,72.6,110.6,768.0,43.5,25.9,47.0
2025-04-10 02:00:00,75.0,112.0,666.0,40.7,25.1,46.0
2025-04-10 03:00:00,75.9,116.6,726.0,40.2,26.4,43.0
2025-04-10 04:00:00,76.4,119.2,864.0,40.6,28.6,40.0
2025-04-10 05:00:00,115.0,562.5,989.0,10.2,22.2,110.0
2025-04-10 06:00:00,120.6,564.4,1096.0,13.7,23.4,107.0
2025-04-10 07:00:00,121.5,555.1,1191.0,18.4,25.3,104.0
2025-04-10 08:00:00,112.5,547.6,1196.0,20.9,28.0,112.0
2025-04-10 09:00:00,103.6,534.6,1045.0,19.1,32.4,141.0
2025-04-10 10:00:00,99.0,517.8,804.0,15.0,37.6,181.0
2025-04-10 11:00:00,98.0,519.7,601.0,11.5,40.7,214.0
2025-04-10 12:00:00,99.7,542.0,472.0,9.4,40.3,234.0
2025-04-10 13:00:00,98.0,543.9,380.0,8.0,37.8,245.0
2025-04-10 14:00:00,98.7,564.4,341.0,7.6,35.2,247.0
2025-04-10 15:00:00,94.1,536.4,370.0,9.0,32.7,234.0
2025-04-10 16:00:00,75.7,372.5,452.0,11.4,29.9,210.0
2025-04-10 17:00:00,86.8,696.6,551.0,10.4,11.4,125.0
2025-04-10 18:00:00,89.2,646.3,681.0,10.6,13.6,128.0
2025-04-10 19:00:00,96.2,679.9,830.0,10.8,16.7,132.0
2025-04-10 20:00:00,93.8,584.9,921.0,11.3,19.4,134.0
2025-04-10 21:00:00,102.7,568.1,911.0,12.1,21.3,134.0
2025-04-10 22:00:00,113.4,599.8,844.0,13.2,22.8,132.0
2025-04-10 23:00:00,126.2,681.7,779.0,13.9,23.7,127.0
2025-04-11 00:00:00,135.5,745.1,732.0,14.0,23.5,116.0
2025-04-11 01:00:00,140.2,756.2,687.0,13.8,22.6,102.0
2025-04-11 02:00:00,134.1,711.5,648.0,13.7,22.4,90.0
2025-04-11 03:00:00,123.4,657.5,613.0,13.8,23.7,82.0
2025-04-11 04:00:00,112.2,616.5,585.0,14.0,25.6,77.0
2025-04-11 05:00:00,136.0,791.6,573.0,14.2,26.9,76.0
2025-04-11 06:00:00,127.1,741.3,595.0,15.9,28.1,78.0
2025-04-11 07:00:00,115.0,665.0,634.0,18.1,29.7,83.0
2025-04-11 08:00:00,102.9,592.3,650.0,18.5,30.4,96.0
2025-04-11 09:00:00,95.2,558.8,619.0,15.6,29.4,125.0
2025-04-11 10:00:00,95.9,579.3,565.0,10.9,27.6,163.0
2025-04-11 11:00:00,97.1,599.8,518.0,7.3,25.8,191.0
2025-04-11 12:00:00,97.3,614.7,481.0,5.7,24.2,203.0
2025-04-11 13:00:00,96.9,624.0,452.0,5.1,22.7,206.0
2025-04-11 14:00:00,97.8,650.1,454.0,5.7,22.0,204.0
2025-04-11 15:00:00,102.9,707.8,514.0,7.8,22.9,198.0
2025-04-11 16:00:00,113.4,832.6,606.0,11.0,24.6,187.0
2025-04-11 17:00:00,100.8,722.7,677.0,16.5,28.2,172.0
2025-04-11 18:00:00,98.0,646.3,702.0,22.1,28.6,150.0
2025-04-11 19:00:00,96.2,558.8,706.0,29.6,29.0,120.0
2025-04-11 20:00:00,106.9,556.9,705.0,33.7,29.0,100.0
2025-04-11 21:00:00,135.0,754.4,706.0,30.9,28.0,99.0
2025-04-11 22:00:00,134.6,735.7,702.0,24.8,26.5,108.0
2025-04-11 23:00:00,124.3,575.6,688.0,20.0,25.5,112.0
2025-04-12 00:00:00,117.3,501.1,654.0,18.9,25.8,105.0
2025-04-12 01:00:00,113.4,457.3,610.0,19.3,26.5,95.0
2025-04-12 02:00:00,109.0,420.0,578.0,19.2,26.6,87.0
2025-04-12 03:00:00,100.4,373.5,563.0,17.3,25.0,85.0
2025-04-12 04:00:00,91.0,369.7,561.0,14.8,22.7,87.0
2025-04-12 05:00:00,76.1,266.4,582.0,15.5,24.1,87.0
2025-04-12 06:00:00,72.6,239.3,654.0,19.0,26.3,90.0
2025-04-12 07:00:00,71.0,206.8,750.0,23.7,29.4,95.0
2025-04-12 08:00:00,72.6,268.2,798.0,25.5,32.3,109.0
2025-04-12 09:00:00,84.5,423.8,755.0,21.9,35.4,139.0
2025-04-12 10:00:00,88.9,480.6,664.0,15.4,38.5,177.0
2025-04-12 11:00:00,88.0,480.6,583.0,10.1,39.2,206.0
2025-04-12 12:00:00,86.8,476.8,529.0,7.3,35.9,219.0
2025-04-12 13:00:00,83.4,450.8,486.0,5.7,30.3,223.0
2025-04-12 14:00:00,78.2,407.0,464.0,5.2,25.8,221.0
2025-04-12 15:00:00,74.3,374.4,452.0,5.9,23.8,214.0
2025-04-12 16:00:00,71.2,360.4,462.0,7.6,22.9,202.0
2025-04-12 17:00:00,75.9,443.3,537.0,12.8,24.1,190.0
2025-04-12 18:00:00,71.5,361.4,740.0,17.3,25.9,171.0
2025-04-12 19:00:00,68.5,298.0,1010.0,23.5,28.3,144.0
2025-04-12 20:00:00,64.7,245.9,1202.0,27.7,29.3,121.0
2025-04-12 21:00:00,60.5,226.3,1259.0,28.3,27.8,107.0
2025-04-12 22:00:00,56.1,195.1,1240.0,26.9,25.0,98.0
2025-04-12 23:00:00,54.1,165.3,1176.0,25.4,22.6,90.0
2025-04-13 00:00:00,53.3,142.0,1049.0,24.2,21.0,82.0
2025-04-13 01:00:00,52.4,125.7,878.0,22.9,19.8,76.0
2025-04-13 02:00:00,52.4,132.2,748.0,21.9,19.0,71.0
2025-04-13 03:00:00,52.7,138.8,682.0,21.2,18.6,66.0
2025-04-13 04:00:00,53.9,145.3,657.0,20.7,18.7,62.0
2025-04-13 05:00:00,65.9,140.6,692.0,33.7,23.1,47.0
2025-04-13 06:00:00,70.1,134.6,860.0,33.2,25.0,63.0
2025-04-13 07:00:00,71.7,127.1,1088.0,32.3,27.8,86.0
2025-04-13 08:00:00,65.2,179.3,1181.0,29.7,30.6,114.0
2025-04-13 09:00:00,64.0,244.9,1004.0,24.0,34.0,150.0
2025-04-13 10:00:00,64.3,284.1,692.0,16.7,37.4,190.0
2025-04-13 11:00:00,63.3,286.8,456.0,10.9,38.4,219.0
2025-04-13 12:00:00,56.0,244.0,390.0,7.6,34.8,230.0
2025-04-13 13:00:00,49.2,206.3,401.0,5.8,28.8,231.0
2025-04-13 14:00:00,45.5,187.7,421.0,5.2,24.0,227.0
2025-04-13 15:00:00,44.5,180.7,427.0,5.2,22.0,223.0
2025-04-13 16:00:00,43.3,178.8,441.0,6.4,21.3,214.0
2025-04-13 17:00:00,38.4,171.4,469.0,9.3,19.7,201.0
2025-04-13 18:00:00,41.2,164.8,512.0,16.1,21.2,175.0
2025-04-13 19:00:00,46.7,172.8,568.0,25.6,23.4,139.0
2025-04-13 20:00:00,55.2,168.6,632.0,34.2,25.6,109.0
2025-04-13 21:00:00,60.1,167.6,715.0,41.1,27.8,91.0
2025-04-13 22:00:00,64.5,163.0,806.0,47.1,29.9,78.0
2025-04-13 23:00:00,66.6,160.7,863.0,50.7,31.2,69.0
2025-04-14 00:00:00,65.9,155.1,865.0,50.3,31.1,63.0
2025-04-14 01:00:00,64.3,147.6,834.0,47.6,30.0,60.0
2025-04-14 02:00:00,63.1,142.0,792.0,45.2,29.0,57.0
2025-04-14 03:00:00,63.6,140.6,727.0,44.5,28.0,48.0
2025-04-14 04:00:00,65.4,137.4,653.0,44.3,27.0,38.0
2025-04-14 05:00:00,103.8,488.0,631.0,20.1,20.8,76.0
2025-04-14 06:00:00,102.4,429.3,729.0,22.3,22.3,81.0
2025-04-14 07:00:00,100.4,372.5,879.0,25.0,24.5,89.0
2025-04-14 08:00:00,96.6,414.4,944.0,25.4,26.7,106.0
2025-04-14 09:00:00,90.6,411.6,835.0,21.2,29.4,139.0
2025-04-14 10:00:00,82.9,394.9,640.0,14.5,32.1,181.0
2025-04-14 11:00:00,72.2,368.8,484.0,9.2,33.0,212.0
2025-04-14 12:00:00,64.0,352.0,416.0,6.5,30.3,225.0
2025-04-14 13:00:00,60.8,346.5,388.0,5.0,25.7,229.0
2025-04-14 14:00:00,59.1,339.9,379.0,4.9,22.3,227.0
2025-04-14 15:00:00,56.7,322.2,384.0,6.0,21.4,223.0
2025-04-14 16:00:00,55.2,303.6,407.0,8.4,21.8,214.0
2025-04-14 17:00:00,65.2,506.6,444.0,11.0,19.1,183.0
2025-04-14 18:00:00,63.3,428.4,502.0,15.3,20.1,163.0
2025-04-14 19:00:00,59.8,377.2,573.0,21.2,21.5,135.0
2025-04-14 20:00:00,59.3,339.9,625.0,25.2,22.3,113.0
2025-04-14 21:00:00,61.2,331.6,652.0,25.5,22.0,104.0
2025-04-14 22:00:00,61.7,347.4,660.0,24.0,21.1,100.0
2025-04-14 23:00:00,62.6,353.0,640.0,22.2,20.2,98.0
2025-04-15 00:00:00,62.9,347.4,571.0,20.5,19.2,95.0
2025-04-15 01:00:00,64.5,344.6,474.0,18.6,18.2,94.0
2025-04-15 02:00:00,65.0,336.2,404.0,17.3,17.5,91.0
2025-04-15 03:00:00,64.5,317.6,371.0,17.0,17.1,85.0
2025-04-15 04:00:00,62.9,290.6,364.0,17.3,16.9,78.0
2025-04-15 05:00:00,58.7,230.0,405.0,23.1,18.2,62.0
2025-04-15 06:00:00,57.3,214.7,549.0,24.4,19.4,72.0
2025-04-15 07:00:00,57.7,206.8,741.0,25.9,21.0,87.0
2025-04-15 08:00:00,55.6,228.6,833.0,25.1,22.4,108.0
2025-04-15 09:00:00,53.2,259.8,727.0,19.7,23.4,139.0
2025-04-15 10:00:00,50.9,286.8,522.0,12.1,24.1,175.0
2025-04-15 11:00:00,50.6,304.5,370.0,6.3,24.1,203.0
2025-04-15 12:00:00,53.0,322.2,335.0,4.2,22.9,215.0
2025-04-15 13:00:00,54.5,324.1,352.0,4.1,21.0,218.0
2025-04-15 14:00:00,54.6,317.6,378.0,4.7,19.8,218.0
2025-04-15 15:00:00,54.7,305.5,399.0,5.6,19.7,218.0
2025-04-15 16:00:00,54.1,286.8,428.0,7.3,20.3,215.0
2025-04-15 17:00:00,52.4,293.4,460.0,11.4,22.1,207.0
2025-04-15 18:00:00,54.4,247.7,493.0,17.7,23.8,180.0
2025-04-15 19:00:00,54.8,213.3,528.0,26.4,26.0,142.0
2025-04-15 20:00:00,56.5,177.9,568.0,32.2,27.0,113.0
2025-04-15 21:00:00,57.5,185.3,625.0,32.7,25.8,100.0
2025-04-15 22:00:00,58.8,195.6,687.0,30.4,23.5,94.0
2025-04-15 23:00:00,59.8,208.6,715.0,27.7,21.3,91.0
2025-04-16 00:00:00,60.3,217.5,684.0,24.8,19.6,89.0
2025-04-16 01:00:00,60.8,217.9,621.0,21.5,18.0,89.0
2025-04-16 02:00:00,61.7,207.7,565.0,19.3,17.0,88.0
2025-04-16 03:00:00,63.1,195.6,520.0,18.9,16.8,81.0
2025-04-16 04:00:00,64.7,184.4,484.0,19.6,17.2,72.0
2025-04-16 05:00:00,71.9,202.1,487.0,24.9,18.7,59.0
2025-04-16 06:00:00,75.2,207.7,578.0,26.8,20.7,69.0
2025-04-16 07:00:00,78.5,227.2,710.0,29.2,23.4,84.0
2025-04-16 08:00:00,78.2,293.4,768.0,28.8,25.5,106.0
2025-04-16 09:00:00,80.3,359.5,678.0,22.9,26.3,140.0
2025-04-16 10:00:00,78.0,412.6,514.0,14.1,26.5,180.0
2025-04-16 11:00:00,74.0,418.2,393.0,7.5,26.2,211.0
2025-04-16 12:00:00,72.2,409.8,363.0,5.0,25.3,226.0
2025-04-16 13:00:00,72.4,407.9,375.0,4.6,24.0,233.0
2025-04-16 14:00:00,72.6,404.2,396.0,5.3,23.1,234.0
2025-04-16 15:00:00,71.9,393.0,416.0,6.9,23.1,231.0
2025-04-16 16:00:00,71.2,381.8,446.0,9.6,23.6,224.0
2025-04-16 17:00:00,72.6,396.7,483.0,14.6,24.4,204.0
2025-04-16 18:00:00,74.3,353.0,532.0,18.7,25.5,183.0
2025-04-16 19:00:00,74.7,328.8,587.0,24.3,27.0,154.0
2025-04-16 20:00:00,76.6,318.5,632.0,28.4,27.6,129.0
2025-04-16 21:00:00,77.5,321.3,662.0,29.6,26.4,113.0
2025-04-16 22:00:00,77.5,311.1,680.0,29.4,24.4,100.0
2025-04-16 23:00:00,76.1,296.2,681.0,28.6,22.6,90.0
2025-04-17 00:00:00,74.0,272.9,653.0,27.4,21.5,82.0
2025-04-17 01:00:00,72.9,262.6,608.0,25.7,20.7,76.0
2025-04-17 02:00:00,71.0,268.2,573.0,24.2,20.1,72.0
2025-04-17 03:00:00,69.4,286.8,548.0,22.6,19.6,69.0
2025-04-17 04:00:00,69.8,311.1,533.0,21.2,19.3,67.0
2025-04-17 05:00:00,70.3,248.7,556.0,12.5,15.4,107.0
2025-04-17 06:00:00,78.9,289.6,669.0,16.8,18.7,108.0
2025-04-17 07:00:00,86.4,331.6,821.0,22.5,23.4,111.0
2025-04-17 08:00:00,90.8,371.6,882.0,25.0,27.3,123.0
2025-04-17 09:00:00,86.4,389.3,763.0,21.3,30.2,155.0
2025-04-17 10:00:00,79.9,424.7,553.0,14.4,32.3,197.0
2025-04-17 11:00:00,74.7,439.6,392.0,8.9,32.5,226.0
2025-04-17 12:00:00,71.2,430.3,338.0,6.3,29.3,233.0
2025-04-17 13:00:00,65.4,376.3,331.0,4.9,24.1,228.0
2025-04-17 14:00:00,57.0,311.1,336.0,4.7,19.8,218.0
2025-04-17 15:00:00,51.1,280.3,319.0,4.8,17.1,205.0
2025-04-17 16:00:00,50.1,283.1,313.0,6.0,15.2,187.0
2025-04-17 17:00:00,50.6,277.5,379.0,12.0,17.5,181.0
2025-04-17 18:00:00,50.9,247.7,567.0,16.9,19.2,165.0
2025-04-17 19:00:00,58.3,249.6,827.0,23.9,21.6,142.0
2025-04-17 20:00:00,62.6,227.7,1076.0,29.8,23.7,121.0
2025-04-17 21:00:00,64.7,194.2,1340.0,34.0,25.3,106.0
2025-04-17 22:00:00,65.9,171.8,1592.0,37.3,26.5,94.0
2025-04-17 23:00:00,67.8,181.1,1670.0,38.6,26.8,84.0
2025-04-18 00:00:00,70.1,208.2,1427.0,36.9,25.5,76.0
2025-04-18 01:00:00,71.9,230.0,1009.0,33.3,23.3,70.0
2025-04-18 02:00:00,72.6,240.3,689.0,30.0,21.4,66.0
2025-04-18 03:00:00,69.8,231.9,577.0,27.4,20.2,61.0
2025-04-18 04:00:00,66.4,226.8,562.0,25.0,19.4,58.0
2025-04-18 05:00:00,68.0,237.0,584.0,27.5,20.4,54.0
2025-04-18 06:00:00,66.8,224.4,653.0,27.0,20.6,65.0
2025-04-18 07:00:00,69.6,246.8,758.0,26.2,21.2,82.0
2025-04-18 08:00:00,74.5,302.7,808.0,24.4,23.8,108.0
2025-04-18 09:00:00,81.7,358.6,744.0,20.7,30.9,150.0
2025-04-18 10:00:00,83.8,387.4,625.0,15.9,40.1,201.0
2025-04-18 11:00:00,83.1,406.1,531.0,11.9,45.4,239.0
2025-04-18 12:00:00,79.4,391.2,498.0,9.0,43.6,255.0
2025-04-18 13:00:00,73.8,361.4,489.0,6.9,38.0,258.0
2025-04-18 14:00:00,70.1,343.7,481.0,6.1,32.9,253.0
2025-04-18 15:00:00,67.3,339.0,451.0,7.4,29.5,239.0
2025-04-18 16:00:00,64.7,331.6,420.0,10.0,26.5,216.0
2025-04-18 17:00:00,72.4,404.2,428.0,13.1,28.1,216.0
2025-04-18 18:00:00,70.8,371.6,509.0,14.8,26.5,193.0
2025-04-18 19:00:00,73.8,399.5,629.0,17.0,24.3,161.0
2025-04-18 20:00:00,75.7,412.6,720.0,18.2,22.3,137.0
2025-04-18 21:00:00,73.3,380.9,763.0,17.3,20.7,130.0
2025-04-18 22:00:00,65.9,320.4,778.0,15.3,19.4,131.0
2025-04-18 23:00:00,60.3,280.3,759.0,13.6,18.8,132.0
2025-04-19 00:00:00,59.4,270.1,679.0,12.7,19.2,130.0
2025-04-19 01:00:00,67.3,319.4,565.0,12.2,20.3,128.0
2025-04-19 02:00:00,79.2,417.2,486.0,11.9,21.3,124.0
2025-04-19 03:00:00,90.6,508.5,476.0,11.8,21.9,117.0
2025-04-19 04:00:00,99.9,577.4,501.0,11.9,22.5,108.0
2025-04-19 05:00:00,85.2,435.9,536.0,13.9,21.8,105.0
2025-04-19 06:00:00,92.0,448.0,587.0,16.0,23.5,107.0
2025-04-19 07:00:00,96.9,497.3,647.0,18.8,25.8,112.0
2025-04-19 08:00:00,101.5,553.2,668.0,19.5,27.6,125.0
2025-04-19 09:00:00,105.9,612.8,619.0,16.2,28.6,157.0
2025-04-19 10:00:00,113.4,694.8,532.0,10.8,29.0,197.0
2025-04-19 11:00:00,119.2,769.3,453.0,6.7,28.2,224.0
2025-04-19 12:00:00,117.8,800.9,395.0,5.0,25.5,226.0
2025-04-19 13:00:00,109.2,769.3,347.0,4.6,21.7,214.0
2025-04-19 14:00:00,97.8,711.5,318.0,5.0,18.5,200.0
2025-04-19 15:00:00,91.0,674.3,315.0,6.2,16.4,188.0
2025-04-19 16:00:00,84.3,620.3,332.0,8.2,15.0,174.0
2025-04-19 17:00:00,97.1,715.3,361.0,11.7,16.8,162.0
2025-04-19 18:00:00,93.4,640.7,411.0,12.9,17.5,154.0
2025-04-19 19:00:00,107.6,683.6,473.0,14.5,18.6,143.0
2025-04-19 20:00:00,115.0,728.3,516.0,15.4,19.5,135.0
2025-04-19 21:00:00,115.7,707.8,525.0,14.9,20.2,134.0
2025-04-19 22:00:00,119.2,726.4,516.0,13.7,20.8,135.0
2025-04-19 23:00:00,122.0,761.8,499.0,12.7,21.4,135.0
2025-04-20 00:00:00,119.2,743.2,473.0,12.0,22.1,131.0
2025-04-20 01:00:00,117.8,730.2,441.0,11.4,22.8,126.0
2025-04-20 02:00:00,117.8,719.0,421.0,11.2,23.5,120.0
2025-04-20 03:00:00,119.0,717.1,417.0,11.4,24.3,113.0
2025-04-20 04:00:00,118.3,704.1,426.0,11.9,25.0,105.0
2025-04-20 05:00:00,131.8,724.6,458.0,13.1,21.0,100.0
2025-04-20 06:00:00,131.3,653.8,545.0,15.7,22.1,102.0
2025-04-20 07:00:00,127.1,655.7,656.0,19.2,23.6,107.0
2025-04-20 08:00:00,124.3,659.4,707.0,20.5,25.5,120.0
2025-04-20 09:00:00,118.7,627.7,644.0,17.8,28.7,151.0
2025-04-20 10:00:00,109.7,592.3,522.0,12.9,32.2,190.0
2025-04-20 11:00:00,104.1,581.1,421.0,8.9,33.0,215.0
2025-04-20 12:00:00,95.0,542.0,369.0,6.6,28.8,215.0
2025-04-20 13:00:00,74.7,430.3,338.0,5.1,21.9,202.0
2025-04-20 14:00:00,66.4,390.2,330.0,4.7,16.7,188.0
2025-04-20 15:00:00,63.1,373.5,351.0,5.8,14.9,177.0
2025-04-20 16:00:00,58.6,339.0,394.0,8.1,14.8,166.0
2025-04-20 17:00:00,54.9,307.3,445.0,11.3,15.9,156.0
2025-04-20 18:00:00,55.3,288.7,506.0,14.1,16.9,145.0
2025-04-20 19:00:00,66.6,355.8,574.0,17.9,18.2,129.0
2025-04-20 20:00:00,76.1,406.1,623.0,20.2,19.2,118.0
2025-04-20 21:00:00,81.0,416.3,642.0,19.5,19.7,117.0
2025-04-20 22:00:00,85.2,427.5,641.0,17.4,19.9,120.0
2025-04-20 23:00:00,86.8,457.3,626.0,15.6,19.9,121.0
2025-04-21 00:00:00,91.5,489.9,581.0,14.7,19.7,116.0
2025-04-21 01:00:00,94.5,497.3,522.0,14.2,19.3,108.0
2025-04-21 02:00:00,95.0,475.0,500.0,14.8,19.3,99.0
2025-04-21 03:00:00,91.7,409.8,546.0,17.0,19.7,85.0
2025-04-21 04:00:00,89.6,357.6,630.0,20.3,20.5,70.0
2025-04-21 05:00:00,78.2,244.0,714.0,29.7,24.6,54.0
2025-04-21 06:00:00,84.5,261.7,808.0,29.2,25.3,62.0
2025-04-21 07:00:00,88.5,286.8,902.0,28.4,26.6,75.0
2025-04-21 08:00:00,86.4,330.6,926.0,26.7,29.8,98.0
2025-04-21 09:00:00,86.4,339.0,829.0,23.7,37.9,142.0
2025-04-21 10:00:00,89.4,342.7,662.0,19.9,48.0,196.0
2025-04-21 11:00:00,87.1,355.8,513.0,16.0,52.1,232.0
2025-04-21 12:00:00,74.3,324.1,407.0,11.8,44.9,237.0
2025-04-21 13:00:00,67.5,339.9,319.0,7.5,31.7,225.0
2025-04-21 14:00:00,65.9,376.3,263.0,5.2,21.1,209.0
2025-04-21 15:00:00,63.6,402.3,247.0,5.3,16.1,194.0
2025-04-21 16:00:00,59.8,395.8,264.0,7.3,13.6,175.0
2025-04-21 17:00:00,54.1,296.2,307.0,14.1,18.4,171.0
2025-04-21 18:00:00,57.6,321.3,397.0,19.7,18.5,147.0
2025-04-21 19:00:00,63.3,325.0,513.0,27.5,18.6,113.0
2025-04-21 20:00:00,63.3,334.3,589.0,32.9,18.3,87.0
2025-04-21 21:00:00,59.8,325.0,591.0,34.0,17.6,76.0
2025-04-21 22:00:00,55.8,299.9,554.0,32.9,16.5,71.0
2025-04-21 23:00:00,53.6,284.1,507.0,31.1,15.3,68.0
2025-04-22 00:00:00,53.7,288.7,453.0,28.9,13.9,63.0
2025-04-22 01:00:00,55.4,301.7,390.0,26.1,12.4,59.0
2025-04-22 02:00:00,57.4,315.7,348.0,23.7,11.3,55.0
2025-04-22 03:00:00,59.0,328.8,325.0,21.9,10.6,50.0
2025-04-22 04:00:00,60.5,339.0,323.0,20.7,10.4,46.0
2025-04-22 05:00:00,75.4,422.8,377.0,22.0,12.1,48.0
2025-04-22 06:00:00,78.7,402.3,558.0,24.9,14.0,56.0
2025-04-22 07:00:00,82.7,371.6,795.0,28.6,16.6,68.0
2025-04-22 08:00:00,86.6,373.5,904.0,29.0,18.8,87.0
2025-04-22 09:00:00,91.7,419.1,759.0,22.8,20.6,121.0
2025-04-22 10:00:00,88.2,420.0,487.0,13.2,22.1,162.0
2025-04-22 11:00:00,66.8,343.7,283.0,6.0,22.3,190.0
2025-04-22 12:00:00,49.2,281.3,231.0,3.4,20.2,196.0
2025-04-22 13:00:00,48.1,295.2,248.0,3.1,16.8,190.0
2025-04-22 14:00:00,50.8,339.0,272.0,3.8,14.1,182.0
2025-04-22 15:00:00,54.0,392.1,271.0,4.5,12.7,176.0
2025-04-22 16:00:00,57.4,432.1,279.0,6.1,12.0,168.0
2025-04-22 17:00:00,54.0,395.8,336.0,10.5,12.7,169.0
2025-04-22 18:00:00,61.7,436.8,503.0,19.0,15.1,146.0
2025-04-22 19:00:00,71.7,447.0,721.0,30.5,18.3,115.0
2025-04-22 20:00:00,78.7,462.9,847.0,38.2,20.4,91.0
2025-04-22 21:00:00,82.9,478.7,802.0,38.8,20.3,80.0
2025-04-22 22:00:00,84.8,495.5,667.0,35.6,19.1,77.0
2025-04-22 23:00:00,85.2,516.0,542.0,31.3,17.8,77.0
2025-04-23 00:00:00,84.5,523.4,454.0,25.8,16.5,81.0
2025-04-23 01:00:00,82.4,493.6,377.0,19.2,15.1,89.0
2025-04-23 02:00:00,80.8,454.5,332.0,14.8,14.2,93.0
2025-04-23 03:00:00,80.8,424.7,318.0,14.2,14.1,87.0
2025-04-23 04:00:00,81.5,397.7,335.0,15.8,14.5,77.0
2025-04-23 05:00:00,84.1,380.9,408.0,18.2,15.5,72.0
2025-04-23 06:00:00,90.6,382.8,608.0,22.6,17.4,73.0
2025-04-23 07:00:00,95.5,355.8,863.0,27.8,19.8,79.0
2025-04-23 08:00:00,94.3,353.9,979.0,29.2,21.5,94.0
2025-04-23 09:00:00,86.6,332.5,823.0,23.3,22.2,127.0
2025-04-23 10:00:00,68.7,269.2,528.0,13.6,22.2,168.0
2025-04-23 11:00:00,48.9,224.0,303.0,6.2,21.3,198.0
2025-04-23 12:00:00,40.5,231.4,236.0,3.5,18.6,206.0
2025-04-23 13:00:00,41.1,271.9,240.0,3.2,14.9,201.0
2025-04-23 14:00:00,45.4,331.6,256.0,3.8,12.3,195.0
2025-04-23 15:00:00,50.2,393.0,249.0,4.3,11.4,192.0
2025-04-23 16:00:00,54.1,427.5,255.0,5.9,11.5,186.0
2025-04-23 17:00:00,77.8,659.4,327.0,9.8,12.5,180.0
2025-04-23 18:00:00,86.6,689.2,544.0,17.6,15.0,158.0
2025-04-23 19:00:00,96.4,685.5,826.0,28.3,18.4,127.0
2025-04-23 20:00:00,103.1,681.7,991.0,36.4,21.0,102.0
2025-04-23 21:00:00,106.4,670.6,926.0,39.4,21.9,88.0
2025-04-23 22:00:00,106.9,642.6,743.0,39.7,22.0,80.0
2025-04-23 23:00:00,105.7,616.5,592.0,39.0,21.7,73.0
2025-04-24 00:00:00,105.7,620.3,533.0,36.9,20.9,68.0
2025-04-24 01:00:00,106.4,616.5,506.0,33.7,19.8,65.0
2025-04-24 02:00:00,106.4,592.3,486.0,32.1,19.0,60.0
2025-04-24 03:00:00,105.9,553.2,443.0,33.5,18.7,48.0
2025-04-24 04:00:00,105.0,510.4,408.0,36.6,18.8,34.0
2025-04-24 05:00:00,87.1,383.7,444.0,26.4,15.3,53.0
2025-04-24 06:00:00,87.5,331.6,645.0,29.3,16.9,64.0
2025-04-24 07:00:00,85.9,266.4,917.0,32.9,19.1,80.0
2025-04-24 08:00:00,81.5,261.7,1045.0,33.0,21.4,102.0
2025-04-24 09:00:00,71.5,228.6,886.0,26.2,24.4,136.0
2025-04-24 10:00:00,49.0,152.3,582.0,15.8,27.4,175.0
2025-04-24 11:00:00,34.9,133.2,344.0,7.8,27.9,202.0
2025-04-24 12:00:00,29.7,145.8,258.0,4.5,23.8,205.0
2025-04-24 13:00:00,28.2,166.7,239.0,3.4,17.3,196.0
2025-04-24 14:00:00,28.6,193.7,237.0,3.6,12.3,185.0
2025-04-24 15:00:00,31.2,222.1,208.0,4.4,10.3,177.0
2025-04-24 16:00:00,32.6,241.2,198.0,6.4,10.0,168.0
2025-04-24 17:00:00,29.8,190.0,294.0,10.3,11.2,158.0
2025-04-24 18:00:00,36.2,181.1,584.0,20.2,14.7,137.0
2025-04-24 19:00:00,47.8,170.9,981.0,33.8,19.5,108.0
2025-04-24 20:00:00,54.9,192.3,1306.0,43.5,23.1,85.0
2025-04-24 21:00:00,58.0,215.6,1514.0,45.5,24.4,75.0
2025-04-24 22:00:00,59.1,211.4,1650.0,43.5,24.4,72.0
2025-04-24 23:00:00,60.3,195.1,1675.0,41.9,24.2,68.0
2025-04-25 00:00:00,63.6,202.6,1514.0,41.9,23.6,61.0
2025-04-25 01:00:00,67.5,214.2,1243.0,42.2,22.7,53.0
2025-04-25 02:00:00,70.8,225.8,1047.0,42.8,22.6,47.0
2025-04-25 03:00:00,72.9,235.2,1017.0,43.9,23.9,41.0
2025-04-25 04:00:00,73.8,233.8,1062.0,45.3,25.9,36.0
2025-04-25 05:00:00,84.8,404.2,1100.0,33.5,15.5,33.0
2025-04-25 06:00:00,91.7,387.4,1124.0,38.1,18.2,53.0
2025-04-25 07:00:00,95.9,285.0,1140.0,43.9,22.0,82.0
2025-04-25 08:00:00,92.2,280.3,1088.0,45.0,25.9,113.0
2025-04-25 09:00:00,81.0,267.3,906.0,36.8,30.7,150.0
2025-04-25 10:00:00,64.7,222.6,655.0,23.8,35.5,189.0
2025-04-25 11:00:00,44.9,170.9,454.0,13.3,36.3,213.0
2025-04-25 12:00:00,31.8,144.8,350.0,7.8,29.5,210.0
2025-04-25 13:00:00,26.3,151.3,295.0,4.7,18.7,193.0
2025-04-25 14:00:00,23.5,152.3,265.0,3.5,10.8,177.0
2025-04-25 15:00:00,23.1,155.5,247.0,3.6,8.9,172.0
2025-04-25 16:00:00,24.2,161.1,253.0,5.5,10.0,170.0
2025-04-25 17:00:00,27.2,179.3,301.0,10.6,12.4,167.0
2025-04-25 18:00:00,34.1,206.8,408.0,15.6,14.5,152.0
2025-04-25 19:00:00,42.7,226.8,556.0,22.7,17.4,131.0
2025-04-25 20:00:00,46.0,222.6,705.0,28.6,19.7,112.0
2025-04-25 21:00:00,46.0,195.6,856.0,31.7,20.8,100.0
2025-04-25 22:00:00,44.7,155.5,1009.0,33.7,21.3,90.0
2025-04-25 23:00:00,45.4,142.0,1122.0,36.6,22.0,80.0
2025-04-26 00:00:00,49.0,141.6,1184.0,41.9,23.3,68.0
2025-04-26 01:00:00,51.8,136.9,1207.0,48.0,24.7,56.0
2025-04-26 02:00:00,52.6,127.1,1185.0,52.6,26.0,47.0
2025-04-26 03:00:00,52.9,114.6,1058.0,54.2,26.7,39.0
2025-04-26 04:00:00,51.8,102.4,887.0,54.1,27.3,35.0
2025-04-26 05:00:00,65.9,182.5,847.0,53.1,26.2,40.0
2025-04-26 06:00:00,70.1,173.2,1124.0,55.2,27.7,58.0
2025-04-26 07:00:00,81.7,149.0,1533.0,57.4,29.8,85.0
2025-04-26 08:00:00,61.9,106.9,1693.0,54.7,30.7,114.0
2025-04-26 09:00:00,40.6,74.0,1345.0,42.2,29.7,149.0
2025-04-26 10:00:00,28.0,56.8,748.0,24.7,27.5,186.0
2025-04-26 11:00:00,20.0,53.1,302.0,11.3,25.1,213.0
2025-04-26 12:00:00,16.3,50.5,185.0,6.0,22.4,223.0
2025-04-26 13:00:00,17.1,61.5,219.0,4.8,19.4,223.0
2025-04-26 14:00:00,19.4,75.7,264.0,5.3,17.5,219.0
2025-04-26 15:00:00,21.2,85.7,274.0,6.0,17.2,217.0
2025-04-26 16:00:00,22.3,88.2,295.0,8.2,18.1,211.0
2025-04-26 17:00:00,41.2,187.7,333.0,20.5,19.9,188.0
2025-04-26 18:00:00,50.9,209.1,402.0,30.1,21.6,155.0
2025-04-26 19:00:00,62.9,231.0,488.0,43.2,23.8,110.0
2025-04-26 20:00:00,74.5,306.4,546.0,51.1,24.8,76.0
2025-04-26 21:00:00,86.1,376.3,557.0,49.6,23.8,64.0
2025-04-26 22:00:00,89.2,405.1,542.0,43.1,21.5,63.0
2025-04-26 23:00:00,78.0,370.7,517.0,35.7,18.8,66.0
2025-04-27 00:00:00,66.4,337.1,476.0,27.6,15.3,72.0
2025-04-27 01:00:00,58.3,321.3,426.0,18.7,11.4,81.0
2025-04-27 02:00:00,55.1,309.2,405.0,13.0,8.7,85.0
2025-04-27 03:00:00,55.3,298.0,427.0,12.8,8.1,77.0
2025-04-27 04:00:00,58.0,293.4,479.0,15.8,8.8,63.0
2025-04-27 05:00:00,91.3,525.3,557.0,16.7,10.6,65.0
2025-04-27 06:00:00,95.7,499.2,703.0,20.5,13.0,69.0
2025-04-27 07:00:00,98.0,425.6,876.0,25.5,16.5,77.0
2025-04-27 08:00:00,98.3,450.8,947.0,27.6,20.5,93.0
2025-04-27 09:00:00,87.1,414.4,825.0,24.2,26.3,127.0
2025-04-27 10:00:00,73.8,339.0,601.0,17.9,32.7,169.0
2025-04-27 11:00:00,62.6,285.0,425.0,12.4,35.0,199.0
2025-04-27 12:00:00,52.6,239.3,357.0,8.5,29.7,207.0
2025-04-27 13:00:00,39.5,190.0,337.0,5.4,20.4,202.0
2025-04-27 14:00:00,33.1,182.1,333.0,4.0,13.6,195.0
2025-04-27 15:00:00,32.9,180.2,320.0,4.4,11.8,191.0
2025-04-27 16:00:00,34.1,181.6,322.0,6.7,12.5,184.0
2025-04-27 17:00:00,34.0,145.3,380.0,12.2,18.4,195.0
2025-04-27 18:00:00,38.5,155.1,556.0,17.7,19.5,170.0
2025-04-27 19:00:00,55.8,271.0,789.0,25.3,21.0,135.0
2025-04-27 20:00:00,72.4,394.9,932.0,30.9,22.4,108.0
2025-04-27 21:00:00,86.8,510.4,908.0,33.0,23.8,95.0
2025-04-27 22:00:00,95.9,555.1,795.0,33.2,25.2,90.0
2025-04-27 23:00:00,98.5,545.8,678.0,32.1,25.5,87.0
2025-04-28 00:00:00,95.9,510.4,569.0,29.0,24.0,87.0
2025-04-28 01:00:00,89.9,457.3,458.0,24.7,21.5,89.0
2025-04-28 02:00:00,85.0,429.3,395.0,22.1,19.5,88.0
2025-04-28 03:00:00,87.1,471.2,411.0,22.7,18.2,79.0
2025-04-28 04:00:00,86.8,442.4,475.0,25.0,17.4,66.0
2025-04-28 05:00:00,87.5,418.2,555.0,24.5,16.1,61.0
2025-04-28 06:00:00,85.9,352.0,669.0,26.2,18.3,69.0
2025-04-28 07:00:00,86.4,346.5,798.0,28.4,21.4,82.0
2025-04-28 08:00:00,82.4,350.2,849.0,28.1,24.0,103.0
2025-04-28 09:00:00,78.2,376.3,752.0,23.2,26.0,138.0
2025-04-28 10:00:00,77.3,419.1,577.0,15.9,27.6,180.0
2025-04-28 11:00:00,76.6,454.5,435.0,10.0,27.7,212.0
2025-04-28 12:00:00,75.9,482.4,367.0,7.0,25.4,225.0
2025-04-28 13:00:00,70.3,459.1,332.0,5.4,21.7,227.0
2025-04-28 14:00:00,61.7,393.9,319.0,5.1,18.8,224.0
2025-04-28 15:00:00,56.2,342.7,327.0,6.2,17.8,219.0
2025-04-28 16:00:00,52.5,295.2,356.0,8.6,17.6,208.0
2025-04-28 17:00:00,66.6,489.9,397.0,11.0,15.9,192.0
2025-04-28 18:00:00,63.6,397.7,461.0,13.6,16.9,177.0
2025-04-28 19:00:00,67.5,405.1,537.0,17.2,18.2,157.0
2025-04-28 20:00:00,71.7,408.9,579.0,19.7,19.3,140.0
2025-04-28 21:00:00,76.4,414.4,562.0,20.3,19.9,132.0
2025-04-28 22:00:00,84.5,448.0,512.0,19.8,20.2,128.0
2025-04-28 23:00:00,90.6,488.0,463.0,19.1,20.5,123.0
2025-04-29 00:00:00,91.5,482.4,422.0,18.2,20.9,117.0
2025-04-29 01:00:00,88.9,457.3,383.0,17.0,21.2,110.0
2025-04-29 02:00:00,86.1,436.8,362.0,16.0,21.5,104.0
2025-04-29 03:00:00,84.1,433.1,367.0,15.3,21.7,98.0
2025-04-29 04:00:00,83.4,444.2,390.0,14.8,21.8,92.0
2025-04-29 05:00:00,92.9,499.2,422.0,15.1,23.9,91.0
2025-04-29 06:00:00,89.9,463.8,471.0,15.7,23.9,95.0
2025-04-29 07:00:00,89.6,468.5,528.0,16.5,24.0,102.0
2025-04-29 08:00:00,94.1,495.5,557.0,16.2,24.4,117.0
2025-04-29 09:00:00,98.5,504.8,532.0,13.8,25.5,148.0
2025-04-29 10:00:00,99.0,502.9,478.0,10.3,26.9,187.0
2025-04-29 11:00:00,96.2,495.5,437.0,7.6,27.6,218.0
2025-04-29 12:00:00,90.3,482.4,423.0,6.2,26.8,234.0
2025-04-29 13:00:00,84.3,468.5,421.0,5.5,25.2,241.0
2025-04-29 14:00:00,80.8,455.4,425.0,5.8,24.0,243.0
2025-04-29 15:00:00,79.2,439.6,428.0,7.2,23.8,242.0
2025-04-29 16:00:00,75.0,396.7,436.0,9.6,24.1,235.0
2025-04-29 17:00:00,79.4,465.7,468.0,12.6,25.8,232.0
2025-04-29 18:00:00,78.5,394.9,544.0,16.8,26.6,206.0
2025-04-29 19:00:00,78.5,365.1,644.0,22.6,27.6,170.0
2025-04-29 20:00:00,78.7,352.0,719.0,26.1,27.9,142.0
2025-04-29 21:00:00,80.3,365.1,757.0,25.4,26.7,131.0
2025-04-29 22:00:00,79.2,366.0,771.0,22.5,24.7,128.0
2025-04-29 23:00:00,78.5,362.3,749.0,19.9,22.9,125.0
2025-04-30 00:00:00,76.6,351.1,665.0,18.2,21.6,121.0
2025-04-30 01:00:00,75.4,339.9,546.0,16.7,20.5,118.0
2025-04-30 02:00:00,75.4,337.1,463.0,15.7,19.7,114.0
2025-04-30 03:00:00,75.4,334.3,446.0,15.4,19.2,105.0
2025-04-30 04:00:00,74.7,325.0,465.0,15.6,19.0,95.0
2025-04-30 05:00:00,73.1,276.6,498.0,18.2,19.2,84.0
2025-04-30 06:00:00,72.4,267.3,555.0,19.1,20.7,93.0
2025-04-30 07:00:00,71.5,275.7,626.0,20.1,22.8,107.0
2025-04-30 08:00:00,74.5,326.0,654.0,19.5,24.3,127.0
2025-04-30 09:00:00,80.3,381.8,599.0,15.6,24.5,159.0
2025-04-30 10:00:00,79.6,394.9,500.0,10.1,24.0,197.0
2025-04-30 11:00:00,76.1,405.1,425.0,6.1,23.6,226.0
2025-04-30 12:00:00,68.7,369.7,397.0,4.8,23.4,237.0
2025-04-30 13:00:00,65.7,351.1,392.0,4.9,23.2,238.0
2025-04-30 14:00:00,66.8,354.8,403.0,5.8,23.4,237.0
2025-04-30 15:00:00,68.0,353.9,435.0,7.6,24.3,236.0
2025-04-30 16:00:00,68.5,345.5,482.0,10.3,25.5,233.0
2025-04-30 17:00:00,82.7,584.9,520.0,11.3,19.9,201.0
2025-04-30 18:00:00,77.1,482.4,536.0,15.0,21.2,181.0
2025-04-30 19:00:00,75.2,442.4,543.0,20.1,22.8,152.0
2025-04-30 20:00:00,79.2,430.3,550.0,23.4,23.7,130.0
2025-04-30 21:00:00,82.0,424.7,569.0,23.6,22.8,119.0
2025-04-30 22:00:00,86.1,436.8,588.0,22.1,21.1,114.0
2025-04-30 23:00:00,92.9,484.3,587.0,20.2,20.0,111.0
2025-05-01 00:00:00,100.4,543.9,543.0,18.0,20.1,110.0
2025-05-01 01:00:00,108.0,568.1,478.0,15.5,20.7,111.0
2025-05-01 02:00:00,111.1,601.6,434.0,13.7,21.7,111.0
2025-05-01 03:00:00,111.3,596.0,427.0,13.1,22.9,107.0
2025-05-01 04:00:00,107.1,555.1,441.0,13.3,24.3,102.0
2025-05-01 05:00:00,85.2,304.5,468.0,17.1,24.3,84.0
2025-05-01 06:00:00,80.6,267.3,524.0,18.2,26.1,91.0
2025-05-01 07:00:00,75.9,250.5,594.0,19.5,28.4,103.0
2025-05-01 08:00:00,75.9,286.8,624.0,19.1,29.6,120.0
2025-05-01 09:00:00,80.3,347.4,574.0,15.5,28.6,149.0
2025-05-01 10:00:00,82.7,390.2,484.0,10.2,26.4,185.0
2025-05-01 11:00:00,80.6,418.2,416.0,6.2,24.2,211.0
2025-05-01 12:00:00,79.9,439.6,394.0,4.7,22.3,221.0
2025-05-01 13:00:00,79.6,454.5,394.0,4.5,20.4,221.0
2025-05-01 14:00:00,80.1,473.1,407.0,5.3,19.2,217.0
2025-05-01 15:00:00,81.3,491.7,437.0,7.3,19.2,210.0
2025-05-01 16:00:00,92.4,529.0,479.0,10.3,19.9,199.0
2025-05-01 17:00:00,74.0,393.9,508.0,14.8,23.2,189.0
2025-05-01 18:00:00,79.6,432.1,510.0,17.1,23.9,171.0
2025-05-01 19:00:00,81.7,415.4,500.0,20.2,24.8,146.0
2025-05-01 20:00:00,82.9,389.3,491.0,21.9,24.9,127.0
2025-05-01 21:00:00,84.3,382.8,492.0,21.1,23.3,119.0
2025-05-01 22:00:00,88.5,388.4,495.0,18.9,20.9,116.0
2025-05-01 23:00:00,91.3,416.3,490.0,16.8,19.0,114.0
2025-05-02 00:00:00,94.5,445.2,469.0,15.0,18.1,110.0
2025-05-02 01:00:00,93.1,437.7,440.0,13.2,17.7,107.0
2025-05-02 02:00:00,90.3,422.8,424.0,12.0,17.5,104.0
2025-05-02 03:00:00,88.9,414.4,409.0,11.7,17.4,99.0
2025-05-02 04:00:00,89.6,419.1,407.0,12.1,17.6,94.0
2025-05-02 05:00:00,58.9,145.8,469.0,9.0,14.1,115.0
2025-05-02 06:00:00,54.0,88.7,678.0,14.7,16.5,108.0
2025-05-02 07:00:00,61.2,114.3,951.0,22.4,19.8,100.0
2025-05-02 08:00:00,69.4,142.5,1099.0,26.6,22.6,100.0
2025-05-02 09:00:00,74.0,145.8,999.0,24.2,24.2,114.0
2025-05-02 10:00:00,72.4,134.1,772.0,18.4,25.2,137.0
2025-05-02 11:00:00,63.3,111.1,594.0,13.3,25.9,161.0
2025-05-02 12:00:00,69.2,224.0,530.0,10.1,26.2,186.0
2025-05-02 13:00:00,74.7,266.4,514.0,7.5,26.3,212.0
2025-05-02 14:00:00,76.1,295.2,521.0,6.5,26.6,229.0
2025-05-02 15:00:00,75.4,304.5,514.0,6.8,27.4,235.0
2025-05-02 16:00:00,74.5,307.3,529.0,8.6,28.4,232.0
2025-05-02 17:00:00,59.1,196.5,655.0,15.0,36.4,233.0
2025-05-02 18:00:00,62.4,199.8,1010.0,25.5,38.9,200.0
2025-05-02 19:00:00,75.0,176.5,1475.0,39.6,42.1,154.0
2025-05-02 20:00:00,78.2,153.2,1779.0,48.4,43.0,119.0
2025-05-02 21:00:00,75.2,149.5,1796.0,46.7,39.7,106.0
2025-05-02 22:00:00,72.4,147.6,1653.0,39.6,34.1,104.0
2025-05-02 23:00:00,69.6,140.6,1458.0,33.1,28.9,102.0
2025-05-03 00:00:00,67.3,132.7,1201.0,28.8,24.8,98.0
2025-05-03 01:00:00,66.1,124.8,892.0,25.1,21.0,94.0
2025-05-03 02:00:00,65.4,114.8,668.0,23.1,18.4,89.0
2025-05-03 03:00:00,65.2,102.4,596.0,24.0,17.2,78.0
2025-05-03 04:00:00,65.4,88.9,608.0,26.7,17.2,66.0
2025-05-03 05:00:00,79.6,157.9,638.0,27.8,20.6,70.0
2025-05-03 06:00:00,79.9,128.5,684.0,28.2,21.8,89.0
2025-05-03 07:00:00,80.3,123.9,748.0,28.4,23.6,116.0
2025-05-03 08:00:00,72.4,152.7,768.0,26.7,25.6,147.0
2025-05-03 09:00:00,66.6,230.5,700.0,21.1,28.3,183.0
2025-05-03 10:00:00,72.4,323.2,587.0,13.5,31.3,223.0
2025-05-03 11:00:00,76.1,385.6,503.0,7.8,32.8,251.0
2025-05-03 12:00:00,78.5,422.8,472.0,5.7,31.5,260.0
2025-05-03 13:00:00,74.5,389.3,470.0,5.4,28.8,257.0
2025-05-03 14:00:00,73.1,364.1,489.0,6.0,26.9,252.0
2025-05-03 15:00:00,73.1,357.6,510.0,7.0,26.9,251.0
2025-05-03 16:00:00,72.6,353.0,553.0,8.8,27.8,248.0
2025-05-03 17:00:00,73.1,431.2,671.0,14.1,21.4,181.0
2025-05-03 18:00:00,79.6,383.7,954.0,19.5,22.7,168.0
2025-05-03 19:00:00,74.5,285.0,1313.0,26.9,24.4,149.0
2025-05-03 20:00:00,66.4,202.1,1535.0,31.9,25.2,133.0
2025-05-03 21:00:00,64.0,200.7,1502.0,32.3,24.2,122.0
2025-05-03 22:00:00,62.6,163.0,1332.0,30.2,22.3,113.0
2025-05-03 23:00:00,59.3,136.9,1164.0,27.7,20.4,106.0
2025-05-04 00:00:00,56.2,130.4,1034.0,24.9,18.5,100.0
2025-05-04 01:00:00,53.8,131.3,907.0,21.7,16.6,94.0
2025-05-04 02:00:00,52.6,139.7,808.0,19.4,15.7,90.0
2025-05-04 03:00:00,53.3,155.1,747.0,18.5,16.1,85.0
2025-05-04 04:00:00,56.3,174.6,715.0,18.5,17.5,81.0
2025-05-04 05:00:00,69.6,365.1,716.0,10.1,17.7,141.0
2025-05-04 06:00:00,80.6,415.4,788.0,13.9,21.0,138.0
2025-05-04 07:00:00,87.5,436.8,893.0,18.9,25.5,136.0
2025-05-04 08:00:00,89.6,444.2,926.0,21.2,28.8,141.0
2025-05-04 09:00:00,87.5,441.4,811.0,18.2,29.8,163.0
2025-05-04 10:00:00,87.1,480.6,624.0,12.5,29.6,194.0
2025-05-04 11:00:00,94.5,562.5,487.0,8.1,28.8,215.0
2025-05-04 12:00:00,98.5,618.4,455.0,6.5,27.3,219.0
2025-05-04 13:00:00,96.9,631.4,473.0,6.1,25.3,213.0
2025-05-04 14:00:00,92.7,603.5,498.0,6.7,24.1,207.0
2025-05-04 15:00:00,90.1,570.0,522.0,8.4,24.7,205.0
2025-05-04 16:00:00,89.2,543.9,553.0,11.1,26.0,201.0
2025-05-04 17:00:00,75.7,414.4,569.0,11.8,19.7,188.0
2025-05-04 18:00:00,71.5,341.8,553.0,18.9,21.4,163.0
2025-05-04 19:00:00,74.3,303.6,521.0,28.5,23.8,129.0
2025-05-04 20:00:00,77.1,261.7,503.0,34.8,25.5,103.0
2025-05-04 21:00:00,78.2,238.0,519.0,34.9,26.0,92.0
2025-05-04 22:00:00,74.7,217.0,548.0,31.8,25.7,90.0
2025-05-04 23:00:00,70.1,199.3,561.0,28.4,25.1,88.0
2025-05-05 00:00:00,66.6,198.8,537.0,25.2,24.0,87.0
2025-05-05 01:00:00,65.9,215.1,497.0,21.7,22.6,87.0
2025-05-05 02:00:00,65.7,212.3,472.0,19.4,21.3,85.0
2025-05-05 03:00:00,64.0,192.8,476.0,19.4,20.0,78.0
2025-05-05 04:00:00,62.2,168.1,496.0,20.6,18.9,68.0
2025-05-05 05:00:00,53.3,152.7,523.0,16.1,17.1,89.0
2025-05-05 06:00:00,56.5,171.8,570.0,18.3,18.5,94.0
2025-05-05 07:00:00,58.9,179.3,625.0,21.1,20.6,102.0
2025-05-05 08:00:00,62.6,238.4,643.0,21.9,22.5,115.0
2025-05-05 09:00:00,66.4,291.5,592.0,18.6,24.4,139.0
2025-05-05 10:00:00,69.8,337.1,505.0,13.3,26.1,169.0
2025-05-05 11:00:00,69.6,359.5,433.0,9.0,26.7,192.0
2025-05-05 12:00:00,68.7,366.0,395.0,6.8,25.4,204.0
2025-05-05 13:00:00,68.0,352.0,373.0,5.6,22.9,210.0
2025-05-05 14:00:00,67.8,341.8,367.0,5.4,21.0,211.0
2025-05-05 15:00:00,67.3,329.7,385.0,6.4,20.2,208.0
2025-05-05 16:00:00,65.9,312.0,420.0,8.3,19.9,201.0
2025-05-05 17:00:00,91.5,545.8,448.0,12.4,26.1,192.0
2025-05-05 18:00:00,82.2,420.0,457.0,13.8,24.5,174.0
2025-05-05 19:00:00,78.7,388.4,460.0,15.7,22.4,150.0
2025-05-05 20:00:00,72.4,328.8,472.0,17.8,20.7,128.0
2025-05-05 21:00:00,65.7,238.0,506.0,19.9,19.9,112.0
2025-05-05 22:00:00,63.1,193.2,551.0,22.1,19.6,99.0
2025-05-05 23:00:00,61.7,165.3,584.0,23.9,19.6,89.0
2025-05-06 00:00:00,61.0,145.8,598.0,25.0,20.2,83.0
2025-05-06 01:00:00,63.3,132.2,601.0,25.6,21.1,80.0
2025-05-06 02:00:00,65.9,127.1,597.0,25.9,21.7,76.0
2025-05-06 03:00:00,68.0,129.0,576.0,25.9,21.5,68.0
2025-05-06 04:00:00,69.2,133.6,548.0,25.6,20.9,61.0
2025-05-06 05:00:00,78.0,271.9,553.0,20.8,18.1,66.0
2025-05-06 06:00:00,76.8,242.1,634.0,22.4,18.7,70.0
2025-05-06 07:00:00,75.2,224.0,748.0,24.5,19.6,76.0
2025-05-06 08:00:00,73.1,224.4,798.0,24.9,21.7,88.0
2025-05-06 09:00:00,75.2,287.8,723.0,22.3,26.6,111.0
2025-05-06 10:00:00,75.4,316.6,584.0,18.1,32.7,141.0
2025-05-06 11:00:00,69.2,259.8,470.0,14.1,35.6,165.0
2025-05-06 12:00:00,69.8,288.7,410.0,10.5,32.3,181.0
2025-05-06 13:00:00,68.5,307.3,376.0,7.2,25.8,192.0
2025-05-06 14:00:00,68.7,337.1,366.0,5.6,20.9,196.0
2025-05-06 15:00:00,71.5,387.4,388.0,6.4,19.5,192.0
2025-05-06 16:00:00,76.6,432.1,435.0,8.8,19.7,181.0
2025-05-06 17:00:00,66.1,366.0,485.0,10.5,18.6,173.0
2025-05-06 18:00:00,66.8,326.9,538.0,15.9,19.7,152.0
2025-05-06 19:00:00,67.3,249.6,594.0,23.3,21.2,123.0
2025-05-06 20:00:00,61.9,204.4,630.0,28.5,22.2,101.0
2025-05-06 21:00:00,64.0,263.6,635.0,29.5,22.5,93.0
2025-05-06 22:00:00,57.3,188.6,620.0,28.2,22.4,92.0
2025-05-06 23:00:00,55.3,163.9,598.0,26.3,21.9,92.0
2025-05-07 00:00:00,55.2,152.3,562.0,23.7,20.7,92.0
2025-05-07 01:00:00,58.9,189.5,518.0,20.5,19.1,93.0
2025-05-07 02:00:00,61.7,210.5,497.0,18.2,18.1,93.0
2025-05-07 03:00:00,62.6,212.3,518.0,17.4,18.0,90.0
2025-05-07 04:00:00,62.6,206.3,561.0,17.5,18.5,86.0
2025-05-07 05:00:00,66.6,253.3,597.0,15.5,19.8,93.0
2025-05-07 06:00:00,62.9,204.0,623.0,17.0,21.9,98.0
2025-05-07 07:00:00,61.0,204.9,642.0,18.9,24.8,107.0
2025-05-07 08:00:00,62.2,229.6,631.0,18.9,26.7,123.0
2025-05-07 09:00:00,66.1,274.7,564.0,15.3,26.8,153.0
2025-05-07 10:00:00,64.3,229.1,467.0,9.8,25.9,191.0
2025-05-07 11:00:00,68.2,316.6,391.0,5.7,24.4,216.0
2025-05-07 12:00:00,65.0,309.2,359.0,4.2,22.0,219.0
2025-05-07 13:00:00,60.8,298.0,348.0,4.1,19.1,209.0
2025-05-07 14:00:00,58.0,289.6,348.0,4.6,17.0,199.0
2025-05-07 15:00:00,58.1,307.3,351.0,5.2,16.1,193.0
2025-05-07 16:00:00,57.5,310.1,365.0,6.4,16.2,185.0
2025-05-07 17:00:00,57.4,303.6,398.0,10.4,18.4,175.0
2025-05-07 18:00:00,60.3,249.6,454.0,14.8,20.0,156.0
2025-05-07 19:00:00,61.0,204.9,528.0,21.2,22.2,129.0
2025-05-07 20:00:00,59.8,165.3,619.0,27.7,24.3,104.0
2025-05-07 21:00:00,62.9,149.9,745.0,34.7,26.2,85.0
2025-05-07 22:00:00,68.5,144.4,886.0,41.8,27.9,68.0
2025-05-07 23:00:00,71.0,135.5,983.0,46.3,28.6,55.0
2025-05-08 00:00:00,71.0,127.6,1002.0,46.7,27.6,48.0
2025-05-08 01:00:00,71.2,122.0,975.0,44.6,25.5,46.0
2025-05-08 02:00:00,71.2,116.9,942.0,41.9,23.6,45.0
2025-05-08 03:00:00,69.6,109.4,912.0,38.9,22.0,43.0
2025-05-08 04:00:00,68.0,101.5,874.0,35.4,20.5,44.0
2025-05-08 05:00:00,73.8,144.4,838.0,37.0,20.1,42.0
2025-05-08 06:00:00,74.5,146.7,815.0,33.6,21.9,68.0
2025-05-08 07:00:00,74.7,153.7,793.0,28.7,24.3,104.0
2025-05-08 08:00:00,70.3,179.7,742.0,23.3,25.6,137.0
2025-05-08 09:00:00,63.3,229.1,626.0,16.8,25.2,164.0
2025-05-08 10:00:00,65.7,314.8,482.0,9.7,23.7,188.0
2025-05-08 11:00:00,65.2,355.8,384.0,4.8,21.7,201.0
2025-05-08 12:00:00,61.7,366.0,374.0,3.6,18.9,196.0
2025-05-08 13:00:00,57.7,361.4,411.0,4.6,15.5,179.0
2025-05-08 14:00:00,55.9,355.8,447.0,6.0,13.3,165.0
2025-05-08 15:00:00,55.9,356.7,459.0,6.6,12.7,160.0
2025-05-08 16:00:00,57.3,361.4,470.0,7.6,13.3,157.0
2025-05-08 17:00:00,65.9,478.7,500.0,11.9,17.1,151.0
2025-05-08 18:00:00,68.9,480.6,556.0,27.0,20.5,124.0
2025-05-08 19:00:00,79.9,434.9,632.0,47.7,25.3,87.0
2025-05-08 20:00:00,88.7,383.7,730.0,63.0,29.0,57.0
2025-05-08 21:00:00,88.5,323.2,880.0,67.8,30.7,43.0
2025-05-08 22:00:00,88.9,286.8,1054.0,67.2,31.4,36.0
2025-05-08 23:00:00,89.6,277.5,1163.0,64.9,31.3,32.0
2025-05-09 00:00:00,85.9,246.8,1158.0,61.4,30.2,30.0
2025-05-09 01:00:00,79.2,203.5,1089.0,56.4,28.3,31.0
2025-05-09 02:00:00,74.3,177.0,1024.0,52.3,26.6,31.0
2025-05-09 03:00:00,71.5,154.1,985.0,50.6,25.0,26.0
2025-05-09 04:00:00,70.3,141.6,950.0,49.9,23.5,21.0
2025-05-09 05:00:00,74.3,242.1,914.0,44.9,21.8,28.0
2025-05-09 06:00:00,68.0,180.7,888.0,41.0,25.5,47.0
2025-05-09 07:00:00,65.7,184.4,862.0,35.3,30.4,74.0
2025-05-09 08:00:00,63.3,201.6,800.0,29.2,33.1,101.0
2025-05-09 09:00:00,54.6,209.1,666.0,22.4,31.4,125.0
2025-05-09 10:00:00,47.7,161.6,497.0,15.1,27.4,149.0
2025-05-09 11:00:00,41.7,126.2,367.0,9.7,24.2,169.0
2025-05-09 12:00:00,40.2,112.9,304.0,7.2,23.1,185.0
2025-05-09 13:00:00,46.6,123.4,280.0,6.4,22.7,197.0
2025-05-09 14:00:00,50.2,180.2,283.0,6.4,21.8,201.0
2025-05-09 15:00:00,48.5,188.1,307.0,6.5,19.4,195.0
2025-05-09 16:00:00,45.6,196.5,357.0,7.4,16.5,180.0
2025-05-09 17:00:00,67.1,514.1,438.0,11.6,18.9,158.0
2025-05-09 18:00:00,65.2,453.6,568.0,15.4,20.6,144.0
2025-05-09 19:00:00,68.9,401.4,729.0,20.8,23.0,123.0
2025-05-09 20:00:00,65.2,336.2,875.0,25.4,25.4,106.0
2025-05-09 21:00:00,64.5,305.5,1001.0,28.6,27.8,94.0
2025-05-09 22:00:00,65.2,271.9,1112.0,31.1,30.1,86.0
2025-05-09 23:00:00,65.7,244.0,1172.0,32.9,31.7,78.0
2025-05-10 00:00:00,65.4,230.0,1147.0,33.5,31.9,72.0
2025-05-10 01:00:00,66.4,230.0,1071.0,33.5,31.4,67.0
2025-05-10 02:00:00,66.8,221.2,1016.0,34.4,31.1,61.0
2025-05-10 03:00:00,66.6,209.5,1011.0,37.7,30.6,50.0
2025-05-10 04:00:00,67.5,206.3,1027.0,41.8,30.4,38.0
2025-05-10 05:00:00,51.1,161.6,1041.0,20.2,19.0,81.0
2025-05-10 06:00:00,52.2,144.4,1072.0,22.6,24.2,88.0
2025-05-10 07:00:00,55.4,164.4,1101.0,25.6,31.4,99.0
2025-05-10 08:00:00,58.2,204.9,1055.0,26.3,37.1,116.0
2025-05-10 09:00:00,59.3,243.1,857.0,22.4,40.4,143.0
2025-05-10 10:00:00,50.4,205.8,583.0,16.1,42.2,176.0
2025-05-10 11:00:00,47.0,194.6,393.0,11.1,41.9,201.0
2025-05-10 12:00:00,47.3,183.0,365.0,8.8,38.3,213.0
2025-05-10 13:00:00,47.6,174.6,419.0,7.8,32.5,216.0
2025-05-10 14:00:00,49.9,176.0,478.0,7.6,27.2,213.0
2025-05-10 15:00:00,52.6,188.6,514.0,7.8,22.9,202.0
2025-05-10 16:00:00,54.2,190.5,555.0,8.8,19.2,184.0
2025-05-10 17:00:00,44.2,131.3,597.0,11.5,22.7,191.0
2025-05-10 18:00:00,42.6,108.7,629.0,13.6,22.5,172.0
2025-05-10 19:00:00,44.2,91.5,664.0,16.6,22.2,145.0
2025-05-10 20:00:00,43.2,76.8,734.0,20.3,22.5,121.0
2025-05-10 21:00:00,46.7,129.5,883.0,24.8,23.7,105.0
2025-05-10 22:00:00,49.0,114.6,1067.0,30.1,25.5,92.0
2025-05-10 23:00:00,54.5,115.0,1191.0,35.3,26.8,79.0
2025-05-11 00:00:00,60.8,122.0,1195.0,40.7,27.5,65.0
2025-05-11 01:00:00,66.8,121.1,1138.0,46.1,27.9,51.0
2025-05-11 02:00:00,70.8,108.0,1105.0,50.2,27.4,39.0
2025-05-11 03:00:00,75.0,100.1,1141.0,53.4,24.8,26.0
2025-05-11 04:00:00,79.2,99.0,1201.0,55.4,21.3,15.0
2025-05-11 05:00:00,84.3,134.1,1231.0,57.0,23.6,19.0
2025-05-11 06:00:00,79.6,132.7,1221.0,48.0,28.3,48.0
2025-05-11 07:00:00,72.4,143.9,1181.0,35.3,34.5,89.0
2025-05-11 08:00:00,63.6,143.4,1089.0,24.3,37.9,127.0
2025-05-11 09:00:00,52.0,139.2,903.0,16.5,35.9,158.0
2025-05-11 10:00:00,50.8,167.2,664.0,10.4,31.1,186.0
2025-05-11 11:00:00,49.0,177.0,476.0,6.0,26.2,203.0
2025-05-11 12:00:00,45.3,160.7,383.0,3.8,21.8,204.0
2025-05-11 13:00:00,42.8,165.3,340.0,3.4,17.3,195.0
2025-05-11 14:00:00,43.4,191.4,319.0,3.8,14.2,186.0
2025-05-11 15:00:00,48.4,249.6,307.0,4.7,13.4,180.0
2025-05-11 16:00:00,57.3,334.3,316.0,6.3,13.9,174.0
2025-05-11 17:00:00,96.2,700.4,361.0,9.4,17.0,170.0
2025-05-11 18:00:00,100.6,668.7,464.0,16.8,19.4,149.0
2025-05-11 19:00:00,110.8,683.6,603.0,27.0,22.7,120.0
2025-05-11 20:00:00,122.0,715.3,720.0,35.0,25.1,97.0
2025-05-11 21:00:00,129.0,750.6,791.0,38.6,25.8,85.0
2025-05-11 22:00:00,132.2,748.8,841.0,40.0,25.6,78.0
2025-05-11 23:00:00,130.9,715.3,888.0,40.6,25.0,72.0
2025-05-12 00:00:00,126.2,678.0,948.0,40.1,23.7,67.0
2025-05-12 01:00:00,126.7,687.3,1005.0,38.9,22.0,64.0
2025-05-12 02:00:00,127.6,681.7,1033.0,39.5,21.0,59.0
2025-05-12 03:00:00,127.6,657.5,1015.0,44.7,21.1,46.0
2025-05-12 04:00:00,129.5,646.3,967.0,51.7,22.0,31.0
2025-05-12 05:00:00,128.1,545.8,918.0,33.8,17.6,60.0
2025-05-12 06:00:00,126.2,475.0,886.0,32.4,24.4,78.0
2025-05-12 07:00:00,122.5,453.6,852.0,30.2,33.4,105.0
2025-05-12 08:00:00,110.4,431.2,786.0,26.5,38.4,130.0
2025-05-12 09:00:00,89.9,340.9,654.0,19.8,35.6,154.0
2025-05-12 10:00:00,74.0,309.2,490.0,11.7,28.7,178.0
2025-05-12 11:00:00,67.8,328.8,364.0,5.6,22.2,192.0
2025-05-12 12:00:00,58.2,316.6,309.0,3.1,17.4,191.0
2025-05-12 13:00:00,51.5,318.5,292.0,2.7,13.0,180.0
2025-05-12 14:00:00,49.9,347.4,289.0,3.4,9.9,169.0
2025-05-12 15:00:00,51.1,381.8,291.0,3.7,8.4,162.0
2025-05-12 16:00:00,53.6,410.7,306.0,5.0,8.3,154.0
2025-05-12 17:00:00,60.3,512.2,341.0,8.7,10.6,148.0
2025-05-12 18:00:00,67.1,519.7,406.0,19.8,13.9,125.0
2025-05-12 19:00:00,78.0,497.3,490.0,35.3,18.4,93.0
2025-05-12 20:00:00,87.8,480.6,564.0,47.7,22.0,67.0
2025-05-12 21:00:00,95.9,493.6,608.0,53.4,23.6,54.0
2025-05-12 22:00:00,99.9,482.4,643.0,55.9,24.3,46.0
2025-05-12 23:00:00,100.4,457.3,702.0,58.7,25.0,40.0
2025-05-13 00:00:00,101.3,448.9,833.0,63.3,25.8,33.0
2025-05-13 01:00:00,104.3,458.2,988.0,68.1,26.6,27.0
2025-05-13 02:00:00,108.3,461.0,1058.0,71.6,27.5,22.0
2025-05-13 03:00:00,110.4,443.3,965.0,74.0,28.6,14.0
2025-05-13 04:00:00,108.0,407.0,787.0,75.1,29.9,8.0
2025-05-13 05:00:00,90.6,596.0,646.0,13.2,9.1,69.0
2025-05-13 06:00:00,88.2,506.6,603.0,14.3,10.7,76.0
2025-05-13 07:00:00,84.5,439.6,597.0,15.6,12.9,85.0
2025-05-13 08:00:00,80.6,463.8,567.0,15.4,14.3,98.0
2025-05-13 09:00:00,71.9,426.5,475.0,12.4,14.4,117.0
2025-05-13 10:00:00,66.1,407.9,359.0,7.9,13.8,138.0
2025-05-13 11:00:00,65.7,455.4,272.0,4.5,12.9,153.0
2025-05-13 12:00:00,68.2,510.4,237.0,3.1,11.7,156.0
2025-05-13 13:00:00,68.7,536.4,231.0,2.8,10.2,153.0
2025-05-13 14:00:00,68.7,555.1,233.0,3.5,9.1,148.0
2025-05-13 15:00:00,68.2,566.2,235.0,4.9,8.5,143.0
2025-05-13 16:00:00,69.4,571.8,244.0,7.3,8.3,135.0
2025-05-13 17:00:00,73.8,547.6,263.0,10.5,11.2,142.0
2025-05-13 18:00:00,77.8,508.5,284.0,23.2,14.7,119.0
2025-05-13 19:00:00,84.1,417.2,315.0,41.0,19.8,87.0
2025-05-13 20:00:00,91.5,372.5,378.0,56.7,24.5,59.0
2025-05-13 21:00:00,101.5,385.6,516.0,68.4,28.9,41.0
2025-05-13 22:00:00,115.5,432.1,688.0,78.0,33.1,27.0
2025-05-13 23:00:00,122.5,458.2,788.0,83.7,35.2,17.0
2025-05-14 00:00:00,120.6,448.9,752.0,84.2,33.8,11.0
2025-05-14 01:00:00,118.3,449.8,646.0,80.8,30.4,9.0
2025-05-14 02:00:00,110.1,428.4,560.0,76.0,27.4,8.0
2025-05-14 03:00:00,102.4,401.4,521.0,70.3,25.8,6.0
2025-05-14 04:00:00,97.1,389.3,502.0,63.3,24.6,6.0
2025-05-14 05:00:00,115.9,743.2,516.0,12.7,9.3,73.0
2025-05-14 06:00:00,113.2,665.0,603.0,14.9,10.7,78.0
2025-05-14 07:00:00,110.6,575.6,723.0,17.7,12.7,86.0
2025-05-14 08:00:00,107.6,579.3,765.0,18.4,14.6,101.0
2025-05-14 09:00:00,96.6,484.3,652.0,15.1,16.7,128.0
2025-05-14 10:00:00,79.2,368.8,461.0,9.8,18.7,162.0
2025-05-14 11:00:00,61.5,292.4,317.0,5.7,19.3,185.0
2025-05-14 12:00:00,54.0,278.5,275.0,3.8,17.3,188.0
2025-05-14 13:00:00,51.2,292.4,280.0,3.2,13.9,180.0
2025-05-14 14:00:00,49.6,311.1,293.0,3.5,11.4,171.0
2025-05-14 15:00:00,49.9,336.2,298.0,4.2,10.4,167.0
2025-05-14 16:00:00,51.9,362.3,312.0,5.9,10.4,162.0
2025-05-14 17:00:00,60.3,476.8,344.0,10.4,10.1,154.0
2025-05-14 18:00:00,66.1,456.3,382.0,24.6,13.9,128.0
2025-05-14 19:00:00,76.4,400.5,438.0,44.4,19.2,92.0
2025-05-14 20:00:00,88.9,412.6,558.0,60.7,23.9,62.0
2025-05-14 21:00:00,99.4,433.1,811.0,69.6,27.1,47.0
2025-05-14 22:00:00,106.4,448.0,1127.0,75.1,29.7,38.0
2025-05-14 23:00:00,107.8,444.2,1344.0,80.1,32.1,31.0
2025-05-15 00:00:00,109.0,437.7,1383.0,85.7,34.2,24.0
2025-05-15 01:00:00,113.4,447.0,1323.0,90.9,36.0,18.0
2025-05-15 02:00:00,118.3,451.7,1235.0,95.6,38.4,13.0
2025-05-15 03:00:00,122.0,448.9,1112.0,101.4,42.1,4.0
2025-05-15 04:00:00,124.8,446.1,961.0,106.8,46.4,0.0
2025-05-15 05:00:00,91.5,415.4,877.0,25.5,13.1,56.0
2025-05-15 06:00:00,89.4,362.3,952.0,25.2,14.5,71.0
2025-05-15 07:00:00,86.8,317.6,1094.0,24.5,16.4,92.0
2025-05-15 08:00:00,83.6,323.2,1122.0,22.3,18.0,116.0
2025-05-15 09:00:00,74.3,284.1,914.0,17.1,19.4,145.0
2025-05-15 10:00:00,60.3,233.8,591.0,10.4,20.5,176.0
2025-05-15 11:00:00,49.9,222.6,343.0,5.3,20.3,196.0
2025-05-15 12:00:00,44.4,236.1,249.0,3.2,17.8,196.0
2025-05-15 13:00:00,43.2,271.9,229.0,2.7,14.0,185.0
2025-05-15 14:00:00,45.6,321.3,227.0,3.4,11.2,174.0
2025-05-15 15:00:00,49.4,376.3,231.0,3.5,9.9,169.0
2025-05-15 16:00:00,53.7,422.8,253.0,4.8,9.7,165.0
2025-05-15 17:00:00,62.9,482.4,274.0,10.8,11.2,165.0
2025-05-15 18:00:00,73.1,536.4,266.0,22.5,14.2,140.0
2025-05-15 19:00:00,85.2,529.0,256.0,39.3,18.5,104.0
2025-05-15 20:00:00,98.3,549.5,312.0,56.1,23.4,72.0
2025-05-15 21:00:00,113.4,607.2,518.0,72.9,29.6,48.0
2025-05-15 22:00:00,128.1,657.5,789.0,89.6,36.3,28.0
2025-05-15 23:00:00,140.2,696.6,939.0,101.5,40.7,13.0
2025-05-16 00:00:00,145.8,715.3,847.0,107.0,41.5,5.0
2025-05-16 01:00:00,141.1,668.7,633.0,107.6,40.0,3.0
2025-05-16 02:00:00,122.0,536.4,470.0,102.9,37.4,5.0
2025-05-16 03:00:00,98.7,418.2,418.0,90.5,33.5,10.0
2025-05-16 04:00:00,82.4,350.2,416.0,72.8,28.4,18.0
2025-05-16 05:00:00,101.5,428.4,454.0,45.3,22.9,56.0
2025-05-16 06:00:00,95.5,384.6,572.0,42.9,24.8,75.0
2025-05-16 07:00:00,94.1,355.8,730.0,39.2,27.2,102.0
2025-05-16 08:00:00,90.6,342.7,794.0,33.8,28.5,129.0
2025-05-16 09:00:00,76.1,313.9,671.0,25.1,27.8,158.0
2025-05-16 10:00:00,63.6,313.9,454.0,14.7,25.9,187.0
2025-05-16 11:00:00,58.7,348.3,288.0,6.9,23.3,204.0
2025-05-16 12:00:00,55.3,380.9,231.0,3.5,19.2,201.0
2025-05-16 13:00:00,55.5,434.0,225.0,2.7,14.3,185.0
2025-05-16 14:00:00,64.5,523.4,236.0,3.4,11.2,172.0
2025-05-16 15:00:00,66.1,517.8,248.0,4.9,10.8,167.0
2025-05-16 16:00:00,65.7,499.2,277.0,7.9,12.2,164.0
2025-05-16 17:00:00,60.5,329.7,341.0,11.5,16.7,188.0
2025-05-16 18:00:00,58.2,274.7,455.0,15.4,17.5,170.0
2025-05-16 19:00:00,61.9,257.0,604.0,20.9,18.6,145.0
2025-05-16 20:00:00,60.8,236.1,754.0,25.9,19.7,123.0
2025-05-16 21:00:00,59.8,215.6,933.0,30.4,20.7,107.0
2025-05-16 22:00:00,60.5,188.1,1113.0,34.4,21.6,94.0
2025-05-16 23:00:00,60.8,161.1,1179.0,36.4,22.3,86.0
2025-05-17 00:00:00,64.7,175.6,1034.0,35.2,22.7,83.0
2025-05-17 01:00:00,76.1,285.9,774.0,31.9,22.9,85.0
2025-05-17 02:00:00,86.8,356.7,572.0,28.7,23.1,87.0
2025-05-17 03:00:00,90.8,382.8,497.0,26.0,23.2,89.0
2025-05-17 04:00:00,94.3,413.5,479.0,23.3,23.2,91.0
2025-05-17 05:00:00,61.0,393.0,483.0,16.4,11.1,70.0
2025-05-17 06:00:00,63.6,349.2,518.0,18.4,14.8,77.0
2025-05-17 07:00:00,58.6,220.7,574.0,20.9,19.9,89.0
2025-05-17 08:00:00,64.5,299.9,589.0,21.5,24.4,108.0
2025-05-17 09:00:00,63.3,314.8,519.0,18.4,28.1,143.0
2025-05-17 10:00:00,72.6,390.2,407.0,13.3,31.1,186.0
2025-05-17 11:00:00,79.6,443.3,317.0,9.1,31.3,213.0
2025-05-17 12:00:00,87.8,568.1,274.0,6.3,26.6,212.0
2025-05-17 13:00:00,89.4,635.2,253.0,4.3,19.1,196.0
2025-05-17 14:00:00,97.6,761.8,244.0,3.9,13.5,180.0
2025-05-17 15:00:00,107.1,894.1,234.0,5.0,11.3,168.0
2025-05-17 16:00:00,109.9,920.1,236.0,7.8,10.9,156.0
2025-05-17 17:00:00,63.8,439.6,277.0,12.5,12.2,155.0
2025-05-17 18:00:00,61.0,366.9,390.0,21.7,15.4,138.0
2025-05-17 19:00:00,64.3,281.3,543.0,34.0,19.9,116.0
2025-05-17 20:00:00,68.0,268.2,665.0,41.2,23.0,101.0
2025-05-17 21:00:00,71.2,300.8,738.0,38.3,23.7,102.0
2025-05-17 22:00:00,71.9,315.7,781.0,30.2,23.2,111.0
2025-05-17 23:00:00,72.9,336.2,781.0,23.7,22.3,116.0
2025-05-18 00:00:00,77.3,373.5,706.0,21.2,21.2,113.0
2025-05-18 01:00:00,81.5,393.0,588.0,20.3,19.7,106.0
2025-05-18 02:00:00,82.9,380.0,514.0,20.4,18.7,97.0
2025-05-18 03:00:00,82.4,350.2,523.0,22.1,18.2,84.0
2025-05-18 04:00:00,81.3,311.1,574.0,24.9,18.1,69.0
2025-05-18 05:00:00,77.1,300.8,637.0,40.7,15.2,33.0
2025-05-18 06:00:00,70.1,212.8,732.0,36.9,17.6,53.0
2025-05-18 07:00:00,68.7,205.4,838.0,31.3,20.8,82.0
2025-05-18 08:00:00,72.2,267.3,857.0,25.5,23.4,115.0
2025-05-18 09:00:00,77.3,326.0,707.0,19.1,24.9,157.0
2025-05-18 10:00:00,77.8,343.7,471.0,12.5,25.7,202.0
2025-05-18 11:00:00,74.0,333.4,292.0,7.5,25.3,232.0
2025-05-18 12:00:00,66.8,305.5,235.0,5.1,22.7,234.0
2025-05-18 13:00:00,61.9,298.0,236.0,4.4,18.9,220.0
2025-05-18 14:00:00,59.8,317.6,249.0,4.7,15.8,204.0
2025-05-18 15:00:00,61.9,368.8,256.0,5.5,14.0,191.0
2025-05-18 16:00:00,63.3,401.4,274.0,7.3,13.0,177.0
2025-05-18 17:00:00,68.2,412.6,314.0,10.9,15.0,182.0
2025-05-18 18:00:00,62.4,320.4,391.0,14.5,16.6,175.0
2025-05-18 19:00:00,71.5,318.5,490.0,19.3,19.0,164.0
2025-05-18 20:00:00,84.8,381.8,570.0,22.5,21.1,155.0
2025-05-18 21:00:00,91.0,396.7,621.0,22.6,23.1,149.0
2025-05-18 22:00:00,93.6,384.6,654.0,21.1,24.8,145.0
2025-05-18 23:00:00,95.5,381.8,659.0,19.4,25.7,141.0
2025-05-19 00:00:00,97.6,399.5,618.0,17.8,24.8,136.0
2025-05-19 01:00:00,100.6,426.5,549.0,16.1,23.1,130.0
2025-05-19 02:00:00,104.1,461.0,504.0,14.9,22.0,124.0
2025-05-19 03:00:00,107.6,488.0,503.0,14.5,22.5,116.0
2025-05-19 04:00:00,109.4,532.7,525.0,14.5,23.6,107.0
2025-05-19 05:00:00,92.7,305.5,557.0,19.4,24.1,92.0
2025-05-19 06:00:00,93.4,355.8,607.0,19.9,25.5,101.0
2025-05-19 07:00:00,95.2,399.5,666.0,20.3,27.6,115.0
2025-05-19 08:00:00,97.8,444.2,695.0,19.5,29.7,136.0
2025-05-19 09:00:00,100.8,484.3,673.0,16.2,32.2,172.0
2025-05-19 10:00:00,104.5,516.0,622.0,11.6,34.8,216.0
2025-05-19 11:00:00,105.5,521.5,564.0,8.1,36.2,249.0
2025-05-19 12:00:00,104.8,514.1,498.0,6.6,35.6,265.0
2025-05-19 13:00:00,101.0,491.7,425.0,6.1,33.7,271.0
2025-05-19 14:00:00,96.6,467.5,374.0,6.3,31.3,268.0
2025-05-19 15:00:00,87.3,412.6,359.0,7.1,28.2,254.0
2025-05-19 16:00:00,76.8,349.2,367.0,8.5,24.5,231.0
2025-05-19 17:00:00,55.2,223.1,386.0,10.0,19.9,202.0
2025-05-19 18:00:00,56.8,193.2,414.0,14.4,20.0,182.0
2025-05-19 19:00:00,67.5,235.6,453.0,20.4,20.3,155.0
2025-05-19 20:00:00,80.6,316.6,502.0,25.1,20.6,132.0
2025-05-19 21:00:00,85.7,321.3,572.0,27.2,21.2,118.0
2025-05-19 22:00:00,90.8,334.3,652.0,28.0,22.0,109.0
2025-05-19 23:00:00,100.8,408.9,705.0,27.7,22.4,103.0
2025-05-20 00:00:00,107.6,421.9,710.0,26.0,22.3,101.0
2025-05-20 01:00:00,112.9,480.6,689.0,23.3,21.9,101.0
2025-05-20 02:00:00,112.2,475.9,670.0,20.9,21.5,101.0
2025-05-20 03:00:00,109.0,470.3,660.0,19.2,21.0,97.0
2025-05-20 04:00:00,108.3,478.7,651.0,17.8,20.6,92.0
2025-05-20 05:00:00,126.7,614.7,651.0,15.0,21.7,104.0
2025-05-20 06:00:00,125.7,614.7,671.0,16.1,23.0,111.0
2025-05-20 07:00:00,125.3,618.4,699.0,17.4,24.9,122.0
2025-05-20 08:00:00,123.4,612.8,707.0,17.4,27.0,142.0
2025-05-20 09:00:00,120.6,597.9,686.0,14.9,30.1,179.0
2025-05-20 10:00:00,118.3,588.6,646.0,11.0,33.4,225.0
2025-05-20 11:00:00,119.7,579.3,588.0,7.9,34.6,256.0
2025-05-20 12:00:00,117.8,553.2,489.0,6.1,32.1,262.0
2025-05-20 13:00:00,104.3,488.0,373.0,5.0,27.4,253.0
2025-05-20 14:00:00,93.6,462.9,312.0,4.8,23.5,241.0
2025-05-20 15:00:00,90.3,486.2,355.0,5.7,21.0,227.0
2025-05-20 16:00:00,90.1,506.6,454.0,7.4,19.2,209.0
2025-05-20 17:00:00,81.5,446.1,538.0,10.4,16.1,180.0
2025-05-20 18:00:00,81.0,389.3,576.0,13.7,17.9,172.0
2025-05-20 19:00:00,89.6,362.3,598.0,18.4,20.5,161.0
2025-05-20 20:00:00,96.4,370.7,628.0,22.1,22.6,150.0
2025-05-20 21:00:00,99.0,349.2,689.0,24.3,23.9,140.0
2025-05-20 22:00:00,105.9,380.0,756.0,25.6,24.7,130.0
2025-05-20 23:00:00,117.8,469.4,782.0,25.8,24.9,122.0
2025-05-21 00:00:00,129.5,556.9,723.0,24.1,24.0,118.0
2025-05-21 01:00:00,136.0,583.0,622.0,21.2,22.4,116.0
2025-05-21 02:00:00,136.9,568.1,558.0,18.9,21.1,113.0
2025-05-21 03:00:00,132.7,605.4,575.0,17.9,20.2,105.0
2025-05-21 04:00:00,125.7,560.7,629.0,17.5,19.6,95.0
2025-05-21 05:00:00,118.7,577.4,671.0,14.8,20.7,104.0
2025-05-21 06:00:00,116.6,534.6,684.0,16.0,22.3,111.0
2025-05-21 07:00:00,116.4,540.2,685.0,17.4,24.6,121.0
2025-05-21 08:00:00,105.9,497.3,673.0,17.4,26.1,137.0
2025-05-21 09:00:00,97.6,510.4,640.0,14.5,26.2,163.0
2025-05-21 10:00:00,103.6,583.0,594.0,10.2,25.6,195.0
2025-05-21 11:00:00,115.7,685.5,554.0,7.0,25.2,221.0
2025-05-21 12:00:00,124.3,758.1,525.0,5.8,25.5,238.0
2025-05-21 13:00:00,124.3,745.1,503.0,5.7,26.1,250.0
2025-05-21 14:00:00,125.3,752.5,496.0,6.4,26.7,255.0
2025-05-21 15:00:00,126.7,771.1,513.0,7.9,27.3,254.0
2025-05-21 16:00:00,124.8,745.1,544.0,10.1,28.0,248.0
2025-05-21 17:00:00,117.3,713.4,569.0,14.7,30.5,220.0
2025-05-21 18:00:00,111.1,622.1,578.0,15.2,29.0,200.0
2025-05-21 19:00:00,98.0,516.0,581.0,15.9,27.0,172.0
2025-05-21 20:00:00,92.2,482.4,586.0,16.6,25.4,149.0
2025-05-21 21:00:00,88.2,452.6,602.0,17.4,24.8,137.0
2025-05-21 22:00:00,86.6,439.6,621.0,18.1,24.6,129.0
2025-05-21 23:00:00,94.3,504.8,620.0,18.4,24.6,123.0
2025-05-22 00:00:00,105.2,584.9,581.0,17.9,24.8,117.0
2025-05-22 01:00:00,114.1,625.8,524.0,16.9,25.3,113.0
2025-05-22 02:00:00,117.6,638.9,483.0,16.2,25.5,108.0
2025-05-22 03:00:00,116.9,610.9,472.0,16.3,25.4,99.0
2025-05-22 04:00:00,111.1,566.2,477.0,16.8,25.0,90.0
2025-05-22 05:00:00,222.1,1110.1,496.0,19.1,29.6,99.0
2025-05-22 06:00:00,210.9,979.8,542.0,19.0,29.2,103.0
2025-05-22 07:00:00,187.2,862.4,602.0,18.8,28.7,109.0
2025-05-22 08:00:00,157.4,812.1,632.0,17.5,28.3,123.0
2025-05-22 09:00:00,144.4,786.0,604.0,14.2,28.2,151.0
2025-05-22 10:00:00,137.4,787.9,545.0,9.8,28.2,187.0
2025-05-22 11:00:00,134.1,808.4,500.0,6.6,28.0,215.0
2025-05-22 12:00:00,133.6,838.2,481.0,5.3,27.1,230.0
2025-05-22 13:00:00,133.2,862.4,476.0,5.2,25.9,237.0
2025-05-22 14:00:00,135.5,899.7,483.0,5.9,25.2,239.0
2025-05-22 15:00:00,139.7,946.2,512.0,7.5,25.7,237.0
2025-05-22 16:00:00,143.4,979.8,555.0,10.0,26.7,231.0
2025-05-22 17:00:00,96.9,603.5,585.0,12.6,28.6,214.0
2025-05-22 18:00:00,93.6,573.7,587.0,15.7,29.4,191.0
2025-05-22 19:00:00,92.4,536.4,576.0,20.0,30.4,160.0
2025-05-22 20:00:00,94.1,534.6,576.0,23.0,30.2,134.0
2025-05-22 21:00:00,97.1,523.4,606.0,23.6,27.5,120.0
2025-05-22 22:00:00,98.0,514.1,647.0,22.9,23.7,111.0
2025-05-22 23:00:00,103.8,553.2,658.0,21.7,20.7,106.0
2025-05-23 00:00:00,115.3,653.8,612.0,19.7,19.5,105.0
2025-05-23 01:00:00,127.1,713.4,536.0,17.2,19.2,107.0
2025-05-23 02:00:00,127.1,700.4,478.0,15.6,19.5,106.0
2025-05-23 03:00:00,117.6,609.1,452.0,15.7,20.7,98.0
2025-05-23 04:00:00,102.2,525.3,444.0,16.8,22.5,87.0
2025-05-23 05:00:00,98.0,538.3,452.0,14.9,21.7,94.0
2025-05-23 06:00:00,89.6,508.5,494.0,15.3,22.1,101.0
2025-05-23 07:00:00,86.6,504.8,552.0,15.7,22.8,113.0
2025-05-23 08:00:00,85.7,506.6,579.0,15.1,23.2,130.0
2025-05-23 09:00:00,87.5,534.6,541.0,12.4,23.4,159.0
2025-05-23 10:00:00,92.4,588.6,471.0,8.5,23.4,194.0
2025-05-23 11:00:00,97.1,644.5,417.0,5.7,23.2,219.0
2025-05-23 12:00:00,104.1,704.1,398.0,4.6,22.5,229.0
2025-05-23 13:00:00,108.5,746.9,396.0,4.4,21.6,229.0
2025-05-23 14:00:00,112.0,789.8,402.0,5.0,20.9,225.0
2025-05-23 15:00:00,114.1,814.0,417.0,6.3,20.5,219.0
2025-05-23 16:00:00,113.2,804.7,440.0,8.2,20.3,208.0
2025-05-23 17:00:00,107.6,739.5,460.0,11.1,24.8,216.0
2025-05-23 18:00:00,99.9,657.5,471.0,14.0,24.6,192.0
2025-05-23 19:00:00,92.7,568.1,479.0,18.0,24.2,158.0
2025-05-23 20:00:00,91.0,512.2,488.0,21.0,23.6,130.0
2025-05-23 21:00:00,89.4,470.3,505.0,22.4,22.5,116.0
2025-05-23 22:00:00,88.7,426.5,524.0,22.8,21.1,107.0
2025-05-23 23:00:00,85.0,395.8,525.0,22.3,19.9,102.0
2025-05-24 00:00:00,83.8,401.4,493.0,20.4,19.0,99.0
2025-05-24 01:00:00,83.1,388.4,443.0,17.6,18.2,99.0
2025-05-24 02:00:00,83.4,388.4,411.0,15.7,18.0,97.0
2025-05-24 03:00:00,86.8,403.3,409.0,15.6,18.6,90.0
2025-05-24 04:00:00,92.2,436.8,424.0,16.5,19.7,81.0
2025-05-24 05:00:00,74.0,255.2,449.0,16.9,17.6,80.0
2025-05-24 06:00:00,53.7,102.9,497.0,16.5,18.2,90.0
2025-05-24 07:00:00,51.1,85.2,555.0,15.9,19.1,104.0
2025-05-24 08:00:00,69.8,304.5,584.0,14.5,19.8,123.0
2025-05-24 09:00:00,86.1,454.5,555.0,11.7,20.4,152.0
2025-05-24 10:00:00,97.1,553.2,497.0,8.3,20.9,186.0
2025-05-24 11:00:00,103.1,607.2,451.0,5.7,20.8,210.0
2025-05-24 12:00:00,104.8,627.7,434.0,4.6,19.8,217.0
2025-05-24 13:00:00,105.2,646.3,429.0,4.4,18.2,213.0
2025-05-24 14:00:00,105.7,676.1,432.0,5.0,17.1,207.0
2025-05-24 15:00:00,107.8,711.5,445.0,6.4,16.7,200.0
2025-05-24 16:00:00,108.0,720.8,466.0,8.6,16.8,190.0
2025-05-24 17:00:00,110.4,776.7,478.0,11.8,15.9,165.0
2025-05-24 18:00:00,108.0,735.7,472.0,13.8,16.6,153.0
2025-05-24 19:00:00,103.8,672.4,457.0,16.6,17.6,137.0
2025-05-24 20:00:00,103.8,609.1,450.0,18.5,18.4,124.0
2025-05-24 21:00:00,99.9,542.0,461.0,18.7,18.8,118.0
2025-05-24 22:00:00,95.5,521.5,480.0,18.1,18.9,114.0
2025-05-24 23:00:00,98.3,553.2,485.0,17.1,18.9,111.0
2025-05-25 00:00:00,105.7,622.1,461.0,15.7,18.6,107.0
2025-05-25 01:00:00,109.9,648.2,424.0,14.0,18.1,104.0
2025-05-25 02:00:00,108.0,624.0,399.0,13.0,17.8,100.0
2025-05-25 03:00:00,100.6,568.1,390.0,13.1,17.7,93.0
2025-05-25 04:00:00,91.7,508.5,394.0,13.9,17.8,86.0
2025-05-25 05:00:00,67.5,330.6,428.0,14.5,17.0,90.0
2025-05-25 06:00:00,64.7,296.2,528.0,15.4,18.8,95.0
2025-05-25 07:00:00,65.7,271.9,659.0,16.6,21.3,102.0
2025-05-25 08:00:00,81.7,430.3,734.0,16.3,22.8,116.0
2025-05-25 09:00:00,109.2,674.3,698.0,13.2,22.5,142.0
2025-05-25 10:00:00,128.5,827.0,606.0,8.8,21.1,175.0
2025-05-25 11:00:00,140.2,914.6,541.0,5.5,19.9,199.0
2025-05-25 12:00:00,135.0,862.4,536.0,4.1,19.0,210.0
2025-05-25 13:00:00,132.2,853.1,557.0,4.0,18.3,213.0
2025-05-25 14:00:00,131.8,862.4,588.0,5.2,17.7,209.0
2025-05-25 15:00:00,127.1,821.4,628.0,8.2,17.1,195.0
2025-05-25 16:00:00,116.4,689.2,677.0,12.7,16.8,173.0
2025-05-25 17:00:00,95.0,445.2,717.0,11.3,27.8,235.0
2025-05-25 18:00:00,94.8,388.4,742.0,14.3,25.7,207.0
2025-05-25 19:00:00,80.6,271.0,757.0,18.5,22.9,168.0
2025-05-25 20:00:00,63.6,132.2,759.0,22.2,20.5,134.0
2025-05-25 21:00:00,58.0,92.4,745.0,25.4,19.3,112.0
2025-05-25 22:00:00,55.8,81.0,716.0,28.2,18.6,95.0
2025-05-25 23:00:00,53.3,79.9,676.0,29.1,17.9,84.0
2025-05-26 00:00:00,52.2,86.8,609.0,26.7,16.9,81.0
2025-05-26 01:00:00,52.0,86.4,530.0,22.4,15.9,85.0
2025-05-26 02:00:00,48.4,93.8,484.0,19.1,15.3,89.0
2025-05-26 03:00:00,44.9,91.0,502.0,17.8,15.2,92.0
2025-05-26 04:00:00,42.8,99.7,553.0,17.4,15.5,96.0
2025-05-26 05:00:00,42.4,94.1,595.0,14.1,14.6,99.0
2025-05-26 06:00:00,44.0,89.6,620.0,17.0,17.1,101.0
2025-05-26 07:00:00,46.0,97.6,635.0,20.8,20.6,105.0
2025-05-26 08:00:00,47.5,102.0,624.0,22.2,24.1,120.0
2025-05-26 09:00:00,48.3,105.9,564.0,19.1,27.8,156.0
2025-05-26 10:00:00,49.9,140.6,477.0,13.7,31.4,202.0
2025-05-26 11:00:00,51.7,146.7,411.0,9.3,33.2,237.0
2025-05-26 12:00:00,52.6,145.8,384.0,7.1,31.5,251.0
2025-05-26 13:00:00,52.5,143.9,378.0,5.9,28.0,254.0
2025-05-26 14:00:00,52.9,143.0,387.0,5.8,25.6,253.0
2025-05-26 15:00:00,53.6,143.0,410.0,5.5,25.4,256.0
2025-05-26 16:00:00,53.8,140.2,448.0,6.3,26.3,255.0
2025-05-26 17:00:00,60.1,311.1,500.0,13.2,27.4,205.0
2025-05-26 18:00:00,64.5,270.1,578.0,29.7,30.4,171.0
2025-05-26 19:00:00,74.3,241.2,671.0,52.4,34.5,123.0
2025-05-26 20:00:00,80.1,214.7,741.0,69.3,36.9,84.0
2025-05-26 21:00:00,82.7,191.4,777.0,75.6,36.3,62.0
2025-05-26 22:00:00,83.1,171.8,790.0,76.1,34.0,49.0
2025-05-26 23:00:00,81.3,157.9,777.0,72.7,31.1,43.0
2025-05-27 00:00:00,76.6,149.5,725.0,64.3,27.5,45.0
2025-05-27 01:00:00,68.7,139.2,647.0,52.0,23.2,54.0
2025-05-27 02:00:00,59.8,137.8,580.0,41.3,19.8,62.0
2025-05-27 03:00:00,55.3,150.4,526.0,33.9,17.7,65.0
2025-05-27 04:00:00,53.8,169.5,483.0,28.0,16.5,67.0
2025-05-27 05:00:00,48.5,133.6,476.0,25.8,16.9,64.0
2025-05-27 06:00:00,49.5,133.2,547.0,25.5,18.3,79.0
2025-05-27 07:00:00,49.2,128.5,655.0,24.8,20.2,101.0
2025-05-27 08:00:00,50.6,155.1,703.0,22.6,22.1,124.0
2025-05-27 09:00:00,51.5,190.5,628.0,17.5,24.0,150.0
2025-05-27 10:00:00,53.3,214.2,493.0,11.0,25.9,178.0
2025-05-27 11:00:00,54.6,225.8,397.0,6.2,26.8,199.0
2025-05-27 12:00:00,51.5,190.5,383.0,4.6,25.8,208.0
2025-05-27 13:00:00,53.7,209.5,408.0,4.7,23.9,211.0
2025-05-27 14:00:00,51.1,195.1,435.0,5.6,22.7,211.0
2025-05-27 15:00:00,47.6,176.5,453.0,6.3,23.2,213.0
2025-05-27 16:00:00,45.3,158.3,475.0,7.8,24.5,213.0
2025-05-27 17:00:00,48.3,125.3,498.0,12.0,25.2,206.0
2025-05-27 18:00:00,53.8,106.9,520.0,26.7,27.6,170.0
2025-05-27 19:00:00,64.7,100.6,543.0,46.8,30.8,121.0
2025-05-27 20:00:00,69.2,97.8,582.0,60.2,32.5,83.0
2025-05-27 21:00:00,69.2,101.3,662.0,61.1,31.6,67.0
2025-05-27 22:00:00,67.5,110.1,756.0,55.4,29.2,61.0
2025-05-27 23:00:00,65.2,118.5,798.0,48.8,26.4,59.0
2025-05-28 00:00:00,62.4,132.7,738.0,42.5,23.3,58.0
2025-05-28 01:00:00,61.0,152.3,626.0,35.3,20.0,60.0
2025-05-28 02:00:00,59.0,167.6,539.0,29.5,17.3,62.0
2025-05-28 03:00:00,57.4,184.9,502.0,26.1,15.6,60.0
2025-05-28 04:00:00,56.1,197.9,490.0,24.1,14.6,58.0
2025-05-28 05:00:00,65.2,260.8,512.0,23.1,14.8,69.0
2025-05-28 06:00:00,61.2,184.9,602.0,23.4,17.0,79.0
2025-05-28 07:00:00,59.6,178.3,726.0,23.7,20.1,95.0
2025-05-28 08:00:00,56.0,175.1,784.0,22.5,23.6,117.0
2025-05-28 09:00:00,54.5,181.6,709.0,18.4,28.0,149.0
2025-05-28 10:00:00,52.5,177.0,569.0,12.7,32.8,187.0
2025-05-28 11:00:00,50.8,167.6,468.0,8.4,35.8,218.0
2025-05-28 12:00:00,56.6,183.0,458.0,6.3,35.6,239.0
2025-05-28 13:00:00,60.8,178.8,488.0,5.6,33.6,254.0
2025-05-28 14:00:00,62.2,173.7,506.0,5.8,31.8,260.0
2025-05-28 15:00:00,61.5,171.4,481.0,5.4,30.3,256.0
2025-05-28 16:00:00,61.7,186.3,444.0,6.1,29.0,244.0
2025-05-28 17:00:00,72.6,235.2,435.0,13.9,29.9,225.0
2025-05-28 18:00:00,79.6,210.5,476.0,28.8,33.6,192.0
2025-05-28 19:00:00,89.2,196.0,545.0,49.4,38.7,145.0
2025-05-28 20:00:00,95.9,185.3,612.0,64.9,42.5,106.0
2025-05-28 21:00:00,100.4,180.2,684.0,71.0,44.4,84.0
2025-05-28 22:00:00,102.2,186.3,754.0,72.0,45.0,69.0
2025-05-28 23:00:00,104.1,194.6,773.0,70.5,43.9,58.0
2025-05-29 00:00:00,105.2,200.7,693.0,66.4,40.2,49.0
2025-05-29 01:00:00,103.4,197.9,561.0,59.8,34.9,43.0
2025-05-29 02:00:00,97.6,190.5,469.0,53.5,30.0,39.0
2025-05-29 03:00:00,90.1,181.6,454.0,48.3,26.0,34.0
2025-05-29 04:00:00,83.4,170.9,478.0,43.4,22.5,30.0
2025-05-29 05:00:00,78.7,204.9,518.0,29.0,20.0,50.0
2025-05-29 06:00:00,78.9,165.3,591.0,30.4,22.3,60.0
2025-05-29 07:00:00,82.2,166.7,680.0,32.0,25.7,75.0
2025-05-29 08:00:00,79.4,186.3,712.0,31.4,29.7,99.0
2025-05-29 09:00:00,75.4,212.8,631.0,26.4,35.4,140.0
2025-05-29 10:00:00,78.0,253.3,494.0,19.1,41.7,190.0
2025-05-29 11:00:00,80.3,288.7,391.0,13.2,44.6,228.0
2025-05-29 12:00:00,83.6,321.3,362.0,9.8,41.6,246.0
2025-05-29 13:00:00,89.6,376.3,369.0,7.9,35.3,252.0
2025-05-29 14:00:00,93.6,402.3,385.0,7.5,29.6,248.0
2025-05-29 15:00:00,93.1,406.1,389.0,6.9,25.0,234.0
2025-05-29 16:00:00,88.0,390.2,403.0,7.9,21.1,210.0
2025-05-29 17:00:00,102.2,400.5,470.0,32.3,44.2,194.0
2025-05-29 18:00:00,104.1,348.3,643.0,43.8,45.6,164.0
2025-05-29 19:00:00,111.1,344.6,868.0,59.6,47.4,123.0
2025-05-29 20:00:00,113.2,326.0,1031.0,71.0,47.9,88.0
2025-05-29 21:00:00,112.9,321.3,1092.0,74.1,46.2,67.0
2025-05-29 22:00:00,112.9,320.4,1091.0,72.8,43.2,53.0
2025-05-29 23:00:00,110.8,315.7,1031.0,69.9,39.8,44.0
2025-05-30 00:00:00,105.7,304.5,871.0,65.7,36.1,40.0
2025-05-30 01:00:00,101.0,291.5,653.0,59.9,31.9,41.0
2025-05-30 02:00:00,99.0,285.9,504.0,55.1,28.3,41.0
2025-05-30 03:00:00,98.5,281.3,472.0,52.5,25.1,34.0
2025-05-30 04:00:00,96.4,252.4,509.0,50.8,22.4,26.0
2025-05-30 05:00:00,105.2,261.7,602.0,47.5,25.8,36.0
2025-05-30 06:00:00,101.0,262.6,814.0,42.8,25.2,61.0
2025-05-30 07:00:00,98.5,276.6,1082.0,36.2,24.6,95.0
2025-05-30 08:00:00,95.2,252.4,1203.0,30.2,25.3,127.0
2025-05-30 09:00:00,93.8,285.0,1030.0,25.6,28.7,150.0
2025-05-30 10:00:00,91.3,308.3,709.0,21.6,33.4,170.0
2025-05-30 11:00:00,91.3,308.3,480.0,18.1,36.8,190.0
2025-05-30 12:00:00,94.3,331.6,454.0,14.9,38.1,214.0
2025-05-30 13:00:00,99.4,366.0,520.0,12.3,38.1,237.0
2025-05-30 14:00:00,99.9,385.6,576.0,10.8,37.1,251.0
2025-05-30 15:00:00,98.3,388.4,573.0,9.7,34.3,252.0
2025-05-30 16:00:00,97.1,392.1,561.0,9.6,30.4,243.0
2025-05-30 17:00:00,67.3,238.4,592.0,22.0,30.1,159.0
2025-05-30 18:00:00,82.7,332.5,708.0,25.9,31.8,151.0
2025-05-30 19:00:00,98.5,413.5,868.0,31.5,34.2,140.0
2025-05-30 20:00:00,112.7,459.1,1000.0,36.7,35.9,128.0
2025-05-30 21:00:00,122.5,463.8,1065.0,41.0,36.1,115.0
2025-05-30 22:00:00,130.9,461.0,1102.0,44.9,35.6,100.0
2025-05-30 23:00:00,141.1,504.8,1156.0,48.6,35.5,88.0
2025-05-31 00:00:00,150.9,560.7,1266.0,52.4,36.3,78.0
2025-05-31 01:00:00,159.7,603.5,1394.0,55.9,37.5,71.0
2025-05-31 02:00:00,167.2,637.0,1469.0,58.1,38.5,64.0
2025-05-31 03:00:00,171.4,640.7,1460.0,59.1,39.0,53.0
2025-05-31 04:00:00,170.0,609.1,1398.0,58.8,39.4,43.0
2025-05-31 05:00:00,169.0,594.2,1310.0,71.7,39.3,30.0
2025-05-31 06:00:00,161.1,501.1,1203.0,61.7,42.8,74.0
2025-05-31 07:00:00,162.1,542.0,1069.0,47.5,47.5,134.0
2025-05-31 08:00:00,159.3,661.2,913.0,34.5,49.5,185.0
2025-05-31 09:00:00,152.3,681.7,710.0,24.0,46.7,216.0
2025-05-31 10:00:00,132.2,568.1,485.0,14.6,41.3,238.0
2025-05-31 11:00:00,111.8,461.0,321.0,7.9,35.9,249.0
2025-05-31 12:00:00,93.1,379.0,261.0,4.8,31.0,248.0
2025-05-31 13:00:00,81.0,326.9,263.0,4.3,26.2,238.0
2025-05-31 14:00:00,70.8,285.9,279.0,5.2,22.3,224.0
2025-05-31 15:00:00,63.6,256.1,290.0,6.5,19.6,209.0
2025-05-31 16:00:00,60.3,244.0,315.0,9.1,17.9,190.0
2025-05-31 17:00:00,62.9,215.6,373.0,16.6,16.6,156.0
2025-05-31 18:00:00,72.2,212.8,505.0,25.7,20.1,138.0
2025-05-31 19:00:00,73.8,190.5,669.0,38.2,25.0,113.0
2025-05-31 20:00:00,74.5,185.3,754.0,46.7,28.5,93.0
2025-05-31 21:00:00,81.0,238.4,688.0,47.6,29.5,83.0
2025-05-31 22:00:00,86.8,257.0,543.0,44.5,29.1,79.0
2025-05-31 23:00:00,85.7,219.8,420.0,41.1,28.0,75.0
2025-06-01 00:00:00,81.0,186.7,355.0,38.3,25.7,70.0
2025-06-01 01:00:00,78.5,196.5,312.0,35.2,22.6,66.0
2025-06-01 02:00:00,77.3,214.2,285.0,32.4,20.5,64.0
2025-06-01 03:00:00,83.1,252.4,273.0,30.2,20.3,66.0
2025-06-01 04:00:00,92.2,356.7,276.0,28.2,21.2,71.0
2025-06-01 05:00:00,88.7,253.3,291.0,37.7,15.5,41.0
2025-06-01 06:00:00,97.6,245.9,330.0,35.9,16.4,52.0
2025-06-01 07:00:00,87.5,244.0,380.0,33.0,17.6,67.0
2025-06-01 08:00:00,91.5,434.9,405.0,28.5,17.9,83.0
2025-06-01 09:00:00,99.2,642.6,378.0,20.8,16.6,101.0
2025-06-01 10:00:00,88.9,568.1,326.0,11.4,14.5,120.0
2025-06-01 11:00:00,79.6,516.0,288.0,4.7,12.7,135.0
2025-06-01 12:00:00,80.1,527.1,281.0,2.5,11.7,144.0
2025-06-01 13:00:00,82.2,549.5,289.0,3.0,11.2,150.0
2025-06-01 14:00:00,84.3,568.1,303.0,4.2,10.9,151.0
2025-06-01 15:00:00,85.4,564.4,317.0,5.1,10.7,148.0
2025-06-01 16:00:00,89.2,592.3,337.0,6.8,10.9,141.0
2025-06-01 17:00:00,94.5,588.6,371.0,12.7,12.9,130.0
2025-06-01 18:00:00,96.2,516.0,434.0,14.7,15.6,121.0
2025-06-01 19:00:00,106.2,545.8,512.0,17.7,19.5,108.0
2025-06-01 20:00:00,104.5,538.3,565.0,21.7,23.0,94.0
2025-06-01 21:00:00,107.1,476.8,583.0,28.0,26.4,79.0
2025-06-01 22:00:00,108.5,448.0,577.0,35.3,29.5,63.0
2025-06-01 23:00:00,106.6,417.2,543.0,39.2,30.4,52.0
2025-06-02 00:00:00,100.6,382.8,460.0,36.7,27.6,51.0
2025-06-02 01:00:00,93.1,358.6,348.0,30.8,22.6,56.0
2025-06-02 02:00:00,86.4,341.8,266.0,26.2,18.5,59.0
2025-06-02 03:00:00,85.9,369.7,235.0,25.1,16.1,57.0
2025-06-02 04:00:00,91.5,436.8,233.0,25.3,14.6,53.0
2025-06-02 05:00:00,84.1,272.9,257.0,39.6,17.9,31.0
2025-06-02 06:00:00,82.4,249.6,325.0,36.1,19.6,47.0
2025-06-02 07:00:00,79.6,245.9,418.0,31.0,21.8,70.0
2025-06-02 08:00:00,73.8,289.6,474.0,25.4,23.4,97.0
2025-06-02 09:00:00,71.7,318.5,459.0,19.0,23.9,131.0
2025-06-02 10:00:00,75.4,326.9,408.0,12.1,23.6,169.0
2025-06-02 11:00:00,78.2,329.7,358.0,7.0,22.8,197.0
2025-06-02 12:00:00,78.0,333.4,316.0,4.6,21.1,209.0
2025-06-02 13:00:00,74.7,337.1,276.0,3.9,18.8,211.0
2025-06-02 14:00:00,68.0,326.9,259.0,4.5,16.6,206.0
2025-06-02 15:00:00,59.4,312.0,283.0,6.5,14.5,194.0
2025-06-02 16:00:00,55.3,316.6,331.0,9.7,12.5,175.0
2025-06-02 17:00:00,57.5,244.9,373.0,12.3,15.4,170.0
2025-06-02 18:00:00,61.5,223.1,400.0,18.2,17.7,152.0
2025-06-02 19:00:00,68.7,234.7,421.0,26.3,20.9,126.0
2025-06-02 20:00:00,78.0,259.8,430.0,32.5,23.4,105.0
2025-06-02 21:00:00,84.3,267.3,421.0,34.8,24.5,94.0
2025-06-02 22:00:00,85.2,258.9,401.0,35.2,24.9,87.0
2025-06-02 23:00:00,88.0,264.5,385.0,34.8,24.8,81.0
2025-06-03 00:00:00,88.7,270.1,375.0,34.0,24.0,73.0
2025-06-03 01:00:00,82.7,282.2,369.0,32.5,22.7,66.0
2025-06-03 02:00:00,73.1,271.9,378.0,30.6,21.2,62.0
2025-06-03 03:00:00,65.2,255.2,414.0,28.2,19.3,61.0
2025-06-03 04:00:00,59.4,238.4,465.0,25.5,17.3,62.0
2025-06-03 05:00:00,88.2,360.4,507.0,35.5,24.8,45.0
2025-06-03 06:00:00,92.0,370.7,536.0,34.5,30.8,56.0
2025-06-03 07:00:00,92.2,365.1,556.0,32.9,38.9,74.0
2025-06-03 08:00:00,82.9,355.8,552.0,29.8,44.4,96.0
2025-06-03 09:00:00,79.4,350.2,510.0,23.9,45.1,129.0
2025-06-03 10:00:00,85.0,384.6,445.0,16.6,43.0,166.0
2025-06-03 11:00:00,85.0,368.8,388.0,10.9,39.9,195.0
2025-06-03 12:00:00,82.9,349.2,345.0,7.6,34.9,207.0
2025-06-03 13:00:00,83.1,357.6,310.0,5.9,28.8,210.0
2025-06-03 14:00:00,78.2,351.1,294.0,6.3,25.2,210.0
2025-06-03 15:00:00,78.2,361.4,295.0,9.4,26.2,209.0
2025-06-03 16:00:00,73.1,252.4,315.0,14.7,29.7,205.0
2025-06-03 17:00:00,80.6,568.1,373.0,10.0,14.6,148.0
2025-06-03 18:00:00,89.4,579.3,487.0,15.1,17.0,140.0
2025-06-03 19:00:00,92.9,508.5,640.0,21.9,20.2,129.0
2025-06-03 20:00:00,97.1,530.9,798.0,26.2,22.2,122.0
2025-06-03 21:00:00,91.5,468.5,995.0,25.3,22.0,122.0
2025-06-03 22:00:00,84.5,372.5,1198.0,21.7,20.6,126.0
2025-06-03 23:00:00,78.0,297.1,1277.0,19.2,19.4,126.0
2025-06-04 00:00:00,73.3,233.8,1130.0,19.0,18.9,120.0
2025-06-04 01:00:00,75.0,239.3,859.0,19.8,18.5,111.0
2025-06-04 02:00:00,78.5,247.7,636.0,21.2,18.4,101.0
2025-06-04 03:00:00,78.7,220.3,515.0,23.6,18.2,89.0
2025-06-04 04:00:00,76.4,183.9,441.0,26.6,18.3,77.0
2025-06-04 05:00:00,103.1,472.2,425.0,21.9,17.9,96.0
2025-06-04 06:00:00,102.0,393.9,505.0,24.8,21.2,107.0
2025-06-04 07:00:00,107.6,429.3,642.0,28.6,25.7,122.0
2025-06-04 08:00:00,112.5,476.8,730.0,29.0,28.7,139.0
2025-06-04 09:00:00,106.9,501.1,718.0,23.0,28.8,158.0
2025-06-04 10:00:00,96.4,460.1,656.0,13.6,27.3,177.0
2025-06-04 11:00:00,90.1,437.7,591.0,6.6,25.4,192.0
2025-06-04 12:00:00,85.0,411.6,525.0,4.2,23.1,199.0
2025-06-04 13:00:00,83.1,385.6,455.0,4.0,20.5,200.0
2025-06-04 14:00:00,80.3,360.4,419.0,4.6,18.5,199.0
2025-06-04 15:00:00,78.9,345.5,437.0,5.2,17.7,197.0
2025-06-04 16:00:00,76.8,328.8,488.0,6.5,17.6,192.0
2025-06-04 17:00:00,110.1,806.5,548.0,8.7,12.1,147.0
2025-06-04 18:00:00,113.2,746.9,602.0,16.9,14.7,130.0
2025-06-04 19:00:00,116.4,625.8,665.0,27.9,18.3,106.0
2025-06-04 20:00:00,115.3,558.8,751.0,34.7,20.6,90.0
2025-06-04 21:00:00,104.8,475.0,905.0,32.8,20.6,90.0
2025-06-04 22:00:00,88.7,377.2,1084.0,26.7,19.3,98.0
2025-06-04 23:00:00,79.4,322.2,1171.0,22.1,18.3,102.0
2025-06-05 00:00:00,73.6,279.4,1092.0,21.2,18.0,99.0
2025-06-05 01:00:00,71.7,236.6,922.0,21.8,18.0,92.0
2025-06-05 02:00:00,70.1,204.0,766.0,23.3,18.2,85.0
2025-06-05 03:00:00,70.1,182.5,651.0,26.5,18.6,76.0
2025-06-05 04:00:00,71.0,168.6,551.0,30.6,19.3,67.0
2025-06-05 05:00:00,125.7,448.9,493.0,51.2,39.7,40.0
2025-06-05 06:00:00,129.9,430.3,511.0,46.2,43.5,63.0
2025-06-05 07:00:00,131.3,501.1,570.0,39.0,48.7,97.0
2025-06-05 08:00:00,131.8,625.8,596.0,31.7,52.3,131.0
2025-06-05 09:00:00,129.9,648.2,544.0,24.4,53.5,166.0
2025-06-05 10:00:00,131.3,666.8,459.0,17.0,53.1,201.0
2025-06-05 11:00:00,129.9,642.6,394.0,11.3,50.9,228.0
2025-06-05 12:00:00,126.2,599.8,369.0,7.9,45.7,244.0
2025-06-05 13:00:00,118.3,540.2,365.0,6.2,38.6,252.0
2025-06-05 14:00:00,106.9,473.1,381.0,5.6,32.8,254.0
2025-06-05 15:00:00,97.3,423.8,429.0,5.6,29.2,249.0
2025-06-05 16:00:00,91.7,396.7,498.0,6.7,26.9,237.0
2025-06-05 17:00:00,87.1,401.4,553.0,10.0,28.3,239.0
2025-06-05 18:00:00,86.8,353.9,575.0,18.9,28.9,206.0
2025-06-05 19:00:00,88.0,285.0,584.0,31.2,29.7,160.0
2025-06-05 20:00:00,86.6,266.4,603.0,40.0,29.8,124.0
2025-06-05 21:00:00,85.0,258.9,659.0,42.1,28.6,106.0
2025-06-05 22:00:00,84.3,238.4,724.0,40.6,26.6,98.0
2025-06-05 23:00:00,84.3,218.9,740.0,38.7,24.8,92.0
2025-06-06 00:00:00,83.1,211.4,657.0,36.8,23.2,87.0
2025-06-06 01:00:00,83.1,212.8,525.0,34.3,21.6,85.0
2025-06-06 02:00:00,83.1,212.3,435.0,32.6,20.7,83.0
2025-06-06 03:00:00,82.2,206.3,427.0,32.3,20.5,77.0
2025-06-06 04:00:00,80.8,197.0,461.0,32.8,20.9,71.0
2025-06-06 05:00:00,86.4,300.8,504.0,47.1,15.7,30.0
2025-06-06 06:00:00,93.8,251.5,564.0,44.4,19.7,56.0
2025-06-06 07:00:00,94.1,250.5,634.0,40.3,25.2,94.0
2025-06-06 08:00:00,91.3,296.2,659.0,34.5,28.7,128.0
2025-06-06 09:00:00,92.2,406.1,601.0,25.2,28.6,156.0
2025-06-06 10:00:00,85.9,452.6,498.0,14.3,26.7,180.0
2025-06-06 11:00:00,77.1,400.5,411.0,6.2,24.6,198.0
2025-06-06 12:00:00,72.9,358.6,361.0,3.4,22.8,207.0
2025-06-06 13:00:00,69.2,332.5,328.0,3.5,20.8,210.0
2025-06-06 14:00:00,66.6,316.6,309.0,4.4,19.2,209.0
2025-06-06 15:00:00,65.0,306.4,298.0,5.2,18.2,204.0
2025-06-06 16:00:00,64.5,302.7,302.0,6.9,17.6,195.0
2025-06-06 17:00:00,60.1,277.5,339.0,9.8,16.6,184.0
2025-06-06 18:00:00,63.6,255.2,434.0,16.5,19.0,165.0
2025-06-06 19:00:00,69.4,258.9,563.0,25.8,22.3,138.0
2025-06-06 20:00:00,76.8,272.9,670.0,32.9,24.5,115.0
2025-06-06 21:00:00,83.6,293.4,745.0,35.8,24.7,102.0
2025-06-06 22:00:00,87.8,302.7,798.0,36.6,24.0,93.0
2025-06-06 23:00:00,88.7,296.2,803.0,36.4,23.2,87.0
2025-06-07 00:00:00,88.9,288.7,720.0,35.1,22.7,84.0
2025-06-07 01:00:00,90.1,287.8,589.0,32.9,22.2,85.0
2025-06-07 02:00:00,90.8,287.8,498.0,31.1,22.0,85.0
2025-06-07 03:00:00,90.6,285.9,490.0,30.5,22.0,81.0
2025-06-07 04:00:00,90.3,285.0,523.0,30.3,22.3,77.0
2025-06-07 05:00:00,89.2,325.0,561.0,37.7,23.7,52.0
2025-06-07 06:00:00,87.1,300.8,608.0,35.7,24.2,69.0
2025-06-07 07:00:00,84.3,283.1,660.0,32.6,24.9,93.0
2025-06-07 08:00:00,81.3,303.6,667.0,28.1,25.2,120.0
2025-06-07 09:00:00,75.2,305.5,584.0,20.6,24.8,151.0
2025-06-07 10:00:00,68.7,290.6,455.0,11.7,24.0,185.0
2025-06-07 11:00:00,61.7,247.7,365.0,5.2,23.1,210.0
2025-06-07 12:00:00,56.9,222.6,352.0,3.1,22.2,223.0
2025-06-07 13:00:00,56.8,217.5,377.0,3.4,21.2,228.0
2025-06-07 14:00:00,58.6,221.2,405.0,4.5,20.5,228.0
2025-06-07 15:00:00,60.1,228.2,423.0,5.4,20.1,225.0
2025-06-07 16:00:00,61.2,235.6,444.0,7.0,19.9,217.0
2025-06-07 17:00:00,71.7,263.6,472.0,10.6,16.4,199.0
2025-06-07 18:00:00,75.2,238.0,507.0,16.1,17.9,179.0
2025-06-07 19:00:00,81.7,247.7,550.0,23.7,20.1,150.0
2025-06-07 20:00:00,89.6,250.5,607.0,30.1,22.1,126.0
2025-06-07 21:00:00,94.8,244.0,707.0,34.2,23.8,111.0
2025-06-07 22:00:00,97.8,245.9,822.0,37.0,25.3,100.0
2025-06-07 23:00:00,100.1,267.3,872.0,38.0,26.1,92.0
2025-06-08 00:00:00,102.4,294.3,797.0,36.2,25.9,89.0
2025-06-08 01:00:00,103.4,312.0,657.0,32.6,25.0,89.0
2025-06-08 02:00:00,103.4,325.0,551.0,29.6,24.4,89.0
2025-06-08 03:00:00,102.7,335.3,513.0,27.8,24.2,86.0
2025-06-08 04:00:00,102.9,342.7,509.0,26.6,24.2,83.0
2025-06-08 05:00:00,99.7,395.8,535.0,28.6,22.8,66.0
2025-06-08 06:00:00,98.3,392.1,623.0,28.6,22.7,83.0
2025-06-08 07:00:00,98.3,399.5,743.0,28.3,22.6,107.0
2025-06-08 08:00:00,99.2,436.8,796.0,26.2,22.6,137.0
2025-06-08 09:00:00,100.1,461.0,721.0,20.4,23.1,178.0
2025-06-08 10:00:00,95.0,442.4,579.0,12.7,23.8,224.0
2025-06-08 11:00:00,89.2,405.1,464.0,6.9,23.3,252.0
2025-06-08 12:00:00,79.2,366.0,409.0,4.4,20.6,247.0
2025-06-08 13:00:00,72.6,356.7,380.0,3.6,16.8,223.0
2025-06-08 14:00:00,71.0,391.2,364.0,4.0,13.9,200.0
2025-06-08 15:00:00,73.8,456.3,353.0,4.4,12.4,186.0
2025-06-08 16:00:00,79.4,525.3,354.0,6.0,11.8,173.0
2025-06-08 17:00:00,102.9,767.4,380.0,10.1,11.2,155.0
2025-06-08 18:00:00,117.8,851.2,426.0,18.2,13.7,134.0
2025-06-08 19:00:00,137.4,944.4,496.0,29.4,17.1,105.0
2025-06-08 20:00:00,153.2,1002.1,617.0,38.3,20.2,81.0
2025-06-08 21:00:00,165.3,1061.7,857.0,42.6,22.6,69.0
2025-06-08 22:00:00,171.8,1102.7,1148.0,44.7,24.7,63.0
2025-06-08 23:00:00,166.7,1043.1,1304.0,46.1,25.8,58.0
2025-06-09 00:00:00,155.5,925.7,1206.0,47.1,25.5,54.0
2025-06-09 01:00:00,145.8,797.2,975.0,47.5,24.2,51.0
2025-06-09 02:00:00,137.4,666.8,785.0,47.5,22.8,48.0
2025-06-09 03:00:00,136.0,633.3,696.0,47.7,21.5,40.0
2025-06-09 04:00:00,133.2,597.9,650.0,47.7,20.1,31.0
2025-06-09 05:00:00,115.0,450.8,643.0,38.4,15.8,46.0
2025-06-09 06:00:00,118.5,399.5,717.0,36.7,18.7,66.0
2025-06-09 07:00:00,119.7,379.0,831.0,33.9,22.8,94.0
2025-06-09 08:00:00,119.7,446.1,860.0,29.7,25.9,124.0
2025-06-09 09:00:00,114.1,453.6,715.0,22.5,27.5,158.0
2025-06-09 10:00:00,100.6,412.6,486.0,13.8,28.2,193.0
2025-06-09 11:00:00,86.1,356.7,315.0,7.2,27.5,216.0
2025-06-09 12:00:00,73.8,344.6,267.0,4.2,24.6,218.0
2025-06-09 13:00:00,71.5,397.7,277.0,3.4,20.3,207.0
2025-06-09 14:00:00,75.0,499.2,296.0,3.7,17.0,195.0
2025-06-09 15:00:00,84.5,637.0,305.0,4.2,15.2,187.0
2025-06-09 16:00:00,96.2,761.8,323.0,5.9,14.3,178.0
2025-06-09 17:00:00,103.1,758.1,350.0,10.8,15.0,178.0
2025-06-09 18:00:00,116.2,849.4,391.0,18.9,17.1,155.0
2025-06-09 19:00:00,131.3,903.4,442.0,30.4,20.1,122.0
2025-06-09 20:00:00,142.5,925.7,489.0,40.6,22.6,93.0
2025-06-09 21:00:00,151.3,953.7,541.0,48.9,24.4,72.0
2025-06-09 22:00:00,160.2,998.4,590.0,55.8,25.6,54.0
2025-06-09 23:00:00,163.0,979.8,597.0,59.1,25.6,42.0
2025-06-10 00:00:00,155.1,853.1,528.0,56.1,23.5,37.0
2025-06-10 01:00:00,149.9,815.8,419.0,49.3,20.0,36.0
2025-06-10 02:00:00,140.6,743.2,334.0,43.9,17.2,35.0
2025-06-10 03:00:00,130.9,685.5,296.0,42.3,15.5,29.0
2025-06-10 04:00:00,121.1,620.3,283.0,42.1,14.5,22.0
2025-06-10 05:00:00,131.8,763.7,297.0,26.8,11.2,41.0
2025-06-10 06:00:00,127.1,653.8,362.0,26.3,12.3,56.0
2025-06-10 07:00:00,116.4,523.4,454.0,25.4,13.8,78.0
2025-06-10 08:00:00,106.6,542.0,497.0,23.0,15.0,101.0
2025-06-10 09:00:00,94.8,501.1,443.0,17.7,15.7,128.0
2025-06-10 10:00:00,80.8,441.4,342.0,11.0,16.1,157.0
2025-06-10 11:00:00,68.0,392.1,265.0,5.9,15.9,177.0
2025-06-10 12:00:00,67.1,434.9,243.0,3.7,14.6,182.0
2025-06-10 13:00:00,75.9,560.7,246.0,3.2,12.7,178.0
2025-06-10 14:00:00,85.9,698.5,256.0,3.8,11.2,172.0
2025-06-10 15:00:00,92.7,799.1,232.0,3.9,10.1,167.0
2025-06-10 16:00:00,94.8,823.3,216.0,5.2,9.5,161.0
2025-06-10 17:00:00,126.7,1121.3,308.0,11.6,9.6,144.0
2025-06-10 18:00:00,136.0,1128.8,643.0,28.2,14.2,122.0
2025-06-10 19:00:00,147.1,1061.7,1087.0,51.4,20.7,90.0
2025-06-10 20:00:00,163.4,1110.1,1342.0,70.2,26.5,63.0
2025-06-10 21:00:00,166.7,1024.5,1221.0,81.1,31.0,44.0
2025-06-10 22:00:00,160.2,884.8,910.0,87.6,34.8,29.0
2025-06-10 23:00:00,147.1,726.4,670.0,89.9,36.8,19.0
2025-06-11 00:00:00,133.2,586.7,617.0,86.2,36.0,18.0
2025-06-11 01:00:00,124.8,501.1,635.0,78.3,33.3,22.0
2025-06-11 02:00:00,119.7,447.0,634.0,71.0,30.7,26.0
2025-06-11 03:00:00,116.9,406.1,563.0,66.4,28.7,24.0
2025-06-11 04:00:00,114.1,373.5,473.0,62.6,26.7,22.0
2025-06-11 05:00:00,78.7,506.6,428.0,24.3,9.7,52.0
2025-06-11 06:00:00,81.7,475.9,484.0,24.0,10.6,62.0
2025-06-11 07:00:00,92.0,534.6,585.0,23.3,11.9,78.0
2025-06-11 08:00:00,102.9,637.0,627.0,21.4,13.5,100.0
2025-06-11 09:00:00,109.9,735.7,547.0,17.2,15.6,134.0
2025-06-11 10:00:00,106.9,691.0,408.0,11.7,17.9,174.0
2025-06-11 11:00:00,97.3,556.9,301.0,7.5,19.3,204.0
2025-06-11 12:00:00,89.4,462.9,263.0,5.5,19.2,217.0
2025-06-11 13:00:00,82.9,415.4,258.0,4.7,18.2,220.0
2025-06-11 14:00:00,78.5,385.6,261.0,5.0,17.5,219.0
2025-06-11 15:00:00,75.7,366.9,254.0,6.7,17.4,216.0
2025-06-11 16:00:00,73.6,351.1,257.0,9.5,17.6,209.0
2025-06-11 17:00:00,93.6,577.4,302.0,12.6,14.1,158.0
2025-06-11 18:00:00,88.0,464.7,431.0,14.7,16.7,155.0
2025-06-11 19:00:00,93.1,404.2,603.0,17.7,20.3,151.0
2025-06-11 20:00:00,106.2,451.7,732.0,19.9,23.4,146.0
2025-06-11 21:00:00,114.8,486.2,781.0,20.8,25.6,139.0
2025-06-11 22:00:00,117.3,486.2,787.0,21.0,27.2,131.0
2025-06-11 23:00:00,118.5,480.6,769.0,20.9,27.7,123.0
2025-06-12 00:00:00,118.5,476.8,721.0,20.1,26.2,116.0
2025-06-12 01:00:00,118.0,470.3,649.0,18.9,23.7,110.0
2025-06-12 02:00:00,115.9,442.4,591.0,18.6,21.8,103.0
2025-06-12 03:00:00,112.5,404.2,553.0,20.1,21.1,91.0
2025-06-12 04:00:00,109.9,361.4,529.0,22.5,21.2,79.0
2025-06-12 05:00:00,127.1,431.2,533.0,26.3,25.6,72.0
2025-06-12 06:00:00,126.2,423.8,597.0,26.5,28.8,86.0
2025-06-12 07:00:00,127.1,438.7,690.0,26.4,33.2,107.0
2025-06-12 08:00:00,128.1,474.0,736.0,24.7,35.8,134.0
2025-06-12 09:00:00,126.7,506.6,687.0,19.6,35.2,172.0
2025-06-12 10:00:00,124.8,555.1,591.0,12.8,32.9,216.0
2025-06-12 11:00:00,119.0,609.1,511.0,7.6,30.3,246.0
2025-06-12 12:00:00,112.9,605.4,468.0,5.4,27.4,251.0
2025-06-12 13:00:00,105.0,558.8,441.0,4.8,24.2,243.0
2025-06-12 14:00:00,99.0,514.1,432.0,5.4,22.0,233.0
2025-06-12 15:00:00,95.5,478.7,446.0,7.4,21.3,227.0
2025-06-12 16:00:00,92.4,445.2,478.0,10.5,21.6,221.0
2025-06-12 17:00:00,74.7,263.6,509.0,12.2,22.5,207.0
2025-06-12 18:00:00,78.5,248.7,534.0,14.7,23.5,190.0
2025-06-12 19:00:00,86.8,299.9,559.0,18.1,24.8,168.0
2025-06-12 20:00:00,99.4,397.7,581.0,20.3,25.8,149.0
2025-06-12 21:00:00,106.6,449.8,608.0,20.2,26.2,140.0
2025-06-12 22:00:00,112.0,475.9,633.0,18.8,26.2,136.0
2025-06-12 23:00:00,112.5,465.7,635.0,17.7,25.8,131.0
2025-06-13 00:00:00,111.5,454.5,591.0,17.1,24.6,122.0
2025-06-13 01:00:00,110.4,453.6,522.0,16.7,22.9,112.0
2025-06-13 02:00:00,110.6,469.4,476.0,16.8,22.0,103.0
2025-06-13 03:00:00,112.2,499.2,470.0,17.6,22.4,93.0
2025-06-13 04:00:00,112.2,502.9,485.0,18.8,23.5,85.0
2025-06-13 05:00:00,103.8,369.7,512.0,24.9,24.3,66.0
2025-06-13 06:00:00,105.0,435.9,562.0,24.1,26.0,77.0
2025-06-13 07:00:00,106.2,497.3,623.0,22.9,28.3,93.0
2025-06-13 08:00:00,110.1,545.8,653.0,20.6,29.4,115.0
2025-06-13 09:00:00,111.1,556.9,622.0,16.3,28.4,148.0
2025-06-13 10:00:00,111.5,566.2,560.0,11.0,26.4,187.0
2025-06-13 11:00:00,111.3,579.3,515.0,7.0,24.4,216.0
2025-06-13 12:00:00,110.8,610.9,508.0,5.3,22.9,229.0
2025-06-13 13:00:00,110.6,653.8,518.0,5.1,21.5,232.0
2025-06-13 14:00:00,109.7,678.0,532.0,5.7,20.6,230.0
2025-06-13 15:00:00,105.7,657.5,550.0,7.3,20.3,225.0
2025-06-13 16:00:00,102.0,625.8,572.0,9.8,20.4,214.0
2025-06-13 17:00:00,112.9,743.2,581.0,12.0,22.2,195.0
2025-06-13 18:00:00,107.1,653.8,561.0,15.0,22.9,175.0
2025-06-13 19:00:00,101.3,568.1,528.0,19.2,23.9,148.0
2025-06-13 20:00:00,97.1,516.0,511.0,22.4,24.4,125.0
2025-06-13 21:00:00,94.3,488.0,530.0,23.6,24.1,112.0
2025-06-13 22:00:00,93.6,476.8,565.0,23.9,23.3,103.0
2025-06-13 23:00:00,93.8,475.0,588.0,23.7,22.4,96.0
2025-06-14 00:00:00,97.3,499.2,585.0,23.1,21.3,92.0
2025-06-14 01:00:00,103.1,538.3,571.0,22.0,20.2,89.0
2025-06-14 02:00:00,108.5,556.9,559.0,21.6,19.8,86.0
2025-06-14 03:00:00,108.7,542.0,546.0,22.3,20.4,79.0
2025-06-14 04:00:00,105.5,486.2,536.0,23.6,21.7,70.0
2025-06-14 05:00:00,98.0,407.9,549.0,24.3,22.6,68.0
2025-06-14 06:00:00,91.0,337.1,618.0,25.1,25.8,76.0
2025-06-14 07:00:00,87.1,296.2,711.0,25.9,30.2,90.0
2025-06-14 08:00:00,85.4,285.0,754.0,24.8,33.4,113.0
2025-06-14 09:00:00,86.6,300.8,698.0,19.9,34.2,155.0
2025-06-14 10:00:00,88.0,322.2,593.0,13.1,33.8,208.0
2025-06-14 11:00:00,90.6,355.8,512.0,7.9,32.8,247.0
2025-06-14 12:00:00,92.2,380.0,486.0,5.8,31.2,264.0
2025-06-14 13:00:00,92.2,386.5,483.0,5.4,29.0,267.0
2025-06-14 14:00:00,89.9,371.6,488.0,5.9,27.2,265.0
2025-06-14 15:00:00,84.8,339.9,496.0,7.2,25.9,258.0
2025-06-14 16:00:00,79.4,308.3,510.0,9.4,25.0,246.0
2025-06-14 17:00:00,72.6,308.3,525.0,13.0,23.6,226.0
2025-06-14 18:00:00,72.4,262.6,534.0,20.2,25.5,199.0
2025-06-14 19:00:00,74.5,238.0,544.0,29.9,28.0,162.0
2025-06-14 20:00:00,81.3,250.5,567.0,36.6,29.4,131.0
2025-06-14 21:00:00,87.3,318.5,625.0,37.5,28.7,111.0
2025-06-14 22:00:00,93.4,380.9,697.0,35.3,26.9,97.0
2025-06-14 23:00:00,99.2,448.0,730.0,32.3,25.0,88.0
2025-06-15 00:00:00,104.8,495.5,685.0,28.5,23.0,87.0
2025-06-15 01:00:00,106.9,527.1,602.0,23.9,20.8,91.0
2025-06-15 02:00:00,110.1,547.6,544.0,20.7,19.4,94.0
2025-06-15 03:00:00,111.3,545.8,544.0,19.9,18.9,90.0
2025-06-15 04:00:00,111.1,529.0,569.0,20.4,19.1,84.0
2025-06-15 05:00:00,99.2,416.3,591.0,24.8,21.6,78.0
2025-06-15 06:00:00,91.0,330.6,597.0,26.2,22.5,84.0
2025-06-15 07:00:00,82.7,289.6,599.0,27.8,23.8,94.0
2025-06-15 08:00:00,82.7,293.4,602.0,27.3,25.9,113.0
2025-06-15 09:00:00,85.0,316.6,615.0,22.5,29.8,150.0
2025-06-15 10:00:00,97.1,414.4,629.0,15.6,34.4,197.0
2025-06-15 11:00:00,101.7,437.7,625.0,10.1,36.5,231.0
2025-06-15 12:00:00,104.3,467.5,586.0,7.3,33.6,243.0
2025-06-15 13:00:00,103.1,476.8,529.0,6.0,28.2,241.0
2025-06-15 14:00:00,101.7,493.6,491.0,6.0,24.0,235.0
2025-06-15 15:00:00,103.4,529.0,494.0,7.6,22.8,225.0
2025-06-15 16:00:00,100.8,489.9,516.0,10.5,22.8,210.0
2025-06-15 17:00:00,99.9,519.7,529.0,14.5,27.4,186.0
2025-06-15 18:00:00,103.1,529.0,515.0,20.3,28.8,163.0
2025-06-15 19:00:00,111.1,543.9,492.0,28.4,30.7,131.0
2025-06-15 20:00:00,117.6,530.9,488.0,34.4,32.4,104.0
2025-06-15 21:00:00,118.3,512.2,526.0,36.6,34.0,88.0
2025-06-15 22:00:00,116.6,472.2,584.0,36.8,35.3,78.0
2025-06-15 23:00:00,113.6,435.9,620.0,35.8,35.4,72.0
2025-06-16 00:00:00,110.4,417.2,616.0,33.4,33.4,70.0
2025-06-16 01:00:00,105.2,384.6,590.0,29.9,30.2,72.0
2025-06-16 02:00:00,100.8,346.5,562.0,27.2,27.5,73.0
2025-06-16 03:00:00,95.5,291.5,515.0,26.5,25.8,70.0
2025-06-16 04:00:00,93.8,280.3,465.0,26.6,24.6,67.0
2025-06-16 05:00:00,78.5,172.3,476.0,19.7,22.6,91.0
2025-06-16 06:00:00,73.8,164.8,609.0,22.9,24.0,95.0
2025-06-16 07:00:00,72.6,171.4,803.0,27.2,26.0,101.0
2025-06-16 08:00:00,74.3,180.7,941.0,28.5,28.1,117.0
2025-06-16 09:00:00,77.3,215.1,977.0,24.2,30.7,152.0
2025-06-16 10:00:00,80.6,256.1,957.0,16.9,33.4,196.0
2025-06-16 11:00:00,85.9,302.7,902.0,11.2,34.0,227.0
2025-06-16 12:00:00,85.2,312.9,787.0,8.5,30.7,233.0
2025-06-16 13:00:00,78.5,269.2,638.0,7.3,25.5,226.0
2025-06-16 14:00:00,77.1,287.8,546.0,7.2,21.6,219.0
2025-06-16 15:00:00,78.7,294.3,557.0,8.3,20.7,218.0
2025-06-16 16:00:00,79.6,294.3,626.0,10.6,21.2,216.0
2025-06-16 17:00:00,85.9,448.0,713.0,13.1,19.9,173.0
2025-06-16 18:00:00,84.3,369.7,832.0,18.0,22.8,153.0
2025-06-16 19:00:00,87.8,326.0,969.0,24.9,26.7,125.0
2025-06-16 20:00:00,86.8,281.3,1043.0,30.3,29.0,102.0
2025-06-16 21:00:00,77.5,196.0,1007.0,33.0,28.2,88.0
2025-06-16 22:00:00,75.0,146.7,907.0,34.4,25.9,79.0
2025-06-16 23:00:00,79.4,136.9,799.0,34.7,24.0,72.0
2025-06-17 00:00:00,74.7,113.2,685.0,34.0,23.7,67.0
2025-06-17 01:00:00,70.5,99.0,562.0,32.4,23.9,65.0
2025-06-17 02:00:00,65.9,89.9,479.0,30.2,23.4,66.0
2025-06-17 03:00:00,57.0,77.8,451.0,26.5,21.0,71.0
2025-06-17 04:00:00,48.5,71.5,464.0,22.3,17.8,79.0
2025-06-17 05:00:00,42.6,117.8,521.0,20.9,17.1,74.0
2025-06-17 06:00:00,38.5,122.0,669.0,24.5,19.1,73.0
2025-06-17 07:00:00,40.6,112.2,863.0,29.2,22.0,73.0
2025-06-17 08:00:00,43.8,108.0,968.0,30.8,24.5,84.0
2025-06-17 09:00:00,45.2,108.3,901.0,26.5,26.5,115.0
2025-06-17 10:00:00,44.9,134.1,747.0,19.1,28.1,158.0
2025-06-17 11:00:00,44.2,145.3,622.0,13.0,28.8,193.0
2025-06-17 12:00:00,38.6,90.6,569.0,9.6,27.9,216.0
2025-06-17 13:00:00,39.1,93.8,545.0,7.6,26.0,232.0
2025-06-17 14:00:00,40.7,104.3,545.0,7.1,24.6,240.0
2025-06-17 15:00:00,42.3,105.9,551.0,7.2,23.8,239.0
2025-06-17 16:00:00,43.4,106.4,581.0,9.0,23.4,230.0
2025-06-17 17:00:00,53.9,69.8,679.0,35.6,31.0,149.0
2025-06-17 18:00:00,60.5,82.7,929.0,42.9,36.2,133.0
2025-06-17 19:00:00,66.6,92.0,1248.0,53.2,43.4,111.0
2025-06-17 20:00:00,82.0,107.8,1430.0,62.3,48.6,89.0
2025-06-17 21:00:00,91.5,116.4,1356.0,70.3,50.3,68.0
2025-06-17 22:00:00,100.8,122.9,1145.0,77.2,50.1,48.0
2025-06-17 23:00:00,105.2,127.1,948.0,78.8,48.6,35.0
2025-06-18 00:00:00,101.0,127.6,806.0,71.6,45.4,34.0
2025-06-18 01:00:00,98.5,127.1,678.0,59.2,41.0,40.0
2025-06-18 02:00:00,94.3,142.0,594.0,48.2,36.7,47.0
2025-06-18 03:00:00,85.2,115.7,575.0,40.8,33.0,51.0
2025-06-18 04:00:00,75.2,96.4,600.0,34.8,29.6,56.0
2025-06-18 05:00:00,46.8,46.8,639.0,22.3,23.9,85.0
2025-06-18 06:00:00,44.7,44.7,700.0,25.2,23.9,82.0
2025-06-18 07:00:00,41.7,41.8,774.0,28.9,24.0,80.0
2025-06-18 08:00:00,34.8,34.9,802.0,30.0,25.2,86.0
2025-06-18 09:00:00,25.9,26.0,739.0,26.0,29.0,110.0
2025-06-18 10:00:00,22.6,22.7,630.0,19.3,33.8,143.0
2025-06-18 11:00:00,23.5,23.6,545.0,13.6,36.2,169.0
2025-06-18 12:00:00,24.0,24.2,508.0,10.0,33.7,184.0
2025-06-18 13:00:00,23.9,24.3,496.0,7.4,28.8,192.0
2025-06-18 14:00:00,24.6,34.7,509.0,6.6,25.3,195.0
2025-06-18 15:00:00,26.4,70.8,526.0,7.1,25.0,195.0
2025-06-18 16:00:00,31.8,116.2,569.0,9.3,26.2,190.0
2025-06-18 17:00:00,45.3,49.7,705.0,15.9,32.2,187.0
2025-06-18 18:00:00,49.2,65.2,1055.0,24.8,32.6,161.0
2025-06-18 19:00:00,54.5,63.6,1498.0,37.0,33.2,124.0
2025-06-18 20:00:00,60.3,65.4,1737.0,45.9,33.3,94.0
2025-06-18 21:00:00,64.5,68.7,1592.0,48.8,32.8,78.0
2025-06-18 22:00:00,64.0,68.5,1243.0,48.4,31.8,69.0
2025-06-18 23:00:00,62.9,68.9,934.0,46.7,30.1,62.0
2025-06-19 00:00:00,59.6,67.1,751.0,43.8,27.1,57.0
2025-06-19 01:00:00,55.2,64.0,608.0,39.6,23.3,54.0
2025-06-19 02:00:00,50.8,60.5,495.0,35.8,20.3,52.0
2025-06-19 03:00:00,47.4,56.6,400.0,33.1,18.3,50.0
2025-06-19 04:00:00,44.8,52.7,334.0,30.7,17.1,48.0
2025-06-19 05:00:00,55.4,57.3,326.0,37.8,17.8,41.0
2025-06-19 06:00:00,50.4,54.5,428.0,33.9,20.5,60.0
2025-06-19 07:00:00,46.7,62.2,586.0,28.2,24.2,88.0
2025-06-19 08:00:00,42.4,58.7,672.0,22.7,26.9,116.0
2025-06-19 09:00:00,37.5,59.8,607.0,17.4,27.7,144.0
2025-06-19 10:00:00,35.9,64.3,469.0,12.1,27.5,172.0
2025-06-19 11:00:00,35.5,64.0,359.0,8.2,26.7,192.0
2025-06-19 12:00:00,36.2,77.8,312.0,6.3,24.8,200.0
2025-06-19 13:00:00,33.9,57.2,293.0,5.7,22.4,199.0
2025-06-19 14:00:00,32.4,49.1,297.0,6.3,21.0,196.0
2025-06-19 15:00:00,34.5,97.3,317.0,7.3,21.6,192.0
2025-06-19 16:00:00,31.8,69.4,359.0,9.3,23.2,186.0
2025-06-19 17:00:00,43.2,111.8,438.0,14.5,30.1,194.0
2025-06-19 18:00:00,46.0,125.3,600.0,23.0,30.6,166.0
2025-06-19 19:00:00,51.3,93.8,800.0,34.6,31.1,126.0
2025-06-19 20:00:00,53.1,80.6,915.0,43.0,31.0,94.0
2025-06-19 21:00:00,52.4,74.7,878.0,45.3,29.7,76.0
2025-06-19 22:00:00,53.0,72.4,756.0,44.5,27.7,66.0
2025-06-19 23:00:00,54.4,71.7,632.0,42.5,25.5,59.0
2025-06-20 00:00:00,55.3,70.5,519.0,39.9,23.0,54.0
2025-06-20 01:00:00,56.7,69.8,402.0,36.1,20.4,52.0
2025-06-20 02:00:00,55.3,67.5,324.0,32.3,18.2,53.0
2025-06-20 03:00:00,52.3,67.1,301.0,28.3,16.7,56.0
2025-06-20 04:00:00,49.1,63.1,316.0,24.1,15.8,62.0
2025-06-20 05:00:00,42.5,61.0,355.0,23.2,17.5,66.0
2025-06-20 06:00:00,37.7,53.2,439.0,23.9,20.0,68.0
2025-06-20 07:00:00,31.2,42.7,548.0,24.7,23.5,72.0
2025-06-20 08:00:00,27.6,42.5,608.0,24.2,25.7,80.0
2025-06-20 09:00:00,24.4,33.9,572.0,21.1,25.5,96.0
2025-06-20 10:00:00,20.1,23.7,487.0,16.6,24.1,116.0
2025-06-20 11:00:00,17.6,19.3,424.0,13.1,22.8,133.0
2025-06-20 12:00:00,16.6,17.5,409.0,11.0,21.9,147.0
2025-06-20 13:00:00,16.6,17.6,415.0,9.9,21.2,158.0
2025-06-20 14:00:00,18.3,19.6,431.0,10.5,20.7,163.0
2025-06-20 15:00:00,20.1,21.9,449.0,12.8,20.6,160.0
2025-06-20 16:00:00,21.8,23.7,477.0,16.9,20.8,151.0
2025-06-20 17:00:00,45.6,120.1,526.0,14.2,22.3,156.0
2025-06-20 18:00:00,48.7,135.0,620.0,22.3,23.4,133.0
2025-06-20 19:00:00,57.0,157.9,736.0,33.5,25.0,101.0
2025-06-20 20:00:00,64.0,193.7,808.0,42.3,26.2,74.0
2025-06-20 21:00:00,69.8,216.1,807.0,46.6,27.0,58.0
2025-06-20 22:00:00,74.7,230.0,764.0,48.5,27.4,47.0
2025-06-20 23:00:00,77.5,238.0,706.0,48.6,27.1,40.0
2025-06-21 00:00:00,77.5,237.5,629.0,46.2,25.6,37.0
2025-06-21 01:00:00,75.9,210.9,538.0,42.0,23.4,38.0
2025-06-21 02:00:00,74.5,185.8,477.0,38.5,21.7,39.0
2025-06-21 03:00:00,75.2,168.1,467.0,37.3,20.9,36.0
2025-06-21 04:00:00,74.5,153.2,487.0,36.9,20.6,33.0
2025-06-21 05:00:00,81.0,156.5,516.0,43.9,20.7,24.0
2025-06-21 06:00:00,80.6,143.9,566.0,38.2,23.7,47.0
2025-06-21 07:00:00,76.4,156.5,626.0,30.1,27.9,80.0
2025-06-21 08:00:00,59.4,144.8,643.0,22.8,30.9,112.0
2025-06-21 09:00:00,48.5,108.7,578.0,17.1,31.7,142.0
2025-06-21 10:00:00,45.2,81.3,470.0,12.2,31.3,172.0
2025-06-21 11:00:00,44.4,70.3,389.0,8.6,30.8,197.0
2025-06-21 12:00:00,44.4,63.3,361.0,6.6,30.1,217.0
2025-06-21 13:00:00,44.6,59.4,359.0,6.0,29.3,232.0
2025-06-21 14:00:00,44.9,57.3,373.0,6.5,28.9,241.0
2025-06-21 15:00:00,45.3,55.5,363.0,6.4,29.0,244.0
2025-06-21 16:00:00,44.4,53.1,370.0,7.3,29.6,240.0
2025-06-21 17:00:00,36.9,39.6,503.0,13.3,25.4,194.0
2025-06-21 18:00:00,41.7,63.1,902.0,27.9,28.2,162.0
2025-06-21 19:00:00,51.6,73.8,1427.0,48.1,32.0,117.0
2025-06-21 20:00:00,59.4,91.0,1768.0,63.2,34.6,80.0
2025-06-21 21:00:00,61.2,99.9,1773.0,68.5,34.9,59.0
2025-06-21 22:00:00,62.6,104.3,1594.0,68.7,34.0,47.0
2025-06-21 23:00:00,62.6,105.7,1373.0,67.7,32.5,38.0
2025-06-22 00:00:00,61.7,101.5,1119.0,66.4,30.1,32.0
2025-06-22 01:00:00,61.0,97.6,823.0,63.9,27.1,29.0
2025-06-22 02:00:00,60.5,94.5,596.0,61.3,24.8,28.0
2025-06-22 03:00:00,59.6,91.3,486.0,59.4,23.5,25.0
2025-06-22 04:00:00,58.3,88.2,446.0,57.3,22.9,23.0
2025-06-22 05:00:00,61.0,75.9,443.0,50.9,19.3,26.0
2025-06-22 06:00:00,58.9,73.6,495.0,46.1,20.8,43.0
2025-06-22 07:00:00,56.7,71.0,585.0,39.3,23.0,67.0
2025-06-22 08:00:00,51.9,94.5,628.0,32.3,25.4,94.0
2025-06-22 09:00:00,42.5,70.8,568.0,25.2,28.4,125.0
2025-06-22 10:00:00,40.6,57.7,462.0,18.0,31.7,159.0
2025-06-22 11:00:00,42.0,59.0,395.0,12.5,33.7,188.0
2025-06-22 12:00:00,45.6,64.7,410.0,9.6,33.5,211.0
2025-06-22 13:00:00,47.3,64.5,465.0,8.5,32.1,230.0
2025-06-22 14:00:00,48.8,61.0,518.0,8.7,30.7,240.0
2025-06-22 15:00:00,51.1,64.5,557.0,9.6,29.4,241.0
2025-06-22 16:00:00,52.3,91.3,595.0,11.8,28.1,234.0
2025-06-22 17:00:00,54.6,74.0,627.0,17.0,42.6,250.0
2025-06-22 18:00:00,56.0,86.8,642.0,23.3,40.7,217.0
2025-06-22 19:00:00,61.9,88.9,651.0,32.0,38.0,171.0
2025-06-22 20:00:00,61.5,125.7,683.0,38.5,35.2,131.0
2025-06-22 21:00:00,60.3,123.4,774.0,41.0,32.4,104.0
2025-06-22 22:00:00,62.6,126.7,886.0,41.3,29.6,83.0
2025-06-22 23:00:00,68.7,170.0,939.0,40.3,27.0,70.0
2025-06-23 00:00:00,67.1,174.6,874.0,37.5,24.6,66.0
2025-06-23 01:00:00,67.5,173.7,748.0,33.4,22.4,70.0
2025-06-23 02:00:00,65.7,159.3,654.0,30.2,21.2,73.0
2025-06-23 03:00:00,62.6,141.1,630.0,29.0,20.9,72.0
2025-06-23 04:00:00,62.6,134.1,638.0,28.7,21.7,70.0
2025-06-23 05:00:00,88.9,299.0,654.0,39.4,21.2,42.0
2025-06-23 06:00:00,81.3,246.8,679.0,38.0,22.5,52.0
2025-06-23 07:00:00,75.4,234.7,712.0,35.8,24.5,68.0
2025-06-23 08:00:00,66.8,177.9,721.0,32.2,27.1,91.0
2025-06-23 09:00:00,55.4,127.6,687.0,26.0,31.6,126.0
2025-06-23 10:00:00,49.9,93.1,630.0,18.3,36.7,169.0
2025-06-23 11:00:00,54.5,82.0,576.0,12.3,39.0,202.0
2025-06-23 12:00:00,60.1,81.5,533.0,9.0,35.6,219.0
2025-06-23 13:00:00,60.3,81.7,493.0,7.4,29.4,226.0
2025-06-23 14:00:00,61.2,88.2,466.0,7.2,25.5,231.0
2025-06-23 15:00:00,63.1,87.3,457.0,6.5,26.0,240.0
2025-06-23 16:00:00,68.9,97.1,460.0,7.2,28.9,246.0
2025-06-23 17:00:00,59.8,120.1,467.0,15.0,27.4,200.0
2025-06-23 18:00:00,59.6,132.2,476.0,25.3,28.3,168.0
2025-06-23 19:00:00,63.1,126.2,490.0,39.4,29.5,124.0
2025-06-23 20:00:00,64.7,122.0,509.0,48.8,29.7,89.0
2025-06-23 21:00:00,62.4,120.1,543.0,49.2,28.2,73.0
2025-06-23 22:00:00,60.1,119.0,582.0,44.8,25.7,68.0
2025-06-23 23:00:00,57.3,124.3,603.0,40.2,23.4,64.0
2025-06-24 00:00:00,54.2,126.2,588.0,36.5,21.5,62.0
2025-06-24 01:00:00,51.7,116.9,555.0,32.5,19.8,62.0
2025-06-24 02:00:00,51.3,126.2,528.0,29.4,18.6,61.0
2025-06-24 03:00:00,52.6,151.3,505.0,27.9,17.9,57.0
2025-06-24 04:00:00,53.7,169.0,489.0,27.2,17.8,52.0
2025-06-24 05:00:00,54.6,102.2,509.0,28.0,18.5,57.0
2025-06-24 06:00:00,54.0,98.7,610.0,29.0,20.7,64.0
2025-06-24 07:00:00,55.6,117.8,747.0,30.3,23.9,76.0
2025-06-24 08:00:00,56.1,122.0,820.0,29.8,27.5,95.0
2025-06-24 09:00:00,54.6,131.8,767.0,26.2,31.9,128.0
2025-06-24 10:00:00,53.4,124.8,650.0,20.8,36.6,168.0
2025-06-24 11:00:00,55.8,120.1,555.0,16.0,39.8,205.0
2025-06-24 12:00:00,62.6,143.9,511.0,12.3,40.2,237.0
2025-06-24 13:00:00,66.4,148.1,488.0,9.1,39.2,265.0
2025-06-24 14:00:00,68.7,157.9,488.0,7.7,38.3,282.0
2025-06-24 15:00:00,70.5,165.8,525.0,7.5,38.3,287.0
2025-06-24 16:00:00,71.9,165.8,585.0,9.0,38.5,282.0
2025-06-24 17:00:00,70.1,102.0,621.0,15.8,36.1,242.0
2025-06-24 18:00:00,71.0,124.8,601.0,25.7,37.7,210.0
2025-06-24 19:00:00,75.2,105.0,556.0,39.3,39.8,166.0
2025-06-24 20:00:00,79.6,100.6,539.0,48.3,40.3,129.0
2025-06-24 21:00:00,78.0,102.7,588.0,49.1,38.1,105.0
2025-06-24 22:00:00,74.5,88.2,665.0,45.4,34.2,89.0
2025-06-24 23:00:00,66.4,75.9,698.0,39.9,29.7,80.0
2025-06-25 00:00:00,56.9,77.5,636.0,32.2,23.9,82.0
2025-06-25 01:00:00,48.7,56.3,531.0,22.7,17.4,92.0
2025-06-25 02:00:00,41.8,46.6,471.0,16.0,13.0,99.0
2025-06-25 03:00:00,36.4,38.9,501.0,13.8,12.3,98.0
2025-06-25 04:00:00,38.8,41.1,575.0,14.4,13.8,94.0
2025-06-25 05:00:00,36.0,52.9,645.0,22.4,13.9,68.0
2025-06-25 06:00:00,32.1,52.4,706.0,27.3,15.7,64.0
2025-06-25 07:00:00,40.9,86.4,762.0,33.8,18.3,59.0
2025-06-25 08:00:00,48.5,108.7,776.0,36.6,20.6,64.0
2025-06-25 09:00:00,51.5,124.3,715.0,32.2,22.4,86.0
2025-06-25 10:00:00,47.7,112.2,613.0,24.2,23.8,117.0
2025-06-25 11:00:00,44.1,88.5,530.0,17.7,24.5,141.0
2025-06-25 12:00:00,43.3,89.4,487.0,14.5,23.8,152.0
2025-06-25 13:00:00,40.5,76.4,464.0,12.9,22.3,157.0
2025-06-25 14:00:00,36.9,54.6,461.0,13.0,21.4,158.0
2025-06-25 15:00:00,36.9,46.7,476.0,15.0,21.7,158.0
2025-06-25 16:00:00,38.2,43.8,511.0,18.6,22.6,155.0
2025-06-25 17:00:00,43.4,44.4,578.0,25.2,30.0,157.0
2025-06-25 18:00:00,45.1,45.9,711.0,33.9,30.7,135.0
2025-06-25 19:00:00,53.4,53.8,876.0,45.5,31.5,105.0
2025-06-25 20:00:00,57.6,79.4,981.0,52.2,31.2,82.0
2025-06-25 21:00:00,57.5,88.2,983.0,49.4,28.9,75.0
2025-06-25 22:00:00,56.6,107.3,924.0,41.6,25.5,76.0
2025-06-25 23:00:00,56.2,143.0,844.0,34.3,22.4,77.0
2025-06-26 00:00:00,52.3,109.2,740.0,28.9,19.9,77.0
2025-06-26 01:00:00,49.8,83.6,613.0,23.9,17.8,77.0
2025-06-26 02:00:00,49.0,91.7,511.0,20.3,16.4,77.0
2025-06-26 03:00:00,44.1,57.6,440.0,18.5,16.1,74.0
2025-06-26 04:00:00,42.8,51.5,393.0,18.0,16.4,71.0
2025-06-26 05:00:00,40.5,55.3,391.0,17.6,16.6,69.0
2025-06-26 06:00:00,40.7,49.4,478.0,18.9,17.4,72.0
2025-06-26 07:00:00,42.7,49.7,611.0,20.6,18.6,78.0
2025-06-26 08:00:00,41.6,46.9,682.0,21.4,19.9,85.0
2025-06-26 09:00:00,40.4,44.5,625.0,20.7,21.6,94.0
2025-06-26 10:00:00,34.9,37.7,505.0,19.0,23.6,106.0
2025-06-26 11:00:00,32.0,34.1,410.0,16.9,24.8,121.0
2025-06-26 12:00:00,33.4,35.4,371.0,13.6,25.0,145.0
2025-06-26 13:00:00,34.3,36.4,357.0,9.9,24.4,173.0
2025-06-26 14:00:00,34.5,38.2,364.0,7.9,23.7,189.0
2025-06-26 15:00:00,34.2,41.4,381.0,8.0,22.5,187.0
2025-06-26 16:00:00,33.3,44.6,418.0,9.9,21.1,175.0
2025-06-26 17:00:00,41.2,180.7,503.0,15.2,18.3,145.0
2025-06-26 18:00:00,44.5,176.5,694.0,23.5,19.8,123.0
2025-06-26 19:00:00,49.0,165.3,932.0,34.7,21.7,93.0
2025-06-26 20:00:00,50.4,160.7,1065.0,41.8,22.8,70.0
2025-06-26 21:00:00,48.8,154.1,1005.0,40.9,22.2,63.0
2025-06-26 22:00:00,47.0,153.7,840.0,35.8,20.7,63.0
2025-06-26 23:00:00,47.8,177.9,687.0,31.1,19.2,63.0
2025-06-27 00:00:00,47.3,189.1,579.0,28.2,18.0,62.0
2025-06-27 01:00:00,46.7,188.6,483.0,25.7,16.8,61.0
2025-06-27 02:00:00,44.7,164.8,419.0,24.2,16.1,59.0
2025-06-27 03:00:00,43.3,145.8,400.0,24.6,16.1,53.0
2025-06-27 04:00:00,42.6,140.2,413.0,26.0,16.6,46.0
2025-06-27 05:00:00,49.6,171.4,437.0,27.2,18.6,45.0
2025-06-27 06:00:00,43.2,104.3,481.0,25.7,20.1,56.0
2025-06-27 07:00:00,39.6,77.3,536.0,23.5,22.1,72.0
2025-06-27 08:00:00,34.0,51.6,560.0,20.5,23.2,92.0
2025-06-27 09:00:00,30.3,39.7,522.0,15.8,22.4,120.0
2025-06-27 10:00:00,28.2,44.6,452.0,10.3,20.7,151.0
2025-06-27 11:00:00,27.1,41.7,397.0,6.3,19.2,174.0
2025-06-27 12:00:00,27.4,52.3,371.0,4.8,18.3,183.0
2025-06-27 13:00:00,28.7,73.3,359.0,4.8,17.7,184.0
2025-06-27 14:00:00,27.5,61.7,363.0,5.7,17.5,181.0
2025-06-27 15:00:00,27.0,53.0,378.0,5.8,17.8,178.0
2025-06-27 16:00:00,26.1,47.0,409.0,6.9,18.6,172.0
2025-06-27 17:00:00,36.4,93.4,471.0,16.2,21.1,163.0
2025-06-27 18:00:00,37.8,71.9,602.0,24.6,22.3,138.0
2025-06-27 19:00:00,40.3,63.1,765.0,36.2,23.9,103.0
2025-06-27 20:00:00,45.2,78.9,857.0,44.2,24.9,75.0
2025-06-27 21:00:00,45.8,83.6,820.0,45.4,24.8,62.0
2025-06-27 22:00:00,45.3,87.3,712.0,43.2,24.0,56.0
2025-06-27 23:00:00,45.1,85.7,611.0,40.7,22.9,52.0
2025-06-28 00:00:00,41.9,66.8,536.0,38.6,21.1,49.0
2025-06-28 01:00:00,39.1,57.4,468.0,36.3,19.0,47.0
2025-06-28 02:00:00,39.3,54.4,423.0,35.1,17.6,45.0
2025-06-28 03:00:00,41.0,55.1,408.0,36.3,17.3,38.0
2025-06-28 04:00:00,43.3,57.4,415.0,38.6,17.8,30.0
2025-06-28 05:00:00,42.5,59.6,444.0,33.2,17.1,40.0
2025-06-28 06:00:00,40.6,56.6,514.0,30.6,19.1,51.0
2025-06-28 07:00:00,38.0,59.1,605.0,26.8,21.9,67.0
2025-06-28 08:00:00,34.1,61.9,654.0,22.6,24.1,89.0
2025-06-28 09:00:00,32.5,66.1,622.0,17.8,25.3,120.0
2025-06-28 10:00:00,31.1,61.7,547.0,12.6,26.0,155.0
2025-06-28 11:00:00,30.7,52.6,483.0,8.8,26.3,184.0
2025-06-28 12:00:00,31.5,49.5,444.0,6.8,26.1,202.0
2025-06-28 13:00:00,32.2,49.2,416.0,6.1,25.6,213.0
2025-06-28 14:00:00,33.4,54.6,407.0,7.3,25.7,216.0
2025-06-28 15:00:00,36.6,71.5,404.0,11.0,26.9,211.0
2025-06-28 16:00:00,38.3,97.6,420.0,16.6,28.6,198.0
2025-06-28 17:00:00,50.4,72.4,503.0,13.3,34.1,243.0
2025-06-28 18:00:00,58.6,75.9,744.0,22.5,35.0,210.0
2025-06-28 19:00:00,74.3,87.3,1052.0,35.1,36.1,163.0
2025-06-28 20:00:00,62.4,81.7,1203.0,43.4,36.0,126.0
2025-06-28 21:00:00,51.9,74.0,1046.0,43.2,33.9,108.0
2025-06-28 22:00:00,49.6,55.9,732.0,38.8,30.6,99.0
2025-06-28 23:00:00,51.1,56.3,484.0,35.3,27.7,91.0
2025-06-29 00:00:00,51.6,57.0,396.0,35.0,25.8,79.0
2025-06-29 01:00:00,49.9,56.2,375.0,35.6,24.2,68.0
2025-06-29 02:00:00,50.5,56.6,365.0,35.1,22.6,61.0
2025-06-29 03:00:00,50.3,57.4,336.0,31.9,20.3,60.0
2025-06-29 04:00:00,45.8,54.1,318.0,27.8,18.0,63.0
2025-06-29 05:00:00,44.8,72.6,350.0,36.2,17.7,33.0
2025-06-29 06:00:00,42.1,68.2,486.0,38.2,19.5,33.0
2025-06-29 07:00:00,45.8,73.6,672.0,40.9,22.0,34.0
2025-06-29 08:00:00,47.6,92.9,785.0,41.4,25.0,41.0
2025-06-29 09:00:00,47.1,122.5,755.0,37.9,28.4,57.0
2025-06-29 10:00:00,46.9,137.8,652.0,32.2,32.1,80.0
2025-06-29 11:00:00,46.3,129.9,560.0,27.8,36.1,102.0
2025-06-29 12:00:00,45.5,119.0,502.0,25.5,40.5,125.0
2025-06-29 13:00:00,45.3,106.2,455.0,24.4,45.0,148.0
2025-06-29 14:00:00,46.6,97.1,441.0,24.9,49.0,164.0
2025-06-29 15:00:00,47.1,90.8,472.0,26.0,52.0,170.0
2025-06-29 16:00:00,48.9,88.2,535.0,28.6,54.3,169.0
2025-06-29 17:00:00,46.6,71.2,613.0,41.1,49.9,103.0
2025-06-29 18:00:00,50.9,70.3,712.0,48.5,49.2,87.0
2025-06-29 19:00:00,57.3,73.3,826.0,58.9,48.2,66.0
2025-06-29 20:00:00,60.5,75.0,916.0,67.2,46.7,47.0
2025-06-29 21:00:00,67.3,80.3,992.0,72.9,44.7,34.0
2025-06-29 22:00:00,76.4,87.3,1043.0,76.6,42.2,24.0
2025-06-29 23:00:00,71.2,81.3,1004.0,75.0,38.7,20.0
2025-06-30 00:00:00,56.8,65.4,791.0,64.2,33.3,27.0
2025-06-30 01:00:00,39.8,46.0,487.0,48.2,27.0,41.0
2025-06-30 02:00:00,36.0,42.6,275.0,35.8,22.4,52.0
2025-06-30 03:00:00,35.6,42.0,243.0,31.0,20.5,55.0
2025-06-30 04:00:00,38.0,44.7,303.0,29.8,20.4,54.0
2025-06-30 05:00:00,41.0,47.0,372.0,25.9,16.3,56.0
2025-06-30 06:00:00,35.4,42.1,439.0,26.8,19.2,59.0
2025-06-30 07:00:00,35.2,43.7,516.0,27.8,23.1,63.0
2025-06-30 08:00:00,37.0,46.3,554.0,27.1,25.4,71.0
2025-06-30 09:00:00,37.5,48.2,515.0,23.0,24.3,85.0
2025-06-30 10:00:00,36.1,52.2,437.0,17.1,21.6,102.0
2025-06-30 11:00:00,36.2,62.9,386.0,13.0,19.4,115.0
2025-06-30 12:00:00,37.0,71.0,379.0,11.7,18.2,121.0
2025-06-30 13:00:00,44.7,90.6,399.0,12.1,17.6,124.0
2025-06-30 14:00:00,42.7,80.1,465.0,14.2,18.9,125.0
2025-06-30 15:00:00,45.2,74.3,586.0,17.8,23.3,129.0
2025-06-30 16:00:00,47.7,75.0,753.0,23.2,29.4,131.0
2025-06-30 17:00:00,42.0,131.3,951.0,26.1,21.5,99.0
2025-06-30 18:00:00,44.5,149.5,1242.0,34.9,25.4,86.0
2025-06-30 19:00:00,51.2,132.2,1565.0,46.8,30.8,67.0
2025-06-30 20:00:00,56.7,118.5,1723.0,54.0,33.9,55.0
2025-06-30 21:00:00,53.2,101.7,1594.0,51.5,32.8,56.0
2025-06-30 22:00:00,46.1,88.5,1301.0,44.3,29.5,63.0
2025-06-30 23:00:00,43.8,74.3,1015.0,39.0,26.8,67.0
2025-07-01 00:00:00,39.8,62.9,770.0,39.0,25.9,61.0
2025-07-01 01:00:00,39.8,60.8,532.0,41.0,25.6,52.0
2025-07-01 02:00:00,43.7,69.4,372.0,42.0,25.6,45.0
2025-07-01 03:00:00,34.5,52.3,334.0,40.7,26.1,43.0
2025-07-01 04:00:00,31.8,44.0,374.0,38.4,26.9,44.0
2025-07-01 05:00:00,53.8,74.0,435.0,42.7,27.0,36.0
2025-07-01 06:00:00,53.1,73.1,522.0,40.4,29.9,47.0
2025-07-01 07:00:00,53.7,68.7,631.0,37.0,33.9,64.0
2025-07-01 08:00:00,52.4,61.9,690.0,32.6,36.5,83.0
2025-07-01 09:00:00,39.8,45.8,657.0,26.7,37.0,107.0
2025-07-01 10:00:00,36.2,40.3,574.0,19.8,36.1,134.0
2025-07-01 11:00:00,34.8,37.6,498.0,14.2,34.1,157.0
2025-07-01 12:00:00,35.7,65.4,434.0,10.4,30.0,173.0
2025-07-01 13:00:00,34.9,77.5,377.0,7.9,24.7,184.0
2025-07-01 14:00:00,33.2,68.7,369.0,7.0,21.3,190.0
2025-07-01 15:00:00,31.4,48.4,427.0,6.8,21.1,194.0
2025-07-01 16:00:00,30.9,41.4,535.0,8.2,22.6,194.0
2025-07-01 17:00:00,32.7,55.1,682.0,15.6,24.9,166.0
2025-07-01 18:00:00,37.5,52.7,919.0,33.6,27.6,134.0
2025-07-01 19:00:00,49.8,61.0,1195.0,58.3,31.2,91.0
2025-07-01 20:00:00,58.2,66.4,1349.0,75.6,33.3,56.0
2025-07-01 21:00:00,59.8,65.7,1280.0,78.8,32.8,39.0
2025-07-01 22:00:00,60.5,65.9,1089.0,74.6,30.8,32.0
2025-07-01 23:00:00,61.0,68.7,918.0,69.5,28.7,27.0
2025-07-02 00:00:00,60.3,69.6,818.0,65.2,26.6,24.0
2025-07-02 01:00:00,58.3,69.2,739.0,59.9,24.4,24.0
2025-07-02 02:00:00,55.1,66.4,673.0,55.2,22.7,25.0
2025-07-02 03:00:00,53.3,60.3,606.0,52.3,21.7,22.0
2025-07-02 04:00:00,53.0,57.6,552.0,49.9,21.4,19.0
2025-07-02 05:00:00,66.6,73.1,545.0,62.3,23.4,12.0
2025-07-02 06:00:00,64.0,67.5,639.0,51.9,25.5,40.0
2025-07-02 07:00:00,55.1,59.5,780.0,37.3,28.3,80.0
2025-07-02 08:00:00,30.4,45.6,841.0,24.9,29.9,116.0
2025-07-02 09:00:00,24.9,43.5,735.0,16.9,29.2,146.0
2025-07-02 10:00:00,31.5,98.7,548.0,11.1,27.3,173.0
2025-07-02 11:00:00,29.4,67.1,416.0,7.1,25.2,192.0
2025-07-02 12:00:00,27.2,40.9,399.0,5.2,23.0,200.0
2025-07-02 13:00:00,27.5,43.2,437.0,5.1,20.8,199.0
2025-07-02 14:00:00,28.1,48.5,482.0,5.8,19.3,196.0
2025-07-02 15:00:00,27.6,47.8,513.0,6.0,19.2,194.0
2025-07-02 16:00:00,27.7,49.8,552.0,6.9,19.8,189.0
2025-07-02 17:00:00,28.1,28.1,612.0,12.7,18.6,149.0
2025-07-02 18:00:00,31.4,32.7,728.0,24.2,20.5,124.0
2025-07-02 19:00:00,37.8,53.9,867.0,39.8,23.2,89.0
2025-07-02 20:00:00,42.6,60.8,940.0,49.8,24.6,63.0
2025-07-02 21:00:00,44.0,57.6,899.0,49.1,23.9,54.0
2025-07-02 22:00:00,43.0,56.7,792.0,42.9,22.0,53.0
2025-07-02 23:00:00,40.3,61.2,681.0,36.4,20.1,55.0
2025-07-03 00:00:00,34.3,43.3,571.0,30.7,18.3,59.0
2025-07-03 01:00:00,31.1,39.1,457.0,24.9,16.5,64.0
2025-07-03 02:00:00,28.9,35.7,381.0,21.1,15.7,67.0
2025-07-03 03:00:00,27.6,32.4,362.0,21.2,16.5,62.0
2025-07-03 04:00:00,27.4,31.0,381.0,23.3,18.2,54.0
2025-07-03 05:00:00,30.5,34.3,421.0,22.7,18.0,51.0
2025-07-03 06:00:00,27.7,29.5,501.0,21.5,18.1,58.0
2025-07-03 07:00:00,26.5,27.3,602.0,19.7,18.2,69.0
2025-07-03 08:00:00,27.8,28.1,648.0,17.6,17.9,81.0
2025-07-03 09:00:00,26.3,26.5,586.0,14.8,16.7,95.0
2025-07-03 10:00:00,26.4,27.8,469.0,11.8,15.2,110.0
2025-07-03 11:00:00,28.3,57.7,384.0,9.4,14.3,125.0
2025-07-03 12:00:00,29.9,57.4,365.0,8.1,14.7,139.0
2025-07-03 13:00:00,34.2,45.4,377.0,7.5,15.8,152.0
2025-07-03 14:00:00,34.9,51.9,405.0,7.9,17.1,161.0
2025-07-03 15:00:00,35.6,43.2,440.0,8.8,18.6,168.0
2025-07-03 16:00:00,38.6,44.7,491.0,10.7,20.3,172.0
2025-07-03 17:00:00,43.8,150.9,568.0,14.1,22.9,167.0
2025-07-03 18:00:00,47.4,139.2,714.0,29.3,25.2,136.0
2025-07-03 19:00:00,55.1,125.7,886.0,49.9,28.4,93.0
2025-07-03 20:00:00,60.3,119.7,968.0,63.2,30.0,60.0
2025-07-03 21:00:00,61.2,108.0,884.0,62.5,28.8,48.0
2025-07-03 22:00:00,56.7,90.8,711.0,54.4,26.1,46.0
2025-07-03 23:00:00,50.9,77.3,562.0,46.0,23.5,47.0
2025-07-04 00:00:00,44.9,65.7,475.0,38.7,21.2,51.0
2025-07-04 01:00:00,41.9,65.2,412.0,31.0,19.1,58.0
2025-07-04 02:00:00,40.9,64.5,375.0,25.9,17.8,61.0
2025-07-04 03:00:00,40.5,60.1,370.0,25.4,17.8,56.0
2025-07-04 04:00:00,41.1,54.9,390.0,27.4,18.7,47.0
2025-07-04 05:00:00,41.2,86.8,425.0,26.9,18.6,46.0
2025-07-04 06:00:00,40.9,93.4,485.0,25.4,20.6,55.0
2025-07-04 07:00:00,37.8,98.7,559.0,23.2,23.3,68.0
2025-07-04 08:00:00,33.8,76.6,598.0,20.4,25.5,87.0
2025-07-04 09:00:00,29.6,48.4,569.0,16.5,26.7,115.0
2025-07-04 10:00:00,28.6,37.5,504.0,12.0,27.4,148.0
2025-07-04 11:00:00,28.9,34.2,455.0,8.5,27.5,175.0
2025-07-04 12:00:00,30.3,41.7,437.0,6.6,26.6,193.0
2025-07-04 13:00:00,31.5,43.4,433.0,5.8,25.1,205.0
2025-07-04 14:00:00,32.6,44.0,446.0,6.2,24.5,212.0
2025-07-04 15:00:00,33.9,41.6,475.0,5.8,25.4,219.0
2025-07-04 16:00:00,35.5,41.4,521.0,6.7,27.2,221.0
2025-07-04 17:00:00,48.1,51.7,580.0,30.1,49.3,189.0
2025-07-04 18:00:00,49.7,54.0,671.0,39.5,50.4,163.0
2025-07-04 19:00:00,56.7,61.2,775.0,52.7,52.0,127.0
2025-07-04 20:00:00,70.5,74.7,839.0,63.7,53.2,95.0
2025-07-04 21:00:00,75.0,78.7,838.0,71.5,54.3,71.0
2025-07-04 22:00:00,82.9,86.4,796.0,77.3,55.0,51.0
2025-07-04 23:00:00,88.5,91.5,734.0,78.3,53.9,38.0
2025-07-05 00:00:00,79.6,81.7,640.0,72.1,49.9,35.0
2025-07-05 01:00:00,70.3,71.9,526.0,61.1,44.1,39.0
2025-07-05 02:00:00,65.9,67.3,443.0,50.6,38.5,45.0
2025-07-05 03:00:00,58.7,60.3,412.0,41.4,33.0,53.0
2025-07-05 04:00:00,46.9,48.9,413.0,32.6,27.8,62.0
2025-07-05 05:00:00,70.8,73.6,435.0,53.5,29.4,26.0
2025-07-05 06:00:00,66.8,71.2,496.0,48.0,33.4,42.0
2025-07-05 07:00:00,64.0,69.8,578.0,40.1,38.9,66.0
2025-07-05 08:00:00,49.7,57.7,623.0,32.4,43.3,95.0
2025-07-05 09:00:00,41.1,49.6,592.0,25.4,45.9,132.0
2025-07-05 10:00:00,43.0,54.0,522.0,18.5,47.4,174.0
2025-07-05 11:00:00,46.2,57.6,472.0,13.2,47.5,210.0
2025-07-05 12:00:00,51.1,61.5,459.0,9.9,45.5,239.0
2025-07-05 13:00:00,54.7,63.8,465.0,8.0,42.0,262.0
2025-07-05 14:00:00,55.4,63.3,489.0,7.7,39.1,274.0
2025-07-05 15:00:00,55.5,62.4,542.0,8.7,37.5,272.0
2025-07-05 16:00:00,54.2,59.8,615.0,11.1,36.4,260.0
2025-07-05 17:00:00,82.2,116.4,676.0,16.2,49.3,279.0
2025-07-05 18:00:00,89.4,115.0,723.0,36.3,50.3,227.0
2025-07-05 19:00:00,105.7,125.3,760.0,63.7,51.4,154.0
2025-07-05 20:00:00,109.0,125.3,766.0,81.0,50.5,97.0
2025-07-05 21:00:00,99.9,113.6,725.0,79.3,46.0,71.0
2025-07-05 22:00:00,91.5,103.8,654.0,67.6,39.4,60.0
2025-07-05 23:00:00,83.4,97.3,586.0,55.4,33.0,56.0
2025-07-06 00:00:00,72.9,85.9,528.0,44.4,26.9,59.0
2025-07-06 01:00:00,62.2,71.0,473.0,33.0,21.1,69.0
2025-07-06 02:00:00,56.9,64.7,432.0,25.8,17.4,74.0
2025-07-06 03:00:00,53.6,59.8,404.0,26.1,16.7,67.0
2025-07-06 04:00:00,53.1,60.5,391.0,30.6,18.1,55.0
2025-07-06 05:00:00,64.0,65.4,411.0,28.3,26.0,64.0
2025-07-06 06:00:00,60.1,61.5,502.0,30.1,28.9,68.0
2025-07-06 07:00:00,62.2,64.0,626.0,32.3,33.2,75.0
2025-07-06 08:00:00,58.3,61.9,693.0,32.1,38.4,96.0
2025-07-06 09:00:00,53.2,61.7,645.0,27.5,45.6,140.0
2025-07-06 10:00:00,57.0,65.2,539.0,20.5,53.7,198.0
2025-07-06 11:00:00,64.3,74.0,463.0,14.8,58.7,247.0
2025-07-06 12:00:00,68.7,78.5,449.0,11.3,57.9,281.0
2025-07-06 13:00:00,71.7,83.6,463.0,9.0,54.0,307.0
2025-07-06 14:00:00,76.4,93.1,493.0,8.3,50.8,323.0
2025-07-06 15:00:00,78.2,98.7,544.0,7.7,49.5,331.0
2025-07-06 16:00:00,78.0,101.0,611.0,8.6,48.9,329.0
2025-07-06 17:00:00,76.6,153.7,663.0,14.7,36.1,239.0
2025-07-06 18:00:00,78.9,152.7,696.0,41.6,42.1,194.0
2025-07-06 19:00:00,96.4,168.1,715.0,77.9,50.3,132.0
2025-07-06 20:00:00,121.1,192.3,701.0,100.3,55.4,87.0
2025-07-06 21:00:00,134.6,188.1,632.0,95.9,55.4,78.0
2025-07-06 22:00:00,123.4,160.7,531.0,77.5,52.3,86.0
2025-07-06 23:00:00,114.3,149.9,451.0,59.8,47.7,93.0
2025-07-07 00:00:00,96.4,116.9,410.0,46.9,40.9,93.0
2025-07-07 01:00:00,91.5,128.1,389.0,34.8,32.4,91.0
2025-07-07 02:00:00,87.8,143.4,390.0,26.3,25.5,87.0
2025-07-07 03:00:00,77.8,166.7,394.0,23.7,21.3,76.0
2025-07-07 04:00:00,70.1,169.5,419.0,24.8,18.7,63.0
2025-07-07 05:00:00,71.5,101.0,517.0,30.4,33.6,74.0
2025-07-07 06:00:00,65.7,94.1,779.0,30.1,33.4,77.0
2025-07-07 07:00:00,57.7,94.8,1115.0,29.5,33.2,82.0
2025-07-07 08:00:00,43.7,77.5,1304.0,28.2,33.6,92.0
2025-07-07 09:00:00,39.5,65.0,1207.0,25.7,35.2,110.0
2025-07-07 10:00:00,38.2,61.9,963.0,22.4,37.4,132.0
2025-07-07 11:00:00,39.9,62.4,771.0,19.2,38.9,158.0
2025-07-07 12:00:00,43.7,65.2,710.0,15.6,38.6,190.0
2025-07-07 13:00:00,48.2,70.5,700.0,11.9,37.6,224.0
2025-07-07 14:00:00,54.1,75.2,702.0,10.4,37.4,248.0
2025-07-07 15:00:00,60.3,81.7,692.0,10.2,38.8,261.0
2025-07-07 16:00:00,63.3,88.2,695.0,12.1,41.1,264.0
2025-07-07 17:00:00,42.7,59.8,743.0,23.0,43.2,188.0
2025-07-07 18:00:00,47.6,64.7,867.0,32.3,42.1,162.0
2025-07-07 19:00:00,57.7,72.9,1037.0,45.8,40.7,126.0
2025-07-07 20:00:00,69.2,84.8,1198.0,60.4,40.9,92.0
2025-07-07 21:00:00,78.5,95.9,1338.0,77.9,44.4,64.0
2025-07-07 22:00:00,95.0,114.1,1469.0,96.6,49.5,39.0
2025-07-07 23:00:00,115.7,133.2,1569.0,107.8,52.2,21.0
2025-07-08 00:00:00,113.6,127.1,1637.0,106.0,50.2,14.0
2025-07-08 01:00:00,103.4,114.6,1675.0,96.9,45.8,15.0
2025-07-08 02:00:00,100.8,110.4,1664.0,88.6,42.2,17.0
2025-07-08 03:00:00,102.4,111.3,1590.0,85.0,40.4,15.0
2025-07-08 04:00:00,102.0,109.7,1468.0,82.4,39.3,13.0
2025-07-08 05:00:00,76.6,88.7,1327.0,62.1,29.0,24.0
2025-07-08 06:00:00,70.8,80.8,1164.0,56.5,30.4,39.0
2025-07-08 07:00:00,67.5,86.8,981.0,48.3,32.1,61.0
2025-07-08 08:00:00,61.9,103.6,814.0,39.5,32.0,84.0
2025-07-08 09:00:00,54.5,115.0,670.0,29.5,28.5,109.0
2025-07-08 10:00:00,42.6,109.2,541.0,18.9,23.2,134.0
2025-07-08 11:00:00,43.1,109.9,440.0,10.9,18.7,152.0
2025-07-08 12:00:00,44.4,113.2,369.0,6.9,15.8,157.0
2025-07-08 13:00:00,45.9,135.0,325.0,5.5,13.7,155.0
2025-07-08 14:00:00,47.5,174.6,313.0,6.1,12.6,149.0
2025-07-08 15:00:00,49.5,223.5,336.0,7.1,12.2,143.0
2025-07-08 16:00:00,55.4,262.6,390.0,10.0,12.8,133.0
2025-07-08 17:00:00,52.2,276.6,466.0,15.7,22.4,126.0
2025-07-08 18:00:00,62.6,320.4,588.0,27.2,23.4,104.0
2025-07-08 19:00:00,68.9,326.9,732.0,43.1,24.9,74.0
2025-07-08 20:00:00,78.9,344.6,811.0,56.2,26.7,50.0
2025-07-08 21:00:00,83.6,280.3,768.0,63.9,29.7,37.0
2025-07-08 22:00:00,78.7,233.3,659.0,68.7,33.0,29.0
2025-07-08 23:00:00,84.1,226.8,572.0,70.9,34.4,24.0
2025-07-09 00:00:00,81.0,198.8,533.0,69.8,32.1,23.0
2025-07-09 01:00:00,72.6,162.5,515.0,66.1,27.9,25.0
2025-07-09 02:00:00,63.8,136.9,522.0,61.7,24.6,28.0
2025-07-09 03:00:00,59.1,126.7,564.0,57.0,23.3,30.0
2025-07-09 04:00:00,54.8,120.6,631.0,51.7,22.9,32.0
2025-07-09 05:00:00,53.9,106.2,694.0,51.1,21.0,22.0
2025-07-09 06:00:00,51.6,97.3,763.0,45.4,22.0,35.0
2025-07-09 07:00:00,48.8,116.2,828.0,37.3,23.5,55.0
2025-07-09 08:00:00,46.8,149.0,831.0,29.6,25.0,80.0
2025-07-09 09:00:00,48.3,182.5,714.0,22.9,26.7,115.0
2025-07-09 10:00:00,48.1,176.0,535.0,16.6,28.4,155.0
2025-07-09 11:00:00,47.8,164.8,410.0,11.7,29.0,185.0
2025-07-09 12:00:00,47.5,152.3,382.0,8.0,27.3,201.0
2025-07-09 13:00:00,45.2,139.2,408.0,5.7,24.5,207.0
2025-07-09 14:00:00,43.2,135.0,470.0,5.9,22.5,205.0
2025-07-09 15:00:00,44.1,136.4,572.0,10.0,22.3,194.0
2025-07-09 16:00:00,43.0,118.5,709.0,16.7,23.1,174.0
2025-07-09 17:00:00,53.4,115.0,851.0,47.0,39.0,123.0
2025-07-09 18:00:00,54.8,112.9,1015.0,58.7,45.1,106.0
2025-07-09 19:00:00,62.6,113.4,1185.0,74.6,53.3,82.0
2025-07-09 20:00:00,79.2,124.8,1276.0,85.2,58.8,62.0
2025-07-09 21:00:00,83.1,129.5,1248.0,86.2,59.4,49.0
2025-07-09 22:00:00,89.2,129.0,1142.0,81.8,57.2,39.0
2025-07-09 23:00:00,86.8,115.5,999.0,75.4,53.8,34.0
2025-07-10 00:00:00,79.4,105.0,795.0,66.7,49.0,36.0
2025-07-10 01:00:00,71.2,96.9,554.0,56.0,42.9,42.0
2025-07-10 02:00:00,60.3,85.0,388.0,46.7,37.2,47.0
2025-07-10 03:00:00,50.2,71.7,352.0,39.9,31.9,48.0
2025-07-10 04:00:00,44.8,63.6,391.0,34.5,27.0,49.0
2025-07-10 05:00:00,49.4,64.5,450.0,35.8,31.0,50.0
2025-07-10 06:00:00,46.1,57.7,526.0,38.4,33.5,48.0
2025-07-10 07:00:00,42.3,51.3,623.0,41.8,36.8,47.0
2025-07-10 08:00:00,42.5,49.6,696.0,43.9,38.5,48.0
2025-07-10 09:00:00,43.5,49.6,731.0,43.5,37.0,54.0
2025-07-10 10:00:00,45.4,50.5,743.0,41.6,34.0,64.0
2025-07-10 11:00:00,42.8,47.5,728.0,39.6,31.8,75.0
2025-07-10 12:00:00,39.8,43.4,668.0,37.5,31.2,88.0
2025-07-10 13:00:00,41.9,45.1,582.0,35.1,31.4,102.0
2025-07-10 14:00:00,47.3,50.2,521.0,33.3,32.9,115.0
2025-07-10 15:00:00,52.7,55.6,467.0,30.8,36.5,131.0
2025-07-10 16:00:00,50.6,54.1,440.0,28.9,41.3,146.0
2025-07-10 17:00:00,39.5,42.7,546.0,42.7,34.3,93.0
2025-07-10 18:00:00,43.2,46.2,926.0,54.7,36.5,75.0
2025-07-10 19:00:00,54.4,56.7,1440.0,71.2,39.4,51.0
2025-07-10 20:00:00,63.8,65.9,1780.0,82.8,41.1,32.0
2025-07-10 21:00:00,71.0,73.6,1783.0,85.3,40.8,23.0
2025-07-10 22:00:00,73.3,76.1,1612.0,82.9,39.2,19.0
2025-07-10 23:00:00,71.7,75.0,1443.0,79.3,37.2,17.0
2025-07-11 00:00:00,69.2,72.9,1324.0,75.0,34.5,18.0
2025-07-11 01:00:00,67.8,71.9,1208.0,69.5,31.3,21.0
2025-07-11 02:00:00,65.2,69.6,1129.0,64.6,28.7,23.0
2025-07-11 03:00:00,66.6,71.5,1110.0,61.4,26.7,21.0
2025-07-11 04:00:00,69.6,75.2,1128.0,58.8,25.4,19.0
2025-07-11 05:00:00,83.4,88.7,1153.0,73.8,30.8,8.0
2025-07-11 06:00:00,73.6,78.9,1199.0,69.2,32.1,18.0
2025-07-11 07:00:00,68.7,75.2,1251.0,62.7,33.9,33.0
2025-07-11 08:00:00,72.2,78.0,1232.0,56.5,36.0,47.0
2025-07-11 09:00:00,65.2,71.0,1079.0,51.5,38.5,57.0
2025-07-11 10:00:00,61.7,67.1,856.0,46.9,41.3,67.0
2025-07-11 11:00:00,51.3,56.3,673.0,42.6,43.3,81.0
2025-07-11 12:00:00,39.1,43.8,567.0,38.4,43.7,102.0
2025-07-11 13:00:00,40.3,45.4,502.0,34.5,43.5,126.0
2025-07-11 14:00:00,43.8,50.1,479.0,31.4,44.3,148.0
2025-07-11 15:00:00,48.7,56.1,463.0,25.6,46.6,172.0
2025-07-11 16:00:00,45.4,53.4,490.0,20.6,50.0,193.0
2025-07-11 17:00:00,50.9,65.0,660.0,19.3,40.2,185.0
2025-07-11 18:00:00,56.6,68.7,1134.0,43.3,42.4,148.0
2025-07-11 19:00:00,80.8,90.6,1753.0,76.3,45.5,96.0
2025-07-11 20:00:00,97.6,105.9,2139.0,100.5,47.8,56.0
2025-07-11 21:00:00,108.5,116.4,2083.0,107.2,48.9,39.0
2025-07-11 22:00:00,123.4,131.3,1794.0,105.0,49.3,32.0
2025-07-11 23:00:00,122.0,128.1,1526.0,102.0,48.6,28.0
2025-07-12 00:00:00,117.6,122.9,1370.0,100.4,46.4,23.0
2025-07-12 01:00:00,119.2,124.3,1235.0,98.0,43.2,21.0
2025-07-12 02:00:00,124.8,129.5,1098.0,96.0,40.1,18.0
2025-07-12 03:00:00,132.2,136.4,925.0,96.9,36.8,9.0
2025-07-12 04:00:00,143.0,146.7,750.0,98.3,33.5,0.0
2025-07-12 05:00:00,109.7,114.3,655.0,70.4,33.5,21.0
2025-07-12 06:00:00,106.4,112.2,715.0,59.4,36.7,45.0
2025-07-12 07:00:00,89.2,100.4,855.0,44.2,41.1,79.0
2025-07-12 08:00:00,57.9,70.5,925.0,31.4,44.8,111.0
2025-07-12 09:00:00,43.3,57.3,840.0,24.0,47.4,134.0
2025-07-12 10:00:00,39.5,51.9,685.0,19.1,49.3,155.0
2025-07-12 11:00:00,40.4,50.4,569.0,15.2,49.9,177.0
2025-07-12 12:00:00,46.1,55.1,534.0,11.6,48.4,208.0
2025-07-12 13:00:00,50.8,59.1,539.0,9.1,45.6,240.0
2025-07-12 14:00:00,54.2,64.0,566.0,8.0,43.0,261.0
2025-07-12 15:00:00,54.6,68.7,588.0,6.4,40.6,266.0
2025-07-12 16:00:00,53.2,67.8,633.0,6.2,38.3,260.0
2025-07-12 17:00:00,55.2,88.0,770.0,12.8,39.8,229.0
2025-07-12 18:00:00,57.5,87.1,1096.0,19.4,37.4,194.0
2025-07-12 19:00:00,64.7,89.9,1514.0,29.0,34.3,144.0
2025-07-12 20:00:00,69.4,91.0,1797.0,40.3,33.5,102.0
2025-07-12 21:00:00,78.7,100.6,1832.0,53.6,37.4,75.0
2025-07-12 22:00:00,94.1,118.3,1732.0,68.5,43.5,55.0
2025-07-12 23:00:00,111.5,136.9,1609.0,82.4,47.4,38.0
2025-07-13 00:00:00,135.0,161.1,1472.0,96.1,46.9,22.0
2025-07-13 01:00:00,156.9,182.1,1313.0,108.8,44.2,8.0
2025-07-13 02:00:00,164.8,189.5,1216.0,115.3,41.4,0.0
2025-07-13 03:00:00,173.2,198.4,1244.0,113.3,39.1,0.0
2025-07-13 04:00:00,177.9,204.4,1336.0,105.2,36.8,0.0
2025-07-13 05:00:00,138.8,153.2,1386.0,78.6,34.4,10.0
2025-07-13 06:00:00,109.2,119.0,1360.0,65.7,31.3,29.0
2025-07-13 07:00:00,69.8,75.4,1294.0,48.0,27.2,56.0
2025-07-13 08:00:00,52.7,55.6,1191.0,34.9,24.8,77.0
2025-07-13 09:00:00,44.4,45.9,1028.0,31.9,25.8,84.0
2025-07-13 10:00:00,39.6,40.0,828.0,33.6,28.5,86.0
2025-07-13 11:00:00,38.4,38.8,663.0,33.4,30.4,95.0
2025-07-13 12:00:00,36.3,36.7,547.0,27.7,30.7,121.0
2025-07-13 13:00:00,36.2,36.8,466.0,20.2,30.1,153.0
2025-07-13 14:00:00,36.3,37.0,452.0,15.5,28.7,172.0
2025-07-13 15:00:00,36.3,37.1,520.0,15.1,25.5,168.0
2025-07-13 16:00:00,36.3,37.1,654.0,17.5,21.5,150.0
2025-07-13 17:00:00,27.2,27.2,839.0,25.4,20.5,131.0
2025-07-13 18:00:00,29.0,29.2,1126.0,30.2,20.2,108.0
2025-07-13 19:00:00,32.6,32.7,1463.0,36.8,19.7,75.0
2025-07-13 20:00:00,35.5,35.6,1685.0,40.9,19.4,52.0
2025-07-13 21:00:00,33.1,33.2,1720.0,40.6,19.7,46.0
2025-07-13 22:00:00,32.9,33.1,1640.0,37.9,20.1,49.0
2025-07-13 23:00:00,33.1,33.3,1487.0,34.4,19.9,53.0
2025-07-14 00:00:00,32.8,33.2,1228.0,30.0,18.3,56.0
2025-07-14 01:00:00,29.8,30.2,897.0,24.8,16.1,60.0
2025-07-14 02:00:00,24.1,24.3,643.0,20.6,14.2,64.0
2025-07-14 03:00:00,18.8,19.0,533.0,17.9,12.9,67.0
2025-07-14 04:00:00,19.3,19.6,500.0,16.2,11.9,71.0
2025-07-14 05:00:00,16.8,17.1,496.0,11.7,9.7,86.0
2025-07-14 06:00:00,21.5,21.8,525.0,14.2,10.7,83.0
2025-07-14 07:00:00,27.1,27.5,581.0,17.4,12.1,80.0
2025-07-14 08:00:00,32.2,32.7,603.0,18.7,13.4,84.0
2025-07-14 09:00:00,34.8,35.2,548.0,16.1,14.5,102.0
2025-07-14 10:00:00,33.1,33.4,457.0,11.6,15.4,127.0
2025-07-14 11:00:00,30.7,31.2,395.0,8.0,15.6,146.0
2025-07-14 12:00:00,30.4,33.8,384.0,6.0,14.5,155.0
2025-07-14 13:00:00,36.1,71.0,401.0,5.0,12.8,158.0
2025-07-14 14:00:00,33.8,50.3,439.0,6.1,11.7,156.0
2025-07-14 15:00:00,34.6,39.7,518.0,10.7,11.8,146.0
2025-07-14 16:00:00,36.2,37.4,619.0,17.4,12.6,131.0
2025-07-14 17:00:00,33.3,51.7,675.0,12.8,13.4,136.0
2025-07-14 18:00:00,32.2,43.2,646.0,16.4,14.0,122.0
2025-07-14 19:00:00,31.4,35.9,572.0,21.4,14.9,103.0
2025-07-14 20:00:00,32.0,34.3,509.0,24.5,15.6,88.0
2025-07-14 21:00:00,32.8,36.0,482.0,24.2,16.0,84.0
2025-07-14 22:00:00,33.9,37.4,466.0,22.0,16.2,84.0
2025-07-14 23:00:00,33.6,36.4,442.0,20.1,16.2,84.0
2025-07-15 00:00:00,32.0,34.3,393.0,18.9,15.9,81.0
2025-07-15 01:00:00,30.4,32.6,336.0,18.0,15.4,77.0
2025-07-15 02:00:00,28.9,31.2,299.0,17.5,15.1,73.0
2025-07-15 03:00:00,28.4,30.7,292.0,17.9,15.3,68.0
2025-07-15 04:00:00,28.9,31.1,305.0,18.7,15.7,62.0
2025-07-15 05:00:00,20.7,21.1,335.0,14.8,12.5,66.0
2025-07-15 06:00:00,19.7,20.8,403.0,15.6,13.5,66.0
2025-07-15 07:00:00,19.4,21.0,489.0,16.6,14.9,67.0
2025-07-15 08:00:00,20.7,23.4,531.0,16.4,15.7,73.0
2025-07-15 09:00:00,19.2,24.4,488.0,13.9,15.5,87.0
2025-07-15 10:00:00,20.5,26.8,401.0,10.3,14.9,106.0
2025-07-15 11:00:00,21.7,28.7,334.0,7.6,14.3,121.0
2025-07-15 12:00:00,25.0,30.9,307.0,6.4,13.9,129.0
2025-07-15 13:00:00,31.2,117.6,300.0,6.1,13.6,133.0
2025-07-15 14:00:00,42.8,231.0,314.0,6.8,13.6,134.0
2025-07-15 15:00:00,51.8,308.3,353.0,7.8,14.1,134.0
2025-07-15 16:00:00,46.7,209.5,415.0,9.8,15.0,132.0
2025-07-15 17:00:00,30.9,34.2,491.0,17.6,19.4,111.0
2025-07-15 18:00:00,32.8,37.8,605.0,25.1,21.3,96.0
2025-07-15 19:00:00,37.0,42.6,733.0,35.4,23.8,76.0
2025-07-15 20:00:00,40.6,46.6,805.0,42.6,25.3,60.0
2025-07-15 21:00:00,41.8,48.2,776.0,44.0,25.1,52.0
2025-07-15 22:00:00,42.5,49.2,690.0,42.4,23.9,49.0
2025-07-15 23:00:00,43.4,50.4,606.0,39.7,22.3,47.0
2025-07-16 00:00:00,43.1,50.2,540.0,36.1,20.3,47.0
2025-07-16 01:00:00,43.2,50.4,476.0,31.4,17.9,49.0
2025-07-16 02:00:00,42.0,49.4,427.0,27.8,16.2,50.0
2025-07-16 03:00:00,42.0,49.1,389.0,26.2,15.7,49.0
2025-07-16 04:00:00,42.7,50.2,366.0,25.5,15.9,47.0
2025-07-16 05:00:00,31.2,38.0,378.0,18.1,12.5,66.0
2025-07-16 06:00:00,30.9,38.2,466.0,20.2,13.8,65.0
2025-07-16 07:00:00,27.5,35.3,589.0,22.8,15.6,64.0
2025-07-16 08:00:00,31.1,43.1,650.0,23.6,17.8,73.0
2025-07-16 09:00:00,35.2,50.8,583.0,20.7,20.7,98.0
2025-07-16 10:00:00,40.4,62.4,454.0,15.9,24.0,132.0
2025-07-16 11:00:00,48.5,102.9,365.0,11.8,26.0,161.0
2025-07-16 12:00:00,51.1,95.5,361.0,8.6,25.9,183.0
2025-07-16 13:00:00,51.9,93.6,397.0,6.1,24.5,201.0
2025-07-16 14:00:00,54.1,115.0,444.0,6.4,23.4,208.0
2025-07-16 15:00:00,54.7,109.4,490.0,11.2,22.9,199.0
2025-07-16 16:00:00,58.3,118.7,548.0,18.8,22.5,178.0
2025-07-16 17:00:00,59.4,140.6,622.0,17.6,29.0,156.0
2025-07-16 18:00:00,63.3,129.5,745.0,32.2,29.9,128.0
2025-07-16 19:00:00,71.9,129.5,884.0,51.9,30.9,89.0
2025-07-16 20:00:00,73.1,118.5,954.0,63.9,30.8,60.0
2025-07-16 21:00:00,62.2,95.5,902.0,60.7,28.5,52.0
2025-07-16 22:00:00,55.5,89.9,780.0,49.8,25.0,54.0
2025-07-16 23:00:00,53.8,72.4,657.0,40.5,21.9,56.0
2025-07-17 00:00:00,52.6,67.1,543.0,36.4,19.8,54.0
2025-07-17 01:00:00,52.3,66.1,427.0,34.0,18.2,52.0
2025-07-17 02:00:00,52.0,63.6,347.0,31.7,16.8,51.0
2025-07-17 03:00:00,49.9,61.2,314.0,28.4,15.6,51.0
2025-07-17 04:00:00,46.0,51.9,316.0,25.3,14.6,52.0
2025-07-17 05:00:00,47.4,53.9,353.0,28.0,14.7,46.0
2025-07-17 06:00:00,36.4,54.2,453.0,28.0,16.5,48.0
2025-07-17 07:00:00,32.0,44.7,588.0,27.7,19.0,53.0
2025-07-17 08:00:00,31.0,40.7,668.0,26.4,21.3,62.0
2025-07-17 09:00:00,29.4,36.6,643.0,23.1,23.2,80.0
2025-07-17 10:00:00,29.6,39.7,563.0,18.7,24.8,103.0
2025-07-17 11:00:00,33.3,82.2,496.0,14.7,25.4,124.0
2025-07-17 12:00:00,35.7,91.5,460.0,11.2,23.9,143.0
2025-07-17 13:00:00,36.8,96.6,437.0,8.2,21.3,161.0
2025-07-17 14:00:00,37.1,101.7,433.0,7.2,19.8,172.0
2025-07-17 15:00:00,36.8,91.3,421.0,7.3,20.4,175.0
2025-07-17 16:00:00,35.4,73.1,428.0,9.3,22.1,171.0
2025-07-17 17:00:00,48.4,53.6,546.0,20.3,34.8,177.0
2025-07-17 18:00:00,59.3,62.6,868.0,35.1,35.6,145.0
2025-07-17 19:00:00,72.9,75.4,1302.0,55.2,36.5,102.0
2025-07-17 20:00:00,77.1,79.6,1659.0,67.5,36.2,69.0
2025-07-17 21:00:00,77.8,81.5,1898.0,64.8,33.7,58.0
2025-07-17 22:00:00,79.6,84.3,2061.0,54.2,29.9,59.0
2025-07-17 23:00:00,79.9,88.0,2088.0,44.4,26.1,60.0
2025-07-18 00:00:00,77.3,89.2,1912.0,37.9,22.4,60.0
2025-07-18 01:00:00,75.4,90.3,1600.0,32.0,18.6,61.0
2025-07-18 02:00:00,74.3,92.0,1290.0,27.6,15.9,61.0
2025-07-18 03:00:00,73.3,97.3,998.0,25.5,14.9,58.0
2025-07-18 04:00:00,69.8,97.6,707.0,24.9,14.9,54.0
2025-07-18 05:00:00,39.8,40.5,511.0,18.8,16.1,63.0
2025-07-18 06:00:00,38.0,62.2,481.0,18.3,16.6,70.0
2025-07-18 07:00:00,39.7,87.1,544.0,17.4,17.2,80.0
2025-07-18 08:00:00,39.0,97.1,577.0,15.7,17.4,94.0
2025-07-18 09:00:00,38.1,105.0,521.0,12.5,17.0,115.0
2025-07-18 10:00:00,38.4,110.8,435.0,8.5,16.3,140.0
2025-07-18 11:00:00,32.9,80.1,369.0,5.5,15.4,157.0
2025-07-18 12:00:00,29.3,36.6,336.0,4.1,14.2,162.0
2025-07-18 13:00:00,27.7,28.7,322.0,3.7,12.9,159.0
2025-07-18 14:00:00,26.8,27.8,338.0,4.7,11.8,153.0
2025-07-18 15:00:00,26.5,28.6,410.0,8.1,11.1,144.0
2025-07-18 16:00:00,28.5,30.7,512.0,12.9,10.7,131.0
2025-07-18 17:00:00,30.7,39.7,577.0,10.5,13.5,121.0
2025-07-18 18:00:00,30.3,34.5,569.0,14.1,14.5,110.0
2025-07-18 19:00:00,31.0,34.1,524.0,19.0,15.8,95.0
2025-07-18 20:00:00,31.7,34.2,480.0,22.4,16.9,83.0
2025-07-18 21:00:00,30.3,32.8,449.0,23.1,17.4,77.0
2025-07-18 22:00:00,29.3,31.7,419.0,22.4,17.5,73.0
2025-07-18 23:00:00,27.8,29.9,387.0,21.3,17.5,71.0
2025-07-19 00:00:00,25.9,27.9,348.0,20.0,17.2,69.0
2025-07-19 01:00:00,24.3,26.6,307.0,18.4,16.6,68.0
2025-07-19 02:00:00,23.3,26.4,281.0,17.3,16.4,67.0
2025-07-19 03:00:00,22.9,26.4,276.0,17.1,16.6,64.0
2025-07-19 04:00:00,22.5,26.0,285.0,17.5,17.0,62.0
2025-07-19 05:00:00,16.8,18.3,302.0,16.1,18.3,58.0
2025-07-19 06:00:00,15.3,16.6,333.0,16.1,19.5,57.0
2025-07-19 07:00:00,14.5,15.1,371.0,15.9,21.1,57.0
2025-07-19 08:00:00,13.0,13.2,389.0,15.1,22.1,64.0
2025-07-19 09:00:00,13.5,13.6,367.0,13.0,22.0,83.0
2025-07-19 10:00:00,15.4,15.6,326.0,10.2,21.4,110.0
2025-07-19 11:00:00,17.8,21.7,297.0,8.1,20.5,131.0
2025-07-19 12:00:00,25.9,103.8,294.0,6.7,19.3,144.0
2025-07-19 13:00:00,31.5,142.5,304.0,6.0,18.0,151.0
2025-07-19 14:00:00,38.1,186.7,323.0,6.8,17.3,154.0
2025-07-19 15:00:00,43.3,237.5,329.0,8.9,17.7,153.0
2025-07-19 16:00:00,48.9,297.1,345.0,12.5,18.9,146.0
2025-07-19 17:00:00,61.9,324.1,432.0,20.0,20.3,131.0
2025-07-19 18:00:00,67.8,284.1,673.0,37.8,23.2,105.0
2025-07-19 19:00:00,77.3,260.8,986.0,62.1,27.0,68.0
2025-07-19 20:00:00,83.6,244.9,1186.0,78.6,29.4,40.0
2025-07-19 21:00:00,83.8,240.3,1183.0,80.1,29.0,28.0
2025-07-19 22:00:00,81.5,237.5,1066.0,73.9,27.2,25.0
2025-07-19 23:00:00,78.5,221.7,922.0,67.4,25.1,23.0
2025-07-20 00:00:00,74.5,195.6,752.0,62.9,22.8,22.0
2025-07-20 01:00:00,71.2,170.4,555.0,58.1,20.3,22.0
2025-07-20 02:00:00,68.9,158.3,411.0,53.8,18.5,22.0
2025-07-20 03:00:00,67.5,161.1,360.0,50.9,18.0,19.0
2025-07-20 04:00:00,65.4,170.0,361.0,48.6,18.2,15.0
2025-07-20 05:00:00,65.2,188.1,377.0,50.4,20.3,15.0
2025-07-20 06:00:00,60.1,169.5,407.0,42.0,19.9,28.0
2025-07-20 07:00:00,52.6,160.7,452.0,30.3,19.5,47.0
2025-07-20 08:00:00,40.0,141.6,471.0,20.6,19.7,69.0
2025-07-20 09:00:00,39.3,166.7,440.0,14.8,21.5,98.0
2025-07-20 10:00:00,41.7,191.9,385.0,10.9,24.1,130.0
2025-07-20 11:00:00,45.1,224.0,338.0,8.2,25.3,155.0
2025-07-20 12:00:00,48.0,254.3,311.0,6.0,23.8,168.0
2025-07-20 13:00:00,51.1,286.8,292.0,4.8,21.1,174.0
2025-07-20 14:00:00,54.9,315.7,287.0,6.0,19.4,174.0
2025-07-20 15:00:00,57.6,344.6,285.0,8.4,19.6,169.0
2025-07-20 16:00:00,61.7,353.0,296.0,13.1,21.0,158.0
2025-07-20 17:00:00,58.7,268.2,353.0,23.9,26.3,147.0
2025-07-20 18:00:00,70.3,248.7,509.0,43.6,29.6,116.0
2025-07-20 19:00:00,85.0,268.2,712.0,70.5,34.1,73.0
2025-07-20 20:00:00,93.1,282.2,834.0,88.6,36.9,39.0
2025-07-20 21:00:00,93.1,298.0,803.0,89.9,36.6,23.0
2025-07-20 22:00:00,91.0,302.7,693.0,82.5,34.5,16.0
2025-07-20 23:00:00,86.6,281.3,591.0,74.8,32.1,12.0
2025-07-21 00:00:00,78.9,244.9,523.0,69.0,29.3,10.0
2025-07-21 01:00:00,71.2,201.6,464.0,63.1,26.0,11.0
2025-07-21 02:00:00,65.0,158.8,433.0,58.8,23.6,11.0
2025-07-21 03:00:00,61.2,130.4,440.0,58.0,22.4,6.0
2025-07-21 04:00:00,59.3,112.2,474.0,58.9,22.0,1.0
2025-07-21 05:00:00,61.9,175.6,522.0,38.5,17.1,24.0
2025-07-21 06:00:00,60.1,149.0,601.0,38.2,18.3,33.0
2025-07-21 07:00:00,61.5,138.3,693.0,37.6,20.1,47.0
2025-07-21 08:00:00,57.6,127.6,731.0,35.3,22.8,65.0
2025-07-21 09:00:00,46.9,92.9,663.0,29.3,27.0,92.0
2025-07-21 10:00:00,45.4,81.3,540.0,21.7,32.1,123.0
2025-07-21 11:00:00,43.7,72.9,448.0,17.1,36.1,143.0
2025-07-21 12:00:00,43.1,68.9,420.0,17.8,38.5,142.0
2025-07-21 13:00:00,44.8,71.0,422.0,21.5,39.9,130.0
2025-07-21 14:00:00,47.3,78.2,438.0,26.7,40.3,118.0
2025-07-21 15:00:00,50.3,71.0,466.0,32.8,39.1,113.0
2025-07-21 16:00:00,58.7,73.1,509.0,40.4,36.9,108.0
2025-07-21 17:00:00,62.4,78.2,557.0,34.2,45.1,142.0
2025-07-21 18:00:00,75.4,89.6,598.0,49.4,44.9,115.0
2025-07-21 19:00:00,95.5,107.3,645.0,70.5,44.8,78.0
2025-07-21 20:00:00,100.1,111.1,720.0,87.7,45.6,48.0
2025-07-21 21:00:00,108.5,119.7,855.0,96.9,48.7,31.0
2025-07-21 22:00:00,123.4,135.5,1018.0,102.2,52.7,21.0
2025-07-21 23:00:00,135.5,147.6,1145.0,105.7,54.9,13.0
2025-07-22 00:00:00,135.5,147.1,1219.0,107.7,53.6,7.0
2025-07-22 01:00:00,138.3,150.9,1257.0,108.0,50.5,4.0
2025-07-22 02:00:00,146.2,159.7,1239.0,107.7,47.6,2.0
2025-07-22 03:00:00,152.3,165.8,1114.0,108.7,45.4,0.0
2025-07-22 04:00:00,151.3,165.3,934.0,109.2,43.4,0.0
2025-07-22 05:00:00,106.9,120.6,831.0,64.9,35.1,14.0
2025-07-22 06:00:00,98.0,111.3,901.0,57.3,36.2,29.0
2025-07-22 07:00:00,83.6,95.5,1049.0,46.5,37.7,51.0
2025-07-22 08:00:00,74.3,85.4,1121.0,36.5,38.4,74.0
2025-07-22 09:00:00,57.7,65.7,1040.0,28.3,38.1,100.0
2025-07-22 10:00:00,43.0,48.1,884.0,20.8,37.1,127.0
2025-07-22 11:00:00,36.9,40.5,735.0,14.8,34.9,150.0
2025-07-22 12:00:00,34.8,37.8,608.0,10.4,30.5,168.0
2025-07-22 13:00:00,33.9,36.6,488.0,7.6,25.1,181.0
2025-07-22 14:00:00,34.1,44.0,410.0,6.3,21.4,189.0
2025-07-22 15:00:00,34.0,39.7,368.0,5.8,21.0,192.0
2025-07-22 16:00:00,34.5,38.8,368.0,7.0,22.3,189.0
2025-07-22 17:00:00,53.1,56.8,462.0,15.4,27.4,149.0
2025-07-22 18:00:00,52.0,56.9,752.0,35.0,31.4,118.0
2025-07-22 19:00:00,66.1,69.4,1136.0,61.9,36.9,75.0
2025-07-22 20:00:00,84.1,87.1,1362.0,80.6,40.4,42.0
2025-07-22 21:00:00,99.4,102.4,1295.0,83.7,40.7,31.0
2025-07-22 22:00:00,95.5,98.3,1069.0,78.6,39.1,31.0
2025-07-22 23:00:00,86.1,89.6,837.0,72.0,36.3,31.0
2025-07-23 00:00:00,79.9,84.8,624.0,64.9,31.6,29.0
2025-07-23 01:00:00,76.1,82.9,404.0,56.4,25.8,27.0
2025-07-23 02:00:00,76.8,84.8,255.0,50.5,21.7,25.0
2025-07-23 03:00:00,77.3,85.4,221.0,49.7,20.7,21.0
2025-07-23 04:00:00,78.7,86.8,258.0,51.4,21.3,16.0
2025-07-23 05:00:00,57.6,78.0,304.0,41.3,15.7,23.0
2025-07-23 06:00:00,59.8,75.9,352.0,36.9,15.8,30.0
2025-07-23 07:00:00,48.8,71.5,410.0,30.8,16.1,41.0
2025-07-23 08:00:00,42.0,71.5,443.0,25.1,17.1,58.0
2025-07-23 09:00:00,40.9,76.4,431.0,20.7,19.7,86.0
2025-07-23 10:00:00,45.1,88.5,395.0,16.7,23.1,120.0
2025-07-23 11:00:00,45.6,121.5,357.0,13.4,25.2,145.0
2025-07-23 12:00:00,48.3,151.8,319.0,10.4,24.6,156.0
2025-07-23 13:00:00,49.0,163.4,280.0,8.1,22.6,158.0
2025-07-23 14:00:00,51.9,186.7,263.0,7.5,21.4,157.0
2025-07-23 15:00:00,54.4,196.5,275.0,7.7,21.6,157.0
2025-07-23 16:00:00,56.2,198.4,310.0,9.6,22.5,154.0
2025-07-23 17:00:00,85.0,453.6,365.0,14.8,18.4,127.0
2025-07-23 18:00:00,94.3,425.6,450.0,25.8,19.3,106.0
2025-07-23 19:00:00,99.0,413.5,555.0,40.7,20.4,77.0
2025-07-23 20:00:00,93.6,365.1,657.0,50.7,21.2,55.0
2025-07-23 21:00:00,87.1,354.8,767.0,50.2,21.2,47.0
2025-07-23 22:00:00,81.7,333.4,873.0,44.7,20.9,46.0
2025-07-23 23:00:00,82.2,286.8,911.0,41.7,20.6,43.0
2025-07-24 00:00:00,81.7,265.4,833.0,45.5,20.4,34.0
2025-07-24 01:00:00,85.2,266.4,687.0,51.9,20.2,23.0
2025-07-24 02:00:00,85.2,244.9,556.0,55.4,20.1,17.0
2025-07-24 03:00:00,76.4,216.1,449.0,53.3,19.7,17.0
2025-07-24 04:00:00,67.5,190.0,357.0,48.4,19.5,22.0
2025-07-24 05:00:00,49.1,111.1,333.0,23.6,10.6,37.0
2025-07-24 06:00:00,53.2,105.7,448.0,22.9,11.4,42.0
2025-07-24 07:00:00,54.4,114.1,632.0,21.8,12.6,49.0
2025-07-24 08:00:00,52.0,146.2,724.0,20.0,14.3,64.0
2025-07-24 09:00:00,51.7,158.8,627.0,16.7,17.0,93.0
2025-07-24 10:00:00,53.9,163.4,438.0,12.7,20.2,129.0
2025-07-24 11:00:00,51.3,155.1,295.0,9.5,22.5,158.0
2025-07-24 12:00:00,51.7,155.1,256.0,7.5,23.0,175.0
2025-07-24 13:00:00,51.7,138.8,262.0,6.3,22.5,186.0
2025-07-24 14:00:00,52.9,146.7,277.0,6.3,22.1,190.0
2025-07-24 15:00:00,53.0,138.8,273.0,6.6,21.9,188.0
2025-07-24 16:00:00,52.7,133.6,277.0,8.2,21.7,180.0
2025-07-24 17:00:00,82.7,480.6,333.0,15.0,16.9,131.0
2025-07-24 18:00:00,92.9,489.9,504.0,31.1,19.5,105.0
2025-07-24 19:00:00,109.7,519.7,727.0,53.2,23.1,69.0
2025-07-24 20:00:00,118.3,545.8,853.0,67.8,25.2,41.0
2025-07-24 21:00:00,123.4,542.0,790.0,68.5,24.9,30.0
2025-07-24 22:00:00,121.5,529.0,629.0,61.9,23.1,27.0
2025-07-24 23:00:00,117.6,510.4,497.0,54.2,20.9,27.0
2025-07-25 00:00:00,112.0,472.2,440.0,46.4,18.0,29.0
2025-07-25 01:00:00,107.1,441.4,411.0,37.5,14.7,33.0
2025-07-25 02:00:00,104.1,411.6,394.0,31.4,12.5,35.0
2025-07-25 03:00:00,102.9,379.0,378.0,30.6,12.2,31.0
2025-07-25 04:00:00,103.4,357.6,373.0,32.7,13.0,25.0
2025-07-25 05:00:00,55.6,143.4,400.0,19.4,9.6,51.0
2025-07-25 06:00:00,54.5,116.6,500.0,21.7,11.3,56.0
2025-07-25 07:00:00,56.6,122.0,630.0,24.7,13.6,65.0
2025-07-25 08:00:00,58.8,117.1,683.0,25.1,15.8,79.0
2025-07-25 09:00:00,59.0,132.7,582.0,20.5,17.8,104.0
2025-07-25 10:00:00,54.7,127.1,403.0,13.4,19.6,134.0
2025-07-25 11:00:00,50.2,115.0,271.0,7.9,20.5,156.0
2025-07-25 12:00:00,51.7,136.0,240.0,5.6,19.7,165.0
2025-07-25 13:00:00,51.5,139.7,255.0,5.0,18.0,167.0
2025-07-25 14:00:00,54.2,199.8,276.0,5.7,16.7,164.0
2025-07-25 15:00:00,58.3,255.2,278.0,6.8,16.2,159.0
2025-07-25 16:00:00,66.8,340.9,286.0,9.1,16.2,149.0
2025-07-25 17:00:00,86.4,620.3,333.0,17.3,14.4,114.0
2025-07-25 18:00:00,98.0,629.6,424.0,33.9,17.3,90.0
2025-07-25 19:00:00,116.2,687.3,555.0,56.9,21.6,56.0
2025-07-25 20:00:00,134.1,750.6,741.0,75.8,26.4,29.0
2025-07-25 21:00:00,151.3,827.0,1043.0,87.2,32.9,15.0
2025-07-25 22:00:00,171.4,890.3,1400.0,94.4,40.0,6.0
2025-07-25 23:00:00,186.3,927.6,1649.0,96.8,43.3,2.0
2025-07-26 00:00:00,188.6,916.4,1726.0,92.7,39.8,1.0
2025-07-26 01:00:00,177.9,810.3,1694.0,83.8,32.5,3.0
2025-07-26 02:00:00,148.5,603.5,1583.0,74.4,26.6,7.0
2025-07-26 03:00:00,122.0,444.2,1344.0,65.3,23.8,11.0
2025-07-26 04:00:00,98.7,291.5,1026.0,55.8,22.4,17.0
2025-07-26 05:00:00,51.5,67.8,802.0,37.6,22.0,40.0
2025-07-26 06:00:00,44.8,62.4,772.0,37.3,24.7,46.0
2025-07-26 07:00:00,39.9,50.9,836.0,36.7,28.5,55.0
2025-07-26 08:00:00,35.9,43.2,865.0,34.6,32.5,72.0
2025-07-26 09:00:00,33.5,41.8,796.0,30.0,37.2,103.0
2025-07-26 10:00:00,33.1,42.3,692.0,23.8,42.0,142.0
2025-07-26 11:00:00,36.4,46.6,615.0,18.4,44.4,177.0
2025-07-26 12:00:00,39.7,51.1,587.0,13.9,42.3,205.0
2025-07-26 13:00:00,42.3,53.3,585.0,10.1,37.8,228.0
2025-07-26 14:00:00,43.4,52.7,601.0,8.2,34.2,243.0
2025-07-26 15:00:00,44.1,52.6,641.0,5.7,32.1,250.0
2025-07-26 16:00:00,43.2,49.8,700.0,5.1,31.0,249.0
2025-07-26 17:00:00,52.0,55.9,750.0,15.6,37.4,247.0
2025-07-26 18:00:00,61.5,65.2,785.0,37.6,42.2,203.0
2025-07-26 19:00:00,79.6,83.4,811.0,67.9,48.7,143.0
2025-07-26 20:00:00,92.2,96.4,821.0,90.5,53.0,92.0
2025-07-26 21:00:00,99.4,104.8,809.0,98.2,53.6,62.0
2025-07-26 22:00:00,106.4,113.4,781.0,98.1,52.1,43.0
2025-07-26 23:00:00,105.2,113.6,752.0,96.0,49.3,28.0
2025-07-27 00:00:00,102.4,112.0,722.0,92.9,44.9,18.0
2025-07-27 01:00:00,101.3,111.1,691.0,87.8,39.2,13.0
2025-07-27 02:00:00,97.3,107.1,673.0,82.8,34.3,10.0
2025-07-27 03:00:00,95.5,104.8,683.0,79.6,31.1,4.0
2025-07-27 04:00:00,94.5,102.7,706.0,76.6,28.8,0.0
2025-07-27 05:00:00,83.6,97.8,718.0,64.0,27.8,14.0
2025-07-27 06:00:00,73.3,81.7,712.0,53.3,25.8,32.0
2025-07-27 07:00:00,57.5,63.6,695.0,38.4,23.1,59.0
2025-07-27 08:00:00,38.5,41.8,654.0,25.9,21.7,90.0
2025-07-27 09:00:00,33.4,35.4,569.0,18.2,22.7,127.0
2025-07-27 10:00:00,34.7,52.7,460.0,12.8,24.9,169.0
2025-07-27 11:00:00,38.9,77.5,381.0,9.1,26.9,204.0
2025-07-27 12:00:00,42.3,92.2,357.0,7.0,28.2,229.0
2025-07-27 13:00:00,45.2,93.8,362.0,6.6,29.2,248.0
2025-07-27 14:00:00,48.2,102.2,376.0,7.2,29.8,257.0
2025-07-27 15:00:00,48.2,94.5,398.0,7.1,29.7,258.0
2025-07-27 16:00:00,47.6,88.2,429.0,8.0,29.2,251.0
2025-07-27 17:00:00,43.7,103.8,448.0,14.5,21.8,169.0
2025-07-27 18:00:00,49.7,107.8,434.0,28.1,24.1,139.0
2025-07-27 19:00:00,58.9,95.0,408.0,46.7,27.2,97.0
2025-07-27 20:00:00,64.5,95.2,420.0,59.4,29.3,65.0
2025-07-27 21:00:00,64.5,97.6,514.0,60.6,29.4,52.0
2025-07-27 22:00:00,63.3,91.3,646.0,55.8,28.3,49.0
2025-07-27 23:00:00,60.5,79.6,727.0,51.1,27.1,47.0
2025-07-28 00:00:00,59.4,84.1,708.0,47.9,25.6,44.0
2025-07-28 01:00:00,58.4,72.9,640.0,44.8,23.9,43.0
2025-07-28 02:00:00,59.0,67.1,585.0,43.3,23.0,40.0
2025-07-28 03:00:00,61.7,68.0,570.0,45.1,23.2,32.0
2025-07-28 04:00:00,65.9,72.4,569.0,48.5,24.2,22.0
2025-07-28 05:00:00,57.0,69.2,565.0,36.8,21.8,37.0
2025-07-28 06:00:00,57.2,70.3,555.0,35.0,25.4,47.0
2025-07-28 07:00:00,55.3,70.8,542.0,32.3,30.5,63.0
2025-07-28 08:00:00,49.0,64.7,526.0,28.7,35.2,87.0
2025-07-28 09:00:00,47.3,66.8,498.0,23.6,39.1,124.0
2025-07-28 10:00:00,48.0,60.8,466.0,17.7,42.6,170.0
2025-07-28 11:00:00,52.7,64.5,450.0,13.0,44.7,209.0
2025-07-28 12:00:00,58.9,70.5,462.0,9.8,44.7,238.0
2025-07-28 13:00:00,60.5,71.5,490.0,7.8,43.4,261.0
2025-07-28 14:00:00,62.9,73.1,515.0,7.9,41.9,274.0
2025-07-28 15:00:00,66.1,75.7,524.0,11.2,40.6,275.0
2025-07-28 16:00:00,68.7,76.4,530.0,16.7,39.1,266.0
2025-07-28 17:00:00,80.3,85.2,550.0,18.5,38.1,218.0
2025-07-28 18:00:00,79.2,82.7,608.0,31.2,40.7,184.0
2025-07-28 19:00:00,84.8,87.1,680.0,48.4,44.1,136.0
2025-07-28 20:00:00,90.6,92.7,708.0,60.1,45.3,98.0
2025-07-28 21:00:00,92.9,95.0,648.0,60.9,42.4,80.0
2025-07-28 22:00:00,91.0,94.3,544.0,56.0,37.3,71.0
2025-07-28 23:00:00,87.3,90.8,465.0,51.0,32.9,64.0
2025-07-29 00:00:00,81.7,84.1,442.0,47.6,30.2,56.0
2025-07-29 01:00:00,79.4,81.3,444.0,44.1,28.2,50.0
2025-07-29 02:00:00,78.2,79.9,446.0,41.0,26.7,47.0
2025-07-29 03:00:00,72.2,73.8,431.0,38.3,25.5,46.0
2025-07-29 04:00:00,64.5,65.7,414.0,36.0,24.8,48.0
2025-07-29 05:00:00,88.7,90.1,421.0,48.4,30.8,32.0
2025-07-29 06:00:00,79.2,81.5,476.0,46.3,31.6,40.0
2025-07-29 07:00:00,71.2,73.6,553.0,43.2,32.9,52.0
2025-07-29 08:00:00,62.9,66.6,601.0,39.7,34.0,67.0
2025-07-29 09:00:00,54.0,58.7,586.0,35.7,35.5,85.0
2025-07-29 10:00:00,43.9,48.2,543.0,31.2,37.0,106.0
2025-07-29 11:00:00,33.6,37.0,519.0,27.1,36.7,123.0
2025-07-29 12:00:00,31.8,34.8,537.0,23.0,33.0,134.0
2025-07-29 13:00:00,31.9,34.9,575.0,19.4,27.5,142.0
2025-07-29 14:00:00,32.1,35.6,615.0,18.2,23.2,143.0
2025-07-29 15:00:00,32.6,35.9,642.0,21.1,21.3,136.0
2025-07-29 16:00:00,32.6,35.6,670.0,26.4,20.5,122.0
2025-07-29 17:00:00,36.8,82.9,730.0,16.1,23.7,160.0
2025-07-29 18:00:00,38.9,80.1,860.0,22.7,24.5,138.0
2025-07-29 19:00:00,42.6,61.9,1022.0,31.7,25.6,107.0
2025-07-29 20:00:00,41.0,50.4,1126.0,37.6,26.0,82.0
2025-07-29 21:00:00,38.0,41.3,1141.0,37.4,25.4,70.0
2025-07-29 22:00:00,35.2,36.2,1098.0,34.1,24.1,64.0
2025-07-29 23:00:00,33.3,33.6,1009.0,30.6,22.5,61.0
2025-07-30 00:00:00,30.6,30.9,841.0,27.5,20.3,60.0
2025-07-30 01:00:00,29.8,29.9,626.0,24.2,17.9,61.0
2025-07-30 02:00:00,30.5,30.6,470.0,21.9,16.3,61.0
2025-07-30 03:00:00,32.4,32.4,416.0,21.3,16.1,57.0
2025-07-30 04:00:00,35.0,35.0,421.0,21.8,16.8,52.0
2025-07-30 05:00:00,37.5,37.6,456.0,22.3,17.9,51.0
2025-07-30 06:00:00,40.0,40.2,542.0,23.2,19.7,55.0
2025-07-30 07:00:00,40.9,41.0,659.0,24.1,21.8,64.0
2025-07-30 08:00:00,43.8,44.0,716.0,23.2,23.0,79.0
2025-07-30 09:00:00,41.9,42.1,652.0,18.7,22.4,107.0
2025-07-30 10:00:00,39.9,40.2,529.0,12.3,20.9,141.0
2025-07-30 11:00:00,36.1,36.2,445.0,7.8,19.3,164.0
2025-07-30 12:00:00,32.6,32.7,446.0,6.5,17.6,165.0
2025-07-30 13:00:00,33.1,33.2,486.0,7.0,15.8,154.0
2025-07-30 14:00:00,38.0,38.2,531.0,8.7,14.9,144.0
2025-07-30 15:00:00,29.9,30.0,557.0,10.6,15.4,140.0
2025-07-30 16:00:00,33.5,33.6,588.0,13.5,16.8,137.0
2025-07-30 17:00:00,49.2,50.9,658.0,25.5,18.4,113.0
2025-07-30 18:00:00,55.1,57.3,828.0,46.5,23.8,88.0
2025-07-30 19:00:00,70.8,73.1,1037.0,74.7,31.1,53.0
2025-07-30 20:00:00,85.0,87.5,1135.0,90.0,35.1,31.0
2025-07-30 21:00:00,77.5,79.4,1025.0,80.1,32.8,33.0
2025-07-30 22:00:00,65.0,66.1,805.0,57.2,27.2,48.0
2025-07-30 23:00:00,53.7,54.1,617.0,38.4,22.2,61.0
2025-07-31 00:00:00,45.5,45.8,510.0,30.1,19.0,67.0
2025-07-31 01:00:00,40.2,40.3,436.0,25.9,16.3,71.0
2025-07-31 02:00:00,38.2,38.3,391.0,22.8,14.4,74.0
2025-07-31 03:00:00,31.7,31.8,376.0,19.8,13.3,76.0
2025-07-31 04:00:00,24.6,24.6,390.0,17.9,12.9,76.0
2025-07-31 05:00:00,38.8,38.8,428.0,20.0,17.5,73.0
2025-07-31 06:00:00,37.3,37.3,514.0,22.0,19.2,72.0
2025-07-31 07:00:00,30.9,31.0,624.0,24.5,21.6,72.0
2025-07-31 08:00:00,26.1,26.2,680.0,25.4,22.9,75.0
2025-07-31 09:00:00,24.2,24.2,629.0,22.9,22.1,83.0
2025-07-31 10:00:00,26.3,26.4,524.0,18.6,20.3,94.0
2025-07-31 11:00:00,28.5,28.6,447.0,15.3,18.9,105.0
2025-07-31 12:00:00,38.4,38.6,431.0,13.7,18.3,116.0
2025-07-31 13:00:00,37.0,37.1,444.0,13.0,18.0,128.0
2025-07-31 14:00:00,41.8,41.9,472.0,13.6,18.2,135.0
2025-07-31 15:00:00,45.5,45.6,502.0,15.1,18.9,139.0
2025-07-31 16:00:00,47.3,47.4,548.0,17.8,19.9,139.0
2025-07-31 17:00:00,47.4,54.0,632.0,30.2,29.7,112.0
2025-07-31 18:00:00,56.5,61.9,815.0,36.3,29.1,96.0
2025-07-31 19:00:00,60.3,63.3,1037.0,44.6,28.3,75.0
2025-07-31 20:00:00,61.7,63.1,1142.0,49.3,27.3,59.0
2025-07-31 21:00:00,62.6,63.3,1018.0,47.0,26.0,55.0
2025-07-31 22:00:00,63.1,64.0,776.0,41.2,24.6,58.0
2025-07-31 23:00:00,58.2,60.1,595.0,36.3,23.1,59.0
2025-08-01 00:00:00,53.6,56.3,552.0,34.3,21.6,57.0
2025-08-01 01:00:00,55.6,58.6,568.0,33.3,20.0,54.0
2025-08-01 02:00:00,58.2,61.2,590.0,32.1,18.7,51.0
2025-08-01 03:00:00,58.1,60.8,602.0,30.2,17.5,48.0
2025-08-01 04:00:00,58.0,60.3,618.0,28.3,16.5,44.0
2025-08-01 05:00:00,72.9,75.0,630.0,66.3,33.0,8.0
2025-08-01 06:00:00,72.6,75.7,641.0,57.6,31.9,23.0
2025-08-01 07:00:00,49.9,60.8,648.0,45.2,30.4,44.0
2025-08-01 08:00:00,48.2,63.3,629.0,33.8,28.9,68.0
2025-08-01 09:00:00,44.1,64.5,560.0,24.3,27.7,98.0
2025-08-01 10:00:00,36.1,61.7,464.0,15.8,26.6,131.0
2025-08-01 11:00:00,33.3,56.9,394.0,9.8,25.1,154.0
2025-08-01 12:00:00,34.0,56.8,362.0,7.0,22.9,162.0
2025-08-01 13:00:00,34.8,58.3,355.0,6.6,20.3,161.0
2025-08-01 14:00:00,37.6,71.5,386.0,8.0,18.5,154.0
2025-08-01 15:00:00,47.3,87.1,449.0,9.8,17.6,143.0
2025-08-01 16:00:00,38.0,61.2,549.0,13.4,17.4,128.0
2025-08-01 17:00:00,43.1,140.2,720.0,14.9,16.6,105.0
2025-08-01 18:00:00,39.7,91.7,1063.0,28.3,19.0,81.0
2025-08-01 19:00:00,46.4,84.1,1475.0,47.1,22.4,49.0
2025-08-01 20:00:00,56.5,89.4,1683.0,62.3,26.0,23.0
2025-08-01 21:00:00,69.4,99.2,1507.0,71.1,30.3,10.0
2025-08-01 22:00:00,78.2,103.8,1125.0,76.4,34.8,5.0
2025-08-01 23:00:00,76.8,96.9,802.0,78.4,36.8,2.0
2025-08-02 00:00:00,66.6,80.1,635.0,75.8,34.4,2.0
2025-08-02 01:00:00,59.6,68.2,526.0,69.9,29.6,6.0
2025-08-02 02:00:00,54.8,60.5,442.0,64.7,25.7,8.0
2025-08-02 03:00:00,51.6,56.0,364.0,62.9,24.0,6.0
2025-08-02 04:00:00,49.8,54.4,310.0,61.9,23.0,3.0
2025-08-02 05:00:00,34.6,42.8,308.0,25.5,13.3,33.0
2025-08-02 06:00:00,34.9,50.9,405.0,23.1,14.0,41.0
2025-08-02 07:00:00,37.5,61.2,553.0,19.6,14.9,53.0
2025-08-02 08:00:00,38.5,91.3,632.0,16.0,15.5,68.0
2025-08-02 09:00:00,39.2,112.5,567.0,12.2,15.3,88.0
2025-08-02 10:00:00,39.2,116.6,432.0,8.3,14.7,111.0
2025-08-02 11:00:00,37.7,119.0,332.0,5.6,14.2,128.0
2025-08-02 12:00:00,44.0,158.3,304.0,4.4,14.0,136.0
2025-08-02 13:00:00,48.1,164.4,311.0,4.4,13.9,137.0
2025-08-02 14:00:00,48.7,174.2,340.0,5.7,14.1,135.0
2025-08-02 15:00:00,48.1,165.3,381.0,7.2,14.3,130.0
2025-08-02 16:00:00,53.2,163.4,445.0,10.0,14.7,121.0
2025-08-02 17:00:00,45.2,142.0,548.0,15.1,12.2,97.0
2025-08-02 18:00:00,45.5,114.8,750.0,25.4,14.1,78.0
2025-08-02 19:00:00,50.5,96.2,992.0,39.8,16.9,53.0
2025-08-02 20:00:00,59.8,106.6,1117.0,51.1,19.5,32.0
2025-08-02 21:00:00,64.5,112.9,1026.0,56.2,21.8,22.0
2025-08-02 22:00:00,70.5,123.9,818.0,58.2,24.0,18.0
2025-08-02 23:00:00,77.1,138.8,638.0,60.1,25.3,14.0
2025-08-03 00:00:00,81.7,154.1,535.0,63.3,25.3,9.0
2025-08-03 01:00:00,86.1,167.2,459.0,66.4,24.4,5.0
2025-08-03 02:00:00,89.2,179.7,403.0,67.5,23.2,3.0
2025-08-03 03:00:00,91.3,189.1,360.0,65.9,21.5,3.0
2025-08-03 04:00:00,91.7,190.9,337.0,62.3,19.4,5.0
2025-08-03 05:00:00,39.1,72.6,350.0,17.1,9.2,48.0
2025-08-03 06:00:00,39.1,70.3,438.0,19.8,10.0,43.0
2025-08-03 07:00:00,40.6,69.6,562.0,23.4,11.1,37.0
2025-08-03 08:00:00,41.8,71.5,622.0,24.7,12.3,39.0
2025-08-03 09:00:00,44.7,103.4,552.0,21.5,13.4,57.0
2025-08-03 10:00:00,49.5,136.0,417.0,16.2,14.4,84.0
2025-08-03 11:00:00,53.1,177.0,313.0,12.2,15.6,105.0
2025-08-03 12:00:00,56.0,191.4,269.0,10.7,17.0,116.0
2025-08-03 13:00:00,59.4,214.7,256.0,10.6,18.6,121.0
2025-08-03 14:00:00,59.4,222.6,278.0,12.6,19.6,122.0
2025-08-03 15:00:00,61.0,222.6,321.0,16.7,19.5,118.0
2025-08-03 16:00:00,61.9,207.2,399.0,22.9,19.0,110.0
2025-08-03 17:00:00,69.6,319.4,561.0,20.9,16.8,109.0
2025-08-03 18:00:00,78.5,268.2,910.0,43.3,21.5,82.0
2025-08-03 19:00:00,95.5,248.7,1342.0,74.0,27.9,44.0
2025-08-03 20:00:00,100.8,217.0,1597.0,95.1,32.6,17.0
2025-08-03 21:00:00,104.1,189.1,1517.0,97.6,34.2,10.0
2025-08-03 22:00:00,101.3,176.0,1259.0,90.5,34.0,14.0
2025-08-03 23:00:00,97.8,160.7,1039.0,83.2,33.0,18.0
2025-08-04 00:00:00,85.4,138.8,945.0,78.6,30.9,19.0
2025-08-04 01:00:00,74.5,119.2,889.0,73.7,28.0,20.0
2025-08-04 02:00:00,71.0,111.5,820.0,68.7,25.6,21.0
2025-08-04 03:00:00,71.7,118.0,702.0,63.2,24.3,22.0
2025-08-04 04:00:00,72.9,115.3,570.0,57.5,23.6,24.0
2025-08-04 05:00:00,70.8,109.2,483.0,52.6,23.3,29.0
2025-08-04 06:00:00,66.8,109.2,483.0,49.7,23.6,39.0
2025-08-04 07:00:00,68.2,114.3,527.0,47.5,24.4,53.0
2025-08-04 08:00:00,69.6,163.4,547.0,43.7,25.2,72.0
2025-08-04 09:00:00,71.9,210.5,504.0,36.0,26.0,101.0
2025-08-04 10:00:00,75.2,272.9,437.0,26.7,26.8,135.0
2025-08-04 11:00:00,74.7,287.8,387.0,19.6,27.3,161.0
2025-08-04 12:00:00,75.7,291.5,356.0,16.4,27.2,173.0
2025-08-04 13:00:00,77.5,326.0,342.0,15.4,26.7,176.0
2025-08-04 14:00:00,82.2,344.6,383.0,16.0,26.5,175.0
2025-08-04 15:00:00,87.8,370.7,518.0,17.3,26.9,172.0
2025-08-04 16:00:00,91.7,423.8,708.0,20.2,27.6,166.0
2025-08-04 17:00:00,109.4,493.6,871.0,48.7,37.6,92.0
2025-08-04 18:00:00,113.2,423.8,1001.0,59.5,40.5,76.0
2025-08-04 19:00:00,115.5,389.3,1105.0,74.6,44.5,53.0
2025-08-04 20:00:00,111.8,368.8,1124.0,86.9,47.8,34.0
2025-08-04 21:00:00,111.5,355.8,1000.0,94.1,50.4,22.0
2025-08-04 22:00:00,120.6,377.2,792.0,98.6,52.4,13.0
2025-08-04 23:00:00,127.6,382.8,609.0,100.4,52.1,6.0
2025-08-05 00:00:00,126.7,352.0,486.0,99.9,47.9,1.0
2025-08-05 01:00:00,126.7,336.2,388.0,96.8,41.5,0.0
2025-08-05 02:00:00,115.9,269.2,331.0,90.2,35.8,1.0
2025-08-05 03:00:00,92.9,205.4,326.0,77.1,31.9,9.0
2025-08-05 04:00:00,76.6,158.3,360.0,60.4,28.8,20.0
2025-08-05 05:00:00,38.4,78.0,411.0,31.7,15.5,26.0
2025-08-05 06:00:00,37.7,81.3,491.0,31.4,15.3,26.0
2025-08-05 07:00:00,39.0,86.4,588.0,30.7,14.9,27.0
2025-08-05 08:00:00,40.2,102.7,638.0,28.4,14.7,35.0
2025-08-05 09:00:00,40.5,129.9,594.0,23.2,14.6,54.0
2025-08-05 10:00:00,51.5,274.7,503.0,16.5,14.6,78.0
2025-08-05 11:00:00,62.2,383.7,446.0,11.2,14.8,101.0
2025-08-05 12:00:00,72.4,475.0,456.0,7.9,15.4,121.0
2025-08-05 13:00:00,83.8,573.7,501.0,6.1,16.2,138.0
2025-08-05 14:00:00,94.3,668.7,564.0,6.8,17.2,147.0
2025-08-05 15:00:00,97.1,698.5,606.0,10.8,18.1,144.0
2025-08-05 16:00:00,97.6,685.5,666.0,17.5,19.2,133.0
2025-08-05 17:00:00,72.2,314.8,846.0,34.3,28.1,94.0
2025-08-05 18:00:00,75.7,263.6,1326.0,49.1,32.3,76.0
2025-08-05 19:00:00,85.2,235.2,1926.0,69.1,37.9,51.0
2025-08-05 20:00:00,86.4,217.9,2201.0,81.2,41.2,33.0
2025-08-05 21:00:00,82.9,211.4,1846.0,78.7,40.5,27.0
2025-08-05 22:00:00,76.8,198.8,1167.0,68.2,37.5,27.0
2025-08-05 23:00:00,62.2,129.0,635.0,56.9,33.7,31.0
2025-08-06 00:00:00,45.9,84.8,444.0,45.6,28.7,39.0
2025-08-06 01:00:00,33.9,55.3,401.0,33.4,22.8,51.0
2025-08-06 02:00:00,28.6,43.2,396.0,25.0,18.4,58.0
2025-08-06 03:00:00,28.3,40.6,404.0,23.1,16.7,55.0
2025-08-06 04:00:00,29.3,39.1,450.0,25.0,16.5,47.0
2025-08-06 05:00:00,28.8,28.9,507.0,27.6,13.8,31.0
2025-08-06 06:00:00,27.9,36.9,589.0,26.3,13.6,32.0
2025-08-06 07:00:00,28.6,54.0,681.0,24.3,13.3,34.0
2025-08-06 08:00:00,33.9,95.7,714.0,21.4,13.1,43.0
2025-08-06 09:00:00,50.4,297.1,634.0,16.6,12.9,63.0
2025-08-06 10:00:00,64.7,444.2,494.0,10.8,12.8,90.0
2025-08-06 11:00:00,64.3,412.6,390.0,6.6,12.8,111.0
2025-08-06 12:00:00,63.1,395.8,358.0,4.8,12.9,123.0
2025-08-06 13:00:00,63.6,402.3,361.0,4.5,13.1,131.0
2025-08-06 14:00:00,62.2,370.7,382.0,5.6,13.5,134.0
2025-08-06 15:00:00,62.9,379.0,383.0,6.5,14.1,135.0
2025-08-06 16:00:00,62.9,375.3,403.0,8.7,14.9,133.0
2025-08-06 17:00:00,77.8,449.8,532.0,18.7,17.1,124.0
2025-08-06 18:00:00,81.0,359.5,899.0,37.0,19.9,97.0
2025-08-06 19:00:00,91.5,356.7,1377.0,61.9,23.7,59.0
2025-08-06 20:00:00,97.1,342.7,1676.0,79.0,26.3,30.0
2025-08-06 21:00:00,97.6,317.6,1657.0,81.3,26.9,18.0
2025-08-06 22:00:00,92.7,272.9,1459.0,75.8,26.4,16.0
2025-08-06 23:00:00,83.6,227.2,1207.0,68.5,24.9,16.0
2025-08-07 00:00:00,73.3,196.5,883.0,60.7,22.0,18.0
2025-08-07 01:00:00,65.7,185.8,505.0,51.1,18.0,24.0
2025-08-07 02:00:00,61.9,200.2,256.0,42.5,14.7,28.0
2025-08-07 03:00:00,62.2,248.7,243.0,35.6,12.5,29.0
2025-08-07 04:00:00,65.0,309.2,359.0,29.5,10.8,29.0
2025-08-07 05:00:00,70.5,378.1,461.0,24.9,9.9,32.0
2025-08-07 06:00:00,79.9,465.7,510.0,22.5,10.0,39.0
2025-08-07 07:00:00,91.5,536.4,545.0,21.5,10.8,48.0
2025-08-07 08:00:00,97.3,601.6,541.0,19.7,11.8,63.0
2025-08-07 09:00:00,97.3,629.6,466.0,15.6,12.9,89.0
2025-08-07 10:00:00,99.0,670.6,352.0,10.6,14.1,120.0
2025-08-07 11:00:00,104.3,750.6,267.0,6.8,14.7,142.0
2025-08-07 12:00:00,103.4,763.7,236.0,4.8,14.3,148.0
2025-08-07 13:00:00,106.2,800.9,235.0,4.0,13.4,144.0
2025-08-07 14:00:00,109.9,843.8,255.0,4.8,12.6,138.0
2025-08-07 15:00:00,116.4,910.8,290.0,6.7,11.9,132.0
2025-08-07 16:00:00,123.9,957.4,347.0,10.2,11.4,123.0
2025-08-07 17:00:00,162.1,1210.7,436.0,16.9,11.1,103.0
2025-08-07 18:00:00,167.6,1143.7,599.0,26.1,12.8,84.0
2025-08-07 19:00:00,170.9,1065.4,794.0,38.9,15.2,58.0
2025-08-07 20:00:00,171.8,990.9,902.0,49.1,17.2,37.0
2025-08-07 21:00:00,171.4,909.0,855.0,54.8,18.8,24.0
2025-08-07 22:00:00,168.1,838.2,721.0,58.0,20.1,16.0
2025-08-07 23:00:00,160.7,743.2,591.0,58.5,20.4,11.0
2025-08-08 00:00:00,144.8,625.8,486.0,55.6,19.0,11.0
2025-08-08 01:00:00,128.5,543.9,384.0,50.0,16.5,14.0
2025-08-08 02:00:00,113.2,491.7,312.0,44.2,14.4,17.0
2025-08-08 03:00:00,99.7,451.7,279.0,38.7,13.0,19.0
2025-08-08 04:00:00,88.7,420.0,276.0,33.0,12.0,21.0
2025-08-08 05:00:00,102.7,635.2,300.0,21.2,8.8,33.0
2025-08-08 06:00:00,106.6,696.6,376.0,20.8,9.5,38.0
2025-08-08 07:00:00,117.3,808.4,479.0,20.1,10.5,46.0
2025-08-08 08:00:00,129.9,897.8,535.0,18.4,11.5,60.0
2025-08-08 09:00:00,134.1,979.8,497.0,14.7,12.5,85.0
2025-08-08 10:00:00,136.0,1002.1,412.0,9.9,13.4,115.0
2025-08-08 11:00:00,137.4,1009.6,344.0,6.7,14.3,136.0
2025-08-08 12:00:00,133.6,976.0,292.0,5.3,15.0,141.0
2025-08-08 13:00:00,124.8,903.4,257.0,5.4,15.5,137.0
2025-08-08 14:00:00,115.0,819.6,309.0,8.5,16.3,130.0
2025-08-08 15:00:00,112.0,786.0,441.0,13.7,16.6,122.0
2025-08-08 16:00:00,111.8,737.6,659.0,22.0,17.0,111.0
2025-08-08 17:00:00,144.4,968.6,1054.0,32.9,15.0,85.0
2025-08-08 18:00:00,157.4,957.4,1901.0,46.2,18.3,68.0
2025-08-08 19:00:00,160.7,905.2,2926.0,64.2,22.9,44.0
2025-08-08 20:00:00,156.0,709.7,3391.0,74.8,26.3,27.0
2025-08-08 21:00:00,143.4,558.8,2773.0,70.9,27.2,25.0
2025-08-08 22:00:00,127.6,424.7,1595.0,59.7,26.8,29.0
2025-08-08 23:00:00,119.7,372.5,697.0,50.4,26.4,33.0
2025-08-09 00:00:00,116.6,354.8,448.0,46.1,26.2,33.0
2025-08-09 01:00:00,116.9,359.5,479.0,43.8,26.0,32.0
2025-08-09 02:00:00,119.7,383.7,516.0,43.2,26.0,30.0
2025-08-09 03:00:00,123.4,396.7,438.0,45.2,26.4,24.0
2025-08-09 04:00:00,129.0,424.7,367.0,49.1,27.1,17.0
2025-08-09 05:00:00,102.2,461.9,399.0,42.4,31.1,38.0
2025-08-09 06:00:00,96.6,439.6,645.0,42.3,31.4,40.0
2025-08-09 07:00:00,94.5,461.9,996.0,42.0,31.7,43.0
2025-08-09 08:00:00,93.4,431.2,1214.0,40.1,31.0,48.0
2025-08-09 09:00:00,85.0,377.2,1178.0,35.6,28.2,56.0
2025-08-09 10:00:00,75.7,310.1,1011.0,29.6,24.5,66.0
2025-08-09 11:00:00,71.5,307.3,845.0,23.7,21.6,82.0
2025-08-09 12:00:00,71.0,299.0,703.0,17.9,20.5,110.0
2025-08-09 13:00:00,69.4,274.7,562.0,12.3,20.4,145.0
2025-08-09 14:00:00,65.0,238.4,485.0,9.0,20.5,167.0
2025-08-09 15:00:00,69.2,307.3,473.0,8.6,20.8,170.0
2025-08-09 16:00:00,67.3,269.2,524.0,10.5,21.3,162.0
2025-08-09 17:00:00,63.8,222.1,699.0,17.9,19.8,121.0
2025-08-09 18:00:00,69.2,221.2,1079.0,29.7,21.3,99.0
2025-08-09 19:00:00,78.7,227.7,1582.0,46.3,23.6,69.0
2025-08-09 20:00:00,88.5,251.5,2026.0,60.7,26.5,44.0
2025-08-09 21:00:00,100.6,297.1,2392.0,70.1,30.4,29.0
2025-08-09 22:00:00,115.3,347.4,2700.0,77.4,35.0,19.0
2025-08-09 23:00:00,129.0,402.3,2821.0,83.8,39.0,11.0
2025-08-10 00:00:00,141.1,451.7,2622.0,90.2,41.8,5.0
2025-08-10 01:00:00,150.9,493.6,2236.0,95.9,44.1,2.0
2025-08-10 02:00:00,159.7,525.3,1944.0,99.7,46.4,0.0
2025-08-10 03:00:00,168.1,549.5,1900.0,102.7,49.8,0.0
2025-08-10 04:00:00,175.6,571.8,1949.0,103.8,53.2,0.0
2025-08-10 05:00:00,103.4,322.2,1903.0,70.4,30.2,8.0
2025-08-10 06:00:00,97.8,281.3,1647.0,60.2,28.7,27.0
2025-08-10 07:00:00,90.6,247.7,1296.0,45.9,26.5,54.0
2025-08-10 08:00:00,76.8,235.2,1003.0,32.9,25.0,81.0
2025-08-10 09:00:00,66.8,228.2,833.0,22.8,24.9,109.0
2025-08-10 10:00:00,61.7,212.8,723.0,14.0,25.4,137.0
2025-08-10 11:00:00,51.8,160.7,632.0,7.8,25.1,158.0
2025-08-10 12:00:00,48.9,151.3,542.0,4.8,23.2,167.0
2025-08-10 13:00:00,53.3,210.9,472.0,4.3,20.5,168.0
2025-08-10 14:00:00,56.3,229.6,444.0,5.4,18.3,164.0
2025-08-10 15:00:00,61.9,281.3,421.0,6.0,16.5,155.0
2025-08-10 16:00:00,71.7,376.3,441.0,8.2,15.1,140.0
2025-08-10 17:00:00,82.7,448.9,636.0,13.1,18.1,138.0
2025-08-10 18:00:00,88.5,412.6,1198.0,30.8,20.1,107.0
2025-08-10 19:00:00,101.7,443.3,1937.0,55.3,23.1,65.0
2025-08-10 20:00:00,114.8,434.9,2411.0,73.9,26.7,33.0
2025-08-10 21:00:00,110.6,380.9,2404.0,80.8,31.9,22.0
2025-08-10 22:00:00,113.9,338.1,2132.0,81.8,37.8,21.0
2025-08-10 23:00:00,119.7,340.9,1811.0,81.3,40.8,20.0
2025-08-11 00:00:00,116.2,347.4,1460.0,81.0,38.7,15.0
2025-08-11 01:00:00,112.9,349.2,1059.0,79.3,33.8,10.0
2025-08-11 02:00:00,107.6,334.3,761.0,76.0,29.2,6.0
2025-08-11 03:00:00,98.5,304.5,647.0,70.4,25.7,4.0
2025-08-11 04:00:00,88.5,272.9,635.0,63.1,22.4,4.0
2025-08-11 05:00:00,88.2,292.4,633.0,51.1,18.5,13.0
2025-08-11 06:00:00,88.9,300.8,621.0,44.4,18.4,26.0
2025-08-11 07:00:00,92.0,338.1,619.0,35.0,18.3,44.0
2025-08-11 08:00:00,94.5,474.0,592.0,26.5,18.2,63.0
2025-08-11 09:00:00,84.5,444.2,510.0,20.1,18.0,84.0
2025-08-11 10:00:00,79.6,438.7,403.0,14.6,17.9,106.0
2025-08-11 11:00:00,75.2,427.5,326.0,10.6,17.8,123.0
2025-08-11 12:00:00,77.5,465.7,287.0,8.1,17.9,134.0
2025-08-11 13:00:00,87.1,575.6,278.0,7.2,18.0,140.0
2025-08-11 14:00:00,96.6,679.9,332.0,8.2,18.1,140.0
2025-08-11 15:00:00,101.5,719.0,479.0,10.2,17.6,134.0
2025-08-11 16:00:00,104.5,743.2,689.0,14.2,17.0,123.0
2025-08-11 17:00:00,119.0,741.3,907.0,23.9,29.7,137.0
2025-08-11 18:00:00,119.7,609.1,1179.0,43.6,33.9,108.0
2025-08-11 19:00:00,128.5,517.8,1460.0,70.5,39.6,67.0
2025-08-11 20:00:00,129.5,438.7,1556.0,88.7,43.9,37.0
2025-08-11 21:00:00,125.7,382.8,1312.0,90.3,45.5,28.0
2025-08-11 22:00:00,122.5,353.0,884.0,83.2,45.6,30.0
2025-08-11 23:00:00,116.2,326.9,548.0,75.8,44.7,32.0
2025-08-12 00:00:00,109.4,299.9,421.0,70.4,42.4,30.0
2025-08-12 01:00:00,103.1,270.1,386.0,64.8,39.1,28.0
2025-08-12 02:00:00,98.5,244.0,365.0,60.2,36.2,26.0
2025-08-12 03:00:00,95.5,217.5,319.0,57.8,34.2,21.0
2025-08-12 04:00:00,89.9,196.0,287.0,56.5,32.6,16.0
2025-08-12 05:00:00,52.7,100.4,316.0,34.5,22.3,35.0
2025-08-12 06:00:00,51.1,83.6,472.0,37.2,22.4,29.0
2025-08-12 07:00:00,51.6,73.6,689.0,40.5,22.4,22.0
2025-08-12 08:00:00,47.1,73.6,813.0,39.8,21.9,28.0
2025-08-12 09:00:00,39.9,83.6,752.0,31.4,20.5,60.0
2025-08-12 10:00:00,35.7,87.8,598.0,19.0,18.6,104.0
2025-08-12 11:00:00,34.2,93.1,468.0,9.5,17.0,138.0
2025-08-12 12:00:00,45.6,201.6,401.0,5.6,16.1,151.0
2025-08-12 13:00:00,53.6,296.2,359.0,4.6,15.5,154.0
2025-08-12 14:00:00,60.3,380.9,343.0,5.5,15.1,151.0
2025-08-12 15:00:00,66.6,458.2,337.0,7.1,14.7,143.0
2025-08-12 16:00:00,65.7,433.1,357.0,10.5,14.5,129.0
2025-08-12 17:00:00,77.1,491.7,459.0,15.0,17.2,118.0
2025-08-12 18:00:00,84.5,480.6,736.0,31.4,19.5,92.0
2025-08-12 19:00:00,96.4,474.0,1095.0,54.4,23.0,57.0
2025-08-12 20:00:00,112.5,502.9,1306.0,73.7,27.7,28.0
2025-08-12 21:00:00,127.6,532.7,1245.0,86.0,34.9,13.0
2025-08-12 22:00:00,146.7,571.8,1036.0,94.6,43.2,5.0
2025-08-12 23:00:00,163.9,597.9,829.0,99.8,48.9,0.0
2025-08-13 00:00:00,170.9,596.0,655.0,100.8,49.9,0.0
2025-08-13 01:00:00,172.3,592.3,482.0,98.3,48.2,0.0
2025-08-13 02:00:00,171.8,594.2,365.0,94.8,46.1,0.0
2025-08-13 03:00:00,172.3,592.3,327.0,91.7,44.4,0.0
2025-08-13 04:00:00,172.8,581.1,345.0,87.5,42.2,0.0
2025-08-13 05:00:00,126.2,398.6,400.0,72.2,28.0,0.0
2025-08-13 06:00:00,99.4,296.2,528.0,62.0,26.0,14.0
2025-08-13 07:00:00,86.6,227.7,694.0,47.6,23.2,34.0
2025-08-13 08:00:00,65.2,194.2,771.0,34.7,20.8,56.0
2025-08-13 09:00:00,58.8,254.3,674.0,24.7,19.1,81.0
2025-08-13 10:00:00,59.6,314.8,489.0,16.1,17.8,109.0
2025-08-13 11:00:00,63.6,374.4,346.0,9.9,16.9,130.0
2025-08-13 12:00:00,66.4,414.4,294.0,6.6,16.3,141.0
2025-08-13 13:00:00,66.8,426.5,283.0,5.6,16.1,146.0
2025-08-13 14:00:00,68.0,433.1,296.0,6.4,16.4,147.0
2025-08-13 15:00:00,69.4,430.3,287.0,5.1,16.4,146.0
2025-08-13 16:00:00,71.7,434.9,302.0,5.6,17.0,142.0
2025-08-13 17:00:00,52.7,215.6,454.0,19.4,21.6,104.0
2025-08-13 18:00:00,63.6,205.8,905.0,38.1,25.2,80.0
2025-08-13 19:00:00,78.5,212.8,1494.0,64.2,30.3,47.0
2025-08-13 20:00:00,86.8,221.2,1855.0,85.2,35.0,21.0
2025-08-13 21:00:00,100.6,249.6,1794.0,96.8,39.6,8.0
2025-08-13 22:00:00,113.2,258.9,1506.0,103.4,43.8,3.0
2025-08-13 23:00:00,115.3,254.3,1208.0,105.4,45.5,0.0
2025-08-14 00:00:00,112.5,247.7,939.0,102.0,42.8,0.0
2025-08-14 01:00:00,105.2,223.5,660.0,94.1,37.6,1.0
2025-08-14 02:00:00,98.3,224.4,473.0,85.0,32.9,4.0
2025-08-14 03:00:00,91.7,233.8,425.0,74.8,29.6,7.0
2025-08-14 04:00:00,85.9,218.9,469.0,63.4,26.9,11.0
2025-08-14 05:00:00,58.6,168.6,568.0,23.2,19.3,54.0
2025-08-14 06:00:00,53.1,132.7,770.0,29.7,21.2,48.0
2025-08-14 07:00:00,54.5,110.6,1027.0,38.8,23.9,40.0
2025-08-14 08:00:00,52.9,108.0,1157.0,45.6,27.0,37.0
2025-08-14 09:00:00,53.9,100.1,1038.0,48.5,30.9,42.0
2025-08-14 10:00:00,50.3,94.8,792.0,49.2,35.1,52.0
2025-08-14 11:00:00,50.6,89.9,608.0,48.1,38.1,64.0
2025-08-14 12:00:00,50.5,88.2,563.0,43.9,38.7,81.0
2025-08-14 13:00:00,49.4,82.4,580.0,37.7,38.0,100.0
2025-08-14 14:00:00,45.5,74.5,615.0,33.8,37.7,113.0
2025-08-14 15:00:00,39.6,66.1,639.0,32.5,38.2,119.0
2025-08-14 16:00:00,38.9,61.0,681.0,33.3,39.0,120.0
2025-08-14 17:00:00,42.4,48.3,782.0,45.6,33.2,87.0
2025-08-14 18:00:00,47.1,51.9,1012.0,56.6,33.9,70.0
2025-08-14 19:00:00,60.5,63.6,1301.0,71.5,34.9,47.0
2025-08-14 20:00:00,69.8,72.4,1479.0,80.1,35.1,29.0
2025-08-14 21:00:00,70.8,72.6,1458.0,76.7,34.1,23.0
2025-08-14 22:00:00,71.7,72.9,1326.0,67.1,32.3,23.0
2025-08-14 23:00:00,74.3,75.0,1183.0,58.6,30.2,23.0
2025-08-15 00:00:00,76.4,77.1,1047.0,54.0,27.7,21.0
2025-08-15 01:00:00,78.7,79.2,899.0,50.5,24.8,20.0
2025-08-15 02:00:00,78.5,78.9,784.0,47.1,22.4,19.0
2025-08-15 03:00:00,77.8,78.0,718.0,43.4,20.5,18.0
2025-08-15 04:00:00,77.1,77.3,686.0,39.8,19.1,18.0
2025-08-15 05:00:00,74.0,74.5,681.0,33.6,17.5,24.0
2025-08-15 06:00:00,74.0,74.5,725.0,32.4,19.6,32.0
2025-08-15 07:00:00,68.7,69.6,797.0,30.6,22.6,44.0
2025-08-15 08:00:00,66.4,67.3,828.0,28.3,25.9,62.0
2025-08-15 09:00:00,56.5,57.3,774.0,25.2,29.8,87.0
2025-08-15 10:00:00,53.2,54.0,679.0,21.6,33.9,118.0
2025-08-15 11:00:00,53.8,54.6,605.0,18.2,37.1,149.0
2025-08-15 12:00:00,58.6,59.6,564.0,14.8,38.4,180.0
2025-08-15 13:00:00,53.6,54.7,544.0,11.8,38.7,211.0
2025-08-15 14:00:00,54.7,55.6,566.0,10.6,39.5,235.0
2025-08-15 15:00:00,57.3,58.2,606.0,10.5,41.5,252.0
2025-08-15 16:00:00,59.3,60.3,688.0,12.4,44.0,262.0
2025-08-15 17:00:00,58.8,60.1,908.0,22.5,47.0,217.0
2025-08-15 18:00:00,65.0,66.1,1412.0,51.0,53.6,177.0
2025-08-15 19:00:00,92.2,93.1,2054.0,90.0,62.6,121.0
2025-08-15 20:00:00,123.9,125.3,2488.0,116.3,68.4,77.0
2025-08-15 21:00:00,142.0,143.0,2555.0,118.6,68.7,57.0
2025-08-15 22:00:00,147.6,148.5,2415.0,108.3,65.8,48.0
2025-08-15 23:00:00,131.3,132.2,2200.0,96.8,61.7,42.0
2025-08-16 00:00:00,115.9,116.6,1911.0,86.6,56.3,37.0
2025-08-16 01:00:00,115.0,115.5,1547.0,75.1,49.7,35.0
2025-08-16 02:00:00,119.7,120.1,1240.0,65.9,43.8,33.0
2025-08-16 03:00:00,121.1,122.0,1025.0,61.2,39.4,27.0
2025-08-16 04:00:00,120.1,120.6,866.0,58.7,35.7,21.0
2025-08-16 05:00:00,67.3,67.8,785.0,31.3,24.7,56.0
2025-08-16 06:00:00,65.0,65.2,842.0,32.1,25.8,59.0
2025-08-16 07:00:00,59.8,60.3,977.0,33.0,27.4,65.0
2025-08-16 08:00:00,55.9,56.1,1036.0,31.8,29.2,80.0
2025-08-16 09:00:00,54.7,55.1,927.0,26.7,31.3,111.0
2025-08-16 10:00:00,56.9,57.4,741.0,19.6,33.6,151.0
2025-08-16 11:00:00,59.8,60.3,601.0,13.9,35.0,186.0
2025-08-16 12:00:00,61.5,62.2,550.0,10.4,34.8,211.0
2025-08-16 13:00:00,63.1,63.6,543.0,8.3,33.8,231.0
2025-08-16 14:00:00,61.7,62.2,572.0,8.2,33.5,242.0
2025-08-16 15:00:00,62.6,63.1,628.0,9.9,34.7,246.0
2025-08-16 16:00:00,63.8,64.3,718.0,13.5,36.5,241.0
2025-08-16 17:00:00,71.5,82.7,856.0,17.6,33.2,213.0
2025-08-16 18:00:00,79.6,84.8,1110.0,31.0,34.0,175.0
2025-08-16 19:00:00,89.4,92.2,1412.0,49.3,35.1,122.0
2025-08-16 20:00:00,95.0,96.4,1567.0,62.1,35.3,80.0
2025-08-16 21:00:00,98.0,99.0,1453.0,64.8,34.2,59.0
2025-08-16 22:00:00,99.0,99.4,1192.0,62.1,32.3,48.0
2025-08-16 23:00:00,94.8,95.0,953.0,57.5,30.1,42.0
2025-08-17 00:00:00,87.8,87.8,786.0,51.2,27.3,41.0
2025-08-17 01:00:00,82.9,83.1,642.0,43.0,24.1,45.0
2025-08-17 02:00:00,78.9,79.2,542.0,36.3,21.6,48.0
2025-08-17 03:00:00,74.3,74.5,491.0,32.2,20.3,48.0
2025-08-17 04:00:00,68.2,68.2,484.0,29.6,19.6,47.0
2025-08-17 05:00:00,52.7,53.1,528.0,17.6,16.7,74.0
2025-08-17 06:00:00,46.2,46.6,675.0,21.0,18.8,68.0
2025-08-17 07:00:00,44.6,44.8,872.0,25.6,21.8,61.0
2025-08-17 08:00:00,38.6,39.0,968.0,27.7,24.5,64.0
2025-08-17 09:00:00,36.2,36.4,858.0,25.1,26.7,84.0
2025-08-17 10:00:00,37.0,37.3,648.0,20.0,28.5,114.0
2025-08-17 11:00:00,37.4,37.6,502.0,15.4,29.2,141.0
2025-08-17 12:00:00,36.9,37.1,497.0,11.5,27.9,166.0
2025-08-17 13:00:00,40.2,54.1,556.0,8.0,25.5,189.0
2025-08-17 14:00:00,38.6,49.7,611.0,7.0,23.5,199.0
2025-08-17 15:00:00,38.3,54.4,622.0,9.6,22.7,188.0
2025-08-17 16:00:00,35.7,41.7,630.0,14.7,22.4,163.0
2025-08-17 17:00:00,49.0,49.2,688.0,20.7,20.6,142.0
2025-08-17 18:00:00,54.2,54.4,872.0,28.3,21.9,119.0
2025-08-17 19:00:00,57.6,57.7,1105.0,38.7,23.8,87.0
2025-08-17 20:00:00,59.4,59.5,1219.0,45.8,24.8,62.0
2025-08-17 21:00:00,60.1,60.1,1103.0,46.6,24.5,50.0
2025-08-17 22:00:00,61.2,61.2,867.0,44.1,23.3,46.0
2025-08-17 23:00:00,61.7,61.7,666.0,40.8,22.1,44.0
2025-08-18 00:00:00,60.1,60.3,554.0,36.9,20.7,46.0
2025-08-18 01:00:00,57.7,57.9,478.0,32.2,19.2,50.0
2025-08-18 02:00:00,54.4,54.4,432.0,28.6,18.2,53.0
2025-08-18 03:00:00,50.9,51.0,421.0,27.0,17.9,50.0
2025-08-18 04:00:00,48.7,48.8,440.0,26.5,18.1,46.0
2025-08-18 05:00:00,48.1,48.3,472.0,23.5,15.9,50.0
2025-08-18 06:00:00,46.1,46.2,527.0,23.7,16.9,52.0
2025-08-18 07:00:00,40.9,41.1,594.0,23.9,18.3,56.0
2025-08-18 08:00:00,36.3,36.4,622.0,23.3,19.5,64.0
2025-08-18 09:00:00,35.6,35.7,575.0,21.2,20.6,79.0
2025-08-18 10:00:00,35.7,35.9,488.0,18.2,21.4,99.0
2025-08-18 11:00:00,37.7,38.0,422.0,15.5,21.4,116.0
2025-08-18 12:00:00,39.9,40.2,396.0,13.1,19.7,131.0
2025-08-18 13:00:00,40.4,40.5,389.0,11.1,17.2,144.0
2025-08-18 14:00:00,39.6,39.7,403.0,10.5,15.4,151.0
2025-08-18 15:00:00,38.9,39.0,433.0,11.4,14.9,151.0
2025-08-18 16:00:00,37.0,37.3,483.0,13.8,15.3,145.0
2025-08-18 17:00:00,32.4,53.7,562.0,15.4,18.3,132.0
2025-08-18 18:00:00,44.8,120.1,707.0,28.4,19.9,107.0
2025-08-18 19:00:00,53.4,98.7,882.0,46.0,22.1,72.0
2025-08-18 20:00:00,60.3,124.8,986.0,57.4,23.4,47.0
2025-08-18 21:00:00,63.6,169.0,968.0,56.8,23.3,39.0
2025-08-18 22:00:00,63.8,180.2,879.0,50.0,22.4,41.0
2025-08-18 23:00:00,62.4,175.6,778.0,43.2,21.2,43.0
2025-08-19 00:00:00,60.3,185.3,665.0,38.2,19.7,44.0
2025-08-19 01:00:00,58.1,190.5,539.0,33.3,18.0,46.0
2025-08-19 02:00:00,57.2,195.1,452.0,29.7,16.7,47.0
2025-08-19 03:00:00,57.0,197.9,425.0,28.4,16.1,43.0
2025-08-19 04:00:00,56.7,191.9,437.0,28.4,16.0,38.0
2025-08-19 05:00:00,58.0,136.0,474.0,31.8,16.5,34.0
2025-08-19 06:00:00,56.6,129.5,562.0,30.7,17.8,46.0
2025-08-19 07:00:00,55.6,117.3,674.0,28.8,19.6,64.0
2025-08-19 08:00:00,53.8,139.2,722.0,25.6,20.8,87.0
2025-08-19 09:00:00,45.1,97.6,638.0,19.6,20.8,118.0
2025-08-19 10:00:00,49.0,227.7,489.0,12.2,20.2,154.0
2025-08-19 11:00:00,36.4,106.6,385.0,6.8,19.7,181.0
2025-08-19 12:00:00,30.4,75.0,376.0,4.7,19.5,194.0
2025-08-19 13:00:00,29.4,58.7,412.0,4.7,19.4,198.0
2025-08-19 14:00:00,28.8,46.4,452.0,5.8,19.6,197.0
2025-08-19 15:00:00,28.6,38.8,465.0,7.4,20.5,193.0
2025-08-19 16:00:00,29.0,52.4,482.0,10.2,21.7,183.0
2025-08-19 17:00:00,42.8,189.5,558.0,17.9,19.5,143.0
2025-08-19 18:00:00,45.4,170.4,776.0,25.2,19.9,119.0
2025-08-19 19:00:00,49.4,176.0,1053.0,35.1,20.5,86.0
2025-08-19 20:00:00,52.5,198.8,1196.0,41.5,20.9,61.0
2025-08-19 21:00:00,56.2,244.9,1085.0,41.1,21.2,54.0
2025-08-19 22:00:00,58.6,271.9,841.0,37.1,21.3,55.0
2025-08-19 23:00:00,59.3,287.8,632.0,33.0,21.0,56.0
2025-08-20 00:00:00,58.9,302.7,519.0,29.6,19.7,55.0
2025-08-20 01:00:00,58.9,311.1,442.0,26.1,17.9,55.0
2025-08-20 02:00:00,57.5,290.6,391.0,23.9,16.7,53.0
2025-08-20 03:00:00,53.9,234.7,362.0,24.1,16.3,46.0
2025-08-20 04:00:00,50.5,195.6,360.0,25.7,16.5,37.0
2025-08-20 05:00:00,46.8,170.0,385.0,27.0,18.4,34.0
2025-08-20 06:00:00,48.5,194.2,467.0,25.5,19.6,44.0
2025-08-20 07:00:00,49.9,201.6,577.0,23.3,21.1,58.0
2025-08-20 08:00:00,42.4,121.1,630.0,20.4,21.9,76.0
2025-08-20 09:00:00,33.3,65.9,572.0,16.1,21.3,100.0
2025-08-20 10:00:00,26.7,41.4,458.0,11.0,19.9,127.0
2025-08-20 11:00:00,24.5,30.6,367.0,7.3,18.6,147.0
2025-08-20 12:00:00,22.8,23.9,326.0,5.6,17.3,155.0
2025-08-20 13:00:00,22.3,26.4,310.0,5.2,16.1,155.0
2025-08-20 14:00:00,22.9,33.3,319.0,6.1,15.5,151.0
2025-08-20 15:00:00,22.8,35.5,360.0,7.4,15.9,145.0
2025-08-20 16:00:00,22.7,35.2,427.0,10.0,16.9,136.0
2025-08-20 17:00:00,28.0,61.5,507.0,15.2,14.8,115.0
2025-08-20 18:00:00,31.2,46.4,618.0,24.8,17.1,96.0
2025-08-20 19:00:00,37.6,49.2,742.0,37.8,20.2,70.0
2025-08-20 20:00:00,48.1,113.2,811.0,46.6,22.4,50.0
2025-08-20 21:00:00,51.7,148.5,789.0,47.4,22.9,43.0
2025-08-20 22:00:00,53.0,166.2,712.0,43.9,22.4,42.0
2025-08-20 23:00:00,53.2,182.5,625.0,39.6,21.4,42.0
2025-08-21 00:00:00,51.2,200.7,528.0,35.0,19.7,42.0
2025-08-21 01:00:00,47.6,193.7,421.0,29.5,17.5,44.0
2025-08-21 02:00:00,43.5,163.4,343.0,25.4,15.9,45.0
2025-08-21 03:00:00,35.6,79.2,308.0,23.7,15.4,43.0
2025-08-21 04:00:00,32.2,53.7,302.0,23.2,15.4,39.0
2025-08-21 05:00:00,34.3,74.0,324.0,24.6,16.7,36.0
2025-08-21 06:00:00,31.1,48.0,398.0,23.5,17.7,44.0
2025-08-21 07:00:00,30.4,38.5,499.0,21.7,19.1,56.0
2025-08-21 08:00:00,26.3,28.4,551.0,19.3,20.1,72.0
2025-08-21 09:00:00,23.6,24.4,503.0,15.5,20.4,97.0
2025-08-21 10:00:00,23.0,23.4,406.0,11.1,20.3,126.0
2025-08-21 11:00:00,22.9,23.1,333.0,7.7,20.1,150.0
2025-08-21 12:00:00,23.4,23.6,312.0,6.1,19.8,166.0
2025-08-21 13:00:00,24.4,24.6,315.0,5.5,19.5,177.0
2025-08-21 14:00:00,29.7,81.7,337.0,6.2,19.7,183.0
2025-08-21 15:00:00,27.5,71.2,381.0,5.5,20.3,186.0
2025-08-21 16:00:00,29.6,61.2,444.0,5.9,21.5,183.0
2025-08-21 17:00:00,36.7,37.0,511.0,17.3,27.2,161.0
2025-08-21 18:00:00,42.5,42.7,577.0,28.6,26.9,131.0
2025-08-21 19:00:00,51.0,51.1,647.0,44.2,26.6,89.0
2025-08-21 20:00:00,57.4,57.6,716.0,56.4,26.7,55.0
2025-08-21 21:00:00,57.6,57.7,785.0,62.0,27.8,38.0
2025-08-21 22:00:00,60.3,60.3,853.0,64.1,29.3,30.0
2025-08-21 23:00:00,62.9,62.9,917.0,64.2,30.4,26.0
2025-08-22 00:00:00,61.0,61.2,993.0,61.3,30.4,25.0
2025-08-22 01:00:00,56.2,56.3,1065.0,56.3,30.0,28.0
2025-08-22 02:00:00,56.3,56.5,1082.0,54.0,30.2,29.0
2025-08-22 03:00:00,64.3,64.3,994.0,58.2,31.2,21.0
2025-08-22 04:00:00,70.1,70.3,851.0,65.1,32.8,11.0
2025-08-22 05:00:00,72.9,73.1,758.0,66.1,32.2,14.0
2025-08-22 06:00:00,72.9,73.1,785.0,57.6,32.4,35.0
2025-08-22 07:00:00,69.8,70.1,862.0,45.6,33.0,64.0
2025-08-22 08:00:00,58.1,58.7,881.0,34.9,34.8,96.0
2025-08-22 09:00:00,51.9,53.7,778.0,27.0,39.8,131.0
2025-08-22 10:00:00,48.9,51.5,617.0,20.5,46.2,168.0
2025-08-22 11:00:00,48.5,64.0,490.0,15.6,49.3,196.0
2025-08-22 12:00:00,50.2,72.6,429.0,12.3,45.9,211.0
2025-08-22 13:00:00,52.0,64.0,400.0,10.5,39.3,217.0
2025-08-22 14:00:00,56.2,74.0,396.0,10.8,34.7,218.0
2025-08-22 15:00:00,61.7,76.1,423.0,12.1,34.1,219.0
2025-08-22 16:00:00,64.3,76.4,474.0,15.3,35.5,215.0
2025-08-22 17:00:00,71.2,91.5,517.0,19.4,42.4,228.0
2025-08-22 18:00:00,71.5,84.5,545.0,27.0,39.3,188.0
2025-08-22 19:00:00,70.5,78.9,565.0,37.6,35.2,132.0
2025-08-22 20:00:00,75.2,81.0,570.0,46.9,32.5,87.0
2025-08-22 21:00:00,80.1,85.2,552.0,54.1,33.1,64.0
2025-08-22 22:00:00,87.3,92.2,518.0,60.0,35.3,53.0
2025-08-22 23:00:00,87.3,90.8,485.0,62.8,36.3,45.0
2025-08-23 00:00:00,83.6,86.1,457.0,60.8,34.5,39.0
2025-08-23 01:00:00,78.9,81.0,430.0,55.7,31.6,37.0
2025-08-23 02:00:00,78.0,80.1,409.0,51.0,29.4,36.0
2025-08-23 03:00:00,73.3,75.4,388.0,48.3,28.6,34.0
2025-08-23 04:00:00,71.5,73.8,372.0,46.0,28.5,32.0
2025-08-23 05:00:00,55.1,55.8,388.0,30.6,22.8,48.0
2025-08-23 06:00:00,48.9,49.5,472.0,29.1,23.8,53.0
2025-08-23 07:00:00,39.0,39.2,588.0,26.9,25.1,60.0
2025-08-23 08:00:00,34.2,34.3,644.0,24.2,26.1,73.0
2025-08-23 09:00:00,32.1,32.2,582.0,20.3,26.7,96.0
2025-08-23 10:00:00,32.6,32.6,461.0,15.9,27.0,124.0
2025-08-23 11:00:00,28.6,28.6,370.0,13.3,26.5,142.0
2025-08-23 12:00:00,24.4,24.4,343.0,13.8,24.6,140.0
2025-08-23 13:00:00,20.5,20.5,347.0,16.3,22.0,128.0
2025-08-23 14:00:00,21.5,21.5,372.0,19.1,20.2,118.0
2025-08-23 15:00:00,22.5,22.6,423.0,20.3,19.6,116.0
2025-08-23 16:00:00,23.4,23.5,496.0,22.0,19.9,116.0
2025-08-23 17:00:00,30.2,30.2,567.0,25.7,29.8,111.0
2025-08-23 18:00:00,36.0,36.0,639.0,31.3,28.6,93.0
2025-08-23 19:00:00,38.5,38.5,709.0,39.0,26.9,67.0
2025-08-23 20:00:00,39.1,39.1,744.0,44.7,25.5,47.0
2025-08-23 21:00:00,39.7,39.8,719.0,46.6,24.7,38.0
2025-08-23 22:00:00,42.0,42.0,659.0,46.5,24.2,34.0
2025-08-23 23:00:00,44.8,44.8,600.0,45.7,23.6,32.0
2025-08-24 00:00:00,45.1,45.1,550.0,44.5,22.6,31.0
2025-08-24 01:00:00,45.6,45.6,502.0,42.5,21.5,32.0
2025-08-24 02:00:00,45.5,45.5,473.0,40.4,20.6,33.0
2025-08-24 03:00:00,44.1,44.2,475.0,38.4,19.8,31.0
2025-08-24 04:00:00,43.1,43.2,496.0,36.3,19.1,30.0
2025-08-24 05:00:00,66.1,66.1,524.0,59.1,22.5,7.0
2025-08-24 06:00:00,63.1,63.1,567.0,50.8,21.9,16.0
2025-08-24 07:00:00,48.8,48.8,617.0,39.1,21.2,30.0
2025-08-24 08:00:00,26.4,26.5,628.0,28.6,20.4,49.0
2025-08-24 09:00:00,22.4,22.5,564.0,20.6,19.9,77.0
2025-08-24 10:00:00,19.4,19.5,461.0,13.9,19.4,110.0
2025-08-24 11:00:00,20.3,20.4,388.0,8.9,18.6,136.0
2025-08-24 12:00:00,22.4,22.5,358.0,5.7,17.1,152.0
2025-08-24 13:00:00,22.8,22.9,358.0,4.2,15.3,162.0
2025-08-24 14:00:00,21.6,21.8,412.0,5.1,14.0,162.0
2025-08-24 15:00:00,21.8,21.9,560.0,9.2,13.3,147.0
2025-08-24 16:00:00,20.9,21.1,763.0,15.6,13.0,123.0
2025-08-24 17:00:00,45.4,188.6,924.0,25.3,18.6,117.0
2025-08-24 18:00:00,49.4,175.1,1020.0,31.8,19.9,100.0
2025-08-24 19:00:00,48.0,106.9,1075.0,40.4,21.6,78.0
2025-08-24 20:00:00,41.7,68.9,1066.0,44.7,22.5,62.0
2025-08-24 21:00:00,37.3,48.1,958.0,40.5,21.9,60.0
2025-08-24 22:00:00,33.6,36.4,786.0,31.8,20.4,65.0
2025-08-24 23:00:00,30.3,31.0,629.0,24.6,19.2,69.0
2025-08-25 00:00:00,28.0,28.2,506.0,21.0,18.6,69.0
2025-08-25 01:00:00,26.3,26.4,398.0,18.8,18.2,68.0
2025-08-25 02:00:00,25.5,25.6,327.0,17.3,18.0,67.0
2025-08-25 03:00:00,26.3,26.4,304.0,16.3,18.0,66.0
2025-08-25 04:00:00,28.8,28.8,319.0,16.0,18.1,65.0
2025-08-25 05:00:00,27.9,28.1,358.0,17.6,13.5,61.0
2025-08-25 06:00:00,27.2,27.2,443.0,19.5,14.4,59.0
2025-08-25 07:00:00,30.0,30.2,553.0,21.9,15.7,58.0
2025-08-25 08:00:00,32.4,32.4,611.0,22.3,16.6,63.0
2025-08-25 09:00:00,33.2,33.2,560.0,18.7,16.6,81.0
2025-08-25 10:00:00,32.2,32.2,456.0,13.2,16.2,105.0
2025-08-25 11:00:00,26.6,26.6,392.0,9.5,15.8,122.0
2025-08-25 12:00:00,25.1,25.1,409.0,8.9,15.3,125.0
2025-08-25 13:00:00,24.3,24.3,466.0,10.2,14.7,121.0
2025-08-25 14:00:00,24.3,24.4,531.0,13.0,14.6,115.0
2025-08-25 15:00:00,25.9,25.9,607.0,18.4,15.2,107.0
2025-08-25 16:00:00,26.5,26.5,690.0,25.3,16.2,96.0
2025-08-25 17:00:00,33.8,33.8,739.0,18.3,17.8,129.0
2025-08-25 18:00:00,35.7,35.7,732.0,20.4,17.9,118.0
2025-08-25 19:00:00,35.7,35.7,692.0,23.1,18.0,102.0
2025-08-25 20:00:00,32.6,32.6,642.0,24.6,17.8,90.0
2025-08-25 21:00:00,28.5,28.5,585.0,23.7,17.3,86.0
2025-08-25 22:00:00,25.3,25.3,519.0,21.6,16.6,86.0
2025-08-25 23:00:00,23.2,23.3,458.0,19.3,15.6,85.0
2025-08-26 00:00:00,20.7,20.8,404.0,17.0,14.1,83.0
2025-08-26 01:00:00,18.3,18.5,355.0,14.5,12.4,81.0
2025-08-26 02:00:00,17.1,17.3,322.0,12.7,11.1,78.0
2025-08-26 03:00:00,15.5,15.7,306.0,11.8,10.4,74.0
2025-08-26 04:00:00,13.2,13.4,306.0,11.7,10.1,69.0
2025-08-26 05:00:00,7.2,7.3,324.0,12.0,10.5,67.0
2025-08-26 06:00:00,6.0,6.1,381.0,14.8,11.3,63.0
2025-08-26 07:00:00,8.9,9.1,456.0,18.5,12.5,57.0
2025-08-26 08:00:00,13.2,13.4,492.0,20.3,13.4,57.0
2025-08-26 09:00:00,11.5,11.6,447.0,18.3,13.9,66.0
2025-08-26 10:00:00,12.2,12.3,362.0,14.4,14.1,81.0
2025-08-26 11:00:00,14.6,14.8,301.0,11.3,14.2,93.0
2025-08-26 12:00:00,15.8,15.9,281.0,9.5,13.8,102.0
2025-08-26 13:00:00,16.2,16.3,284.0,8.5,13.2,109.0
2025-08-26 14:00:00,17.2,17.3,320.0,9.5,13.4,112.0
2025-08-26 15:00:00,18.4,18.6,406.0,12.4,14.6,111.0
2025-08-26 16:00:00,19.5,19.6,525.0,17.3,16.6,106.0
2025-08-26 17:00:00,32.5,32.8,633.0,18.5,18.2,109.0
2025-08-26 18:00:00,36.1,36.6,722.0,26.1,19.0,92.0
2025-08-26 19:00:00,38.6,39.1,800.0,36.4,20.1,68.0
2025-08-26 20:00:00,38.9,39.2,850.0,43.6,21.2,50.0
2025-08-26 21:00:00,35.0,35.5,866.0,45.1,22.5,43.0
2025-08-26 22:00:00,33.1,33.4,854.0,43.5,23.9,41.0
2025-08-26 23:00:00,33.4,33.8,816.0,40.4,24.1,42.0
2025-08-27 00:00:00,32.9,33.2,741.0,35.4,22.4,45.0
2025-08-27 01:00:00,31.2,31.4,641.0,28.9,19.5,51.0
2025-08-27 02:00:00,27.8,28.0,554.0,23.7,17.0,55.0
2025-08-27 03:00:00,23.7,23.8,483.0,20.9,15.1,55.0
2025-08-27 04:00:00,22.0,22.1,424.0,19.5,13.6,52.0
2025-08-27 05:00:00,27.7,27.7,407.0,25.6,17.7,42.0
2025-08-27 06:00:00,25.2,25.2,470.0,25.2,19.2,47.0
2025-08-27 07:00:00,24.7,24.8,574.0,24.6,21.4,55.0
2025-08-27 08:00:00,22.6,22.8,632.0,23.0,23.7,69.0
2025-08-27 09:00:00,18.6,18.9,595.0,19.7,26.6,95.0
2025-08-27 10:00:00,19.6,19.8,512.0,15.4,29.7,127.0
2025-08-27 11:00:00,24.8,25.2,443.0,12.0,31.4,154.0
2025-08-27 12:00:00,27.2,27.6,401.0,9.8,30.3,173.0
2025-08-27 13:00:00,30.3,38.9,372.0,8.3,28.0,187.0
2025-08-27 14:00:00,32.8,36.8,374.0,8.2,27.0,198.0
2025-08-27 15:00:00,34.7,38.0,358.0,7.5,29.0,210.0
2025-08-27 16:00:00,36.8,39.6,371.0,8.1,32.4,219.0
2025-08-27 17:00:00,50.2,51.3,577.0,18.0,30.4,176.0
2025-08-27 18:00:00,59.6,60.5,1223.0,37.8,32.0,137.0
2025-08-27 19:00:00,74.0,74.5,2061.0,64.9,34.1,84.0
2025-08-27 20:00:00,82.7,83.1,2505.0,83.9,35.3,43.0
2025-08-27 21:00:00,85.7,86.1,2189.0,88.6,35.1,25.0
2025-08-27 22:00:00,87.1,87.5,1479.0,85.1,34.0,20.0
2025-08-27 23:00:00,86.1,86.4,894.0,76.8,31.7,23.0
2025-08-28 00:00:00,79.6,80.1,627.0,61.2,27.4,36.0
2025-08-28 01:00:00,64.5,64.7,484.0,40.6,22.0,58.0
2025-08-28 02:00:00,53.0,53.3,403.0,26.0,18.0,71.0
2025-08-28 03:00:00,52.2,52.4,365.0,22.9,16.1,68.0
2025-08-28 04:00:00,54.8,55.1,388.0,25.6,15.6,57.0
2025-08-28 05:00:00,55.4,55.5,465.0,32.2,17.3,47.0
2025-08-28 06:00:00,51.0,51.1,648.0,31.0,18.7,55.0
2025-08-28 07:00:00,48.9,49.1,885.0,29.0,20.7,67.0
2025-08-28 08:00:00,48.7,49.0,1010.0,26.2,23.4,86.0
2025-08-28 09:00:00,50.4,50.8,916.0,21.6,27.5,116.0
2025-08-28 10:00:00,49.4,72.2,711.0,16.1,32.1,152.0
2025-08-28 11:00:00,52.6,87.5,551.0,11.8,35.2,183.0
2025-08-28 12:00:00,52.7,66.4,490.0,9.1,35.0,207.0
2025-08-28 13:00:00,53.7,64.3,475.0,7.5,33.1,225.0
2025-08-28 14:00:00,53.7,61.7,506.0,7.7,32.4,236.0
2025-08-28 15:00:00,54.9,61.5,569.0,8.6,34.2,240.0
2025-08-28 16:00:00,55.8,61.0,678.0,11.3,37.1,236.0
2025-08-28 17:00:00,61.7,62.2,875.0,21.6,33.5,180.0
2025-08-28 18:00:00,66.1,66.6,1294.0,29.0,32.8,150.0
2025-08-28 19:00:00,69.6,70.1,1801.0,39.1,31.8,109.0
2025-08-28 20:00:00,67.3,67.5,2041.0,46.5,30.5,76.0
2025-08-28 21:00:00,61.5,61.7,1777.0,48.9,28.7,59.0
2025-08-28 22:00:00,60.1,60.3,1246.0,48.5,26.6,49.0
2025-08-28 23:00:00,61.2,61.5,807.0,46.6,24.8,44.0
2025-08-29 00:00:00,62.2,62.2,595.0,42.8,23.8,43.0
2025-08-29 01:00:00,58.1,58.2,475.0,37.5,23.1,45.0
2025-08-29 02:00:00,53.4,53.6,405.0,32.8,22.4,47.0
2025-08-29 03:00:00,48.9,49.0,381.0,29.3,21.2,46.0
2025-08-29 04:00:00,45.5,45.6,407.0,26.3,20.0,45.0
2025-08-29 05:00:00,18.2,19.2,449.0,16.6,11.9,66.0
2025-08-29 06:00:00,19.6,20.7,513.0,20.7,12.8,61.0
2025-08-29 07:00:00,23.6,25.4,593.0,26.3,14.1,55.0
2025-08-29 08:00:00,25.4,27.5,637.0,29.9,15.6,54.0
2025-08-29 09:00:00,22.9,25.3,612.0,29.8,17.4,60.0
2025-08-29 10:00:00,25.2,27.3,550.0,27.7,19.5,71.0
2025-08-29 11:00:00,30.9,32.7,499.0,25.2,21.3,84.0
2025-08-29 12:00:00,34.7,36.4,467.0,22.2,22.7,103.0
2025-08-29 13:00:00,38.1,39.5,445.0,18.8,23.9,125.0
2025-08-29 14:00:00,38.1,39.1,454.0,17.3,25.1,139.0
2025-08-29 15:00:00,37.6,38.3,508.0,18.7,26.7,141.0
2025-08-29 16:00:00,37.7,38.4,593.0,22.0,28.4,135.0
2025-08-29 17:00:00,35.3,35.9,685.0,18.0,19.7,122.0
2025-08-29 18:00:00,38.1,39.0,798.0,24.3,20.7,104.0
2025-08-29 19:00:00,40.3,45.1,917.0,32.8,22.1,80.0
2025-08-29 20:00:00,40.7,49.9,979.0,37.9,22.7,61.0
2025-08-29 21:00:00,38.9,52.4,945.0,36.6,22.1,54.0
2025-08-29 22:00:00,38.1,57.0,852.0,31.9,20.7,52.0
2025-08-29 23:00:00,35.2,52.3,751.0,27.4,19.4,52.0
2025-08-30 00:00:00,32.4,47.4,645.0,23.9,18.1,52.0
2025-08-30 01:00:00,32.1,42.8,530.0,20.7,16.8,54.0
2025-08-30 02:00:00,29.3,36.0,443.0,18.7,16.0,54.0
2025-08-30 03:00:00,29.0,32.9,392.0,18.7,15.9,51.0
2025-08-30 04:00:00,29.5,31.7,368.0,19.9,16.3,46.0
2025-08-30 05:00:00,31.4,31.9,381.0,21.9,17.3,40.0
2025-08-30 06:00:00,32.5,32.7,463.0,22.8,18.7,44.0
2025-08-30 07:00:00,34.2,34.6,582.0,23.9,20.5,50.0
2025-08-30 08:00:00,34.6,34.9,646.0,23.2,21.8,64.0
2025-08-30 09:00:00,33.1,33.3,600.0,19.1,21.9,92.0
2025-08-30 10:00:00,30.5,30.9,500.0,13.3,21.4,126.0
2025-08-30 11:00:00,28.5,28.9,425.0,9.0,21.0,153.0
2025-08-30 12:00:00,27.8,28.1,400.0,7.3,20.7,165.0
2025-08-30 13:00:00,27.6,28.0,401.0,7.2,20.5,169.0
2025-08-30 14:00:00,26.9,27.3,433.0,8.8,20.8,167.0
2025-08-30 15:00:00,28.3,28.6,473.0,11.7,21.9,162.0
2025-08-30 16:00:00,34.6,35.0,544.0,16.3,23.6,151.0
2025-08-30 17:00:00,38.1,45.3,717.0,26.1,23.0,125.0
2025-08-30 18:00:00,42.6,47.1,1117.0,40.6,25.2,99.0
2025-08-30 19:00:00,51.8,55.2,1620.0,60.1,28.2,63.0
2025-08-30 20:00:00,60.5,63.3,1921.0,71.2,29.7,38.0
2025-08-30 21:00:00,63.3,65.0,1857.0,65.8,28.3,35.0
2025-08-30 22:00:00,51.5,52.3,1591.0,52.0,25.4,43.0
2025-08-30 23:00:00,45.6,46.0,1310.0,40.4,23.0,50.0
2025-08-31 00:00:00,38.6,38.8,1051.0,34.9,21.7,51.0
2025-08-31 01:00:00,34.9,35.0,776.0,31.6,20.9,51.0
2025-08-31 02:00:00,36.2,36.3,568.0,29.5,20.4,49.0
2025-08-31 03:00:00,36.8,36.9,456.0,28.8,20.4,44.0
2025-08-31 04:00:00,37.4,37.5,410.0,29.4,20.7,38.0
2025-08-31 05:00:00,41.0,41.1,416.0,26.8,20.0,41.0
2025-08-31 06:00:00,41.0,41.1,510.0,26.0,20.4,46.0
2025-08-31 07:00:00,37.1,37.3,655.0,24.8,20.9,55.0
2025-08-31 08:00:00,33.4,33.5,732.0,23.2,21.2,64.0
2025-08-31 09:00:00,30.4,30.5,664.0,21.1,21.1,75.0
2025-08-31 10:00:00,27.5,27.6,527.0,18.6,20.7,88.0
2025-08-31 11:00:00,27.1,27.2,431.0,16.4,20.3,100.0
2025-08-31 12:00:00,32.8,32.9,421.0,14.3,19.8,114.0
2025-08-31 13:00:00,27.5,27.6,451.0,12.5,19.2,128.0
2025-08-31 14:00:00,34.8,34.9,501.0,12.6,18.9,135.0
2025-08-31 15:00:00,34.1,34.1,571.0,16.0,19.1,129.0
2025-08-31 16:00:00,35.7,35.9,659.0,21.3,19.6,116.0
2025-08-31 17:00:00,34.7,34.8,741.0,31.6,19.0,90.0
2025-08-31 18:00:00,37.3,37.4,821.0,34.6,20.1,78.0
2025-08-31 19:00:00,39.2,39.2,895.0,38.7,21.7,61.0
2025-08-31 20:00:00,40.0,40.0,924.0,40.8,22.6,49.0
2025-08-31 21:00:00,40.2,40.2,889.0,39.4,22.6,44.0
2025-08-31 22:00:00,40.4,40.5,810.0,36.0,21.9,44.0
2025-08-31 23:00:00,40.0,40.2,708.0,32.3,20.8,45.0
2025-09-01 00:00:00,37.3,37.4,563.0,28.2,18.9,47.0
2025-09-01 01:00:00,31.9,32.0,394.0,23.8,16.5,50.0
2025-09-01 02:00:00,27.5,27.6,281.0,20.3,14.6,53.0
2025-09-01 03:00:00,23.2,23.2,263.0,18.1,13.8,56.0
2025-09-01 04:00:00,19.3,19.3,300.0,16.8,13.5,59.0
2025-09-01 05:00:00,24.8,24.9,359.0,25.1,18.9,42.0
2025-09-01 06:00:00,22.6,22.6,446.0,27.2,19.7,44.0
2025-09-01 07:00:00,19.8,19.9,555.0,30.0,20.7,46.0
2025-09-01 08:00:00,19.3,19.3,628.0,30.8,21.2,51.0
2025-09-01 09:00:00,12.8,12.8,639.0,27.8,20.5,57.0
2025-09-01 10:00:00,9.8,9.8,615.0,22.9,19.1,64.0
2025-09-01 11:00:00,10.8,10.8,583.0,18.7,18.1,76.0
2025-09-01 12:00:00,12.3,12.3,534.0,15.9,17.9,99.0
2025-09-01 13:00:00,14.3,14.3,477.0,13.9,18.1,126.0
2025-09-01 14:00:00,16.4,16.4,459.0,13.9,18.0,140.0
2025-09-01 15:00:00,16.9,17.1,520.0,17.1,17.1,130.0
2025-09-01 16:00:00,18.0,18.2,621.0,22.3,15.9,107.0
2025-09-01 17:00:00,22.6,22.7,695.0,24.0,17.5,76.0
2025-09-01 18:00:00,25.5,25.6,717.0,23.1,17.5,72.0
2025-09-01 19:00:00,26.7,26.8,712.0,21.9,17.4,67.0
2025-09-01 20:00:00,26.1,26.3,690.0,20.4,16.9,64.0
2025-09-01 21:00:00,25.0,25.2,648.0,18.7,15.7,64.0
2025-09-01 22:00:00,24.6,24.7,589.0,16.9,14.0,65.0
2025-09-01 23:00:00,23.1,23.3,529.0,15.2,12.5,66.0
2025-09-02 00:00:00,20.4,20.5,469.0,13.7,11.3,67.0
2025-09-02 01:00:00,17.8,17.9,408.0,12.4,10.4,69.0
2025-09-02 02:00:00,15.5,15.6,365.0,11.5,9.8,70.0
2025-09-02 03:00:00,13.7,13.7,343.0,11.0,9.8,70.0
2025-09-02 04:00:00,11.6,11.6,338.0,10.9,10.2,70.0
2025-09-02 05:00:00,10.7,10.7,364.0,14.1,11.8,63.0
2025-09-02 06:00:00,11.0,11.1,452.0,16.6,12.2,62.0
2025-09-02 07:00:00,12.7,12.7,569.0,19.9,12.7,60.0
2025-09-02 08:00:00,13.3,13.3,634.0,22.0,13.1,61.0
2025-09-02 09:00:00,12.8,12.8,590.0,21.9,13.3,65.0
2025-09-02 10:00:00,13.6,13.7,494.0,20.7,13.4,70.0
2025-09-02 11:00:00,14.3,14.3,427.0,18.9,13.6,78.0
2025-09-02 12:00:00,16.8,16.8,425.0,15.8,14.2,91.0
2025-09-02 13:00:00,16.6,16.7,452.0,12.2,15.0,106.0
2025-09-02 14:00:00,19.4,19.4,487.0,11.4,15.6,113.0
2025-09-02 15:00:00,22.1,22.2,528.0,15.5,15.4,107.0
2025-09-02 16:00:00,21.9,22.0,576.0,22.4,15.0,94.0
2025-09-02 17:00:00,29.5,29.9,620.0,31.6,15.4,59.0
2025-09-02 18:00:00,26.4,26.6,661.0,31.2,16.1,58.0
2025-09-02 19:00:00,26.0,26.3,698.0,30.5,16.9,56.0
2025-09-02 20:00:00,26.8,27.2,710.0,29.2,17.3,56.0
2025-09-02 21:00:00,26.8,27.4,685.0,26.8,16.7,59.0
2025-09-02 22:00:00,25.9,26.4,636.0,23.7,15.6,63.0
2025-09-02 23:00:00,23.6,24.2,582.0,21.1,14.6,66.0
2025-09-03 00:00:00,21.4,22.1,521.0,19.4,13.8,67.0
2025-09-03 01:00:00,21.1,21.7,455.0,18.0,13.0,66.0
2025-09-03 02:00:00,20.0,20.4,406.0,16.8,12.2,66.0
2025-09-03 03:00:00,18.5,18.9,371.0,14.9,11.0,68.0
2025-09-03 04:00:00,15.8,16.2,352.0,13.1,9.8,71.0
2025-09-03 05:00:00,15.3,15.4,380.0,16.4,11.8,62.0
2025-09-03 06:00:00,12.5,12.7,499.0,19.2,12.1,61.0
2025-09-03 07:00:00,12.4,12.5,665.0,23.0,12.7,60.0
2025-09-03 08:00:00,10.8,10.9,777.0,25.2,13.7,60.0
2025-09-03 09:00:00,12.4,12.5,785.0,24.3,15.6,63.0
2025-09-03 10:00:00,11.0,11.2,739.0,21.8,17.9,67.0
2025-09-03 11:00:00,8.4,8.5,686.0,19.9,19.7,74.0
2025-09-03 12:00:00,10.8,10.8,628.0,19.2,20.4,87.0
2025-09-03 13:00:00,12.8,12.8,564.0,19.0,20.4,102.0
2025-09-03 14:00:00,15.0,15.0,532.0,19.5,20.4,111.0
2025-09-03 15:00:00,15.1,15.1,541.0,19.7,20.2,111.0
2025-09-03 16:00:00,16.6,16.6,584.0,20.7,20.0,104.0
2025-09-03 17:00:00,25.6,25.6,676.0,28.6,19.3,82.0
2025-09-03 18:00:00,24.3,24.3,876.0,28.2,18.6,73.0
2025-09-03 19:00:00,23.5,23.5,1125.0,27.7,17.6,61.0
2025-09-03 20:00:00,21.9,21.9,1267.0,28.7,17.0,49.0
2025-09-03 21:00:00,21.5,21.5,1205.0,33.2,17.3,39.0
2025-09-03 22:00:00,24.2,24.4,1036.0,39.2,18.0,29.0
2025-09-03 23:00:00,28.7,29.0,886.0,41.5,17.9,24.0
2025-09-04 00:00:00,26.0,26.2,801.0,36.7,16.2,27.0
2025-09-04 01:00:00,21.0,21.2,737.0,28.4,13.6,34.0
2025-09-04 02:00:00,17.3,17.5,683.0,21.8,11.5,40.0
2025-09-04 03:00:00,14.8,15.0,631.0,19.0,10.2,40.0
2025-09-04 04:00:00,13.2,13.4,590.0,18.0,9.4,39.0
2025-09-04 05:00:00,23.0,23.6,579.0,27.9,13.0,23.0
2025-09-04 06:00:00,25.6,26.3,624.0,30.8,14.4,22.0
2025-09-04 07:00:00,32.8,33.6,699.0,34.4,16.5,23.0
2025-09-04 08:00:00,35.3,36.4,742.0,34.6,18.5,36.0
2025-09-04 09:00:00,31.4,32.1,725.0,28.0,20.4,71.0
2025-09-04 10:00:00,25.4,25.8,676.0,18.1,22.2,119.0
2025-09-04 11:00:00,24.2,24.6,620.0,10.4,23.5,158.0
2025-09-04 12:00:00,25.3,25.8,542.0,7.2,24.2,184.0
2025-09-04 13:00:00,28.2,39.5,457.0,6.4,24.5,201.0
2025-09-04 14:00:00,29.9,34.8,429.0,7.2,24.4,208.0
2025-09-04 15:00:00,31.0,33.9,485.0,8.7,23.8,201.0
2025-09-04 16:00:00,29.3,30.5,598.0,11.8,22.8,182.0
2025-09-04 17:00:00,37.3,98.0,752.0,18.8,17.4,118.0
2025-09-04 18:00:00,39.0,68.7,989.0,26.2,18.2,98.0
2025-09-04 19:00:00,38.9,45.1,1266.0,36.3,19.3,69.0
2025-09-04 20:00:00,38.1,38.4,1441.0,43.5,19.9,47.0
2025-09-04 21:00:00,38.1,38.3,1443.0,45.1,19.5,36.0
2025-09-04 22:00:00,37.8,38.1,1343.0,43.8,18.6,31.0
2025-09-04 23:00:00,37.4,37.5,1212.0,41.9,17.6,28.0
2025-09-05 00:00:00,37.1,37.4,1053.0,40.0,16.6,25.0
2025-09-05 01:00:00,36.4,36.8,862.0,37.6,15.6,23.0
2025-09-05 02:00:00,35.4,35.7,702.0,35.4,14.9,22.0
2025-09-05 03:00:00,34.6,34.9,589.0,34.0,14.5,20.0
2025-09-05 04:00:00,34.0,34.3,506.0,32.9,14.4,19.0
2025-09-05 05:00:00,35.9,36.8,461.0,32.2,15.0,26.0
2025-09-05 06:00:00,32.1,34.6,481.0,28.2,15.7,40.0
2025-09-05 07:00:00,34.2,91.5,539.0,22.6,16.7,60.0
2025-09-05 08:00:00,27.4,62.9,563.0,17.4,17.3,82.0
2025-09-05 09:00:00,22.6,30.4,506.0,13.1,17.1,106.0
2025-09-05 10:00:00,24.7,37.6,415.0,9.1,16.5,131.0
2025-09-05 11:00:00,24.9,28.3,360.0,6.3,16.0,151.0
2025-09-05 12:00:00,25.0,28.5,373.0,4.6,15.7,165.0
2025-09-05 13:00:00,24.7,26.3,422.0,3.9,15.4,173.0
2025-09-05 14:00:00,25.4,26.5,485.0,5.1,15.0,172.0
2025-09-05 15:00:00,25.6,26.2,569.0,8.5,13.9,158.0
2025-09-05 16:00:00,24.9,25.1,667.0,13.6,12.7,134.0
2025-09-05 17:00:00,30.5,31.8,740.0,15.7,20.3,135.0
2025-09-05 18:00:00,33.2,34.1,776.0,19.1,20.3,119.0
2025-09-05 19:00:00,33.4,33.9,787.0,23.7,20.3,98.0
2025-09-05 20:00:00,33.2,33.4,765.0,26.5,20.2,81.0
2025-09-05 21:00:00,31.7,31.8,693.0,26.1,19.9,74.0
2025-09-05 22:00:00,29.4,29.5,587.0,24.0,19.5,72.0
2025-09-05 23:00:00,27.1,27.2,493.0,21.6,18.7,71.0
2025-09-06 00:00:00,25.1,25.1,420.0,19.3,17.2,69.0
2025-09-06 01:00:00,23.2,23.3,359.0,16.8,15.4,69.0
2025-09-06 02:00:00,21.9,22.0,322.0,14.8,13.7,68.0
2025-09-06 03:00:00,19.7,19.8,311.0,13.3,11.9,68.0
2025-09-06 04:00:00,14.7,14.8,325.0,12.2,10.2,68.0
2025-09-06 05:00:00,19.5,19.6,371.0,15.4,13.8,64.0
2025-09-06 06:00:00,20.8,21.0,487.0,17.0,15.4,64.0
2025-09-06 07:00:00,23.7,23.9,635.0,19.0,17.7,66.0
2025-09-06 08:00:00,27.4,27.6,709.0,19.2,19.5,76.0
2025-09-06 09:00:00,31.7,31.9,637.0,15.9,20.3,103.0
2025-09-06 10:00:00,34.5,34.9,490.0,10.9,20.6,139.0
2025-09-06 11:00:00,33.5,34.2,382.0,7.1,20.6,167.0
2025-09-06 12:00:00,32.6,33.4,351.0,5.3,20.2,181.0
2025-09-06 13:00:00,32.8,33.6,357.0,4.8,19.5,186.0
2025-09-06 14:00:00,32.6,33.5,395.0,6.3,18.7,182.0
2025-09-06 15:00:00,33.4,34.2,472.0,11.1,17.6,164.0
2025-09-06 16:00:00,32.6,33.4,581.0,17.9,16.5,137.0
2025-09-06 17:00:00,44.7,55.8,693.0,22.6,19.2,122.0
2025-09-06 18:00:00,47.8,53.0,828.0,26.1,19.8,106.0
2025-09-06 19:00:00,47.5,49.1,967.0,30.8,20.6,85.0
2025-09-06 20:00:00,48.0,49.7,1023.0,33.3,20.9,69.0
2025-09-06 21:00:00,46.2,48.1,935.0,31.6,20.4,66.0
2025-09-06 22:00:00,44.5,45.8,764.0,27.7,19.5,68.0
2025-09-06 23:00:00,43.4,44.1,611.0,24.3,18.7,70.0
2025-09-07 00:00:00,42.3,42.7,505.0,22.4,18.2,69.0
2025-09-07 01:00:00,41.4,41.8,417.0,21.0,17.8,67.0
2025-09-07 02:00:00,40.6,41.1,363.0,20.4,17.8,64.0
2025-09-07 03:00:00,40.2,40.9,348.0,21.2,18.4,58.0
2025-09-07 04:00:00,40.7,41.7,366.0,22.7,19.5,50.0
2025-09-07 05:00:00,37.8,38.9,419.0,21.8,19.8,49.0
2025-09-07 06:00:00,38.1,39.5,545.0,22.2,19.3,49.0
2025-09-07 07:00:00,35.5,36.8,706.0,22.6,18.6,51.0
2025-09-07 08:00:00,28.5,29.3,784.0,21.6,18.2,61.0
2025-09-07 09:00:00,25.8,26.4,699.0,17.7,18.4,88.0
2025-09-07 10:00:00,25.4,26.1,532.0,12.3,18.9,122.0
2025-09-07 11:00:00,25.8,26.5,402.0,8.6,18.9,147.0
2025-09-07 12:00:00,25.0,25.6,347.0,7.9,17.7,152.0
2025-09-07 13:00:00,28.5,29.0,329.0,8.8,16.0,147.0
2025-09-07 14:00:00,31.7,32.1,360.0,10.7,15.4,141.0
2025-09-07 15:00:00,34.1,34.6,429.0,12.7,16.8,141.0
2025-09-07 16:00:00,35.7,36.3,547.0,15.7,19.3,141.0
2025-09-07 17:00:00,36.6,36.8,749.0,22.0,26.9,140.0
2025-09-07 18:00:00,46.4,46.7,1150.0,34.9,26.7,112.0
2025-09-07 19:00:00,56.6,56.7,1635.0,52.7,26.5,74.0
2025-09-07 20:00:00,53.7,53.8,1904.0,65.0,26.0,44.0
2025-09-07 21:00:00,55.1,55.3,1772.0,67.5,25.3,31.0
2025-09-07 22:00:00,55.6,55.9,1422.0,64.6,24.3,26.0
2025-09-07 23:00:00,51.3,51.6,1107.0,59.7,23.1,25.0
2025-09-08 00:00:00,46.8,47.0,905.0,52.6,21.2,28.0
2025-09-08 01:00:00,45.4,45.5,737.0,43.5,19.1,34.0
2025-09-08 02:00:00,42.3,42.5,617.0,36.4,17.5,38.0
2025-09-08 03:00:00,39.8,40.0,555.0,33.1,16.6,37.0
2025-09-08 04:00:00,38.8,38.9,542.0,31.8,16.3,34.0
2025-09-08 05:00:00,35.2,35.3,564.0,33.5,17.6,29.0
2025-09-08 06:00:00,36.6,36.7,652.0,32.4,19.1,35.0
2025-09-08 07:00:00,37.7,38.0,775.0,30.7,21.2,44.0
2025-09-08 08:00:00,33.2,33.6,823.0,27.8,23.7,61.0
2025-09-08 09:00:00,29.3,30.6,722.0,22.7,26.9,90.0
2025-09-08 10:00:00,28.8,30.6,547.0,16.4,30.5,127.0
2025-09-08 11:00:00,29.5,31.3,411.0,11.6,32.6,156.0
2025-09-08 12:00:00,29.9,31.7,348.0,8.7,31.9,175.0
2025-09-08 13:00:00,30.3,32.1,323.0,7.3,29.8,186.0
2025-09-08 14:00:00,30.3,32.1,347.0,8.2,28.4,190.0
2025-09-08 15:00:00,29.6,31.3,418.0,10.8,28.5,185.0
2025-09-08 16:00:00,28.9,30.7,537.0,15.7,29.4,172.0
2025-09-08 17:00:00,31.1,42.7,720.0,23.7,27.2,145.0
2025-09-08 18:00:00,41.0,48.7,1013.0,47.4,33.4,115.0
2025-09-08 19:00:00,60.5,67.5,1369.0,79.8,42.0,74.0
2025-09-08 20:00:00,76.8,83.1,1661.0,101.6,48.5,42.0
2025-09-08 21:00:00,88.0,93.4,1872.0,102.6,51.3,30.0
2025-09-08 22:00:00,94.3,99.2,2019.0,93.2,51.9,27.0
2025-09-08 23:00:00,91.5,95.5,2027.0,84.9,51.1,25.0
2025-09-09 00:00:00,87.3,91.0,1789.0,81.8,48.2,20.0
2025-09-09 01:00:00,85.9,89.6,1412.0,79.8,43.8,16.0
2025-09-09 02:00:00,84.1,88.2,1137.0,78.8,40.0,12.0
2025-09-09 03:00:00,81.0,85.7,1077.0,80.5,38.1,6.0
2025-09-09 04:00:00,75.7,81.7,1119.0,83.2,36.8,0.0
2025-09-09 05:00:00,53.3,66.1,1168.0,72.4,27.2,5.0
2025-09-09 06:00:00,50.6,67.5,1227.0,60.9,24.4,19.0
2025-09-09 07:00:00,43.9,67.5,1292.0,44.6,20.5,39.0
2025-09-09 08:00:00,40.3,70.8,1254.0,30.5,17.7,62.0
2025-09-09 09:00:00,37.3,72.2,1014.0,20.5,16.9,91.0
2025-09-09 10:00:00,31.7,49.2,671.0,12.6,17.1,124.0
2025-09-09 11:00:00,29.2,41.1,415.0,7.1,17.3,149.0
2025-09-09 12:00:00,29.3,39.5,330.0,4.6,17.3,164.0
2025-09-09 13:00:00,29.3,39.2,331.0,4.5,17.4,172.0
2025-09-09 14:00:00,28.9,39.1,357.0,5.8,17.3,173.0
2025-09-09 15:00:00,28.3,41.4,392.0,8.4,16.7,163.0
2025-09-09 16:00:00,27.8,58.2,452.0,12.4,15.9,146.0
2025-09-09 17:00:00,28.3,92.0,523.0,18.0,14.4,115.0
2025-09-09 18:00:00,31.8,94.3,622.0,25.3,15.7,97.0
2025-09-09 19:00:00,36.4,97.8,732.0,35.2,17.4,71.0
2025-09-09 20:00:00,39.7,102.7,793.0,41.4,18.4,53.0
2025-09-09 21:00:00,40.4,105.0,769.0,40.5,18.0,48.0
2025-09-09 22:00:00,39.3,105.7,695.0,35.8,16.9,50.0
2025-09-09 23:00:00,37.3,101.7,617.0,31.2,15.9,52.0
2025-09-10 00:00:00,35.2,96.6,540.0,27.7,15.2,54.0
2025-09-10 01:00:00,33.9,97.1,459.0,24.3,14.5,57.0
2025-09-10 02:00:00,33.3,98.5,406.0,21.8,14.2,58.0
2025-09-10 03:00:00,32.9,98.3,395.0,20.8,14.3,56.0
2025-09-10 04:00:00,32.9,99.2,412.0,20.6,14.8,52.0
2025-09-10 05:00:00,35.9,149.9,447.0,15.0,14.4,67.0
2025-09-10 06:00:00,37.1,143.9,521.0,16.3,15.6,68.0
2025-09-10 07:00:00,39.9,142.0,613.0,18.0,17.1,70.0
2025-09-10 08:00:00,39.8,143.0,644.0,17.9,17.8,77.0
2025-09-10 09:00:00,33.1,104.1,558.0,14.4,17.0,93.0
2025-09-10 10:00:00,26.5,70.5,413.0,9.2,15.4,115.0
2025-09-10 11:00:00,24.2,58.7,301.0,5.3,13.9,130.0
2025-09-10 12:00:00,22.2,48.1,262.0,3.9,12.6,135.0
2025-09-10 13:00:00,20.9,39.9,256.0,3.8,11.3,135.0
2025-09-10 14:00:00,20.3,37.1,264.0,4.8,10.4,132.0
2025-09-10 15:00:00,23.0,69.8,283.0,7.1,10.1,126.0
2025-09-10 16:00:00,27.5,112.7,315.0,10.4,10.3,118.0
2025-09-10 17:00:00,39.6,197.4,345.0,13.8,10.7,105.0
2025-09-10 18:00:00,43.1,214.7,368.0,15.7,11.5,97.0
2025-09-10 19:00:00,45.6,221.2,389.0,18.4,12.6,86.0
2025-09-10 20:00:00,47.7,221.7,413.0,20.9,13.5,76.0
2025-09-10 21:00:00,49.6,219.3,450.0,23.3,14.2,68.0
2025-09-10 22:00:00,51.1,208.6,490.0,25.6,14.7,62.0
2025-09-10 23:00:00,51.7,195.6,502.0,26.8,14.8,56.0
2025-09-11 00:00:00,50.9,180.7,463.0,26.3,14.2,51.0
2025-09-11 01:00:00,49.1,162.5,398.0,24.8,13.3,46.0
2025-09-11 02:00:00,46.8,144.8,344.0,23.5,12.6,42.0
2025-09-11 03:00:00,44.4,127.6,314.0,23.0,12.4,38.0
2025-09-11 04:00:00,41.9,114.1,297.0,22.7,12.4,34.0
2025-09-11 05:00:00,39.7,154.6,298.0,13.6,9.6,49.0
2025-09-11 06:00:00,40.3,156.5,337.0,14.6,10.5,51.0
2025-09-11 07:00:00,42.6,159.3,395.0,15.8,11.7,53.0
2025-09-11 08:00:00,44.1,175.6,417.0,15.6,12.4,60.0
2025-09-11 09:00:00,42.6,169.5,366.0,12.5,12.4,74.0
2025-09-11 10:00:00,39.5,157.9,279.0,8.0,11.9,93.0
2025-09-11 11:00:00,36.6,159.3,214.0,4.6,11.3,106.0
2025-09-11 12:00:00,35.9,166.2,196.0,3.0,10.3,111.0
2025-09-11 13:00:00,35.4,174.2,200.0,2.6,9.0,111.0
2025-09-11 14:00:00,33.9,177.4,211.0,4.0,8.4,108.0
2025-09-11 15:00:00,33.4,180.2,205.0,7.4,8.5,104.0
2025-09-11 16:00:00,34.1,173.7,207.0,12.6,9.2,96.0
2025-09-11 17:00:00,37.3,171.8,275.0,19.4,11.0,85.0
2025-09-11 18:00:00,42.8,163.9,488.0,29.5,13.5,68.0
2025-09-11 19:00:00,49.9,165.3,768.0,43.4,16.9,45.0
2025-09-11 20:00:00,54.2,169.5,934.0,53.5,19.7,27.0
2025-09-11 21:00:00,57.5,173.2,884.0,55.7,21.0,20.0
2025-09-11 22:00:00,60.3,176.0,720.0,54.0,21.6,18.0
2025-09-11 23:00:00,63.3,183.5,571.0,53.5,22.2,16.0
2025-09-12 00:00:00,66.6,185.3,477.0,56.9,23.1,11.0
2025-09-12 01:00:00,68.9,180.7,397.0,61.3,23.9,5.0
2025-09-12 02:00:00,68.7,170.9,344.0,63.5,24.0,1.0
2025-09-12 03:00:00,65.0,153.2,325.0,61.9,22.9,0.0
2025-09-12 04:00:00,59.1,134.6,333.0,58.0,21.1,0.0
2025-09-12 05:00:00,29.2,81.7,352.0,18.0,8.9,34.0
2025-09-12 06:00:00,30.0,83.1,395.0,18.2,9.8,40.0
2025-09-12 07:00:00,33.4,92.9,451.0,18.3,11.1,50.0
2025-09-12 08:00:00,36.9,123.4,467.0,17.2,12.3,63.0
2025-09-12 09:00:00,41.3,165.8,406.0,13.8,13.3,83.0
2025-09-12 10:00:00,44.5,188.6,305.0,9.2,14.1,107.0
2025-09-12 11:00:00,42.3,171.4,231.0,5.8,14.5,124.0
2025-09-12 12:00:00,38.1,143.4,211.0,4.2,14.2,129.0
2025-09-12 13:00:00,32.2,112.9,218.0,3.9,13.6,126.0
2025-09-12 14:00:00,29.7,101.7,232.0,5.3,13.2,121.0
2025-09-12 15:00:00,28.5,94.5,241.0,8.1,13.1,114.0
2025-09-12 16:00:00,28.6,93.1,257.0,12.7,13.3,105.0
2025-09-12 17:00:00,30.3,88.2,297.0,19.1,13.9,90.0
2025-09-12 18:00:00,37.0,85.9,341.0,31.8,16.5,71.0
2025-09-12 19:00:00,46.4,94.3,409.0,49.6,20.4,43.0
2025-09-12 20:00:00,55.1,106.9,576.0,64.5,25.4,22.0
2025-09-12 21:00:00,65.9,123.4,988.0,73.8,32.7,12.0
2025-09-12 22:00:00,78.5,141.1,1499.0,80.3,41.1,7.0
2025-09-12 23:00:00,88.9,154.1,1750.0,84.5,47.0,4.0
2025-09-13 00:00:00,94.3,159.3,1498.0,86.3,48.4,1.0
2025-09-13 01:00:00,95.5,161.6,986.0,85.9,47.2,1.0
2025-09-13 02:00:00,96.6,165.3,588.0,84.2,45.7,0.0
2025-09-13 03:00:00,98.5,169.0,455.0,81.5,44.8,0.0
2025-09-13 04:00:00,97.8,167.2,436.0,77.6,43.6,0.0
2025-09-13 05:00:00,42.0,80.3,453.0,40.8,15.3,16.0
2025-09-13 06:00:00,42.8,72.2,512.0,38.0,15.6,30.0
2025-09-13 07:00:00,43.1,68.5,606.0,33.7,16.1,50.0
2025-09-13 08:00:00,37.8,64.3,639.0,28.5,16.6,71.0
2025-09-13 09:00:00,31.8,56.7,544.0,21.3,17.1,95.0
2025-09-13 10:00:00,25.7,52.7,386.0,13.0,17.6,120.0
2025-09-13 11:00:00,23.6,60.1,267.0,7.0,17.7,138.0
2025-09-13 12:00:00,23.6,67.8,229.0,4.4,17.0,144.0
2025-09-13 13:00:00,23.3,66.8,228.0,4.1,15.8,142.0
2025-09-13 14:00:00,23.3,66.8,239.0,5.5,15.2,137.0
2025-09-13 15:00:00,24.1,71.9,256.0,8.1,15.3,131.0
2025-09-13 16:00:00,24.7,74.3,283.0,12.6,15.9,121.0
2025-09-13 17:00:00,27.2,66.8,310.0,20.8,16.5,108.0
2025-09-13 18:00:00,36.0,70.5,309.0,36.2,19.7,84.0
2025-09-13 19:00:00,46.9,82.0,306.0,57.8,24.3,51.0
2025-09-13 20:00:00,57.2,94.5,371.0,75.9,29.9,25.0
2025-09-13 21:00:00,69.4,109.9,584.0,87.2,37.2,12.0
2025-09-13 22:00:00,84.1,127.1,865.0,95.1,45.4,5.0
2025-09-13 23:00:00,95.0,136.4,1034.0,100.1,51.3,1.0
2025-09-14 00:00:00,97.6,139.2,988.0,101.4,53.1,0.0
2025-09-14 01:00:00,100.8,143.9,832.0,99.8,52.5,0.0
2025-09-14 02:00:00,102.4,146.2,699.0,97.7,51.6,0.0
2025-09-14 03:00:00,98.0,140.6,639.0,96.0,50.9,0.0
2025-09-14 04:00:00,94.3,137.4,602.0,93.8,49.9,0.0
2025-09-14 05:00:00,68.9,100.4,576.0,68.1,31.2,1.0
2025-09-14 06:00:00,63.1,87.5,568.0,62.9,30.6,19.0
2025-09-14 07:00:00,61.5,80.6,570.0,55.3,29.7,45.0
2025-09-14 08:00:00,48.8,73.1,543.0,45.9,28.4,71.0
2025-09-14 09:00:00,32.0,58.6,455.0,32.9,26.4,98.0
2025-09-14 10:00:00,26.2,48.8,339.0,18.1,24.1,126.0
2025-09-14 11:00:00,23.9,44.8,255.0,7.4,21.8,146.0
2025-09-14 12:00:00,24.0,44.9,232.0,3.5,19.6,153.0
2025-09-14 13:00:00,23.6,43.3,241.0,3.6,17.6,153.0
2025-09-14 14:00:00,23.1,41.7,255.0,5.6,16.3,148.0
2025-09-14 15:00:00,22.4,41.0,268.0,7.2,15.5,141.0
2025-09-14 16:00:00,24.0,42.3,287.0,10.6,15.6,130.0
2025-09-14 17:00:00,24.0,45.5,306.0,18.0,14.5,107.0
2025-09-14 18:00:00,32.2,49.9,299.0,34.3,19.0,84.0
2025-09-14 19:00:00,41.7,59.8,292.0,57.1,25.5,53.0
2025-09-14 20:00:00,54.1,74.5,353.0,76.4,31.9,27.0
2025-09-14 21:00:00,71.2,92.4,565.0,88.8,38.5,13.0
2025-09-14 22:00:00,85.2,105.7,845.0,97.7,45.0,5.0
2025-09-14 23:00:00,87.1,108.0,1011.0,102.9,49.3,0.0
2025-09-15 00:00:00,85.2,107.3,957.0,103.4,49.7,0.0
2025-09-15 01:00:00,83.8,107.3,790.0,100.3,47.8,0.0
2025-09-15 02:00:00,84.3,109.4,648.0,96.3,45.8,0.0
2025-09-15 03:00:00,85.2,111.3,577.0,92.8,45.0,0.0
2025-09-15 04:00:00,83.4,109.9,531.0,88.6,44.1,0.0
2025-09-15 05:00:00,38.0,57.5,506.0,45.6,18.8,21.0
2025-09-15 06:00:00,36.8,54.9,521.0,41.1,18.8,36.0
2025-09-15 07:00:00,38.0,54.2,558.0,34.5,18.8,57.0
2025-09-15 08:00:00,33.2,51.1,553.0,27.6,18.6,79.0
2025-09-15 09:00:00,26.7,41.2,461.0,19.9,18.1,104.0
2025-09-15 10:00:00,22.5,36.3,328.0,11.7,17.3,131.0
2025-09-15 11:00:00,21.6,41.9,230.0,5.9,16.4,149.0
2025-09-15 12:00:00,22.2,51.2,201.0,3.6,15.3,153.0
2025-09-15 13:00:00,22.8,57.5,208.0,3.7,14.0,148.0
2025-09-15 14:00:00,23.1,61.0,221.0,4.9,13.2,140.0
2025-09-15 15:00:00,22.9,62.9,233.0,5.3,12.5,133.0
2025-09-15 16:00:00,22.9,63.6,253.0,6.9,12.3,124.0
2025-09-15 17:00:00,21.2,54.6,273.0,14.0,14.9,112.0
2025-09-15 18:00:00,27.4,59.0,261.0,27.8,17.1,89.0
2025-09-15 19:00:00,36.3,67.1,250.0,47.1,20.4,57.0
2025-09-15 20:00:00,47.4,82.0,335.0,63.6,25.5,31.0
2025-09-15 21:00:00,61.0,99.7,638.0,74.7,34.2,19.0
2025-09-15 22:00:00,75.9,116.6,1037.0,83.0,44.6,14.0
2025-09-15 23:00:00,86.4,129.0,1262.0,88.0,51.3,10.0
2025-09-16 00:00:00,91.7,133.6,1148.0,88.3,51.4,7.0
2025-09-16 01:00:00,89.9,127.6,860.0,85.3,47.7,5.0
2025-09-16 02:00:00,78.5,108.0,628.0,82.1,43.9,4.0
2025-09-16 03:00:00,68.5,88.9,542.0,80.5,40.7,3.0
2025-09-16 04:00:00,62.2,75.9,512.0,78.7,37.3,2.0
2025-09-16 05:00:00,42.4,55.2,501.0,64.0,27.2,15.0
2025-09-16 06:00:00,44.7,54.8,512.0,57.2,27.6,23.0
2025-09-16 07:00:00,43.0,51.7,541.0,47.5,28.2,36.0
2025-09-16 08:00:00,36.0,43.7,541.0,37.7,28.2,57.0
2025-09-16 09:00:00,31.3,38.8,479.0,27.9,27.3,94.0
2025-09-16 10:00:00,29.5,38.1,387.0,18.0,25.9,138.0
2025-09-16 11:00:00,28.6,40.4,315.0,10.6,24.4,172.0
2025-09-16 12:00:00,27.9,43.1,282.0,7.0,22.8,187.0
2025-09-16 13:00:00,28.1,45.1,269.0,5.8,21.3,192.0
2025-09-16 14:00:00,28.4,46.9,269.0,6.2,20.3,190.0
2025-09-16 15:00:00,28.8,48.3,276.0,7.3,20.2,182.0
2025-09-16 16:00:00,28.1,47.7,297.0,10.0,20.7,167.0
2025-09-16 17:00:00,29.7,59.5,338.0,13.6,17.2,121.0
2025-09-16 18:00:00,33.2,62.2,424.0,20.3,19.1,102.0
2025-09-16 19:00:00,36.8,68.9,531.0,29.7,21.7,75.0
2025-09-16 20:00:00,43.5,79.2,599.0,36.7,23.8,55.0
2025-09-16 21:00:00,49.8,88.5,594.0,39.4,24.8,48.0
2025-09-16 22:00:00,55.5,87.8,549.0,39.9,25.2,49.0
2025-09-16 23:00:00,56.0,78.7,505.0,39.4,25.4,51.0
2025-09-17 00:00:00,55.6,71.0,471.0,37.9,25.5,54.0
2025-09-17 01:00:00,55.8,67.3,437.0,35.3,25.4,60.0
2025-09-17 02:00:00,56.1,65.4,413.0,33.3,25.4,63.0
2025-09-17 03:00:00,57.6,65.9,390.0,32.2,25.4,61.0
2025-09-17 04:00:00,58.0,65.4,376.0,31.7,25.4,57.0
2025-09-17 05:00:00,58.2,68.5,406.0,44.8,37.7,37.0
2025-09-17 06:00:00,58.3,70.5,535.0,44.8,40.5,44.0
2025-09-17 07:00:00,59.1,74.5,707.0,44.3,44.2,55.0
2025-09-17 08:00:00,55.1,73.8,792.0,40.8,45.4,74.0
2025-09-17 09:00:00,49.6,79.6,703.0,31.2,42.1,109.0
2025-09-17 10:00:00,45.3,97.8,526.0,18.6,36.3,151.0
2025-09-17 11:00:00,42.5,101.5,389.0,9.1,30.8,181.0
2025-09-17 12:00:00,38.9,90.8,342.0,5.5,26.2,189.0
2025-09-17 13:00:00,36.7,82.7,335.0,5.1,21.9,185.0
2025-09-17 14:00:00,34.6,74.5,340.0,6.0,18.8,176.0
2025-09-17 15:00:00,33.5,69.6,354.0,6.7,17.1,165.0
2025-09-17 16:00:00,30.5,57.5,381.0,8.8,16.6,149.0
2025-09-17 17:00:00,52.0,95.9,407.0,16.7,22.1,128.0
2025-09-17 18:00:00,56.0,98.5,423.0,28.1,26.2,108.0
2025-09-17 19:00:00,64.0,107.8,438.0,43.7,31.9,79.0
2025-09-17 20:00:00,75.0,113.2,460.0,53.6,35.4,59.0
2025-09-17 21:00:00,76.8,108.7,497.0,52.7,35.0,54.0
2025-09-17 22:00:00,75.4,102.2,542.0,46.3,32.5,57.0
2025-09-17 23:00:00,73.3,95.5,574.0,40.2,29.9,59.0
2025-09-18 00:00:00,70.8,90.1,589.0,36.4,27.5,58.0
2025-09-18 01:00:00,68.0,85.2,592.0,33.1,24.9,57.0
2025-09-18 02:00:00,64.7,80.1,581.0,30.5,22.8,55.0
2025-09-18 03:00:00,61.7,75.0,536.0,29.0,20.9,50.0
2025-09-18 04:00:00,59.4,70.1,477.0,28.3,19.4,45.0
2025-09-18 05:00:00,54.2,66.8,461.0,28.4,20.7,51.0
2025-09-18 06:00:00,53.8,72.2,542.0,28.5,25.2,59.0
2025-09-18 07:00:00,52.0,73.3,667.0,28.6,31.4,72.0
2025-09-18 08:00:00,54.7,82.7,730.0,27.2,37.0,92.0
2025-09-18 09:00:00,59.4,95.5,669.0,23.4,42.0,125.0
2025-09-18 10:00:00,63.3,106.2,546.0,18.2,46.3,165.0
2025-09-18 11:00:00,61.0,111.8,450.0,13.6,46.8,194.0
2025-09-18 12:00:00,56.6,107.6,413.0,10.0,40.6,204.0
2025-09-18 13:00:00,52.0,97.6,401.0,7.0,30.6,204.0
2025-09-18 14:00:00,46.6,87.1,403.0,5.8,22.8,197.0
2025-09-18 15:00:00,42.7,80.6,416.0,6.4,19.5,184.0
2025-09-18 16:00:00,38.6,72.2,442.0,8.8,18.3,165.0
2025-09-18 17:00:00,50.4,88.7,476.0,13.9,23.9,140.0
2025-09-18 18:00:00,55.4,88.2,520.0,23.0,26.0,117.0
2025-09-18 19:00:00,61.9,91.0,571.0,35.6,29.0,84.0
2025-09-18 20:00:00,68.7,92.7,613.0,45.9,31.2,58.0
2025-09-18 21:00:00,76.1,99.2,641.0,51.9,32.2,44.0
2025-09-18 22:00:00,80.6,101.5,660.0,55.6,32.5,37.0
2025-09-18 23:00:00,79.4,97.6,673.0,57.0,32.3,32.0
2025-09-19 00:00:00,73.8,88.7,675.0,55.0,31.5,31.0
2025-09-19 01:00:00,68.5,80.6,671.0,50.7,30.3,32.0
2025-09-19 02:00:00,66.4,77.1,675.0,47.8,29.5,32.0
2025-09-19 03:00:00,66.4,76.4,698.0,48.2,29.1,26.0
2025-09-19 04:00:00,66.4,75.2,729.0,49.9,29.2,18.0
2025-09-19 05:00:00,76.6,84.5,750.0,67.7,32.8,8.0
2025-09-19 06:00:00,73.6,86.8,764.0,61.6,41.9,25.0
2025-09-19 07:00:00,66.6,82.7,768.0,52.7,54.1,50.0
2025-09-19 08:00:00,62.2,79.4,740.0,43.1,60.9,78.0
2025-09-19 09:00:00,59.1,81.7,654.0,32.1,57.7,113.0
2025-09-19 10:00:00,56.7,80.8,536.0,20.4,49.1,151.0
2025-09-19 11:00:00,51.3,76.8,442.0,11.5,40.2,178.0
2025-09-19 12:00:00,49.9,73.8,394.0,7.3,31.6,184.0
2025-09-19 13:00:00,49.9,73.6,369.0,5.9,22.8,179.0
2025-09-19 14:00:00,51.7,74.0,354.0,6.1,17.1,172.0
2025-09-19 15:00:00,50.6,74.5,346.0,7.0,16.5,169.0
2025-09-19 16:00:00,49.0,73.1,347.0,9.4,19.0,165.0
2025-09-19 17:00:00,42.5,69.4,358.0,15.1,22.6,141.0
2025-09-19 18:00:00,43.1,68.7,357.0,19.9,23.1,122.0
2025-09-19 19:00:00,46.9,69.4,364.0,27.0,23.9,96.0
2025-09-19 20:00:00,49.5,70.5,441.0,35.5,25.7,72.0
2025-09-19 21:00:00,54.4,75.9,659.0,46.8,29.6,54.0
2025-09-19 22:00:00,61.2,86.8,946.0,59.5,34.4,39.0
2025-09-19 23:00:00,68.0,96.2,1148.0,68.8,37.6,28.0
2025-09-20 00:00:00,71.5,99.4,1188.0,72.3,37.8,21.0
2025-09-20 01:00:00,71.7,99.0,1142.0,72.3,36.3,18.0
2025-09-20 02:00:00,71.2,100.1,1084.0,70.8,34.7,16.0
2025-09-20 03:00:00,71.2,101.7,1040.0,68.3,33.3,13.0
2025-09-20 04:00:00,70.5,102.7,982.0,64.3,31.7,12.0
2025-09-20 05:00:00,53.0,75.7,904.0,34.6,20.9,39.0
2025-09-20 06:00:00,56.9,75.4,791.0,33.4,21.7,50.0
2025-09-20 07:00:00,58.1,76.6,657.0,31.4,22.7,66.0
2025-09-20 08:00:00,46.9,75.4,534.0,27.7,23.1,85.0
2025-09-20 09:00:00,39.6,71.7,426.0,20.8,22.3,110.0
2025-09-20 10:00:00,34.0,64.5,328.0,12.2,20.9,137.0
2025-09-20 11:00:00,30.7,60.8,261.0,5.9,19.2,156.0
2025-09-20 12:00:00,28.8,61.0,239.0,3.5,17.1,161.0
2025-09-20 13:00:00,27.5,64.5,248.0,3.4,14.7,157.0
2025-09-20 14:00:00,26.8,71.2,263.0,4.4,13.1,150.0
2025-09-20 15:00:00,26.6,80.6,273.0,5.9,12.5,143.0
2025-09-20 16:00:00,27.2,91.3,288.0,8.5,12.6,133.0
2025-09-20 17:00:00,35.2,147.1,318.0,11.9,13.4,114.0
2025-09-20 18:00:00,39.6,159.7,368.0,16.4,14.9,101.0
2025-09-20 19:00:00,45.1,174.2,433.0,22.7,17.0,82.0
2025-09-20 20:00:00,48.9,183.9,502.0,28.0,18.7,67.0
2025-09-20 21:00:00,51.0,182.1,587.0,31.3,19.5,58.0
2025-09-20 22:00:00,52.2,169.0,676.0,33.6,19.8,52.0
2025-09-20 23:00:00,51.9,152.3,725.0,35.5,19.8,47.0
2025-09-21 00:00:00,50.8,137.8,705.0,37.0,19.5,42.0
2025-09-21 01:00:00,50.4,128.5,646.0,38.1,19.0,37.0
2025-09-21 02:00:00,50.2,122.0,590.0,39.0,18.6,33.0
2025-09-21 03:00:00,49.0,112.9,540.0,40.0,18.4,27.0
2025-09-21 04:00:00,47.7,105.5,493.0,40.9,18.3,22.0
2025-09-21 05:00:00,35.3,66.8,488.0,25.1,15.2,45.0
2025-09-21 06:00:00,40.2,66.1,578.0,26.7,16.6,50.0
2025-09-21 07:00:00,42.3,65.2,709.0,28.7,18.6,59.0
2025-09-21 08:00:00,40.3,67.5,756.0,28.0,20.1,74.0
2025-09-21 09:00:00,36.7,66.4,632.0,22.1,21.1,104.0
2025-09-21 10:00:00,32.8,63.6,425.0,13.6,21.8,141.0
2025-09-21 11:00:00,30.3,64.5,270.0,7.1,21.3,166.0
2025-09-21 12:00:00,28.2,67.3,229.0,4.5,18.8,171.0
2025-09-21 13:00:00,26.6,72.4,241.0,3.9,15.2,165.0
2025-09-21 14:00:00,25.8,80.1,262.0,4.5,12.5,156.0
2025-09-21 15:00:00,26.1,92.2,273.0,6.1,11.7,148.0
2025-09-21 16:00:00,28.7,107.6,292.0,9.0,11.8,137.0
2025-09-21 17:00:00,41.4,177.0,331.0,12.6,12.7,116.0
2025-09-21 18:00:00,44.6,184.9,409.0,16.1,13.7,104.0
2025-09-21 19:00:00,48.4,197.9,507.0,21.0,15.1,87.0
2025-09-21 20:00:00,50.5,210.0,574.0,25.4,16.3,72.0
2025-09-21 21:00:00,51.6,209.1,589.0,28.4,17.1,64.0
2025-09-21 22:00:00,52.4,194.6,575.0,30.9,17.7,58.0
2025-09-21 23:00:00,52.9,178.3,547.0,34.2,18.4,52.0
2025-09-22 00:00:00,54.6,173.2,500.0,39.3,19.4,44.0
2025-09-22 01:00:00,57.6,174.6,440.0,45.1,20.4,35.0
2025-09-22 02:00:00,60.1,173.7,402.0,49.6,21.2,27.0
2025-09-22 03:00:00,61.5,170.9,396.0,52.2,21.3,19.0
2025-09-22 04:00:00,61.2,161.6,411.0,53.6,21.2,13.0
2025-09-22 05:00:00,42.3,92.0,456.0,33.6,16.3,37.0
2025-09-22 06:00:00,43.2,81.3,572.0,33.0,17.1,46.0
2025-09-22 07:00:00,44.1,78.9,716.0,31.9,18.2,59.0
2025-09-22 08:00:00,41.4,82.7,770.0,28.8,19.0,77.0
2025-09-22 09:00:00,35.3,76.8,644.0,21.9,19.2,106.0
2025-09-22 10:00:00,29.0,69.4,428.0,13.2,19.1,140.0
2025-09-22 11:00:00,26.9,74.3,264.0,6.6,18.4,164.0
2025-09-22 12:00:00,26.0,83.4,216.0,4.0,16.8,170.0
2025-09-22 13:00:00,26.0,93.4,221.0,3.7,14.6,167.0
2025-09-22 14:00:00,26.7,105.9,237.0,4.5,13.0,160.0
2025-09-22 15:00:00,30.2,126.7,249.0,6.2,12.5,153.0
2025-09-22 16:00:00,33.6,149.5,272.0,9.0,12.5,142.0
2025-09-22 17:00:00,50.1,286.8,314.0,11.7,13.1,123.0
2025-09-22 18:00:00,55.1,293.4,395.0,14.5,14.2,113.0
2025-09-22 19:00:00,58.9,312.9,495.0,18.4,15.6,98.0
2025-09-22 20:00:00,59.4,303.6,560.0,21.9,16.6,85.0
2025-09-22 21:00:00,57.2,273.8,562.0,24.3,16.6,76.0
2025-09-22 22:00:00,54.0,230.0,530.0,26.2,16.0,67.0
2025-09-22 23:00:00,50.8,191.4,493.0,28.0,15.5,60.0
2025-09-23 00:00:00,48.2,162.5,453.0,29.9,15.2,53.0
2025-09-23 01:00:00,47.0,143.9,408.0,31.6,14.9,46.0
2025-09-23 02:00:00,46.6,131.3,382.0,33.0,14.6,40.0
2025-09-23 03:00:00,46.0,122.0,380.0,33.9,14.3,34.0
2025-09-23 04:00:00,45.1,113.4,395.0,34.4,14.1,28.0
2025-09-23 05:00:00,32.0,90.1,436.0,21.0,10.7,47.0
2025-09-23 06:00:00,34.9,84.3,539.0,23.2,12.0,49.0
2025-09-23 07:00:00,38.6,88.2,667.0,25.9,13.7,53.0
2025-09-23 08:00:00,39.8,98.0,713.0,25.9,15.1,65.0
2025-09-23 09:00:00,37.0,96.2,597.0,20.5,15.7,95.0
2025-09-23 10:00:00,31.8,89.9,398.0,12.4,16.0,133.0
2025-09-23 11:00:00,28.3,92.0,248.0,6.3,15.8,160.0
2025-09-23 12:00:00,27.8,103.4,203.0,4.0,15.0,168.0
2025-09-23 13:00:00,29.3,121.1,208.0,3.6,13.9,164.0
2025-09-23 14:00:00,31.5,142.5,222.0,4.3,13.0,158.0
2025-09-23 15:00:00,34.2,171.8,231.0,5.9,12.5,150.0
2025-09-23 16:00:00,38.0,199.3,251.0,8.6,12.3,139.0
2025-09-23 17:00:00,45.1,270.1,289.0,12.2,12.5,117.0
2025-09-23 18:00:00,50.9,283.1,359.0,16.2,13.9,105.0
2025-09-23 19:00:00,56.0,293.4,449.0,21.8,15.9,89.0
2025-09-23 20:00:00,58.6,295.2,526.0,26.5,17.4,76.0
2025-09-23 21:00:00,58.6,276.6,592.0,29.4,18.2,69.0
2025-09-23 22:00:00,57.4,243.1,647.0,31.4,18.5,64.0
2025-09-23 23:00:00,55.3,208.6,655.0,32.7,18.5,60.0
2025-09-24 00:00:00,53.4,181.6,579.0,33.2,18.0,55.0
2025-09-24 01:00:00,51.5,158.8,457.0,32.9,17.1,51.0
2025-09-24 02:00:00,49.8,145.8,368.0,32.4,16.2,47.0
2025-09-24 03:00:00,48.3,136.9,345.0,31.8,15.5,42.0
2025-09-24 04:00:00,46.1,129.5,356.0,30.9,14.8,38.0
2025-09-24 05:00:00,38.3,133.2,383.0,19.9,11.0,53.0
2025-09-24 06:00:00,38.5,125.3,444.0,21.1,11.6,55.0
2025-09-24 07:00:00,40.3,115.3,522.0,22.5,12.4,59.0
2025-09-24 08:00:00,39.3,118.5,546.0,21.9,13.2,70.0
2025-09-24 09:00:00,36.7,118.7,464.0,17.5,13.9,95.0
2025-09-24 10:00:00,34.2,124.3,329.0,11.1,14.6,126.0
2025-09-24 11:00:00,34.9,151.3,228.0,6.2,14.9,149.0
2025-09-24 12:00:00,37.4,180.7,200.0,4.2,14.5,157.0
2025-09-24 13:00:00,39.5,204.4,208.0,3.8,13.8,156.0
2025-09-24 14:00:00,42.3,228.2,224.0,4.5,13.2,151.0
2025-09-24 15:00:00,44.2,246.8,234.0,6.2,12.9,143.0
2025-09-24 16:00:00,47.8,270.1,254.0,9.0,12.7,132.0
2025-09-24 17:00:00,43.5,238.4,303.0,13.2,14.0,114.0
2025-09-24 18:00:00,49.8,257.0,410.0,18.5,15.3,100.0
2025-09-24 19:00:00,55.9,271.9,547.0,25.8,17.2,80.0
2025-09-24 20:00:00,59.8,285.9,651.0,31.9,18.7,64.0
2025-09-24 21:00:00,62.4,287.8,701.0,35.7,19.7,55.0
2025-09-24 22:00:00,63.6,275.7,716.0,38.2,20.3,50.0
2025-09-24 23:00:00,62.2,251.5,696.0,39.4,20.3,46.0
2025-09-25 00:00:00,59.3,222.6,614.0,38.5,19.3,43.0
2025-09-25 01:00:00,56.2,192.3,496.0,36.4,17.7,42.0
2025-09-25 02:00:00,53.2,163.0,415.0,34.9,16.4,40.0
2025-09-25 03:00:00,51.2,143.9,399.0,35.5,15.9,34.0
2025-09-25 04:00:00,50.1,130.9,420.0,36.8,15.7,28.0
2025-09-25 05:00:00,37.4,99.0,463.0,25.2,12.4,42.0
2025-09-25 06:00:00,37.8,98.3,556.0,25.5,12.8,47.0
2025-09-25 07:00:00,39.6,96.4,671.0,25.5,13.3,55.0
2025-09-25 08:00:00,37.5,100.8,707.0,23.8,13.8,68.0
2025-09-25 09:00:00,32.5,99.9,585.0,18.4,14.4,92.0
2025-09-25 10:00:00,29.3,105.0,383.0,11.2,15.0,122.0
2025-09-25 11:00:00,29.4,124.8,235.0,5.8,15.4,144.0
2025-09-25 12:00:00,31.2,142.5,200.0,3.7,15.3,154.0
2025-09-25 13:00:00,33.4,158.3,217.0,3.5,15.0,156.0
2025-09-25 14:00:00,36.3,179.7,242.0,4.4,14.9,154.0
2025-09-25 15:00:00,39.3,204.0,254.0,6.2,15.1,148.0
2025-09-25 16:00:00,42.6,230.5,274.0,9.2,15.5,137.0
2025-09-25 17:00:00,41.6,232.8,312.0,13.5,16.8,120.0
2025-09-25 18:00:00,46.9,235.2,387.0,19.1,18.1,104.0
2025-09-25 19:00:00,52.0,245.9,481.0,26.8,19.8,81.0
2025-09-25 20:00:00,54.5,254.3,551.0,32.4,20.8,63.0
2025-09-25 21:00:00,54.4,250.5,581.0,33.8,20.6,56.0
2025-09-25 22:00:00,52.9,228.6,587.0,33.1,19.8,53.0
2025-09-25 23:00:00,49.8,197.9,577.0,31.8,18.8,52.0
2025-09-26 00:00:00,45.8,165.8,542.0,29.9,17.6,51.0
2025-09-26 01:00:00,42.0,136.0,490.0,27.4,16.2,52.0
2025-09-26 02:00:00,39.0,111.5,452.0,26.0,15.2,51.0
2025-09-26 03:00:00,36.4,91.7,433.0,26.5,14.8,46.0
2025-09-26 04:00:00,34.2,76.4,429.0,28.0,14.7,41.0
2025-09-26 05:00:00,33.9,92.2,452.0,21.7,15.3,56.0
2025-09-26 06:00:00,35.2,85.0,544.0,23.9,16.3,58.0
2025-09-26 07:00:00,38.0,78.0,664.0,26.6,17.6,63.0
2025-09-26 08:00:00,36.2,75.0,705.0,26.5,18.6,75.0
2025-09-26 09:00:00,31.0,69.4,589.0,20.9,19.2,103.0
2025-09-26 10:00:00,27.1,68.5,395.0,12.6,19.4,138.0
2025-09-26 11:00:00,25.7,75.0,253.0,6.3,19.2,164.0
2025-09-26 12:00:00,26.4,88.0,223.0,4.0,18.2,172.0
2025-09-26 13:00:00,29.4,109.9,245.0,3.7,16.6,170.0
2025-09-26 14:00:00,32.9,137.4,276.0,4.6,15.7,164.0
2025-09-26 15:00:00,36.4,169.5,294.0,6.4,15.7,156.0
2025-09-26 16:00:00,40.4,202.6,320.0,9.5,16.3,145.0
2025-09-26 17:00:00,48.1,326.9,377.0,12.8,15.3,119.0
2025-09-26 18:00:00,55.2,339.0,490.0,17.8,16.7,104.0
2025-09-26 19:00:00,61.5,359.5,633.0,25.0,18.8,83.0
2025-09-26 20:00:00,66.1,365.1,751.0,31.7,20.6,65.0
2025-09-26 21:00:00,69.4,356.7,837.0,37.6,22.1,53.0
2025-09-26 22:00:00,71.7,341.8,898.0,43.0,23.4,44.0
2025-09-26 23:00:00,73.8,331.6,900.0,46.8,23.9,37.0
2025-09-27 00:00:00,75.4,329.7,800.0,48.6,23.2,31.0
2025-09-27 01:00:00,76.1,314.8,641.0,48.7,21.6,27.0
2025-09-27 02:00:00,74.5,297.1,524.0,47.2,20.2,25.0
2025-09-27 03:00:00,71.7,276.6,482.0,43.0,18.9,26.0
2025-09-27 04:00:00,69.8,256.1,480.0,37.2,17.7,29.0
2025-09-27 05:00:00,68.0,213.7,517.0,30.3,16.9,38.0
2025-09-27 06:00:00,69.4,181.6,630.0,31.5,18.0,45.0
2025-09-27 07:00:00,72.6,166.7,782.0,32.9,19.8,57.0
2025-09-27 08:00:00,72.6,170.0,856.0,31.8,22.6,79.0
2025-09-27 09:00:00,65.9,165.8,777.0,25.8,27.9,120.0
2025-09-27 10:00:00,52.7,152.3,620.0,17.4,34.2,172.0
2025-09-27 11:00:00,48.0,149.9,498.0,10.8,38.1,214.0
2025-09-27 12:00:00,48.4,144.8,455.0,7.7,37.4,238.0
2025-09-27 13:00:00,49.2,140.2,447.0,6.5,34.3,252.0
2025-09-27 14:00:00,49.2,133.2,458.0,7.0,31.7,256.0
2025-09-27 15:00:00,48.5,125.3,486.0,9.2,30.8,249.0
2025-09-27 16:00:00,48.2,119.2,532.0,13.1,30.5,232.0
2025-09-27 17:00:00,42.7,92.4,585.0,20.1,27.3,178.0
2025-09-27 18:00:00,44.6,82.7,642.0,25.5,27.9,150.0
2025-09-27 19:00:00,45.6,75.7,705.0,33.1,28.8,112.0
2025-09-27 20:00:00,49.6,69.4,767.0,40.5,29.7,79.0
2025-09-27 21:00:00,54.4,69.4,834.0,47.6,30.6,59.0
2025-09-27 22:00:00,59.4,73.8,901.0,54.5,31.6,46.0
2025-09-27 23:00:00,61.7,73.1,945.0,59.0,31.9,36.0
2025-09-28 00:00:00,62.4,71.9,957.0,60.0,31.3,31.0
2025-09-28 01:00:00,63.1,71.5,946.0,58.7,30.0,29.0
2025-09-28 02:00:00,62.4,71.5,924.0,56.1,28.8,30.0
2025-09-28 03:00:00,60.3,70.3,890.0,52.1,27.6,31.0
2025-09-28 04:00:00,58.1,69.4,845.0,46.9,26.4,34.0
2025-09-28 05:00:00,40.9,91.7,798.0,21.6,23.0,74.0
2025-09-28 06:00:00,40.4,88.5,757.0,22.9,26.0,77.0
2025-09-28 07:00:00,39.5,82.7,714.0,24.4,29.9,81.0
2025-09-28 08:00:00,33.2,74.5,653.0,23.8,31.4,91.0
2025-09-28 09:00:00,24.4,48.0,551.0,19.0,28.1,111.0
2025-09-28 10:00:00,22.2,57.9,430.0,12.1,22.3,135.0
2025-09-28 11:00:00,22.5,69.4,342.0,6.9,17.7,154.0
2025-09-28 12:00:00,22.6,75.0,311.0,4.9,15.5,162.0
2025-09-28 13:00:00,21.8,71.5,312.0,4.6,14.4,164.0
2025-09-28 14:00:00,21.3,68.5,327.0,5.7,14.1,161.0
2025-09-28 15:00:00,21.2,66.1,355.0,8.1,14.5,155.0
2025-09-28 16:00:00,20.8,61.7,397.0,11.9,15.7,144.0
2025-09-28 17:00:00,25.1,84.8,429.0,15.5,16.5,122.0
2025-09-28 18:00:00,29.2,81.5,438.0,19.6,18.4,108.0
2025-09-28 19:00:00,32.5,82.7,437.0,25.4,21.1,88.0
2025-09-28 20:00:00,33.6,82.2,447.0,29.8,23.2,72.0
2025-09-28 21:00:00,34.9,83.6,489.0,32.0,24.2,64.0
2025-09-28 22:00:00,35.7,83.4,541.0,32.8,24.5,59.0
2025-09-28 23:00:00,35.4,80.6,562.0,32.3,24.3,57.0
2025-09-29 00:00:00,33.4,78.5,520.0,29.4,23.2,58.0
2025-09-29 01:00:00,32.2,75.9,447.0,25.1,21.7,61.0
2025-09-29 02:00:00,31.8,73.8,396.0,22.3,20.7,62.0
2025-09-29 03:00:00,31.3,70.5,387.0,22.5,20.8,56.0
2025-09-29 04:00:00,30.7,65.2,400.0,24.1,21.5,48.0
2025-09-29 05:00:00,20.4,23.1,431.0,16.3,16.9,61.0
2025-09-29 06:00:00,21.0,21.8,502.0,18.8,20.4,60.0
2025-09-29 07:00:00,23.9,36.4,591.0,22.0,25.1,60.0
2025-09-29 08:00:00,27.0,53.7,627.0,22.9,28.5,69.0
2025-09-29 09:00:00,26.5,47.7,557.0,19.2,29.4,95.0
2025-09-29 10:00:00,27.1,43.1,433.0,13.3,28.9,130.0
2025-09-29 11:00:00,29.1,62.4,340.0,8.6,27.8,158.0
2025-09-29 12:00:00,29.5,52.2,313.0,6.5,25.9,173.0
2025-09-29 13:00:00,30.7,59.0,317.0,5.8,23.4,182.0
2025-09-29 14:00:00,30.9,57.0,335.0,6.3,21.8,185.0
2025-09-29 15:00:00,30.2,52.3,368.0,7.7,21.8,184.0
2025-09-29 16:00:00,30.6,49.9,416.0,10.4,22.8,177.0
2025-09-29 17:00:00,37.6,61.0,456.0,16.5,22.7,138.0
2025-09-29 18:00:00,44.1,62.6,474.0,26.0,25.2,114.0
2025-09-29 19:00:00,49.9,67.1,485.0,39.1,28.5,80.0
2025-09-29 20:00:00,54.2,64.7,510.0,48.8,31.1,54.0
2025-09-29 21:00:00,55.2,63.1,564.0,51.9,32.1,44.0
2025-09-29 22:00:00,55.5,62.2,632.0,51.5,32.2,41.0
2025-09-29 23:00:00,55.3,61.2,688.0,50.1,32.0,40.0
2025-09-30 00:00:00,54.1,59.3,737.0,48.4,31.5,38.0
2025-09-30 01:00:00,51.7,55.9,773.0,45.7,30.6,37.0
2025-09-30 02:00:00,46.2,49.0,758.0,42.2,29.7,38.0
2025-09-30 03:00:00,38.1,40.0,631.0,36.8,28.4,43.0
2025-09-30 04:00:00,32.0,33.4,452.0,30.5,27.1,50.0
2025-09-30 05:00:00,35.2,35.4,359.0,36.1,33.0,41.0
2025-09-30 06:00:00,35.9,36.1,450.0,36.5,34.1,43.0
2025-09-30 07:00:00,37.8,38.1,628.0,36.8,35.7,48.0
2025-09-30 08:00:00,36.7,36.8,737.0,35.3,37.4,61.0
2025-09-30 09:00:00,36.2,36.3,697.0,30.6,39.8,88.0
2025-09-30 10:00:00,34.5,37.1,589.0,24.1,42.3,123.0
2025-09-30 11:00:00,35.7,37.5,502.0,18.5,43.0,154.0
2025-09-30 12:00:00,39.2,48.5,465.0,14.1,39.9,178.0
2025-09-30 13:00:00,41.4,53.8,450.0,10.7,34.9,197.0
2025-09-30 14:00:00,43.3,56.5,459.0,9.4,31.8,209.0
2025-09-30 15:00:00,45.1,58.2,501.0,10.8,32.8,213.0
2025-09-30 16:00:00,46.3,61.2,567.0,14.5,35.8,210.0
2025-09-30 17:00:00,53.3,101.7,633.0,32.0,32.1,118.0
2025-09-30 18:00:00,54.6,118.5,686.0,33.1,32.4,103.0
2025-09-30 19:00:00,54.5,137.4,740.0,34.6,32.8,83.0
2025-09-30 20:00:00,53.0,142.0,809.0,36.3,32.7,66.0
2025-09-30 21:00:00,50.1,131.8,935.0,38.1,31.6,56.0
2025-09-30 22:00:00,46.9,112.7,1076.0,40.1,30.1,49.0
2025-09-30 23:00:00,43.7,94.5,1128.0,41.7,28.6,43.0
2025-10-01 00:00:00,41.6,79.2,1012.0,42.7,27.4,38.0
2025-10-01 01:00:00,41.3,70.8,805.0,43.3,26.3,35.0
2025-10-01 02:00:00,41.2,66.1,640.0,44.0,25.5,31.0
2025-10-01 03:00:00,41.0,62.4,557.0,45.6,24.7,25.0
2025-10-01 04:00:00,41.9,62.6,515.0,47.3,24.1,19.0
2025-10-01 05:00:00,33.4,51.1,518.0,27.4,19.1,44.0
2025-10-01 06:00:00,35.3,47.6,606.0,28.9,22.6,47.0
2025-10-01 07:00:00,36.4,43.9,740.0,30.6,27.7,53.0
2025-10-01 08:00:00,34.5,38.6,807.0,30.5,32.8,65.0
2025-10-01 09:00:00,33.4,44.1,734.0,26.7,38.3,87.0
2025-10-01 10:00:00,33.8,49.7,593.0,20.9,43.9,115.0
2025-10-01 11:00:00,36.8,55.8,490.0,16.1,47.0,141.0
2025-10-01 12:00:00,40.7,65.2,467.0,12.8,45.8,165.0
2025-10-01 13:00:00,45.8,74.5,481.0,10.5,42.1,188.0
2025-10-01 14:00:00,47.1,78.2,510.0,9.8,39.0,202.0
2025-10-01 15:00:00,48.9,85.9,553.0,11.3,37.8,204.0
2025-10-01 16:00:00,50.5,92.0,611.0,14.4,37.3,198.0
2025-10-01 17:00:00,50.3,74.3,664.0,18.2,34.1,174.0
2025-10-01 18:00:00,57.5,78.2,697.0,27.4,38.1,150.0
2025-10-01 19:00:00,65.0,85.4,725.0,40.3,43.7,117.0
2025-10-01 20:00:00,74.3,93.6,776.0,50.9,47.9,88.0
2025-10-01 21:00:00,80.3,101.5,886.0,57.3,49.6,68.0
2025-10-01 22:00:00,82.0,105.9,1019.0,61.4,49.9,53.0
2025-10-01 23:00:00,80.1,104.3,1090.0,63.2,49.2,41.0
2025-10-02 00:00:00,75.7,98.7,1052.0,61.5,47.2,34.0
2025-10-02 01:00:00,70.1,92.0,953.0,57.4,44.3,32.0
2025-10-02 02:00:00,64.3,83.8,851.0,54.7,42.1,29.0
2025-10-02 03:00:00,60.1,76.8,740.0,55.6,40.8,23.0
2025-10-02 04:00:00,57.7,73.3,627.0,57.7,40.3,16.0
2025-10-02 05:00:00,35.2,43.4,587.0,22.6,20.6,68.0
2025-10-02 06:00:00,31.8,40.0,701.0,25.1,24.6,70.0
2025-10-02 07:00:00,34.0,42.1,889.0,28.4,30.3,73.0
2025-10-02 08:00:00,36.7,45.9,986.0,29.1,35.4,86.0
2025-10-02 09:00:00,39.9,58.2,900.0,24.8,39.9,115.0
2025-10-02 10:00:00,42.8,62.2,724.0,18.0,43.9,152.0
2025-10-02 11:00:00,40.4,57.9,572.0,12.4,45.6,185.0
2025-10-02 12:00:00,39.0,57.2,478.0,9.3,43.5,209.0
2025-10-02 13:00:00,39.3,59.6,409.0,7.6,39.1,229.0
2025-10-02 14:00:00,40.4,63.6,382.0,7.5,35.6,238.0
2025-10-02 15:00:00,41.2,64.7,420.0,9.5,34.3,234.0
2025-10-02 16:00:00,41.8,65.2,500.0,13.2,33.8,220.0
2025-10-02 17:00:00,60.3,81.7,574.0,20.3,31.4,162.0
2025-10-02 18:00:00,57.5,70.3,629.0,23.1,31.3,142.0
2025-10-02 19:00:00,53.2,61.2,678.0,26.9,31.1,115.0
2025-10-02 20:00:00,51.3,56.1,707.0,29.6,30.6,94.0
2025-10-02 21:00:00,48.2,50.9,703.0,30.3,29.8,85.0
2025-10-02 22:00:00,45.1,46.4,680.0,29.8,28.7,81.0
2025-10-02 23:00:00,42.3,43.0,662.0,28.8,27.4,78.0
2025-10-03 00:00:00,39.6,40.0,659.0,27.1,25.6,75.0
2025-10-03 01:00:00,38.1,48.4,662.0,24.9,23.5,73.0
2025-10-03 02:00:00,36.8,49.7,667.0,23.4,21.7,70.0
2025-10-03 03:00:00,36.3,49.6,669.0,23.0,20.2,63.0
2025-10-03 04:00:00,35.2,49.6,673.0,23.3,19.0,55.0
2025-10-03 05:00:00,32.7,45.8,691.0,24.6,18.4,47.0
2025-10-03 06:00:00,33.1,48.8,752.0,25.8,21.5,51.0
2025-10-03 07:00:00,33.8,46.2,827.0,27.4,25.9,58.0
2025-10-03 08:00:00,31.5,42.4,841.0,27.0,29.6,73.0
2025-10-03 09:00:00,29.1,39.7,736.0,23.1,32.5,102.0
2025-10-03 10:00:00,28.3,39.9,570.0,17.3,34.7,139.0
2025-10-03 11:00:00,29.2,42.1,444.0,12.5,35.3,169.0
2025-10-03 12:00:00,29.6,44.1,400.0,9.5,32.8,186.0
2025-10-03 13:00:00,29.9,45.4,395.0,7.6,28.6,194.0
2025-10-03 14:00:00,29.7,44.0,404.0,7.4,25.6,197.0
2025-10-03 15:00:00,29.8,42.1,425.0,8.9,25.0,194.0
2025-10-03 16:00:00,30.4,43.1,461.0,12.0,25.7,184.0
2025-10-03 17:00:00,28.6,49.6,491.0,17.5,21.3,134.0
2025-10-03 18:00:00,31.7,48.5,493.0,25.4,22.2,111.0
2025-10-03 19:00:00,37.1,50.3,489.0,36.6,23.4,79.0
2025-10-03 20:00:00,42.0,51.5,529.0,47.7,25.0,51.0
2025-10-03 21:00:00,49.2,58.2,654.0,59.1,27.3,33.0
2025-10-03 22:00:00,57.7,68.9,822.0,70.4,30.0,19.0
2025-10-03 23:00:00,65.0,80.1,960.0,76.4,31.3,11.0
2025-10-04 00:00:00,68.5,87.8,1030.0,74.1,30.3,11.0
2025-10-04 01:00:00,65.7,89.2,1069.0,66.5,28.0,17.0
2025-10-04 02:00:00,61.7,90.6,1114.0,58.3,26.0,24.0
2025-10-04 03:00:00,59.6,91.5,1195.0,50.0,24.6,31.0
2025-10-04 04:00:00,59.5,93.6,1281.0,41.1,23.5,39.0
2025-10-04 05:00:00,65.7,86.4,1316.0,63.9,22.5,4.0
2025-10-04 06:00:00,66.4,88.2,1276.0,57.6,23.9,23.0
2025-10-04 07:00:00,69.2,93.4,1185.0,48.5,25.8,50.0
2025-10-04 08:00:00,61.0,98.7,1053.0,38.7,27.3,79.0
2025-10-04 09:00:00,53.0,86.1,848.0,27.5,28.7,112.0
2025-10-04 10:00:00,51.0,98.3,602.0,15.5,29.7,147.0
2025-10-04 11:00:00,50.9,108.7,422.0,6.9,29.0,172.0
2025-10-04 12:00:00,50.6,131.3,361.0,3.6,25.0,181.0
2025-10-04 13:00:00,50.8,176.5,366.0,3.7,19.2,179.0
2025-10-04 14:00:00,53.6,244.9,387.0,5.0,14.9,174.0
2025-10-04 15:00:00,61.9,330.6,410.0,7.3,13.5,166.0
2025-10-04 16:00:00,70.8,407.9,449.0,10.9,13.5,154.0
2025-10-04 17:00:00,65.2,332.5,491.0,17.1,17.6,130.0
2025-10-04 18:00:00,72.2,359.5,536.0,21.9,18.3,114.0
2025-10-04 19:00:00,77.8,378.1,586.0,28.5,19.2,93.0
2025-10-04 20:00:00,81.0,389.3,631.0,33.7,20.0,76.0
2025-10-04 21:00:00,82.4,386.5,677.0,36.3,20.7,68.0
2025-10-04 22:00:00,82.7,369.7,719.0,37.5,21.3,66.0
2025-10-04 23:00:00,81.3,342.7,735.0,37.7,21.6,64.0
2025-10-05 00:00:00,78.7,316.6,703.0,36.4,21.2,64.0
2025-10-05 01:00:00,75.9,293.4,644.0,34.1,20.5,65.0
2025-10-05 02:00:00,73.3,271.9,605.0,32.4,19.8,64.0
2025-10-05 03:00:00,70.8,252.4,602.0,32.1,19.3,59.0
2025-10-05 04:00:00,68.9,231.9,618.0,32.4,18.8,52.0
2025-10-05 05:00:00,63.1,174.6,650.0,28.8,18.9,52.0
2025-10-05 06:00:00,62.2,164.8,725.0,29.8,19.8,55.0
2025-10-05 07:00:00,63.8,153.7,816.0,30.9,21.0,60.0
2025-10-05 08:00:00,61.5,159.3,840.0,29.4,22.1,75.0
2025-10-05 09:00:00,60.8,201.2,734.0,22.9,23.0,108.0
2025-10-05 10:00:00,60.3,201.6,562.0,13.7,23.7,150.0
2025-10-05 11:00:00,58.0,164.8,429.0,7.0,23.6,181.0
2025-10-05 12:00:00,52.2,137.8,381.0,4.5,22.2,191.0
2025-10-05 13:00:00,46.1,118.7,372.0,4.4,20.1,190.0
2025-10-05 14:00:00,41.9,118.3,378.0,5.8,18.4,183.0
2025-10-05 15:00:00,39.0,124.8,376.0,7.8,17.4,172.0
2025-10-05 16:00:00,37.8,131.8,387.0,11.3,16.9,155.0
2025-10-05 17:00:00,46.9,194.6,454.0,16.4,18.2,127.0
2025-10-05 18:00:00,53.0,201.2,636.0,30.4,21.4,102.0
2025-10-05 19:00:00,63.6,206.8,873.0,50.0,25.9,68.0
2025-10-05 20:00:00,75.7,224.4,1023.0,66.7,30.8,41.0
2025-10-05 21:00:00,88.9,256.1,1018.0,78.2,36.6,27.0
2025-10-05 22:00:00,99.4,279.4,926.0,86.7,42.7,20.0
2025-10-05 23:00:00,105.0,292.4,805.0,90.5,45.9,16.0
2025-10-06 00:00:00,104.3,283.1,643.0,87.9,43.9,16.0
2025-10-06 01:00:00,97.6,248.7,452.0,80.6,39.0,19.0
2025-10-06 02:00:00,82.9,222.1,326.0,72.1,34.6,23.0
2025-10-06 03:00:00,75.0,210.9,305.0,62.1,31.9,27.0
2025-10-06 04:00:00,71.0,201.6,349.0,50.8,29.7,33.0
2025-10-06 05:00:00,55.8,164.8,427.0,20.8,16.8,55.0
2025-10-06 06:00:00,50.5,135.5,556.0,23.9,18.3,58.0
2025-10-06 07:00:00,54.4,127.6,719.0,28.0,20.4,62.0
2025-10-06 08:00:00,53.2,133.6,836.0,30.0,22.6,70.0
2025-10-06 09:00:00,45.4,108.0,872.0,28.0,24.8,84.0
2025-10-06 10:00:00,38.1,85.0,863.0,23.8,27.0,102.0
2025-10-06 11:00:00,34.1,68.7,830.0,20.2,29.2,120.0
2025-10-06 12:00:00,34.6,67.1,763.0,17.7,31.8,139.0
2025-10-06 13:00:00,35.3,83.8,674.0,15.7,34.2,157.0
2025-10-06 14:00:00,37.8,104.5,616.0,15.0,35.2,167.0
2025-10-06 15:00:00,40.7,128.5,601.0,16.1,33.5,163.0
2025-10-06 16:00:00,44.2,150.9,617.0,18.5,30.3,150.0
2025-10-06 17:00:00,39.9,83.4,688.0,27.8,34.1,113.0
2025-10-06 18:00:00,41.2,62.4,879.0,30.9,36.4,100.0
2025-10-06 19:00:00,42.5,59.1,1126.0,35.1,39.5,82.0
2025-10-06 20:00:00,45.3,58.3,1253.0,38.2,41.0,67.0
2025-10-06 21:00:00,44.6,54.2,1163.0,39.5,39.9,57.0
2025-10-06 22:00:00,45.5,52.6,954.0,39.6,37.2,51.0
2025-10-06 23:00:00,43.5,48.8,748.0,38.3,34.2,47.0
2025-10-07 00:00:00,37.8,42.1,563.0,34.5,30.9,47.0
2025-10-07 01:00:00,31.9,35.2,380.0,29.3,27.4,50.0
2025-10-07 02:00:00,28.6,31.4,267.0,25.7,24.6,52.0
2025-10-07 03:00:00,27.1,29.2,268.0,25.0,22.8,49.0
2025-10-07 04:00:00,27.2,29.1,338.0,25.8,21.8,45.0
2025-10-07 05:00:00,16.9,18.6,407.0,14.6,11.3,72.0
2025-10-07 06:00:00,17.4,19.0,467.0,17.3,12.4,71.0
2025-10-07 07:00:00,17.9,19.3,527.0,20.9,14.1,69.0
2025-10-07 08:00:00,15.9,17.0,544.0,22.6,16.2,71.0
2025-10-07 09:00:00,12.9,14.0,483.0,20.4,19.1,80.0
2025-10-07 10:00:00,12.1,14.1,379.0,16.3,22.4,92.0
2025-10-07 11:00:00,13.6,16.5,301.0,13.3,24.7,102.0
2025-10-07 12:00:00,13.6,19.8,254.0,12.1,25.3,109.0
2025-10-07 13:00:00,16.1,30.4,232.0,11.9,24.9,113.0
2025-10-07 14:00:00,19.3,40.7,283.0,13.5,24.3,114.0
2025-10-07 15:00:00,21.8,48.9,459.0,17.5,23.6,110.0
2025-10-07 16:00:00,26.1,51.8,707.0,23.3,22.7,103.0
2025-10-07 17:00:00,27.8,50.3,918.0,27.1,24.8,109.0
2025-10-07 18:00:00,35.2,56.7,1068.0,33.4,26.8,95.0
2025-10-07 19:00:00,40.4,62.4,1181.0,42.1,29.5,75.0
2025-10-07 20:00:00,43.7,60.8,1218.0,48.9,31.4,59.0
2025-10-07 21:00:00,41.9,55.6,1120.0,52.0,31.7,50.0
2025-10-07 22:00:00,43.5,55.3,946.0,53.2,31.1,44.0
2025-10-07 23:00:00,45.9,56.9,836.0,53.6,30.1,38.0
2025-10-08 00:00:00,47.5,58.4,881.0,54.0,28.3,31.0
2025-10-08 01:00:00,49.7,61.0,989.0,53.7,26.2,24.0
2025-10-08 02:00:00,51.5,61.0,1028.0,51.2,25.6,22.0
2025-10-08 03:00:00,50.2,60.1,917.0,45.0,28.0,26.0
2025-10-08 04:00:00,49.4,60.1,737.0,36.6,31.8,34.0
2025-10-08 05:00:00,39.1,47.6,598.0,30.2,26.6,44.0
2025-10-08 06:00:00,40.3,49.9,552.0,29.5,33.0,47.0
2025-10-08 07:00:00,41.1,52.6,548.0,28.3,41.8,51.0
2025-10-08 08:00:00,37.1,52.5,543.0,26.6,47.5,59.0
2025-10-08 09:00:00,30.6,46.7,521.0,23.8,47.6,74.0
2025-10-08 10:00:00,29.9,47.6,498.0,20.3,44.6,93.0
2025-10-08 11:00:00,31.8,50.2,475.0,17.4,40.9,109.0
2025-10-08 12:00:00,34.3,55.5,436.0,15.1,36.6,120.0
2025-10-08 13:00:00,36.1,60.5,397.0,13.3,31.5,128.0
2025-10-08 14:00:00,38.5,68.7,410.0,13.5,27.7,131.0
2025-10-08 15:00:00,38.6,66.6,516.0,16.4,26.0,126.0
2025-10-08 16:00:00,38.2,62.6,675.0,21.2,25.4,115.0
2025-10-08 17:00:00,43.1,64.5,815.0,27.6,23.3,97.0
2025-10-08 18:00:00,47.5,60.8,921.0,32.5,24.4,84.0
2025-10-08 19:00:00,47.8,55.9,1008.0,39.3,26.0,66.0
2025-10-08 20:00:00,46.2,51.2,1053.0,44.4,26.7,51.0
2025-10-08 21:00:00,45.8,49.0,1044.0,46.7,26.1,43.0
2025-10-08 22:00:00,47.6,50.3,994.0,47.3,24.8,38.0
2025-10-08 23:00:00,48.1,50.8,916.0,46.1,23.0,35.0
2025-10-09 00:00:00,46.3,49.6,787.0,42.2,20.5,35.0
2025-10-09 01:00:00,44.5,49.6,631.0,36.5,17.6,38.0
2025-10-09 02:00:00,42.3,50.5,532.0,31.9,15.4,40.0
2025-10-09 03:00:00,40.3,51.5,535.0,29.6,14.4,39.0
2025-10-09 04:00:00,39.1,51.9,595.0,28.5,14.2,38.0
2025-10-09 05:00:00,35.3,48.7,663.0,24.0,14.7,47.0
2025-10-09 06:00:00,37.8,48.0,747.0,25.0,16.5,51.0
2025-10-09 07:00:00,41.0,48.0,839.0,26.2,19.0,59.0
2025-10-09 08:00:00,39.0,46.2,861.0,25.4,21.6,72.0
2025-10-09 09:00:00,33.8,57.4,754.0,20.8,24.7,98.0
2025-10-09 10:00:00,25.1,31.8,577.0,14.2,27.8,130.0
2025-10-09 11:00:00,24.7,31.7,435.0,9.1,29.2,154.0
2025-10-09 12:00:00,25.5,34.2,355.0,6.5,27.3,166.0
2025-10-09 13:00:00,26.4,43.5,311.0,5.4,23.7,170.0
2025-10-09 14:00:00,29.5,75.0,324.0,6.5,21.0,168.0
2025-10-09 15:00:00,31.1,91.7,428.0,10.9,20.4,161.0
2025-10-09 16:00:00,33.1,117.8,590.0,17.5,20.8,147.0
2025-10-09 17:00:00,32.7,136.0,737.0,24.7,20.7,118.0
2025-10-09 18:00:00,44.5,172.8,862.0,30.2,21.6,103.0
2025-10-09 19:00:00,53.8,236.6,972.0,37.5,22.7,82.0
2025-10-09 20:00:00,63.1,323.2,1014.0,41.7,23.1,67.0
2025-10-09 21:00:00,72.6,407.9,942.0,39.9,22.0,63.0
2025-10-09 22:00:00,79.4,456.3,803.0,34.9,20.1,65.0
2025-10-09 23:00:00,81.3,452.6,677.0,30.0,18.3,68.0
2025-10-10 00:00:00,78.5,416.3,588.0,25.6,16.8,71.0
2025-10-10 01:00:00,72.9,359.5,513.0,21.3,15.4,75.0
2025-10-10 02:00:00,65.4,291.5,468.0,18.5,14.6,77.0
2025-10-10 03:00:00,58.6,231.0,450.0,17.8,14.5,74.0
2025-10-10 04:00:00,53.9,189.1,462.0,18.7,15.0,69.0
2025-10-10 05:00:00,49.9,161.1,531.0,19.5,15.2,68.0
2025-10-10 06:00:00,49.5,139.2,728.0,23.3,16.7,66.0
2025-10-10 07:00:00,52.2,124.8,980.0,28.1,18.9,64.0
2025-10-10 08:00:00,50.2,125.7,1101.0,29.6,21.4,73.0
2025-10-10 09:00:00,44.4,107.8,962.0,24.3,24.6,102.0
2025-10-10 10:00:00,35.4,82.9,692.0,15.6,28.0,142.0
2025-10-10 11:00:00,31.7,74.7,481.0,8.9,29.9,172.0
2025-10-10 12:00:00,31.3,76.6,390.0,5.6,28.8,186.0
2025-10-10 13:00:00,31.7,81.5,360.0,4.3,26.2,190.0
2025-10-10 14:00:00,32.0,86.1,404.0,6.2,24.1,186.0
2025-10-10 15:00:00,32.1,92.0,564.0,12.8,23.4,172.0
2025-10-10 16:00:00,32.6,98.5,798.0,22.6,23.3,149.0
2025-10-10 17:00:00,40.7,88.0,996.0,35.0,24.6,122.0
2025-10-10 18:00:00,53.0,102.7,1097.0,45.3,26.5,102.0
2025-10-10 19:00:00,58.8,109.0,1161.0,59.4,29.1,73.0
2025-10-10 20:00:00,59.1,116.9,1257.0,68.5,30.7,52.0
2025-10-10 21:00:00,60.3,125.7,1462.0,68.1,30.6,45.0
2025-10-10 22:00:00,60.1,134.1,1698.0,62.8,29.6,45.0
2025-10-10 23:00:00,60.8,141.6,1804.0,57.5,28.2,45.0
2025-10-11 00:00:00,60.5,144.8,1669.0,53.6,26.5,44.0
2025-10-11 01:00:00,59.5,143.0,1404.0,49.6,24.4,43.0
2025-10-11 02:00:00,57.6,136.9,1176.0,46.1,22.7,43.0
2025-10-11 03:00:00,55.6,128.1,1023.0,43.1,21.3,41.0
2025-10-11 04:00:00,54.6,119.2,907.0,40.6,20.2,40.0
2025-10-11 05:00:00,59.5,132.7,885.0,43.4,20.8,37.0
2025-10-11 06:00:00,61.0,115.0,1063.0,43.7,21.8,43.0
2025-10-11 07:00:00,62.9,98.0,1334.0,43.7,23.3,54.0
2025-10-11 08:00:00,55.8,82.0,1434.0,40.5,25.0,71.0
2025-10-11 09:00:00,39.7,65.9,1182.0,30.9,27.5,102.0
2025-10-11 10:00:00,32.5,64.3,759.0,18.1,30.1,141.0
2025-10-11 11:00:00,30.0,66.6,439.0,8.6,31.3,169.0
2025-10-11 12:00:00,29.5,64.3,335.0,4.7,29.5,181.0
2025-10-11 13:00:00,29.5,64.7,334.0,4.0,26.2,183.0
2025-10-11 14:00:00,29.5,68.0,375.0,6.1,23.8,178.0
2025-10-11 15:00:00,30.2,79.4,438.0,11.5,23.2,166.0
2025-10-11 16:00:00,31.9,97.3,543.0,19.8,23.4,147.0
2025-10-11 17:00:00,37.5,146.7,686.0,23.2,22.7,126.0
2025-10-11 18:00:00,47.8,173.7,923.0,29.8,23.4,108.0
2025-10-11 19:00:00,55.8,225.4,1198.0,38.7,24.3,84.0
2025-10-11 20:00:00,61.2,281.3,1341.0,44.1,24.4,66.0
2025-10-11 21:00:00,65.7,331.6,1241.0,43.0,23.0,60.0
2025-10-11 22:00:00,69.2,366.9,1009.0,38.4,20.8,60.0
2025-10-11 23:00:00,70.3,378.1,804.0,33.7,18.8,61.0
2025-10-12 00:00:00,69.2,366.9,678.0,29.5,17.3,63.0
2025-10-12 01:00:00,67.3,340.9,579.0,25.3,16.0,66.0
2025-10-12 02:00:00,65.0,308.3,517.0,22.2,15.2,67.0
2025-10-12 03:00:00,62.9,279.4,492.0,20.9,15.0,64.0
2025-10-12 04:00:00,62.6,261.7,503.0,20.8,15.4,60.0
2025-10-12 05:00:00,70.5,299.9,561.0,20.4,16.4,61.0
2025-10-12 06:00:00,74.0,285.9,721.0,23.8,17.8,59.0
2025-10-12 07:00:00,78.9,255.2,926.0,28.3,19.8,58.0
2025-10-12 08:00:00,80.3,272.9,1018.0,29.5,21.8,68.0
2025-10-12 09:00:00,73.8,240.3,888.0,24.4,24.1,101.0
2025-10-12 10:00:00,54.6,160.7,643.0,16.0,26.5,145.0
2025-10-12 11:00:00,36.3,109.4,449.0,9.4,27.4,178.0
2025-10-12 12:00:00,33.6,109.0,367.0,6.2,25.7,190.0
2025-10-12 13:00:00,33.1,123.9,334.0,4.8,22.6,191.0
2025-10-12 14:00:00,36.2,153.7,328.0,5.6,20.5,186.0
2025-10-12 15:00:00,40.4,190.0,334.0,8.6,20.2,176.0
2025-10-12 16:00:00,44.2,217.5,367.0,13.8,20.8,159.0
2025-10-12 17:00:00,52.2,267.3,446.0,18.2,20.4,133.0
2025-10-12 18:00:00,62.9,299.0,620.0,26.4,21.9,113.0
2025-10-12 19:00:00,71.5,332.5,840.0,37.4,23.8,85.0
2025-10-12 20:00:00,78.0,376.3,977.0,44.5,24.9,65.0
2025-10-12 21:00:00,82.9,416.3,958.0,44.0,24.2,59.0
2025-10-12 22:00:00,86.8,449.8,856.0,39.4,22.7,60.0
2025-10-12 23:00:00,87.5,455.4,762.0,34.8,21.1,62.0
2025-10-13 00:00:00,85.2,425.6,701.0,30.8,19.8,63.0
2025-10-13 01:00:00,81.0,373.5,648.0,26.8,18.4,65.0
2025-10-13 02:00:00,75.4,314.8,615.0,24.1,17.6,66.0
2025-10-13 03:00:00,69.4,258.0,593.0,23.4,17.3,64.0
2025-10-13 04:00:00,63.6,209.1,592.0,24.0,17.5,62.0
2025-10-13 05:00:00,67.8,202.1,656.0,28.9,19.7,56.0
2025-10-13 06:00:00,71.2,183.9,876.0,33.7,21.8,57.0
2025-10-13 07:00:00,77.1,154.1,1161.0,39.9,24.8,61.0
2025-10-13 08:00:00,67.1,127.1,1285.0,41.2,27.4,75.0
2025-10-13 09:00:00,51.6,96.2,1093.0,32.8,29.7,110.0
2025-10-13 10:00:00,41.9,76.8,740.0,19.4,31.7,155.0
2025-10-13 11:00:00,36.7,70.3,470.0,9.3,32.3,188.0
2025-10-13 12:00:00,34.3,68.7,384.0,5.4,30.2,200.0
2025-10-13 13:00:00,33.2,68.0,380.0,4.7,26.6,201.0
2025-10-13 14:00:00,32.6,67.5,397.0,6.3,24.2,195.0
2025-10-13 15:00:00,32.8,68.9,409.0,9.7,24.0,185.0
2025-10-13 16:00:00,34.2,70.8,440.0,15.2,25.0,170.0
2025-10-13 17:00:00,36.9,71.7,505.0,24.2,27.0,148.0
2025-10-13 18:00:00,48.9,79.9,632.0,37.5,28.7,120.0
2025-10-13 19:00:00,59.3,94.3,791.0,55.9,31.1,81.0
2025-10-13 20:00:00,68.7,111.1,911.0,70.4,33.1,50.0
2025-10-13 21:00:00,78.2,131.3,959.0,78.4,34.8,34.0
2025-10-13 22:00:00,85.4,152.7,967.0,82.5,36.1,27.0
2025-10-13 23:00:00,84.3,168.6,959.0,81.5,36.0,25.0
2025-10-14 00:00:00,78.2,183.0,935.0,72.3,33.2,31.0
2025-10-14 01:00:00,72.4,201.2,894.0,58.0,29.0,41.0
2025-10-14 02:00:00,68.9,213.3,856.0,46.7,25.5,49.0
2025-10-14 03:00:00,67.5,223.1,801.0,41.1,23.3,48.0
2025-10-14 04:00:00,67.8,230.5,750.0,38.5,22.0,44.0
2025-10-14 05:00:00,64.5,198.4,781.0,39.5,21.1,47.0
2025-10-14 06:00:00,68.7,208.6,1012.0,41.8,21.7,49.0
2025-10-14 07:00:00,74.3,191.4,1326.0,44.4,22.7,52.0
2025-10-14 08:00:00,71.0,190.9,1454.0,43.0,24.4,67.0
2025-10-14 09:00:00,63.6,207.7,1207.0,33.5,27.6,102.0
2025-10-14 10:00:00,46.2,175.6,775.0,19.9,31.4,148.0
2025-10-14 11:00:00,38.9,134.6,452.0,9.8,33.8,184.0
2025-10-14 12:00:00,37.7,118.0,368.0,5.9,33.3,202.0
2025-10-14 13:00:00,38.2,109.2,395.0,5.4,31.4,209.0
2025-10-14 14:00:00,38.1,101.0,440.0,7.5,30.3,209.0
2025-10-14 15:00:00,38.6,95.7,464.0,11.0,31.0,202.0
2025-10-14 16:00:00,40.0,89.9,506.0,17.0,32.5,188.0
2025-10-14 17:00:00,38.9,92.4,596.0,26.7,28.6,151.0
2025-10-14 18:00:00,56.2,106.2,770.0,47.6,31.9,117.0
2025-10-14 19:00:00,71.2,124.8,991.0,76.3,36.5,69.0
2025-10-14 20:00:00,81.5,139.7,1183.0,97.8,40.2,33.0
2025-10-14 21:00:00,88.0,154.1,1324.0,105.0,42.3,19.0
2025-10-14 22:00:00,95.2,169.0,1436.0,104.9,43.6,15.0
2025-10-14 23:00:00,99.2,180.7,1505.0,103.4,43.9,14.0
2025-10-15 00:00:00,100.4,189.1,1497.0,102.0,42.8,12.0
2025-10-15 01:00:00,99.9,195.6,1447.0,99.0,40.9,12.0
2025-10-15 02:00:00,98.0,201.6,1441.0,95.7,39.3,12.0
2025-10-15 03:00:00,96.4,208.6,1523.0,92.0,38.5,10.0
2025-10-15 04:00:00,95.9,217.0,1649.0,87.9,38.1,8.0
2025-10-15 05:00:00,99.2,209.1,1777.0,90.5,40.4,12.0
2025-10-15 06:00:00,106.4,223.1,1966.0,90.0,41.5,22.0
2025-10-15 07:00:00,118.3,214.7,2157.0,88.4,43.0,38.0
2025-10-15 08:00:00,95.2,182.1,2124.0,80.5,43.9,62.0
2025-10-15 09:00:00,70.8,190.0,1660.0,60.2,44.1,100.0
2025-10-15 10:00:00,51.2,157.9,973.0,33.5,43.6,145.0
2025-10-15 11:00:00,31.4,86.6,464.0,13.7,42.3,180.0
2025-10-15 12:00:00,30.5,76.8,322.0,6.6,39.3,198.0
2025-10-15 13:00:00,31.2,76.4,358.0,6.3,35.3,206.0
2025-10-15 14:00:00,32.0,76.4,411.0,8.5,32.3,205.0
2025-10-15 15:00:00,32.4,76.4,413.0,11.9,31.1,195.0
2025-10-15 16:00:00,33.4,74.7,431.0,17.7,31.0,178.0
2025-10-15 17:00:00,38.3,86.8,506.0,25.9,29.9,155.0
2025-10-15 18:00:00,49.0,93.8,687.0,37.4,31.2,127.0
2025-10-15 19:00:00,56.3,108.7,924.0,53.2,33.0,87.0
2025-10-15 20:00:00,61.5,122.5,1111.0,65.0,34.2,57.0
2025-10-15 21:00:00,64.0,129.9,1216.0,69.2,34.4,45.0
2025-10-15 22:00:00,66.6,138.3,1271.0,69.4,34.1,42.0
2025-10-15 23:00:00,65.2,146.7,1267.0,68.0,33.5,41.0
2025-10-16 00:00:00,63.3,156.0,1163.0,64.9,32.7,42.0
2025-10-16 01:00:00,63.1,165.8,1000.0,60.2,31.8,45.0
2025-10-16 02:00:00,62.9,172.8,892.0,56.2,30.6,47.0
2025-10-16 03:00:00,62.4,178.3,873.0,53.8,29.0,46.0
2025-10-16 04:00:00,61.5,182.5,908.0,52.1,27.3,45.0
2025-10-16 05:00:00,73.8,177.9,1008.0,69.2,32.9,32.0
2025-10-16 06:00:00,71.9,167.6,1271.0,67.6,32.5,35.0
2025-10-16 07:00:00,75.2,157.4,1599.0,64.7,31.9,41.0
2025-10-16 08:00:00,68.7,139.7,1710.0,57.8,31.5,58.0
2025-10-16 09:00:00,53.7,147.6,1390.0,42.9,31.7,98.0
2025-10-16 10:00:00,47.6,158.8,853.0,24.0,32.2,150.0
2025-10-16 11:00:00,43.5,153.7,452.0,10.1,32.2,189.0
2025-10-16 12:00:00,42.8,140.2,347.0,5.1,31.2,207.0
2025-10-16 13:00:00,43.8,132.2,378.0,5.0,29.8,212.0
2025-10-16 14:00:00,44.4,124.8,425.0,7.6,29.1,210.0
2025-10-16 15:00:00,45.2,119.2,443.0,11.6,29.8,202.0
2025-10-16 16:00:00,47.1,112.9,476.0,18.3,31.2,187.0
2025-10-16 17:00:00,46.9,121.5,535.0,25.2,27.2,158.0
2025-10-16 18:00:00,60.3,127.1,636.0,39.0,29.3,128.0
2025-10-16 19:00:00,69.6,139.7,763.0,57.8,32.2,88.0
2025-10-16 20:00:00,73.3,148.1,883.0,70.1,33.8,58.0
2025-10-16 21:00:00,73.3,153.2,1004.0,70.4,33.1,50.0
2025-10-16 22:00:00,71.7,156.5,1118.0,64.3,31.2,52.0
2025-10-16 23:00:00,68.5,163.0,1172.0,57.2,28.8,55.0
2025-10-17 00:00:00,64.3,171.4,1118.0,50.0,25.9,56.0
2025-10-17 01:00:00,62.4,177.0,1005.0,42.0,22.7,59.0
2025-10-17 02:00:00,60.8,181.1,921.0,36.0,20.2,60.0
2025-10-17 03:00:00,59.8,185.3,885.0,33.1,18.9,59.0
2025-10-17 04:00:00,59.6,189.5,878.0,32.3,18.4,57.0
2025-10-17 05:00:00,64.7,206.3,937.0,33.0,19.3,59.0
2025-10-17 06:00:00,67.8,194.6,1156.0,37.8,20.8,58.0
2025-10-17 07:00:00,73.8,177.0,1441.0,44.0,22.8,59.0
2025-10-17 08:00:00,68.5,160.7,1546.0,45.0,25.1,71.0
2025-10-17 09:00:00,57.3,164.8,1294.0,36.0,27.8,107.0
2025-10-17 10:00:00,50.4,161.6,863.0,21.8,30.7,154.0
2025-10-17 11:00:00,45.1,153.7,538.0,11.0,32.3,191.0
2025-10-17 12:00:00,43.5,151.3,445.0,6.6,31.6,208.0
2025-10-17 13:00:00,44.0,148.5,458.0,5.5,29.8,213.0
2025-10-17 14:00:00,44.1,143.9,489.0,6.9,28.5,211.0
2025-10-17 15:00:00,44.4,142.0,491.0,10.6,28.6,201.0
2025-10-17 16:00:00,46.0,142.0,510.0,16.7,29.3,183.0
2025-10-17 17:00:00,51.5,144.8,598.0,26.2,29.0,155.0
2025-10-17 18:00:00,65.4,156.0,788.0,42.3,31.5,123.0
2025-10-17 19:00:00,77.3,177.9,1047.0,64.4,34.9,79.0
2025-10-17 20:00:00,85.9,202.6,1320.0,79.4,37.0,46.0
2025-10-17 21:00:00,92.0,228.2,1662.0,81.5,36.9,35.0
2025-10-17 22:00:00,92.0,243.1,2018.0,76.7,35.4,35.0
2025-10-17 23:00:00,86.6,262.6,2173.0,69.6,33.1,38.0
2025-10-18 00:00:00,82.2,284.1,1961.0,60.3,29.5,42.0
2025-10-18 01:00:00,79.6,299.9,1547.0,48.7,25.0,48.0
2025-10-18 02:00:00,77.8,300.8,1208.0,40.1,21.6,51.0
2025-10-18 03:00:00,76.6,298.0,1030.0,36.4,19.9,49.0
2025-10-18 04:00:00,75.9,291.5,927.0,35.7,19.2,44.0
2025-10-18 05:00:00,90.8,353.9,912.0,59.2,26.0,24.0
2025-10-18 06:00:00,91.5,324.1,1069.0,60.3,27.0,29.0
2025-10-18 07:00:00,96.6,285.9,1314.0,61.1,28.5,37.0
2025-10-18 08:00:00,87.5,242.1,1412.0,57.2,30.7,57.0
2025-10-18 09:00:00,73.1,266.4,1206.0,43.8,34.4,98.0
2025-10-18 10:00:00,61.2,253.3,852.0,25.7,38.8,151.0
2025-10-18 11:00:00,53.0,225.8,588.0,12.2,41.6,192.0
2025-10-18 12:00:00,50.8,204.4,516.0,7.1,41.1,212.0
2025-10-18 13:00:00,49.6,188.1,532.0,6.5,39.0,221.0
2025-10-18 14:00:00,49.4,176.0,564.0,8.8,37.6,221.0
2025-10-18 15:00:00,50.2,170.0,568.0,12.5,37.7,213.0
2025-10-18 16:00:00,51.8,157.4,587.0,19.1,38.5,196.0
2025-10-18 17:00:00,56.2,143.4,678.0,29.0,34.9,158.0
2025-10-18 18:00:00,72.6,150.4,924.0,51.5,38.0,120.0
2025-10-18 19:00:00,86.1,159.3,1243.0,82.6,42.4,69.0
2025-10-18 20:00:00,98.5,169.0,1440.0,106.4,46.7,29.0
2025-10-18 21:00:00,109.0,182.1,1413.0,115.6,51.0,14.0
2025-10-18 22:00:00,118.3,196.5,1266.0,117.5,55.2,12.0
2025-10-18 23:00:00,125.3,210.5,1112.0,117.8,58.0,11.0
2025-10-19 00:00:00,128.1,223.1,969.0,118.3,58.5,8.0
2025-10-19 01:00:00,128.1,235.6,820.0,117.3,57.6,6.0
2025-10-19 02:00:00,129.0,250.5,729.0,115.0,56.3,5.0
2025-10-19 03:00:00,129.5,264.5,710.0,110.9,54.4,2.0
2025-10-19 04:00:00,128.1,277.5,749.0,105.5,52.0,0.0
2025-10-19 05:00:00,108.0,278.5,869.0,80.2,33.4,8.0
2025-10-19 06:00:00,112.7,284.1,1179.0,79.9,33.3,15.0
2025-10-19 07:00:00,121.5,268.2,1571.0,78.8,33.7,27.0
2025-10-19 08:00:00,105.0,234.7,1738.0,72.8,38.1,49.0
2025-10-19 09:00:00,84.3,232.4,1464.0,57.3,51.2,92.0
2025-10-19 10:00:00,65.7,224.4,965.0,37.0,68.2,146.0
2025-10-19 11:00:00,60.8,203.5,591.0,21.3,78.3,188.0
2025-10-19 12:00:00,61.7,182.1,496.0,13.8,75.0,211.0
2025-10-19 13:00:00,61.9,169.0,525.0,11.1,64.8,222.0
2025-10-19 14:00:00,61.2,159.7,563.0,12.2,56.6,223.0
2025-10-19 15:00:00,60.5,151.8,533.0,17.0,53.5,212.0
2025-10-19 16:00:00,61.7,137.4,511.0,25.7,52.4,190.0
2025-10-19 17:00:00,69.8,133.2,614.0,49.1,49.1,143.0
2025-10-19 18:00:00,80.1,147.6,946.0,64.4,51.6,113.0
2025-10-19 19:00:00,92.4,158.8,1403.0,85.5,55.1,71.0
2025-10-19 20:00:00,99.0,169.5,1785.0,101.4,58.5,39.0
2025-10-19 21:00:00,106.2,183.9,2016.0,106.7,61.7,27.0
2025-10-19 22:00:00,115.0,200.2,2173.0,106.8,64.9,25.0
2025-10-19 23:00:00,122.5,216.5,2284.0,106.4,67.2,23.0
2025-10-20 00:00:00,126.2,229.1,2363.0,106.7,68.0,19.0
2025-10-20 01:00:00,129.5,239.3,2396.0,106.6,68.0,16.0
2025-10-20 02:00:00,131.8,247.7,2378.0,107.4,68.6,13.0
2025-10-20 03:00:00,133.6,255.2,2271.0,110.7,70.8,7.0
2025-10-20 04:00:00,136.4,262.6,2111.0,114.8,73.6,1.0
2025-10-20 05:00:00,118.5,261.7,2004.0,95.7,45.4,4.0
2025-10-20 06:00:00,126.7,270.1,2053.0,93.4,44.8,15.0
2025-10-20 07:00:00,136.0,253.3,2154.0,89.4,44.1,31.0
2025-10-20 08:00:00,106.4,204.0,2099.0,80.5,44.9,56.0
2025-10-20 09:00:00,75.4,205.4,1728.0,62.2,49.3,97.0
2025-10-20 10:00:00,63.3,214.2,1201.0,39.1,55.2,146.0
2025-10-20 11:00:00,56.5,202.1,784.0,21.2,57.3,183.0
2025-10-20 12:00:00,52.3,177.9,584.0,12.6,51.9,201.0
2025-10-20 13:00:00,48.3,156.0,494.0,9.3,42.8,207.0
2025-10-20 14:00:00,46.0,141.1,463.0,9.7,35.7,205.0
2025-10-20 15:00:00,44.2,129.5,465.0,13.8,33.1,193.0
2025-10-20 16:00:00,44.7,115.9,525.0,21.6,32.5,171.0
2025-10-20 17:00:00,54.2,123.9,672.0,27.2,27.1,131.0
2025-10-20 18:00:00,61.5,117.1,962.0,35.0,27.7,111.0
2025-10-20 19:00:00,64.5,113.9,1338.0,45.9,28.6,82.0
2025-10-20 20:00:00,66.6,111.8,1654.0,54.1,29.2,60.0
2025-10-20 21:00:00,70.1,112.2,1868.0,57.2,29.2,51.0
2025-10-20 22:00:00,73.3,110.8,2022.0,57.8,29.0,47.0
2025-10-20 23:00:00,75.4,107.3,2093.0,57.8,28.7,45.0
2025-10-21 00:00:00,77.3,108.3,2030.0,58.0,28.6,41.0
2025-10-21 01:00:00,79.9,111.8,1884.0,57.7,28.5,39.0
2025-10-21 02:00:00,82.4,114.3,1783.0,57.0,28.2,36.0
2025-10-21 03:00:00,83.8,113.2,1819.0,55.5,27.4,33.0
2025-10-21 04:00:00,83.6,112.9,1900.0,53.7,26.5,29.0
2025-10-21 05:00:00,70.1,112.5,1882.0,29.4,24.0,53.0
2025-10-21 06:00:00,77.5,106.2,1678.0,36.1,25.9,50.0
2025-10-21 07:00:00,86.1,111.1,1374.0,44.8,28.7,47.0
2025-10-21 08:00:00,84.5,109.4,1089.0,47.9,32.2,58.0
2025-10-21 09:00:00,79.9,109.7,844.0,40.1,37.6,95.0
2025-10-21 10:00:00,75.0,102.9,618.0,26.7,43.7,146.0
2025-10-21 11:00:00,69.6,100.6,464.0,16.0,46.4,185.0
2025-10-21 12:00:00,63.6,94.1,417.0,10.6,42.5,203.0
2025-10-21 13:00:00,62.4,89.9,441.0,7.8,35.3,209.0
2025-10-21 14:00:00,61.2,87.3,484.0,8.1,30.3,207.0
2025-10-21 15:00:00,61.2,79.9,536.0,12.0,29.9,195.0
2025-10-21 16:00:00,63.8,82.4,607.0,19.0,31.7,174.0
2025-10-21 17:00:00,93.4,117.3,676.0,40.1,40.9,150.0
2025-10-21 18:00:00,106.6,130.4,720.0,56.3,43.4,118.0
2025-10-21 19:00:00,125.7,144.4,761.0,78.5,46.7,74.0
2025-10-21 20:00:00,134.1,149.5,844.0,94.7,48.8,40.0
2025-10-21 21:00:00,137.8,154.6,1008.0,99.0,48.4,27.0
2025-10-21 22:00:00,141.6,156.5,1214.0,97.2,46.6,24.0
2025-10-21 23:00:00,143.4,157.9,1395.0,94.8,45.0,23.0
2025-10-22 00:00:00,143.4,157.9,1539.0,93.2,43.8,20.0
2025-10-22 01:00:00,143.0,157.4,1658.0,90.9,42.6,18.0
2025-10-22 02:00:00,144.4,159.3,1720.0,89.0,42.2,16.0
2025-10-22 03:00:00,147.1,162.5,1672.0,88.2,42.7,13.0
2025-10-22 04:00:00,149.9,166.2,1568.0,87.8,43.9,10.0
2025-10-22 05:00:00,158.3,178.3,1533.0,97.2,46.7,6.0
2025-10-22 06:00:00,159.3,178.8,1703.0,94.2,47.3,16.0
2025-10-22 07:00:00,166.2,185.8,1943.0,89.1,48.2,32.0
2025-10-22 08:00:00,150.4,174.2,1977.0,79.0,49.3,57.0
2025-10-22 09:00:00,116.6,164.8,1594.0,58.9,51.4,99.0
2025-10-22 10:00:00,98.7,163.4,1005.0,33.6,53.8,150.0
2025-10-22 11:00:00,85.2,138.3,560.0,14.9,53.5,188.0
2025-10-22 12:00:00,78.7,122.0,416.0,7.8,48.4,203.0
2025-10-22 13:00:00,75.9,117.1,416.0,7.1,40.8,204.0
2025-10-22 14:00:00,74.3,117.8,443.0,9.1,34.6,198.0
2025-10-22 15:00:00,73.1,122.9,455.0,12.9,31.5,184.0
2025-10-22 16:00:00,74.3,131.8,493.0,19.3,29.8,162.0
2025-10-22 17:00:00,85.7,163.0,569.0,33.9,25.7,116.0
2025-10-22 18:00:00,88.0,169.0,721.0,37.3,25.7,101.0
2025-10-22 19:00:00,84.1,187.2,909.0,41.8,25.6,81.0
2025-10-22 20:00:00,78.0,212.3,1027.0,44.4,25.0,65.0
2025-10-22 21:00:00,77.3,246.8,1016.0,43.7,23.7,58.0
2025-10-22 22:00:00,76.4,278.5,935.0,41.0,21.9,54.0
2025-10-22 23:00:00,75.9,302.7,846.0,37.7,20.2,53.0
2025-10-23 00:00:00,74.0,305.5,759.0,33.4,18.6,53.0
2025-10-23 01:00:00,72.2,290.6,666.0,28.5,17.1,55.0
2025-10-23 02:00:00,70.8,268.2,603.0,25.2,16.2,56.0
2025-10-23 03:00:00,68.7,240.3,572.0,24.2,15.9,54.0
2025-10-23 04:00:00,65.9,206.8,570.0,24.8,16.3,51.0
2025-10-23 05:00:00,64.7,230.5,634.0,20.6,16.3,62.0
2025-10-23 06:00:00,69.6,228.2,847.0,26.7,17.9,53.0
2025-10-23 07:00:00,77.1,226.3,1124.0,34.9,20.3,42.0
2025-10-23 08:00:00,79.4,206.3,1246.0,38.4,23.3,47.0
2025-10-23 09:00:00,77.5,197.4,1061.0,33.0,27.9,83.0
2025-10-23 10:00:00,63.1,145.3,721.0,23.1,33.1,136.0
2025-10-23 11:00:00,52.2,99.7,462.0,14.8,35.5,175.0
2025-10-23 12:00:00,40.7,77.8,382.0,9.5,32.6,190.0
2025-10-23 13:00:00,36.9,75.0,384.0,5.8,27.0,192.0
2025-10-23 14:00:00,36.2,78.2,408.0,6.2,22.9,186.0
2025-10-23 15:00:00,37.0,85.2,430.0,13.1,22.2,171.0
2025-10-23 16:00:00,39.7,96.2,473.0,24.0,22.9,147.0
2025-10-23 17:00:00,58.1,117.8,556.0,38.2,24.6,118.0
2025-10-23 18:00:00,63.8,134.1,708.0,40.2,24.9,105.0
2025-10-23 19:00:00,66.1,152.3,898.0,43.0,25.4,86.0
2025-10-23 20:00:00,66.8,159.7,1051.0,45.8,25.7,70.0
2025-10-23 21:00:00,68.9,159.7,1134.0,48.6,25.8,59.0
2025-10-23 22:00:00,71.9,166.7,1180.0,51.4,25.7,51.0
2025-10-23 23:00:00,72.2,171.4,1214.0,52.9,25.4,45.0
2025-10-24 00:00:00,70.5,171.8,1253.0,51.9,24.7,41.0
2025-10-24 01:00:00,71.2,173.2,1280.0,49.6,23.9,39.0
2025-10-24 02:00:00,74.0,175.1,1264.0,48.8,23.5,36.0
2025-10-24 03:00:00,76.8,176.0,1145.0,51.0,23.6,29.0
2025-10-24 04:00:00,79.2,177.0,984.0,54.6,24.2,21.0
2025-10-24 05:00:00,104.5,238.4,935.0,76.7,33.7,2.0
2025-10-24 06:00:00,108.3,240.3,1150.0,74.5,34.1,8.0
2025-10-24 07:00:00,114.3,219.3,1477.0,70.7,34.6,18.0
2025-10-24 08:00:00,98.7,174.6,1609.0,63.0,35.4,39.0
2025-10-24 09:00:00,76.4,160.7,1344.0,47.5,37.0,81.0
2025-10-24 10:00:00,60.1,146.2,884.0,28.1,38.9,134.0
2025-10-24 11:00:00,51.6,132.2,532.0,13.5,39.1,174.0
2025-10-24 12:00:00,49.9,119.2,414.0,7.2,36.1,191.0
2025-10-24 13:00:00,48.8,110.1,403.0,5.8,31.5,195.0
2025-10-24 14:00:00,48.2,104.1,424.0,7.9,28.1,191.0
2025-10-24 15:00:00,48.2,99.7,451.0,13.5,27.0,178.0
2025-10-24 16:00:00,49.9,96.9,509.0,22.6,27.2,158.0
2025-10-24 17:00:00,66.1,100.6,595.0,45.0,32.9,131.0
2025-10-24 18:00:00,78.0,110.8,692.0,53.8,34.0,107.0
2025-10-24 19:00:00,88.5,115.9,815.0,66.0,35.5,74.0
2025-10-24 20:00:00,92.9,117.6,1012.0,75.8,36.8,47.0
2025-10-24 21:00:00,98.7,124.8,1384.0,80.8,37.5,33.0
2025-10-24 22:00:00,104.1,134.1,1828.0,83.3,38.0,26.0
2025-10-24 23:00:00,106.4,142.0,2083.0,84.7,38.4,21.0
2025-10-25 00:00:00,106.9,147.6,1988.0,85.0,38.9,18.0
2025-10-25 01:00:00,108.3,154.6,1704.0,84.2,39.3,18.0
2025-10-25 02:00:00,110.1,162.1,1448.0,83.5,39.9,17.0
2025-10-25 03:00:00,112.0,169.0,1254.0,83.5,40.5,14.0
2025-10-25 04:00:00,113.9,175.6,1089.0,83.5,41.3,10.0
2025-10-25 05:00:00,139.2,186.3,1074.0,97.2,42.5,0.0
2025-10-25 06:00:00,147.1,195.6,1390.0,92.0,40.8,10.0
2025-10-25 07:00:00,151.8,192.8,1856.0,84.2,38.6,26.0
2025-10-25 08:00:00,127.6,169.0,2050.0,72.9,38.3,50.0
2025-10-25 09:00:00,98.0,152.7,1690.0,55.1,42.4,90.0
2025-10-25 10:00:00,77.1,143.9,1059.0,33.8,48.5,138.0
2025-10-25 11:00:00,62.6,128.5,580.0,17.7,51.0,174.0
2025-10-25 12:00:00,54.1,111.1,438.0,9.7,46.3,191.0
2025-10-25 13:00:00,52.5,104.5,449.0,6.8,38.2,195.0
2025-10-25 14:00:00,51.6,100.1,486.0,9.1,32.3,191.0
2025-10-25 15:00:00,50.9,95.5,501.0,17.8,31.1,176.0
2025-10-25 16:00:00,52.6,90.3,542.0,31.6,32.2,152.0
2025-10-25 17:00:00,78.9,121.5,632.0,49.5,39.4,133.0
2025-10-25 18:00:00,91.5,129.9,793.0,64.0,40.5,104.0
2025-10-25 19:00:00,103.6,138.3,1003.0,84.2,42.2,64.0
2025-10-25 20:00:00,115.0,149.9,1215.0,100.3,44.6,33.0
2025-10-25 21:00:00,126.2,162.1,1443.0,108.9,48.4,21.0
2025-10-25 22:00:00,133.6,170.0,1675.0,113.4,52.8,18.0
2025-10-25 23:00:00,136.4,172.3,1824.0,114.9,55.6,17.0
2025-10-26 00:00:00,136.0,171.8,1838.0,112.8,55.5,17.0
2025-10-26 01:00:00,135.5,171.4,1770.0,107.7,53.7,19.0
2025-10-26 02:00:00,135.5,171.4,1697.0,102.2,51.7,20.0
2025-10-26 03:00:00,136.4,174.2,1601.0,97.0,49.9,18.0
2025-10-26 04:00:00,139.7,178.8,1499.0,91.5,48.0,16.0
2025-10-26 05:00:00,139.2,175.6,1521.0,76.2,41.7,25.0
2025-10-26 06:00:00,141.6,175.1,1851.0,76.1,40.0,33.0
2025-10-26 07:00:00,148.1,178.8,2303.0,75.2,37.8,46.0
2025-10-26 08:00:00,128.5,159.7,2452.0,69.4,37.3,66.0
2025-10-26 09:00:00,103.1,136.4,1991.0,54.2,40.9,98.0
2025-10-26 10:00:00,76.4,110.8,1225.0,34.1,46.2,137.0
2025-10-26 11:00:00,55.6,91.5,646.0,18.7,48.2,166.0
2025-10-26 12:00:00,49.6,91.5,463.0,10.9,43.3,181.0
2025-10-26 13:00:00,47.1,86.8,465.0,7.7,35.1,187.0
2025-10-26 14:00:00,46.4,83.8,513.0,9.8,29.5,184.0
2025-10-26 15:00:00,47.0,82.4,572.0,18.8,29.0,170.0
2025-10-26 16:00:00,51.1,81.3,677.0,33.2,31.2,147.0
2025-10-26 17:00:00,63.8,88.5,789.0,59.9,36.5,114.0
2025-10-26 18:00:00,78.5,104.8,865.0,70.2,38.6,92.0
2025-10-26 19:00:00,95.0,121.1,948.0,84.6,41.5,62.0
2025-10-26 20:00:00,105.9,132.7,1133.0,96.1,44.2,38.0
2025-10-26 21:00:00,115.0,144.4,1568.0,102.2,46.4,27.0
2025-10-26 22:00:00,121.5,151.8,2103.0,105.4,48.4,23.0
2025-10-26 23:00:00,121.1,150.9,2388.0,107.1,49.2,20.0
2025-10-27 00:00:00,117.6,145.3,2180.0,107.3,48.1,17.0
2025-10-27 01:00:00,115.3,142.0,1721.0,105.9,45.8,16.0
2025-10-27 02:00:00,116.4,143.0,1382.0,104.1,43.9,14.0
2025-10-27 03:00:00,119.7,146.2,1310.0,102.5,43.1,10.0
2025-10-27 04:00:00,123.4,150.4,1358.0,100.5,42.7,6.0
2025-10-27 05:00:00,112.9,135.0,1451.0,96.2,37.5,7.0
2025-10-27 06:00:00,124.3,147.1,1650.0,91.6,36.9,14.0
2025-10-27 07:00:00,137.8,156.5,1894.0,84.6,36.3,26.0
2025-10-27 08:00:00,116.6,143.4,1933.0,73.8,37.1,48.0
2025-10-27 09:00:00,89.2,122.0,1563.0,55.7,41.0,89.0
2025-10-27 10:00:00,70.5,113.9,988.0,33.8,46.2,140.0
2025-10-27 11:00:00,67.5,140.6,565.0,17.9,48.9,177.0
2025-10-27 12:00:00,64.3,142.5,456.0,11.3,46.5,190.0
2025-10-27 13:00:00,61.5,130.4,498.0,10.7,41.6,189.0
2025-10-27 14:00:00,60.1,121.5,564.0,15.1,38.1,179.0
2025-10-27 15:00:00,60.1,120.1,619.0,27.3,38.1,156.0
2025-10-27 16:00:00,64.5,119.7,697.0,44.6,39.5,125.0
2025-10-27 17:00:00,68.9,226.3,771.0,31.3,31.8,113.0
2025-10-27 18:00:00,72.4,246.8,832.0,32.5,33.7,104.0
2025-10-27 19:00:00,72.2,232.8,889.0,34.2,36.4,90.0
2025-10-27 20:00:00,70.5,200.2,944.0,35.6,38.3,79.0
2025-10-27 21:00:00,71.0,173.7,1008.0,36.6,38.6,72.0
2025-10-27 22:00:00,73.3,157.4,1070.0,37.4,38.2,67.0
2025-10-27 23:00:00,75.9,143.0,1094.0,37.8,37.8,63.0
2025-10-28 00:00:00,78.7,135.0,1043.0,37.2,37.7,60.0
2025-10-28 01:00:00,82.2,131.3,955.0,36.3,37.5,58.0
2025-10-28 02:00:00,86.4,132.2,907.0,37.1,37.6,53.0
2025-10-28 03:00:00,91.0,135.5,920.0,41.4,37.8,42.0
2025-10-28 04:00:00,95.2,136.9,972.0,47.4,38.1,30.0
2025-10-28 05:00:00,95.9,133.6,1079.0,43.3,35.8,38.0
2025-10-28 06:00:00,103.8,138.3,1320.0,42.8,38.4,43.0
2025-10-28 07:00:00,110.6,136.0,1615.0,41.9,42.0,50.0
2025-10-28 08:00:00,89.9,113.2,1741.0,39.3,44.1,60.0
2025-10-28 09:00:00,68.7,88.9,1544.0,33.7,43.9,76.0
2025-10-28 10:00:00,54.8,74.7,1176.0,26.5,42.2,94.0
2025-10-28 11:00:00,48.1,72.4,875.0,20.4,39.6,111.0
2025-10-28 12:00:00,48.7,80.3,722.0,15.7,35.3,126.0
2025-10-28 13:00:00,48.9,86.4,635.0,12.1,30.0,139.0
2025-10-28 14:00:00,47.3,88.5,601.0,11.5,26.2,143.0
2025-10-28 15:00:00,45.8,87.5,611.0,15.0,25.0,135.0
2025-10-28 16:00:00,46.7,84.3,675.0,21.5,25.2,119.0
2025-10-28 17:00:00,55.6,91.5,807.0,36.4,31.3,90.0
2025-10-28 18:00:00,68.9,96.2,1063.0,48.7,33.1,71.0
2025-10-28 19:00:00,80.1,105.7,1388.0,65.6,35.7,44.0
2025-10-28 20:00:00,87.1,112.2,1625.0,78.9,38.0,23.0
2025-10-28 21:00:00,92.9,117.3,1702.0,84.7,39.5,13.0
2025-10-28 22:00:00,98.3,122.9,1693.0,86.9,40.7,9.0
2025-10-28 23:00:00,101.5,128.1,1659.0,87.9,41.7,6.0
2025-10-29 00:00:00,105.9,135.0,1622.0,89.0,43.0,3.0
2025-10-29 01:00:00,111.5,143.0,1562.0,89.1,44.1,1.0
2025-10-29 02:00:00,114.6,144.4,1475.0,87.1,44.3,0.0
2025-10-29 03:00:00,110.8,136.0,1331.0,81.9,42.6,0.0
2025-10-29 04:00:00,105.2,126.7,1160.0,74.8,39.9,2.0
2025-10-29 05:00:00,94.5,149.0,1058.0,50.0,33.2,12.0
2025-10-29 06:00:00,97.1,136.9,1109.0,48.5,33.9,13.0
2025-10-29 07:00:00,99.7,136.0,1228.0,46.0,35.0,15.0
2025-10-29 08:00:00,96.2,131.8,1252.0,41.6,36.8,29.0
2025-10-29 09:00:00,84.8,122.9,1075.0,33.5,40.4,65.0
2025-10-29 10:00:00,72.2,122.9,804.0,23.4,44.7,112.0
2025-10-29 11:00:00,72.6,153.2,595.0,15.6,46.8,151.0
2025-10-29 12:00:00,72.9,157.4,512.0,10.9,44.5,174.0
2025-10-29 13:00:00,70.1,150.4,492.0,8.4,40.0,189.0
2025-10-29 14:00:00,67.1,144.4,495.0,9.5,36.9,193.0
2025-10-29 15:00:00,66.1,145.3,514.0,15.0,36.8,184.0
2025-10-29 16:00:00,67.5,144.8,557.0,24.0,38.0,165.0
2025-10-29 17:00:00,77.5,153.7,609.0,35.1,35.2,124.0
2025-10-29 18:00:00,90.1,171.8,669.0,45.4,36.5,102.0
2025-10-29 19:00:00,101.5,195.1,739.0,59.7,38.1,72.0
2025-10-29 20:00:00,109.9,221.7,811.0,70.8,39.0,48.0
2025-10-29 21:00:00,117.1,249.6,897.0,76.1,38.5,36.0
2025-10-29 22:00:00,123.4,275.7,985.0,78.2,37.3,29.0
2025-10-29 23:00:00,127.1,302.7,1026.0,77.4,35.6,26.0
2025-10-30 00:00:00,129.9,326.0,977.0,72.7,33.2,26.0
2025-10-30 01:00:00,129.0,341.8,882.0,65.1,30.4,29.0
2025-10-30 02:00:00,124.8,359.5,818.0,57.5,28.2,33.0
2025-10-30 03:00:00,120.6,366.9,798.0,49.5,26.8,38.0
2025-10-30 04:00:00,117.1,357.6,810.0,41.6,25.9,45.0
2025-10-30 05:00:00,91.5,170.0,895.0,26.4,24.8,63.0
2025-10-30 06:00:00,89.6,136.4,1143.0,31.6,25.9,57.0
2025-10-30 07:00:00,92.4,119.2,1464.0,38.5,27.7,51.0
2025-10-30 08:00:00,87.1,99.2,1629.0,42.2,30.4,54.0
2025-10-30 09:00:00,78.7,85.2,1493.0,39.2,34.6,76.0
2025-10-30 10:00:00,71.2,82.7,1200.0,32.9,39.9,107.0
2025-10-30 11:00:00,69.4,82.0,953.0,28.4,45.0,132.0
2025-10-30 12:00:00,68.9,78.0,811.0,27.2,49.9,146.0
2025-10-30 13:00:00,69.8,78.0,715.0,27.8,54.7,154.0
2025-10-30 14:00:00,70.3,77.5,685.0,30.1,58.5,157.0
2025-10-30 15:00:00,70.8,77.1,735.0,33.3,60.6,155.0
2025-10-30 16:00:00,72.6,78.5,852.0,38.4,61.7,147.0
2025-10-30 17:00:00,83.6,87.3,1013.0,50.7,62.8,114.0
2025-10-30 18:00:00,103.4,106.9,1227.0,69.8,69.0,88.0
2025-10-30 19:00:00,121.5,124.8,1487.0,96.3,77.7,53.0
2025-10-30 20:00:00,137.8,141.6,1747.0,117.4,85.5,25.0
2025-10-30 21:00:00,153.7,156.9,2040.0,127.7,91.8,13.0
2025-10-30 22:00:00,164.4,167.2,2334.0,132.5,97.3,9.0
2025-10-30 23:00:00,163.0,165.8,2491.0,134.9,100.5,7.0
2025-10-31 00:00:00,161.1,163.4,2420.0,135.2,100.6,4.0
2025-10-31 01:00:00,161.6,163.9,2213.0,133.1,98.4,3.0
2025-10-31 02:00:00,160.7,162.5,2006.0,130.1,95.5,2.0
2025-10-31 03:00:00,159.7,162.1,1851.0,127.1,92.1,0.0
2025-10-31 04:00:00,157.4,159.7,1697.0,123.3,88.0,0.0
2025-10-31 05:00:00,97.1,105.0,1530.0,54.3,43.5,19.0
2025-10-31 06:00:00,102.7,112.5,1331.0,52.0,44.3,23.0
2025-10-31 07:00:00,108.7,121.1,1119.0,48.5,45.4,30.0
2025-10-31 08:00:00,91.3,109.0,936.0,43.1,45.5,45.0
2025-10-31 09:00:00,65.4,87.8,798.0,34.2,44.0,75.0
2025-10-31 10:00:00,55.6,72.6,690.0,23.3,41.6,114.0
2025-10-31 11:00:00,56.5,73.8,602.0,14.9,38.8,146.0
2025-10-31 12:00:00,56.1,76.4,529.0,10.2,35.4,167.0
2025-10-31 13:00:00,54.4,76.1,478.0,8.0,31.6,180.0
2025-10-31 14:00:00,53.3,76.6,457.0,8.4,28.7,184.0
2025-10-31 15:00:00,52.4,82.4,472.0,11.1,27.1,176.0
2025-10-31 16:00:00,52.5,91.7,518.0,16.4,26.5,159.0
2025-10-31 17:00:00,84.8,120.1,593.0,37.2,32.5,121.0
2025-10-31 18:00:00,99.9,139.7,716.0,58.4,37.5,91.0
2025-10-31 19:00:00,117.3,160.2,867.0,87.2,44.2,50.0
2025-10-31 20:00:00,126.2,170.0,983.0,105.1,47.7,21.0
2025-10-31 21:00:00,124.8,172.8,1043.0,102.5,45.2,16.0
2025-10-31 22:00:00,120.1,183.0,1067.0,89.0,39.5,24.0
2025-10-31 23:00:00,114.8,198.8,1055.0,75.3,33.9,31.0
2025-11-01 00:00:00,109.9,210.9,986.0,64.0,29.3,35.0
2025-11-01 01:00:00,107.8,223.5,880.0,52.6,24.9,38.0
2025-11-01 02:00:00,105.7,232.4,799.0,43.7,21.4,40.0
2025-11-01 03:00:00,104.8,236.6,744.0,38.5,19.2,40.0
2025-11-01 04:00:00,103.6,235.2,714.0,35.8,17.9,38.0
2025-11-01 05:00:00,116.4,273.8,771.0,50.2,21.6,22.0
2025-11-01 06:00:00,117.3,258.0,1029.0,51.8,23.2,24.0
2025-11-01 07:00:00,122.5,237.5,1373.0,53.4,25.4,28.0
2025-11-01 08:00:00,117.3,194.6,1519.0,50.5,27.1,45.0
2025-11-01 09:00:00,100.4,173.2,1269.0,38.8,27.9,87.0
2025-11-01 10:00:00,83.6,151.8,820.0,22.5,28.1,141.0
2025-11-01 11:00:00,71.9,119.2,479.0,10.3,27.4,181.0
2025-11-01 12:00:00,63.8,102.0,377.0,4.8,24.8,194.0
2025-11-01 13:00:00,59.8,100.1,382.0,3.2,21.3,193.0
2025-11-01 14:00:00,59.0,108.5,413.0,6.0,19.1,183.0
2025-11-01 15:00:00,60.1,124.3,443.0,15.5,19.3,164.0
2025-11-01 16:00:00,63.3,138.3,498.0,29.3,20.7,138.0
2025-11-01 17:00:00,98.3,195.1,571.0,42.3,21.7,102.0
2025-11-01 18:00:00,104.8,209.5,682.0,44.1,23.1,92.0
2025-11-01 19:00:00,108.0,224.4,812.0,46.5,24.9,78.0
2025-11-01 20:00:00,109.4,240.3,889.0,46.9,25.9,68.0
2025-11-01 21:00:00,111.8,251.5,874.0,44.2,25.4,66.0
2025-11-01 22:00:00,112.7,253.3,807.0,39.5,24.0,69.0
2025-11-01 23:00:00,111.1,244.0,741.0,34.3,22.3,73.0
2025-11-02 00:00:00,107.1,224.9,688.0,28.2,20.3,79.0
2025-11-02 01:00:00,102.2,201.2,636.0,21.6,18.0,85.0
2025-11-02 02:00:00,97.6,180.7,604.0,16.8,16.2,89.0
2025-11-02 03:00:00,93.6,169.5,579.0,14.5,15.1,88.0
2025-11-02 04:00:00,90.8,166.2,572.0,14.0,14.5,83.0
2025-11-02 05:00:00,93.6,171.8,641.0,16.0,16.1,74.0
2025-11-02 06:00:00,95.5,162.5,880.0,24.4,18.2,63.0
2025-11-02 07:00:00,100.6,158.3,1194.0,35.5,21.1,50.0
2025-11-02 08:00:00,99.4,144.8,1350.0,40.5,23.4,51.0
2025-11-02 09:00:00,93.8,137.4,1196.0,33.4,24.7,82.0
2025-11-02 10:00:00,88.0,129.5,884.0,20.2,25.3,127.0
2025-11-02 11:00:00,77.1,123.4,640.0,9.9,25.0,161.0
2025-11-02 12:00:00,69.4,129.0,551.0,5.6,23.1,173.0
2025-11-02 13:00:00,65.9,147.6,530.0,4.3,20.2,174.0
2025-11-02 14:00:00,65.7,182.5,539.0,6.1,18.1,168.0
2025-11-02 15:00:00,66.8,220.7,575.0,12.8,17.7,154.0
2025-11-02 16:00:00,69.8,251.5,640.0,22.7,18.0,132.0
2025-11-02 17:00:00,91.7,307.3,710.0,31.3,17.7,101.0
2025-11-02 18:00:00,97.3,321.3,792.0,34.0,18.7,91.0
2025-11-02 19:00:00,99.9,334.3,878.0,37.7,20.1,78.0
2025-11-02 20:00:00,101.3,340.9,914.0,39.8,21.0,67.0
2025-11-02 21:00:00,101.7,333.4,861.0,39.2,21.0,63.0
2025-11-02 22:00:00,99.7,308.3,757.0,37.0,20.6,62.0
2025-11-02 23:00:00,97.1,274.7,664.0,34.4,20.0,61.0
2025-11-03 00:00:00,93.8,240.3,594.0,31.1,19.3,60.0
2025-11-03 01:00:00,90.8,212.8,534.0,27.3,18.4,60.0
2025-11-03 02:00:00,87.8,193.2,510.0,24.5,17.8,59.0
2025-11-03 03:00:00,85.2,179.7,519.0,23.1,17.4,57.0
2025-11-03 04:00:00,82.4,168.6,563.0,22.7,17.1,54.0
2025-11-03 05:00:00,83.8,169.5,671.0,20.1,17.3,57.0
2025-11-03 06:00:00,86.6,164.8,929.0,26.2,19.0,50.0
2025-11-03 07:00:00,90.3,157.9,1252.0,34.3,21.3,42.0
2025-11-03 08:00:00,88.0,140.2,1410.0,37.9,23.3,47.0
2025-11-03 09:00:00,82.7,130.9,1256.0,32.8,24.9,78.0
2025-11-03 10:00:00,76.1,121.5,938.0,23.2,26.1,122.0
2025-11-03 11:00:00,68.7,114.8,671.0,15.3,26.3,154.0
2025-11-03 12:00:00,59.8,115.9,522.0,10.2,24.8,165.0
2025-11-03 13:00:00,54.1,128.5,423.0,6.7,22.4,163.0
2025-11-03 14:00:00,50.1,148.5,386.0,7.5,20.4,155.0
2025-11-03 15:00:00,47.6,169.0,433.0,14.7,19.1,138.0
2025-11-03 16:00:00,49.7,186.3,541.0,26.1,18.3,114.0
2025-11-03 17:00:00,65.0,181.6,662.0,40.1,20.7,85.0
2025-11-03 18:00:00,70.5,190.9,764.0,48.5,23.5,71.0
2025-11-03 19:00:00,76.4,207.2,877.0,60.1,27.7,52.0
2025-11-03 20:00:00,85.4,236.1,1043.0,69.0,32.1,37.0
2025-11-03 21:00:00,97.3,263.6,1327.0,72.6,37.5,31.0
2025-11-03 22:00:00,108.5,286.8,1662.0,73.5,43.2,28.0
2025-11-03 23:00:00,117.1,306.4,1892.0,73.5,46.4,26.0
2025-11-04 00:00:00,121.1,313.9,1944.0,72.9,45.2,22.0
2025-11-04 01:00:00,120.6,304.5,1890.0,71.4,41.5,18.0
2025-11-04 02:00:00,115.9,279.4,1790.0,70.3,38.1,14.0
2025-11-04 03:00:00,109.9,250.5,1607.0,70.4,35.5,11.0
2025-11-04 04:00:00,105.0,226.3,1378.0,70.8,33.0,9.0
2025-11-04 05:00:00,100.4,233.3,1268.0,63.5,30.0,11.0
2025-11-04 06:00:00,101.5,227.7,1434.0,60.8,30.9,13.0
2025-11-04 07:00:00,103.6,224.4,1719.0,56.8,32.3,17.0
2025-11-04 08:00:00,103.8,195.1,1817.0,51.5,33.6,32.0
2025-11-04 09:00:00,97.3,207.2,1528.0,44.0,35.2,66.0
2025-11-04 10:00:00,82.9,201.2,1051.0,35.2,36.7,110.0
2025-11-04 11:00:00,65.7,167.6,679.0,27.5,37.4,144.0
2025-11-04 12:00:00,48.1,122.0,524.0,19.7,36.3,163.0
2025-11-04 13:00:00,39.3,95.5,472.0,13.0,34.3,172.0
2025-11-04 14:00:00,35.0,83.6,478.0,13.3,32.9,170.0
2025-11-04 15:00:00,32.8,78.7,534.0,25.9,33.0,151.0
2025-11-04 16:00:00,35.2,77.5,648.0,45.4,33.8,120.0
2025-11-04 17:00:00,67.8,112.7,792.0,56.6,39.5,109.0
2025-11-04 18:00:00,71.7,120.1,987.0,56.4,37.2,94.0
2025-11-04 19:00:00,71.7,123.4,1213.0,56.1,33.9,74.0
2025-11-04 20:00:00,73.1,124.3,1377.0,55.9,31.2,56.0
2025-11-04 21:00:00,76.4,123.4,1425.0,56.4,29.8,44.0
2025-11-04 22:00:00,81.3,120.6,1411.0,57.0,28.9,35.0
2025-11-04 23:00:00,84.1,118.7,1410.0,55.9,28.1,29.0
2025-11-05 00:00:00,86.8,119.2,1461.0,51.6,26.9,26.0
2025-11-05 01:00:00,90.1,123.4,1525.0,45.5,25.7,27.0
2025-11-05 02:00:00,93.8,129.9,1560.0,40.5,25.0,27.0
2025-11-05 03:00:00,97.3,133.2,1520.0,36.8,25.0,26.0
2025-11-05 04:00:00,100.8,140.6,1451.0,34.2,25.6,26.0
2025-11-05 05:00:00,103.4,133.6,1450.0,42.2,26.7,26.0
2025-11-05 06:00:00,108.3,143.0,1637.0,45.8,28.1,27.0
2025-11-05 07:00:00,117.6,155.1,1893.0,50.4,30.3,31.0
2025-11-05 08:00:00,122.5,155.1,1954.0,51.0,35.1,45.0
2025-11-05 09:00:00,119.2,162.5,1631.0,44.1,46.3,81.0
2025-11-05 10:00:00,83.1,115.3,1114.0,33.3,60.1,128.0
2025-11-05 11:00:00,61.5,82.7,710.0,23.7,65.8,162.0
2025-11-05 12:00:00,53.3,73.6,544.0,15.9,55.9,172.0
2025-11-05 13:00:00,42.5,62.6,492.0,9.3,38.0,168.0
2025-11-05 14:00:00,37.7,59.0,480.0,7.9,24.5,158.0
2025-11-05 15:00:00,36.6,60.8,496.0,15.3,20.7,141.0
2025-11-05 16:00:00,38.3,65.9,553.0,27.8,21.3,117.0
2025-11-05 17:00:00,49.8,129.0,621.0,32.2,20.8,96.0
2025-11-05 18:00:00,57.7,184.4,717.0,31.2,21.0,92.0
2025-11-05 19:00:00,69.4,270.1,825.0,29.6,21.3,86.0
2025-11-05 20:00:00,81.3,351.1,865.0,27.6,21.2,81.0
2025-11-05 21:00:00,88.5,380.0,779.0,25.0,20.3,80.0
2025-11-05 22:00:00,90.1,361.4,624.0,21.9,19.1,80.0
2025-11-05 23:00:00,88.2,331.6,494.0,19.1,17.7,80.0
2025-11-06 00:00:00,85.9,310.1,421.0,16.4,16.2,80.0
2025-11-06 01:00:00,84.5,303.6,372.0,14.0,14.6,81.0
2025-11-06 02:00:00,83.1,300.8,347.0,12.4,13.5,80.0
2025-11-06 03:00:00,81.7,295.2,334.0,11.7,13.1,78.0
2025-11-06 04:00:00,79.9,283.1,345.0,11.8,13.3,74.0
2025-11-06 05:00:00,70.8,223.5,411.0,14.2,14.4,68.0
2025-11-06 06:00:00,69.6,203.5,604.0,20.2,16.1,59.0
2025-11-06 07:00:00,69.8,181.6,853.0,28.1,18.4,49.0
2025-11-06 08:00:00,67.3,143.4,974.0,31.6,20.3,49.0
2025-11-06 09:00:00,58.1,129.0,846.0,26.2,21.4,71.0
2025-11-06 10:00:00,44.0,94.1,592.0,16.4,22.1,104.0
2025-11-06 11:00:00,33.1,74.5,394.0,8.9,22.4,130.0
2025-11-06 12:00:00,32.5,83.4,321.0,5.9,22.1,143.0
2025-11-06 13:00:00,32.9,100.1,306.0,5.4,21.3,148.0
2025-11-06 14:00:00,35.0,127.1,328.0,7.8,20.8,147.0
2025-11-06 15:00:00,40.5,164.8,399.0,15.1,20.8,135.0
2025-11-06 16:00:00,46.7,193.7,508.0,25.5,21.1,117.0
2025-11-06 17:00:00,49.2,171.8,598.0,34.9,22.2,95.0
2025-11-06 18:00:00,56.6,199.8,653.0,36.6,22.3,87.0
2025-11-06 19:00:00,61.5,226.8,689.0,38.9,22.4,76.0
2025-11-06 20:00:00,64.5,245.9,698.0,39.3,22.0,68.0
2025-11-06 21:00:00,66.1,252.4,669.0,36.5,20.7,66.0
2025-11-06 22:00:00,66.1,245.9,613.0,32.0,18.9,68.0
2025-11-06 23:00:00,63.8,224.9,557.0,27.5,17.3,69.0
2025-11-07 00:00:00,60.1,197.0,501.0,23.4,16.1,70.0
2025-11-07 01:00:00,56.7,172.3,444.0,19.4,15.0,70.0
2025-11-07 02:00:00,54.1,157.4,415.0,16.6,14.4,70.0
2025-11-07 03:00:00,53.6,156.5,415.0,15.0,14.1,69.0
2025-11-07 04:00:00,54.7,165.8,443.0,14.5,14.2,67.0
2025-11-07 05:00:00,55.1,165.8,516.0,15.1,14.9,67.0
2025-11-07 06:00:00,57.3,166.7,691.0,20.7,16.7,60.0
2025-11-07 07:00:00,61.0,165.8,912.0,28.0,19.2,52.0
2025-11-07 08:00:00,62.6,150.4,1032.0,31.5,21.7,55.0
2025-11-07 09:00:00,60.3,160.7,960.0,27.3,24.3,80.0
2025-11-07 10:00:00,53.9,139.7,787.0,19.1,26.9,117.0
2025-11-07 11:00:00,42.6,105.7,637.0,12.6,28.4,146.0
2025-11-07 12:00:00,36.3,91.5,543.0,8.9,28.1,160.0
2025-11-07 13:00:00,34.5,95.7,472.0,6.9,26.6,166.0
2025-11-07 14:00:00,34.0,108.0,454.0,8.6,25.3,163.0
2025-11-07 15:00:00,35.5,126.7,526.0,16.9,24.5,146.0
2025-11-07 16:00:00,38.9,140.6,649.0,28.8,23.8,121.0
2025-11-07 17:00:00,50.4,151.3,739.0,41.4,24.7,94.0
2025-11-07 18:00:00,53.8,172.3,760.0,39.6,23.5,88.0
2025-11-07 19:00:00,55.3,191.4,747.0,37.1,21.9,80.0
2025-11-07 20:00:00,55.8,203.0,720.0,34.5,20.2,74.0
2025-11-07 21:00:00,56.1,202.6,682.0,32.1,18.6,71.0
2025-11-07 22:00:00,55.4,190.5,631.0,29.7,17.0,70.0
2025-11-07 23:00:00,53.2,171.4,577.0,27.1,15.7,69.0
2025-11-08 00:00:00,50.5,149.9,513.0,23.9,14.6,69.0
2025-11-08 01:00:00,47.4,129.9,447.0,20.4,13.8,69.0
2025-11-08 02:00:00,44.7,112.0,409.0,17.8,13.4,69.0
2025-11-08 03:00:00,43.0,98.3,387.0,15.8,13.4,70.0
2025-11-08 04:00:00,43.0,91.0,394.0,14.6,13.7,70.0
2025-11-08 05:00:00,43.4,92.4,499.0,15.1,14.8,71.0
2025-11-08 06:00:00,48.4,93.4,827.0,22.3,16.9,61.0
2025-11-08 07:00:00,56.5,98.0,1254.0,32.0,19.9,47.0
2025-11-08 08:00:00,60.1,93.1,1476.0,36.7,22.8,47.0
2025-11-08 09:00:00,56.6,91.0,1296.0,31.7,25.5,72.0
2025-11-08 10:00:00,49.9,78.0,911.0,21.7,28.2,109.0
2025-11-08 11:00:00,40.3,62.4,605.0,13.8,29.7,138.0
2025-11-08 12:00:00,36.8,59.8,482.0,9.7,29.4,152.0
2025-11-08 13:00:00,37.0,66.6,438.0,7.8,28.0,157.0
2025-11-08 14:00:00,37.8,77.3,442.0,9.6,26.7,154.0
2025-11-08 15:00:00,39.1,92.7,505.0,18.1,25.8,139.0
2025-11-08 16:00:00,42.0,106.6,617.0,30.5,24.9,116.0
2025-11-08 17:00:00,61.9,136.4,718.0,45.3,25.1,85.0
2025-11-08 18:00:00,68.2,156.5,797.0,44.9,24.6,79.0
2025-11-08 19:00:00,70.5,177.9,864.0,44.2,23.9,71.0
2025-11-08 20:00:00,73.3,194.6,896.0,42.6,23.0,66.0
2025-11-08 21:00:00,75.2,201.2,874.0,39.6,21.8,65.0
2025-11-08 22:00:00,76.1,197.9,816.0,35.6,20.5,66.0
2025-11-08 23:00:00,74.5,183.9,749.0,31.4,19.4,68.0
2025-11-09 00:00:00,73.8,164.8,666.0,26.7,18.5,70.0
2025-11-09 01:00:00,72.4,143.9,575.0,21.8,17.9,73.0
2025-11-09 02:00:00,70.8,126.2,519.0,18.2,17.5,74.0
2025-11-09 03:00:00,69.6,114.3,499.0,16.2,17.4,74.0
2025-11-09 04:00:00,68.9,108.3,516.0,15.5,17.7,72.0
2025-11-09 05:00:00,73.1,105.9,613.0,18.5,18.3,68.0
2025-11-09 06:00:00,75.4,104.5,894.0,24.9,19.8,61.0
2025-11-09 07:00:00,79.4,106.9,1255.0,33.3,22.0,52.0
2025-11-09 08:00:00,79.2,103.8,1437.0,36.9,23.8,56.0
2025-11-09 09:00:00,72.4,98.3,1270.0,30.9,25.1,86.0
2025-11-09 10:00:00,59.3,83.6,924.0,20.0,26.2,129.0
2025-11-09 11:00:00,37.8,59.0,643.0,11.6,26.6,162.0
2025-11-09 12:00:00,34.5,63.3,510.0,7.5,26.0,176.0
2025-11-09 13:00:00,33.9,75.4,442.0,5.9,24.7,179.0
2025-11-09 14:00:00,34.1,91.0,443.0,8.8,23.9,174.0
2025-11-09 15:00:00,36.9,110.1,548.0,19.6,24.0,156.0
2025-11-09 16:00:00,39.9,118.3,720.0,35.0,24.6,129.0
2025-11-09 17:00:00,67.5,135.0,853.0,45.5,24.3,103.0
2025-11-09 18:00:00,75.2,150.9,901.0,46.5,24.6,94.0
2025-11-09 19:00:00,78.7,165.8,909.0,47.8,24.9,80.0
2025-11-09 20:00:00,79.9,177.4,905.0,47.4,24.8,71.0
2025-11-09 21:00:00,82.2,184.4,899.0,44.2,24.1,68.0
2025-11-09 22:00:00,84.8,185.8,881.0,39.4,22.9,69.0
2025-11-09 23:00:00,85.7,179.7,848.0,34.3,21.9,71.0
2025-11-10 00:00:00,85.2,169.0,784.0,28.7,21.1,74.0
2025-11-10 01:00:00,83.8,153.7,705.0,22.8,20.3,78.0
2025-11-10 02:00:00,82.7,136.9,657.0,18.7,19.9,80.0
2025-11-10 03:00:00,81.7,122.9,633.0,16.7,19.8,79.0
2025-11-10 04:00:00,81.5,112.9,639.0,16.5,20.1,77.0
2025-11-10 05:00:00,80.1,104.8,747.0,16.7,21.4,82.0
2025-11-10 06:00:00,85.7,106.2,1085.0,25.4,23.1,71.0
2025-11-10 07:00:00,95.5,114.1,1524.0,37.0,25.6,57.0
2025-11-10 08:00:00,94.5,110.1,1745.0,42.5,27.9,58.0
2025-11-10 09:00:00,88.9,102.7,1543.0,36.2,30.2,90.0
2025-11-10 10:00:00,75.4,86.6,1122.0,23.9,32.4,138.0
2025-11-10 11:00:00,51.1,60.3,780.0,14.2,33.4,174.0
2025-11-10 12:00:00,44.0,56.1,614.0,8.8,32.2,188.0
2025-11-10 13:00:00,43.5,61.5,526.0,5.9,29.8,190.0
2025-11-10 14:00:00,43.5,68.0,519.0,9.0,28.1,182.0
2025-11-10 15:00:00,44.4,75.2,621.0,22.1,27.8,161.0
2025-11-10 16:00:00,48.3,79.6,804.0,41.2,28.2,129.0
2025-11-10 17:00:00,90.6,121.5,983.0,64.6,31.2,89.0
2025-11-10 18:00:00,107.8,142.5,1152.0,72.7,34.5,72.0
2025-11-10 19:00:00,120.6,159.3,1318.0,83.4,38.8,48.0
2025-11-10 20:00:00,126.2,168.6,1413.0,89.0,40.8,32.0
2025-11-10 21:00:00,125.7,172.8,1403.0,85.6,38.5,29.0
2025-11-10 22:00:00,122.5,174.2,1324.0,77.0,33.9,33.0
2025-11-10 23:00:00,116.6,171.8,1214.0,66.8,29.5,39.0
2025-11-11 00:00:00,109.9,167.2,1058.0,54.6,26.0,46.0
2025-11-11 01:00:00,105.7,162.1,872.0,40.8,22.8,56.0
2025-11-11 02:00:00,103.6,156.0,743.0,30.5,20.5,62.0
2025-11-11 03:00:00,102.2,148.1,684.0,25.7,19.3,63.0
2025-11-11 04:00:00,101.0,138.8,683.0,24.3,19.1,62.0
2025-11-11 05:00:00,105.2,143.4,788.0,26.7,19.9,60.0
2025-11-11 06:00:00,107.3,137.8,1124.0,32.4,21.6,56.0
2025-11-11 07:00:00,112.9,137.4,1565.0,39.8,24.1,53.0
2025-11-11 08:00:00,109.0,127.6,1786.0,42.3,26.5,62.0
2025-11-11 09:00:00,103.8,118.7,1576.0,35.2,29.0,96.0
2025-11-11 10:00:00,90.6,103.8,1145.0,23.3,31.3,143.0
2025-11-11 11:00:00,66.1,77.5,795.0,13.9,32.2,177.0
2025-11-11 12:00:00,56.0,72.6,632.0,8.9,30.4,189.0
2025-11-11 13:00:00,53.1,80.8,549.0,6.4,27.2,189.0
2025-11-11 14:00:00,52.0,95.9,534.0,8.7,24.6,179.0
2025-11-11 15:00:00,52.4,114.1,610.0,19.6,23.6,156.0
2025-11-11 16:00:00,56.2,124.8,752.0,35.3,23.4,125.0
2025-11-11 17:00:00,85.2,142.0,874.0,48.5,24.1,96.0
2025-11-11 18:00:00,91.3,153.2,953.0,47.0,24.2,89.0
2025-11-11 19:00:00,94.5,164.8,1012.0,44.8,24.2,80.0
2025-11-11 20:00:00,97.3,175.1,1030.0,41.8,24.0,73.0
2025-11-11 21:00:00,101.5,180.2,988.0,37.6,23.4,72.0
2025-11-11 22:00:00,105.2,180.2,906.0,32.6,22.5,73.0
2025-11-11 23:00:00,106.9,173.2,824.0,27.8,21.7,75.0
2025-11-12 00:00:00,107.1,163.0,742.0,23.2,21.1,77.0
2025-11-12 01:00:00,107.1,152.7,659.0,18.9,20.6,79.0
2025-11-12 02:00:00,106.9,145.3,614.0,15.8,20.3,80.0
2025-11-12 03:00:00,106.6,141.1,608.0,14.1,20.2,80.0
2025-11-12 04:00:00,105.9,138.8,640.0,13.7,20.4,80.0
2025-11-12 05:00:00,100.8,131.3,748.0,14.1,21.6,85.0
2025-11-12 06:00:00,105.5,132.7,1031.0,22.0,23.0,75.0
2025-11-12 07:00:00,111.8,136.9,1391.0,32.6,25.1,62.0
2025-11-12 08:00:00,111.8,131.8,1571.0,38.0,27.2,63.0
2025-11-12 09:00:00,107.8,128.1,1407.0,33.2,29.6,92.0
2025-11-12 10:00:00,96.2,115.9,1063.0,23.2,32.0,136.0
2025-11-12 11:00:00,86.8,106.6,775.0,15.0,32.9,167.0
2025-11-12 12:00:00,77.1,100.8,618.0,9.7,31.0,176.0
2025-11-12 13:00:00,68.9,99.7,516.0,6.2,27.6,174.0
2025-11-12 14:00:00,62.9,102.7,482.0,7.7,25.0,164.0
2025-11-12 15:00:00,61.0,108.5,548.0,18.2,24.2,144.0
2025-11-12 16:00:00,64.5,114.6,680.0,33.8,24.3,116.0
2025-11-12 17:00:00,102.4,141.1,796.0,49.5,26.7,86.0
2025-11-12 18:00:00,107.6,148.1,866.0,50.1,27.3,79.0
2025-11-12 19:00:00,111.3,155.5,919.0,50.9,28.0,68.0
2025-11-12 20:00:00,115.3,163.0,953.0,50.4,28.4,61.0
2025-11-12 21:00:00,120.1,170.0,961.0,48.2,28.1,59.0
2025-11-12 22:00:00,124.8,175.6,950.0,44.7,27.3,59.0
2025-11-12 23:00:00,126.7,175.1,944.0,40.2,26.4,61.0
2025-11-13 00:00:00,126.2,170.0,954.0,33.8,25.2,65.0
2025-11-13 01:00:00,125.3,162.5,968.0,26.4,23.9,70.0
2025-11-13 02:00:00,123.9,154.6,975.0,21.0,23.0,74.0
2025-11-13 03:00:00,122.0,147.6,936.0,18.4,22.6,75.0
2025-11-13 04:00:00,121.5,143.0,889.0,17.8,22.7,74.0
2025-11-13 05:00:00,119.7,137.8,938.0,18.4,23.8,76.0
2025-11-13 06:00:00,124.3,139.7,1213.0,25.6,25.2,67.0
2025-11-13 07:00:00,132.2,146.2,1584.0,35.1,27.3,57.0
2025-11-13 08:00:00,130.9,142.5,1762.0,39.8,29.8,61.0
2025-11-13 09:00:00,127.6,137.8,1565.0,35.1,33.2,95.0
2025-11-13 10:00:00,116.2,126.7,1174.0,25.6,37.0,143.0
2025-11-13 11:00:00,97.6,108.3,850.0,17.5,38.9,179.0
2025-11-13 12:00:00,87.8,100.8,674.0,11.3,37.4,192.0
2025-11-13 13:00:00,79.4,96.6,563.0,6.6,34.0,192.0
2025-11-13 14:00:00,74.5,96.9,533.0,8.6,31.4,182.0
2025-11-13 15:00:00,72.4,99.7,623.0,23.0,30.8,158.0
2025-11-13 16:00:00,76.1,102.9,793.0,44.1,31.0,124.0
2025-11-13 17:00:00,100.8,126.7,937.0,57.5,31.1,102.0
2025-11-13 18:00:00,106.6,134.6,1024.0,56.7,30.9,93.0
2025-11-13 19:00:00,107.1,138.3,1085.0,55.3,30.7,80.0
2025-11-13 20:00:00,107.6,141.6,1106.0,52.7,29.9,71.0
2025-11-13 21:00:00,109.4,143.9,1070.0,48.2,28.4,68.0
2025-11-13 22:00:00,110.1,143.0,995.0,42.4,26.4,68.0
2025-11-13 23:00:00,108.0,137.8,918.0,36.5,24.4,69.0
2025-11-14 00:00:00,104.8,130.4,840.0,30.1,22.5,71.0
2025-11-14 01:00:00,101.0,122.0,761.0,23.6,20.7,74.0
2025-11-14 02:00:00,97.3,114.1,711.0,19.0,19.4,75.0
2025-11-14 03:00:00,94.1,107.3,680.0,16.8,18.5,72.0
2025-11-14 04:00:00,91.7,102.4,680.0,16.6,18.1,68.0
2025-11-14 05:00:00,98.5,107.1,776.0,20.7,19.5,61.0
2025-11-14 06:00:00,101.0,107.6,1090.0,27.4,21.2,52.0
2025-11-14 07:00:00,107.1,112.0,1499.0,36.3,23.6,42.0
2025-11-14 08:00:00,105.9,109.4,1706.0,40.3,26.1,45.0
2025-11-14 09:00:00,100.8,104.5,1519.0,34.9,29.1,76.0
2025-11-14 10:00:00,88.2,92.7,1129.0,24.7,32.2,121.0
2025-11-14 11:00:00,68.2,73.6,809.0,16.3,33.9,156.0
2025-11-14 12:00:00,50.9,57.2,652.0,10.2,32.9,175.0
2025-11-14 13:00:00,45.3,52.9,564.0,5.9,30.5,184.0
2025-11-14 14:00:00,42.6,51.8,543.0,8.6,29.0,181.0
2025-11-14 15:00:00,41.8,53.2,612.0,23.8,29.4,160.0
2025-11-14 16:00:00,46.0,57.3,746.0,46.0,30.7,127.0
2025-11-14 17:00:00,85.9,95.7,869.0,65.8,32.2,89.0
2025-11-14 18:00:00,99.0,109.2,964.0,70.1,34.0,75.0
2025-11-14 19:00:00,107.1,117.3,1048.0,75.7,36.2,57.0
2025-11-14 20:00:00,108.5,119.0,1090.0,76.6,36.8,44.0
2025-11-14 21:00:00,105.9,116.4,1074.0,69.1,34.2,44.0
2025-11-14 22:00:00,101.5,112.0,1016.0,56.9,29.8,49.0
2025-11-14 23:00:00,96.6,107.1,942.0,45.6,26.0,55.0
2025-11-15 00:00:00,93.4,103.1,838.0,36.3,23.5,59.0
2025-11-15 01:00:00,91.7,100.6,718.0,27.9,21.5,62.0
2025-11-15 02:00:00,91.3,99.0,642.0,22.0,20.2,63.0
2025-11-15 03:00:00,91.3,98.0,612.0,19.3,19.6,61.0
2025-11-15 04:00:00,91.7,98.0,626.0,19.2,19.6,58.0
2025-11-15 05:00:00,97.8,102.0,743.0,22.4,20.8,52.0
2025-11-15 06:00:00,103.8,107.6,1091.0,28.3,22.6,45.0
2025-11-15 07:00:00,113.4,116.9,1542.0,36.0,25.2,37.0
2025-11-15 08:00:00,111.8,114.6,1772.0,39.4,28.3,43.0
2025-11-15 09:00:00,107.6,110.4,1575.0,34.3,32.5,77.0
2025-11-15 10:00:00,95.0,98.5,1157.0,24.9,37.1,126.0
2025-11-15 11:00:00,74.3,77.8,813.0,17.1,40.0,163.0
2025-11-15 12:00:00,63.8,67.1,640.0,11.7,39.8,179.0
2025-11-15 13:00:00,57.7,60.5,541.0,8.0,37.9,183.0
2025-11-15 14:00:00,53.0,55.2,523.0,9.7,36.0,176.0
2025-11-15 15:00:00,49.7,51.5,634.0,21.1,34.7,154.0
2025-11-15 16:00:00,50.5,51.9,826.0,37.9,33.4,120.0
2025-11-15 17:00:00,84.5,87.5,966.0,57.4,36.0,89.0
2025-11-15 18:00:00,94.3,97.1,996.0,60.6,36.0,75.0
2025-11-15 19:00:00,95.7,98.3,974.0,64.7,35.9,56.0
2025-11-15 20:00:00,94.5,96.9,942.0,65.3,34.9,42.0
2025-11-15 21:00:00,91.5,93.6,913.0,59.7,32.4,39.0
2025-11-15 22:00:00,87.5,89.6,874.0,50.7,29.0,42.0
2025-11-15 23:00:00,82.9,84.8,825.0,42.0,26.1,46.0
2025-11-16 00:00:00,78.9,80.8,754.0,34.4,24.1,49.0
2025-11-16 01:00:00,76.8,78.7,674.0,27.2,22.6,52.0
2025-11-16 02:00:00,75.9,77.5,620.0,22.2,21.6,54.0
2025-11-16 03:00:00,75.7,77.3,572.0,20.0,21.1,53.0
2025-11-16 04:00:00,76.1,77.8,551.0,20.0,21.0,51.0
2025-11-16 05:00:00,80.3,81.7,650.0,20.2,23.1,56.0
2025-11-16 06:00:00,86.8,88.5,1017.0,26.7,24.8,49.0
2025-11-16 07:00:00,96.9,98.5,1504.0,35.3,27.3,41.0
2025-11-16 08:00:00,95.0,96.2,1766.0,39.3,30.0,45.0
2025-11-16 09:00:00,89.4,90.8,1589.0,34.2,33.4,74.0
2025-11-16 10:00:00,76.4,78.2,1186.0,24.4,37.0,116.0
2025-11-16 11:00:00,60.3,62.4,851.0,16.3,38.6,147.0
2025-11-16 12:00:00,49.7,51.6,679.0,10.9,36.5,158.0
2025-11-16 13:00:00,42.7,44.4,575.0,7.3,32.4,159.0
2025-11-16 14:00:00,38.6,40.2,543.0,8.6,29.1,151.0
2025-11-16 15:00:00,36.8,38.1,623.0,19.0,27.7,132.0
2025-11-16 16:00:00,38.1,39.1,775.0,34.3,27.0,105.0
2025-11-16 17:00:00,52.2,53.8,887.0,44.1,26.9,80.0
2025-11-16 18:00:00,59.6,61.0,908.0,47.1,27.4,71.0
2025-11-16 19:00:00,62.4,63.8,889.0,51.0,28.1,58.0
2025-11-16 20:00:00,64.5,65.7,865.0,53.1,28.4,48.0
2025-11-16 21:00:00,67.5,68.9,850.0,51.9,28.0,44.0
2025-11-16 22:00:00,70.8,72.2,830.0,48.9,27.2,43.0
2025-11-16 23:00:00,72.2,73.6,798.0,45.1,26.1,43.0
2025-11-17 00:00:00,72.2,73.6,736.0,40.0,24.6,44.0
2025-11-17 01:00:00,72.9,74.3,661.0,34.3,22.9,45.0
2025-11-17 02:00:00,74.7,76.1,618.0,30.7,21.7,45.0
2025-11-17 03:00:00,77.3,78.7,596.0,30.9,21.2,40.0
2025-11-17 04:00:00,79.6,81.3,606.0,33.3,21.2,33.0
2025-11-17 05:00:00,80.8,82.4,726.0,28.7,22.5,41.0
2025-11-17 06:00:00,91.0,92.7,1096.0,34.0,24.8,33.0
2025-11-17 07:00:00,105.2,106.6,1576.0,40.9,28.2,24.0
2025-11-17 08:00:00,103.6,104.5,1828.0,43.6,31.7,29.0
2025-11-17 09:00:00,98.3,99.4,1635.0,38.2,35.4,62.0
2025-11-17 10:00:00,90.1,91.7,1212.0,28.6,39.2,110.0
2025-11-17 11:00:00,77.3,79.4,871.0,20.6,42.0,147.0
2025-11-17 12:00:00,61.9,64.0,721.0,13.5,42.8,167.0
2025-11-17 13:00:00,59.5,61.2,651.0,8.1,42.5,177.0
2025-11-17 14:00:00,58.6,60.1,642.0,12.4,42.9,173.0
2025-11-17 15:00:00,58.2,59.6,671.0,34.3,43.8,148.0
2025-11-17 16:00:00,65.2,66.4,760.0,65.8,45.3,109.0
2025-11-17 17:00:00,115.0,117.1,953.0,82.9,46.7,71.0
2025-11-17 18:00:00,143.4,145.3,1305.0,89.1,53.1,58.0
2025-11-17 19:00:00,164.4,166.7,1760.0,97.5,62.1,41.0
2025-11-17 20:00:00,180.7,183.0,2200.0,102.9,69.1,28.0
2025-11-17 21:00:00,193.2,195.6,2633.0,102.7,72.8,23.0
2025-11-17 22:00:00,201.2,203.5,3050.0,99.6,74.5,23.0
2025-11-17 23:00:00,204.0,206.3,3305.0,95.9,74.2,23.0
2025-11-18 00:00:00,203.0,205.8,3303.0,92.2,71.1,22.0
2025-11-18 01:00:00,202.1,204.4,3140.0,88.0,65.9,21.0
2025-11-18 02:00:00,200.2,202.6,2953.0,84.0,60.9,20.0
2025-11-18 03:00:00,195.6,198.4,2748.0,80.0,56.2,17.0
2025-11-18 04:00:00,191.4,193.7,2520.0,76.2,51.7,14.0
2025-11-18 05:00:00,184.9,187.2,2394.0,72.9,44.4,10.0
2025-11-18 06:00:00,185.3,187.7,2524.0,74.2,44.5,13.0
2025-11-18 07:00:00,190.5,192.3,2756.0,75.3,44.7,19.0
2025-11-18 08:00:00,173.7,174.6,2757.0,71.5,45.8,36.0
2025-11-18 09:00:00,149.9,151.3,2290.0,58.3,48.8,76.0
2025-11-18 10:00:00,122.5,124.3,1592.0,40.1,52.7,127.0
2025-11-18 11:00:00,96.6,98.5,1045.0,25.6,54.5,168.0
2025-11-18 12:00:00,82.2,84.3,804.0,16.0,52.2,191.0
2025-11-18 13:00:00,76.1,78.0,715.0,10.2,47.9,203.0
2025-11-18 14:00:00,71.9,73.8,696.0,13.2,44.8,200.0
2025-11-18 15:00:00,70.1,71.7,725.0,31.3,43.9,176.0
2025-11-18 16:00:00,74.5,75.7,825.0,58.4,44.1,138.0
2025-11-18 17:00:00,107.1,108.7,980.0,78.2,45.5,106.0
2025-11-18 18:00:00,124.3,125.7,1195.0,85.8,49.7,87.0
2025-11-18 19:00:00,141.6,143.0,1466.0,96.1,55.4,60.0
2025-11-18 20:00:00,156.9,158.3,1758.0,103.1,59.8,38.0
2025-11-18 21:00:00,170.0,171.8,2142.0,104.4,62.2,25.0
2025-11-18 22:00:00,178.3,179.7,2549.0,102.5,63.3,17.0
2025-11-18 23:00:00,177.9,179.3,2732.0,98.2,61.5,12.0
2025-11-19 00:00:00,169.0,170.4,2513.0,90.9,54.9,11.0
2025-11-19 01:00:00,159.7,161.1,2072.0,81.2,45.5,14.0
2025-11-19 02:00:00,152.7,154.1,1699.0,72.8,37.8,16.0
2025-11-19 03:00:00,148.1,149.5,1455.0,66.5,33.3,16.0
2025-11-19 04:00:00,143.9,145.3,1280.0,61.3,30.6,15.0
2025-11-19 05:00:00,159.3,160.7,1285.0,65.4,37.3,10.0
2025-11-19 06:00:00,164.8,166.2,1667.0,67.8,39.1,6.0
2025-11-19 07:00:00,182.5,183.9,2230.0,70.7,41.9,2.0
2025-11-19 08:00:00,186.7,187.7,2498.0,69.1,46.0,17.0
2025-11-19 09:00:00,149.0,149.5,2175.0,59.0,52.6,68.0
2025-11-19 10:00:00,116.4,117.3,1558.0,44.5,60.6,138.0
2025-11-19 11:00:00,93.4,94.5,1058.0,33.1,66.7,192.0
2025-11-19 12:00:00,73.1,74.3,825.0,24.9,69.1,218.0
2025-11-19 13:00:00,68.5,69.4,709.0,19.9,69.6,228.0
2025-11-19 14:00:00,65.9,66.8,680.0,25.3,70.2,222.0
2025-11-19 15:00:00,65.2,66.1,754.0,49.7,71.5,193.0
2025-11-19 16:00:00,73.1,73.8,914.0,84.6,73.0,147.0
2025-11-19 17:00:00,116.4,117.6,1078.0,105.9,60.6,102.0
2025-11-19 18:00:00,145.3,146.7,1207.0,111.9,64.7,82.0
2025-11-19 19:00:00,162.5,163.4,1341.0,119.9,70.3,54.0
2025-11-19 20:00:00,172.8,173.7,1511.0,124.3,74.6,33.0
2025-11-19 21:00:00,181.1,182.1,1761.0,121.8,76.7,25.0
2025-11-19 22:00:00,188.6,190.0,2049.0,115.6,77.5,22.0
2025-11-19 23:00:00,192.8,194.2,2277.0,109.9,77.2,21.0
2025-11-20 00:00:00,193.7,195.1,2409.0,106.2,75.6,19.0
2025-11-20 01:00:00,193.7,194.6,2482.0,103.1,73.0,17.0
2025-11-20 02:00:00,191.4,192.8,2510.0,100.0,70.1,15.0
2025-11-20 03:00:00,189.1,190.5,2454.0,96.3,66.3,12.0
2025-11-20 04:00:00,187.2,188.6,2353.0,92.7,62.3,8.0
2025-11-20 05:00:00,204.0,205.4,2341.0,123.3,79.6,1.0
2025-11-20 06:00:00,207.2,208.6,2581.0,123.6,79.4,0.0
2025-11-20 07:00:00,220.3,221.2,2910.0,123.1,79.3,0.0
2025-11-20 08:00:00,209.1,209.5,2974.0,115.8,80.4,20.0
2025-11-20 09:00:00,181.6,182.5,2512.0,95.9,83.9,79.0
2025-11-20 10:00:00,155.5,156.5,1784.0,69.2,88.5,157.0
2025-11-20 11:00:00,128.1,129.0,1218.0,47.2,91.6,221.0
2025-11-20 12:00:00,109.4,110.8,986.0,30.8,91.6,259.0
2025-11-20 13:00:00,106.2,107.6,916.0,19.1,90.1,282.0
2025-11-20 14:00:00,104.8,106.2,922.0,20.8,89.2,284.0
2025-11-20 15:00:00,105.5,106.9,953.0,44.8,88.8,253.0
2025-11-20 16:00:00,119.7,121.1,1060.0,82.3,88.9,201.0
2025-11-20 17:00:00,156.9,158.8,1306.0,98.8,78.4,140.0
2025-11-20 18:00:00,186.7,189.1,1827.0,109.1,80.3,109.0
2025-11-20 19:00:00,207.2,209.5,2486.0,123.3,82.8,67.0
2025-11-20 20:00:00,218.4,220.3,2938.0,133.5,83.5,33.0
2025-11-20 21:00:00,221.7,224.0,2977.0,136.0,80.8,17.0
2025-11-20 22:00:00,221.2,223.5,2809.0,134.5,76.4,10.0
2025-11-20 23:00:00,219.3,221.7,2702.0,131.9,72.0,6.0
2025-11-21 00:00:00,217.0,219.8,2790.0,128.9,68.0,2.0
2025-11-21 01:00:00,217.0,219.3,2940.0,124.9,64.2,1.0
2025-11-21 02:00:00,217.5,220.3,3019.0,121.2,61.8,0.0
2025-11-21 03:00:00,217.9,221.2,2961.0,118.2,61.5,0.0
2025-11-21 04:00:00,219.8,222.6,2833.0,115.5,62.6,0.0
2025-11-21 05:00:00,215.6,218.4,2705.0,105.3,57.2,1.0
2025-11-21 06:00:00,213.3,216.5,2650.0,103.4,57.1,2.0
2025-11-21 07:00:00,212.3,215.1,2596.0,100.1,56.8,6.0
2025-11-21 08:00:00,193.2,195.1,2393.0,92.1,55.8,24.0
2025-11-21 09:00:00,171.8,173.7,1884.0,75.7,52.8,70.0
2025-11-21 10:00:00,146.7,149.5,1228.0,54.6,49.0,131.0
2025-11-21 11:00:00,118.3,122.0,748.0,37.3,47.3,179.0
2025-11-21 12:00:00,96.2,99.4,596.0,23.3,49.3,208.0
2025-11-21 13:00:00,90.8,93.4,621.0,13.1,53.5,224.0
2025-11-21 14:00:00,89.2,91.7,696.0,16.1,57.9,224.0
2025-11-21 15:00:00,89.9,92.2,796.0,43.1,62.1,198.0
2025-11-21 16:00:00,102.0,104.1,946.0,83.2,66.6,154.0
2025-11-21 17:00:00,156.0,158.3,1092.0,115.7,64.1,98.0
2025-11-21 18:00:00,188.6,191.4,1210.0,120.9,69.9,81.0
2025-11-21 19:00:00,210.5,213.7,1325.0,127.7,77.7,57.0
2025-11-21 20:00:00,223.5,226.8,1452.0,129.8,81.7,40.0
2025-11-21 21:00:00,226.8,230.0,1611.0,123.2,78.5,37.0
2025-11-21 22:00:00,223.5,226.8,1783.0,111.9,71.6,41.0
2025-11-21 23:00:00,219.3,222.6,1925.0,101.9,65.2,44.0
2025-11-22 00:00:00,215.6,218.9,2027.0,94.7,60.2,43.0
2025-11-22 01:00:00,215.1,218.4,2099.0,88.9,55.8,42.0
2025-11-22 02:00:00,217.5,221.2,2125.0,85.7,53.7,40.0
2025-11-22 03:00:00,220.7,224.4,2038.0,86.4,55.0,37.0
2025-11-22 04:00:00,223.1,226.3,1905.0,89.7,58.6,33.0
2025-11-22 05:00:00,208.6,211.9,1908.0,77.8,51.4,37.0
2025-11-22 06:00:00,220.3,223.1,2270.0,86.0,57.9,32.0
2025-11-22 07:00:00,237.0,240.3,2768.0,96.3,66.8,27.0
2025-11-22 08:00:00,241.2,243.1,2919.0,96.7,73.7,41.0
2025-11-22 09:00:00,210.5,212.8,2374.0,77.8,77.6,92.0
2025-11-22 10:00:00,168.1,170.9,1483.0,49.0,79.4,161.0
2025-11-22 11:00:00,134.6,137.8,807.0,26.2,77.1,210.0
2025-11-22 12:00:00,117.3,121.1,583.0,13.9,67.4,223.0
2025-11-22 13:00:00,106.2,110.6,575.0,7.6,53.5,216.0
2025-11-22 14:00:00,98.3,102.9,635.0,9.8,43.3,199.0
2025-11-22 15:00:00,94.1,98.5,718.0,25.6,40.2,170.0
2025-11-22 16:00:00,102.9,106.4,869.0,49.8,40.8,131.0
2025-11-22 17:00:00,151.3,156.5,1071.0,83.0,48.8,88.0
2025-11-22 18:00:00,173.2,177.9,1382.0,88.9,53.3,71.0
2025-11-22 19:00:00,191.4,196.0,1744.0,96.7,59.3,48.0
2025-11-22 20:00:00,204.4,208.6,1970.0,100.9,63.0,30.0
2025-11-22 21:00:00,212.3,216.1,1948.0,98.7,62.7,23.0
2025-11-22 22:00:00,216.1,219.3,1790.0,92.9,60.1,21.0
2025-11-22 23:00:00,214.2,217.5,1637.0,86.0,56.2,22.0
2025-11-23 00:00:00,207.7,210.5,1523.0,78.2,50.2,25.0
2025-11-23 01:00:00,197.9,200.2,1414.0,69.2,42.8,29.0
2025-11-23 02:00:00,186.7,188.6,1353.0,61.0,37.2,34.0
2025-11-23 03:00:00,176.5,178.3,1329.0,52.7,33.9,38.0
2025-11-23 04:00:00,170.4,172.3,1353.0,45.2,32.3,42.0
2025-11-23 05:00:00,208.2,210.5,1501.0,65.6,44.4,16.0
2025-11-23 06:00:00,220.7,223.5,1952.0,70.7,50.4,12.0
2025-11-23 07:00:00,242.1,244.9,2528.0,77.2,58.6,10.0
2025-11-23 08:00:00,247.7,249.6,2767.0,77.5,65.5,24.0
2025-11-23 09:00:00,209.5,211.4,2354.0,66.2,70.3,72.0
2025-11-23 10:00:00,170.0,172.3,1605.0,48.6,73.6,138.0
2025-11-23 11:00:00,137.4,139.7,1005.0,33.7,73.6,187.0
2025-11-23 12:00:00,128.5,131.3,730.0,22.3,68.1,209.0
2025-11-23 13:00:00,117.8,121.1,604.0,13.5,59.4,214.0
2025-11-23 14:00:00,104.3,107.6,581.0,13.2,52.1,206.0
2025-11-23 15:00:00,96.9,99.9,674.0,28.0,48.1,178.0
2025-11-23 16:00:00,104.3,106.6,870.0,51.3,45.6,137.0
2025-11-23 17:00:00,154.1,156.9,1083.0,73.5,50.0,99.0
2025-11-23 18:00:00,168.1,170.9,1314.0,76.6,50.8,84.0
2025-11-23 19:00:00,174.6,177.0,1561.0,80.5,51.7,62.0
2025-11-23 20:00:00,181.1,183.5,1740.0,82.0,51.6,46.0
2025-11-23 21:00:00,187.2,189.1,1802.0,79.1,49.6,39.0
2025-11-23 22:00:00,189.5,191.9,1796.0,73.7,46.5,37.0
2025-11-23 23:00:00,186.7,189.1,1774.0,67.6,43.2,37.0
2025-11-24 00:00:00,180.7,183.0,1759.0,60.5,39.4,39.0
2025-11-24 01:00:00,174.6,177.4,1728.0,52.6,35.3,43.0
2025-11-24 02:00:00,170.9,173.7,1674.0,46.5,32.4,45.0
2025-11-24 03:00:00,168.1,170.9,1538.0,42.9,30.9,44.0
2025-11-24 04:00:00,166.2,169.0,1378.0,41.2,30.5,41.0
2025-11-24 05:00:00,175.6,178.3,1358.0,41.9,34.7,36.0
2025-11-24 06:00:00,181.1,183.9,1660.0,48.6,38.7,30.0
2025-11-24 07:00:00,196.0,198.8,2101.0,57.2,44.2,25.0
2025-11-24 08:00:00,195.1,197.0,2297.0,59.4,49.0,37.0
2025-11-24 09:00:00,171.4,173.2,2002.0,49.2,52.4,84.0
2025-11-24 10:00:00,133.2,135.0,1462.0,32.6,55.0,149.0
2025-11-24 11:00:00,97.3,99.0,1028.0,19.5,56.0,198.0
2025-11-24 12:00:00,79.4,80.8,824.0,12.3,54.6,221.0
2025-11-24 13:00:00,72.6,74.0,726.0,8.6,51.8,228.0
2025-11-24 14:00:00,68.9,70.3,710.0,11.4,49.3,222.0
2025-11-24 15:00:00,65.7,67.1,779.0,24.6,47.3,199.0
2025-11-24 16:00:00,68.5,69.4,931.0,44.3,45.8,162.0
2025-11-24 17:00:00,87.1,88.5,1131.0,61.4,47.7,125.0
2025-11-24 18:00:00,100.8,102.0,1436.0,69.3,49.6,105.0
2025-11-24 19:00:00,112.5,113.9,1790.0,80.1,52.3,76.0
2025-11-24 20:00:00,123.4,124.8,1990.0,86.8,53.9,54.0
2025-11-24 21:00:00,133.2,134.6,1914.0,86.2,54.2,43.0
2025-11-24 22:00:00,139.7,141.1,1685.0,81.6,53.4,38.0
2025-11-24 23:00:00,139.2,140.2,1468.0,75.6,51.0,36.0
2025-11-25 00:00:00,131.3,132.2,1307.0,68.4,45.5,37.0
2025-11-25 01:00:00,123.9,124.8,1159.0,59.9,38.4,40.0
2025-11-25 02:00:00,118.7,119.7,1060.0,52.3,32.8,43.0
2025-11-25 03:00:00,115.9,117.1,1006.0,45.8,30.0,44.0
2025-11-25 04:00:00,114.8,115.7,1001.0,40.2,28.8,44.0
2025-11-25 05:00:00,116.2,117.3,1101.0,35.6,28.7,41.0
2025-11-25 06:00:00,123.4,124.3,1437.0,39.9,31.0,37.0
2025-11-25 07:00:00,132.7,133.6,1878.0,45.5,34.4,33.0
2025-11-25 08:00:00,126.2,126.7,2081.0,46.4,37.4,45.0
2025-11-25 09:00:00,115.0,115.5,1820.0,38.4,40.1,86.0
2025-11-25 10:00:00,96.4,97.1,1322.0,25.8,42.6,143.0
2025-11-25 11:00:00,71.7,72.4,928.0,15.9,43.7,186.0
2025-11-25 12:00:00,54.8,55.5,761.0,10.1,42.4,206.0
2025-11-25 13:00:00,49.2,49.9,697.0,7.0,39.9,212.0
2025-11-25 14:00:00,48.0,48.8,707.0,9.6,38.1,207.0
2025-11-25 15:00:00,47.8,48.8,806.0,21.3,37.9,187.0
2025-11-25 16:00:00,51.0,51.7,979.0,38.7,38.6,155.0
2025-11-25 17:00:00,65.7,66.1,1151.0,51.4,38.5,119.0
2025-11-25 18:00:00,81.0,81.5,1321.0,58.1,40.0,101.0
2025-11-25 19:00:00,89.9,90.3,1491.0,66.9,42.0,76.0
2025-11-25 20:00:00,92.9,93.1,1587.0,70.7,42.6,58.0
2025-11-25 21:00:00,92.2,92.7,1562.0,65.3,40.8,54.0
2025-11-25 22:00:00,92.0,92.4,1464.0,54.9,37.8,57.0
2025-11-25 23:00:00,90.3,90.8,1360.0,45.2,34.8,61.0
2025-11-26 00:00:00,88.2,88.5,1258.0,37.8,32.3,63.0
2025-11-26 01:00:00,87.8,88.0,1151.0,31.1,29.9,65.0
2025-11-26 02:00:00,88.5,88.9,1082.0,26.3,28.2,66.0
2025-11-26 03:00:00,89.4,90.1,1042.0,23.2,27.3,65.0
2025-11-26 04:00:00,91.0,91.5,1040.0,21.9,27.1,64.0
2025-11-26 05:00:00,97.1,97.8,1153.0,24.6,28.5,58.0
2025-11-26 06:00:00,105.7,106.4,1526.0,33.7,32.3,47.0
2025-11-26 07:00:00,123.4,124.3,2013.0,45.8,37.6,35.0
2025-11-26 08:00:00,129.9,130.9,2249.0,51.4,42.5,40.0
2025-11-26 09:00:00,122.0,122.5,1994.0,44.5,46.5,79.0
2025-11-26 10:00:00,110.4,111.3,1487.0,31.1,50.1,136.0
2025-11-26 11:00:00,93.6,94.8,1082.0,20.4,52.5,180.0
2025-11-26 12:00:00,70.3,71.5,910.0,13.7,53.1,201.0
2025-11-26 13:00:00,61.5,62.9,840.0,9.7,52.5,210.0
2025-11-26 14:00:00,60.1,61.7,834.0,13.6,52.3,205.0
2025-11-26 15:00:00,59.5,61.0,901.0,30.8,52.5,181.0
2025-11-26 16:00:00,67.1,68.2,1033.0,55.9,53.0,143.0
2025-11-26 17:00:00,84.5,85.9,1164.0,76.0,56.4,108.0
2025-11-26 18:00:00,109.7,111.1,1261.0,85.7,60.6,87.0
2025-11-26 19:00:00,131.3,132.2,1358.0,99.1,66.6,57.0
2025-11-26 20:00:00,149.0,150.4,1488.0,108.8,72.6,34.0
2025-11-26 21:00:00,166.2,167.6,1691.0,111.4,78.5,23.0
2025-11-26 22:00:00,183.5,184.4,1926.0,110.4,84.3,19.0
2025-11-26 23:00:00,195.1,196.5,2110.0,109.1,88.3,16.0
2025-11-27 00:00:00,198.8,200.2,2191.0,109.0,90.0,14.0
2025-11-27 01:00:00,198.4,199.8,2221.0,108.5,89.8,14.0
2025-11-27 02:00:00,196.0,197.4,2266.0,106.5,87.9,14.0
2025-11-27 03:00:00,191.9,193.2,2318.0,101.8,83.1,12.0
2025-11-27 04:00:00,189.5,190.9,2386.0,95.6,76.5,10.0
2025-11-27 05:00:00,185.8,186.7,2566.0,84.9,55.6,8.0
2025-11-27 06:00:00,187.2,188.1,3080.0,85.3,53.8,11.0
2025-11-27 07:00:00,194.2,194.6,3707.0,85.1,51.6,17.0
2025-11-27 08:00:00,179.7,180.2,3878.0,79.4,51.2,36.0
2025-11-27 09:00:00,140.2,140.6,3154.0,62.6,54.6,82.0
2025-11-27 10:00:00,98.3,99.0,1973.0,40.3,60.0,142.0
2025-11-27 11:00:00,67.3,68.2,1083.0,23.9,63.9,186.0
2025-11-27 12:00:00,56.0,56.9,799.0,16.9,64.7,202.0
2025-11-27 13:00:00,50.4,51.5,805.0,15.8,64.1,202.0
2025-11-27 14:00:00,47.7,48.9,902.0,22.1,63.6,191.0
2025-11-27 15:00:00,46.8,48.1,1077.0,40.2,63.6,165.0
2025-11-27 16:00:00,51.1,52.3,1342.0,65.6,63.6,128.0
2025-11-27 17:00:00,103.6,106.4,1535.0,90.4,65.0,93.0
2025-11-27 18:00:00,129.9,132.7,1574.0,97.9,68.3,74.0
2025-11-27 19:00:00,147.6,149.9,1542.0,107.8,72.5,47.0
2025-11-27 20:00:00,157.4,159.3,1524.0,112.7,73.4,28.0
2025-11-27 21:00:00,159.3,161.1,1572.0,108.5,68.3,24.0
2025-11-27 22:00:00,154.6,156.5,1635.0,99.3,59.8,27.0
2025-11-27 23:00:00,142.5,143.9,1648.0,89.3,51.7,32.0
2025-11-28 00:00:00,129.5,130.9,1564.0,79.7,44.7,37.0
2025-11-28 01:00:00,122.0,123.4,1430.0,69.3,38.1,44.0
2025-11-28 02:00:00,117.1,118.3,1325.0,59.2,33.1,50.0
2025-11-28 03:00:00,113.4,114.6,1246.0,48.2,30.3,56.0
2025-11-28 04:00:00,110.4,111.3,1195.0,37.4,29.2,62.0
2025-11-28 05:00:00,101.3,102.2,1265.0,22.3,27.9,79.0
2025-11-28 06:00:00,105.5,106.2,1605.0,30.7,31.0,69.0
2025-11-28 07:00:00,115.9,116.6,2065.0,41.8,35.4,56.0
2025-11-28 08:00:00,115.7,116.4,2282.0,46.9,39.6,59.0
2025-11-28 09:00:00,107.6,108.0,2024.0,40.1,43.8,92.0
2025-11-28 10:00:00,86.1,86.8,1523.0,27.2,47.8,140.0
2025-11-28 11:00:00,60.1,61.2,1108.0,17.2,49.7,175.0
2025-11-28 12:00:00,46.9,48.8,890.0,12.6,47.7,184.0
2025-11-28 13:00:00,42.7,44.8,758.0,10.9,43.5,179.0
2025-11-28 14:00:00,40.5,42.7,709.0,13.3,40.4,167.0
2025-11-28 15:00:00,40.3,42.3,775.0,22.7,39.8,146.0
2025-11-28 16:00:00,42.7,44.5,925.0,36.2,40.3,119.0
2025-11-28 17:00:00,61.5,63.1,1059.0,53.4,46.1,91.0
2025-11-28 18:00:00,68.7,70.1,1152.0,53.5,44.6,82.0
2025-11-28 19:00:00,69.4,70.5,1230.0,53.4,42.3,69.0
2025-11-28 20:00:00,68.7,69.6,1271.0,51.6,39.4,59.0
2025-11-28 21:00:00,67.5,68.5,1257.0,47.0,35.4,56.0
2025-11-28 22:00:00,66.6,67.8,1205.0,40.7,30.9,57.0
2025-11-28 23:00:00,65.0,66.1,1145.0,34.7,27.0,58.0
2025-11-29 00:00:00,63.6,64.5,1076.0,29.5,24.4,59.0
2025-11-29 01:00:00,62.9,63.8,998.0,24.6,22.4,61.0
2025-11-29 02:00:00,62.6,63.3,944.0,20.8,21.2,62.0
2025-11-29 03:00:00,61.9,62.6,907.0,18.0,20.6,63.0
2025-11-29 04:00:00,61.2,61.9,895.0,16.4,20.6,63.0
2025-11-29 05:00:00,64.0,64.7,956.0,18.8,22.0,57.0
2025-11-29 06:00:00,64.3,65.0,1180.0,24.4,24.0,51.0
2025-11-29 07:00:00,67.8,68.2,1479.0,31.8,26.9,44.0
2025-11-29 08:00:00,71.9,72.2,1637.0,35.6,29.7,48.0
2025-11-29 09:00:00,68.2,68.5,1532.0,32.3,32.5,74.0
2025-11-29 10:00:00,63.3,64.0,1286.0,25.3,35.3,111.0
2025-11-29 11:00:00,54.1,55.3,1051.0,19.1,36.2,139.0
2025-11-29 12:00:00,43.1,44.7,849.0,14.0,33.9,150.0
2025-11-29 13:00:00,39.6,41.6,658.0,9.8,29.8,151.0
2025-11-29 14:00:00,37.6,39.5,557.0,10.0,26.7,145.0
2025-11-29 15:00:00,36.4,38.1,605.0,17.9,25.8,128.0
2025-11-29 16:00:00,37.0,38.5,744.0,30.3,26.0,102.0
2025-11-29 17:00:00,47.0,48.2,874.0,47.5,30.5,74.0
2025-11-29 18:00:00,52.6,53.7,972.0,49.4,30.8,65.0
2025-11-29 19:00:00,55.2,56.1,1061.0,51.8,31.1,53.0
2025-11-29 20:00:00,54.8,55.6,1114.0,51.7,30.8,45.0
2025-11-29 21:00:00,53.0,53.7,1118.0,47.1,29.3,45.0
2025-11-29 22:00:00,52.9,53.4,1086.0,40.0,27.2,49.0
2025-11-29 23:00:00,53.1,53.6,1031.0,33.3,25.2,54.0
2025-11-30 00:00:00,53.1,53.4,940.0,27.7,23.6,58.0
2025-11-30 01:00:00,53.6,53.8,827.0,22.5,22.1,63.0
2025-11-30 02:00:00,54.1,54.5,743.0,18.7,21.2,66.0
2025-11-30 03:00:00,55.2,55.5,687.0,16.4,20.9,67.0
2025-11-30 04:00:00,56.6,56.9,661.0,15.6,21.2,66.0
2025-11-30 05:00:00,58.6,59.0,721.0,16.1,22.7,68.0
2025-11-30 06:00:00,63.1,63.6,962.0,23.1,25.6,60.0
2025-11-30 07:00:00,70.5,71.0,1289.0,32.5,29.5,51.0
2025-11-30 08:00:00,76.6,77.1,1470.0,37.3,33.0,53.0
2025-11-30 09:00:00,74.3,75.0,1372.0,33.4,35.7,79.0
2025-11-30 10:00:00,68.7,69.4,1129.0,25.0,37.9,117.0
2025-11-30 11:00:00,54.9,56.2,908.0,17.8,38.4,146.0
2025-11-30 12:00:00,39.2,40.5,749.0,12.8,36.1,160.0
2025-11-30 13:00:00,36.1,37.0,612.0,9.1,32.2,166.0
2025-11-30 14:00:00,34.8,35.6,550.0,9.3,29.3,164.0
2025-11-30 15:00:00,33.9,34.6,609.0,16.0,28.3,150.0
2025-11-30 16:00:00,36.0,36.4,742.0,26.6,28.2,129.0
2025-11-30 17:00:00,45.6,46.1,860.0,37.7,29.9,103.0
2025-11-30 18:00:00,57.2,57.6,940.0,42.9,32.0,91.0
2025-11-30 19:00:00,63.3,63.8,1005.0,50.0,34.8,75.0
2025-11-30 20:00:00,69.4,69.6,1035.0,54.4,36.7,62.0
2025-11-30 21:00:00,75.0,75.4,1015.0,54.1,36.9,57.0
2025-11-30 22:00:00,79.9,80.1,961.0,51.1,36.1,55.0
2025-11-30 23:00:00,80.6,81.0,898.0,46.7,34.7,55.0
2025-12-01 00:00:00,77.8,78.0,816.0,39.8,32.3,58.0
2025-12-01 01:00:00,76.1,76.4,725.0,31.5,29.2,63.0
2025-12-01 02:00:00,76.6,76.8,685.0,26.0,27.5,65.0
2025-12-01 03:00:00,78.7,79.2,664.0,24.8,27.7,62.0
2025-12-01 04:00:00,82.0,82.2,692.0,26.4,29.1,56.0
2025-12-01 05:00:00,91.3,91.5,925.0,29.6,32.8,52.0
2025-12-01 06:00:00,102.2,102.7,1623.0,40.3,39.4,40.0
2025-12-01 07:00:00,126.2,126.7,2525.0,54.6,48.5,26.0
2025-12-01 08:00:00,141.6,141.6,2998.0,61.1,55.1,30.0
2025-12-01 09:00:00,117.1,117.6,2644.0,52.6,57.3,71.0
2025-12-01 10:00:00,91.3,91.7,1861.0,36.4,57.0,131.0
2025-12-01 11:00:00,71.9,72.6,1211.0,23.3,55.6,177.0
2025-12-01 12:00:00,59.0,59.5,878.0,15.2,52.4,197.0
2025-12-01 13:00:00,49.0,49.5,678.0,10.2,48.1,202.0
2025-12-01 14:00:00,43.5,43.9,615.0,13.1,45.4,194.0
2025-12-01 15:00:00,42.0,42.5,737.0,28.8,45.0,168.0
2025-12-01 16:00:00,48.5,48.9,996.0,52.4,46.4,129.0
2025-12-01 17:00:00,84.5,85.2,1255.0,73.8,52.2,87.0
2025-12-01 18:00:00,112.0,112.7,1472.0,84.9,60.5,68.0
2025-12-01 19:00:00,135.0,136.0,1690.0,100.0,71.9,41.0
2025-12-01 20:00:00,152.3,153.2,1893.0,109.9,79.5,20.0
2025-12-01 21:00:00,163.4,164.4,2110.0,109.9,80.4,11.0
2025-12-01 22:00:00,170.0,170.9,2312.0,104.7,77.5,9.0
2025-12-01 23:00:00,172.8,173.7,2405.0,98.9,72.8,8.0
2025-12-02 00:00:00,170.0,170.4,2314.0,93.9,66.0,8.0
2025-12-02 01:00:00,165.3,166.2,2113.0,88.3,57.3,9.0
2025-12-02 02:00:00,154.6,155.5,1928.0,82.1,49.6,11.0
2025-12-02 03:00:00,141.1,142.0,1762.0,74.0,42.9,15.0
2025-12-02 04:00:00,129.0,129.9,1611.0,65.3,37.2,20.0
2025-12-02 05:00:00,110.6,111.5,1595.0,35.7,29.9,44.0
2025-12-02 06:00:00,118.5,119.2,1882.0,45.9,35.1,34.0
2025-12-02 07:00:00,138.8,139.7,2303.0,59.5,42.5,23.0
2025-12-02 08:00:00,158.3,158.8,2468.0,66.3,49.4,28.0
2025-12-02 09:00:00,137.4,137.8,2118.0,60.1,55.1,64.0
2025-12-02 10:00:00,101.5,102.4,1513.0,47.1,60.3,117.0
2025-12-02 11:00:00,77.1,77.8,1036.0,36.0,64.5,159.0
2025-12-02 12:00:00,61.2,61.9,838.0,28.1,67.9,184.0
2025-12-02 13:00:00,59.6,60.3,768.0,22.1,70.2,199.0
2025-12-02 14:00:00,61.7,62.4,763.0,22.6,70.4,198.0
2025-12-02 15:00:00,60.5,61.0,828.0,35.4,67.4,173.0
2025-12-02 16:00:00,65.0,65.7,957.0,54.7,62.4,132.0
2025-12-02 17:00:00,115.9,116.6,1065.0,80.7,68.8,83.0
2025-12-02 18:00:00,118.0,118.7,1122.0,76.7,63.3,72.0
2025-12-02 19:00:00,115.5,116.2,1158.0,70.9,55.4,57.0
2025-12-02 20:00:00,111.3,111.8,1181.0,64.3,47.9,46.0
2025-12-02 21:00:00,105.9,106.4,1203.0,56.6,41.3,44.0
2025-12-02 22:00:00,101.5,102.2,1211.0,48.1,35.0,47.0
2025-12-02 23:00:00,98.3,99.0,1181.0,40.3,29.7,50.0
2025-12-03 00:00:00,95.7,96.6,1073.0,33.6,25.7,52.0
2025-12-03 01:00:00,95.7,96.4,926.0,27.6,22.7,55.0
2025-12-03 02:00:00,96.6,97.3,831.0,23.2,20.7,57.0
2025-12-03 03:00:00,97.3,98.3,803.0,20.3,19.7,59.0
2025-12-03 04:00:00,97.8,98.7,827.0,18.9,19.7,60.0
2025-12-03 05:00:00,93.4,94.1,953.0,16.1,20.9,74.0
2025-12-03 06:00:00,98.5,99.0,1311.0,23.8,24.3,65.0
2025-12-03 07:00:00,108.7,109.2,1770.0,34.1,29.0,55.0
2025-12-03 08:00:00,113.9,114.1,1991.0,39.4,33.5,60.0
2025-12-03 09:00:00,112.9,113.4,1749.0,34.8,37.4,94.0
2025-12-03 10:00:00,109.0,109.4,1269.0,25.0,41.1,143.0
2025-12-03 11:00:00,99.2,99.7,882.0,17.1,43.5,180.0
2025-12-03 12:00:00,78.5,78.9,704.0,12.1,44.0,196.0
2025-12-03 13:00:00,68.9,69.4,619.0,8.8,43.2,201.0
2025-12-03 14:00:00,64.0,64.7,609.0,10.7,42.3,194.0
2025-12-03 15:00:00,61.5,61.9,702.0,21.9,41.4,171.0
2025-12-03 16:00:00,63.3,63.8,871.0,38.1,40.4,136.0
2025-12-03 17:00:00,76.8,77.3,1015.0,44.8,36.6,108.0
2025-12-03 18:00:00,82.7,83.1,1104.0,43.6,36.2,99.0
2025-12-03 19:00:00,85.7,85.9,1168.0,41.8,35.7,87.0
2025-12-03 20:00:00,89.2,89.4,1200.0,39.1,35.1,79.0
2025-12-03 21:00:00,93.1,93.4,1192.0,35.0,34.4,78.0
2025-12-03 22:00:00,97.1,97.6,1152.0,30.0,33.7,81.0
2025-12-03 23:00:00,99.9,100.1,1101.0,25.3,32.7,84.0
2025-12-04 00:00:00,100.8,101.3,1034.0,21.2,31.2,85.0
2025-12-04 01:00:00,102.0,102.4,956.0,17.4,29.5,86.0
2025-12-04 02:00:00,102.7,103.1,905.0,14.6,28.3,87.0
2025-12-04 03:00:00,103.1,103.4,880.0,12.6,27.8,87.0
2025-12-04 04:00:00,102.9,103.4,881.0,11.5,27.9,87.0
2025-12-04 05:00:00,107.6,108.0,950.0,13.4,29.4,87.0
2025-12-04 06:00:00,110.1,110.6,1168.0,20.5,31.4,78.0
2025-12-04 07:00:00,116.2,116.6,1453.0,30.1,34.3,68.0
2025-12-04 08:00:00,118.3,118.5,1597.0,34.9,36.9,71.0
2025-12-04 09:00:00,114.8,115.0,1470.0,30.5,39.4,100.0
2025-12-04 10:00:00,103.1,103.6,1202.0,21.4,41.6,143.0
2025-12-04 11:00:00,82.9,83.4,969.0,14.1,42.4,173.0
2025-12-04 12:00:00,65.4,66.1,817.0,9.8,40.5,181.0
2025-12-04 13:00:00,57.7,58.4,701.0,7.3,37.1,178.0
2025-12-04 14:00:00,52.4,53.1,662.0,9.7,34.8,167.0
2025-12-04 15:00:00,49.9,50.5,744.0,20.4,34.4,147.0
2025-12-04 16:00:00,52.6,53.1,903.0,36.0,35.0,119.0
2025-12-04 17:00:00,63.6,64.0,1044.0,42.2,34.1,98.0
2025-12-04 18:00:00,78.9,79.4,1147.0,50.7,37.8,83.0
2025-12-04 19:00:00,89.9,90.3,1232.0,62.2,42.8,62.0
2025-12-04 20:00:00,98.3,98.7,1262.0,68.6,45.9,48.0
2025-12-04 21:00:00,102.7,103.1,1201.0,65.8,45.4,46.0
2025-12-04 22:00:00,103.1,103.4,1085.0,57.9,42.9,52.0
2025-12-04 23:00:00,100.1,100.4,989.0,49.5,40.0,57.0
2025-12-05 00:00:00,96.2,96.4,938.0,41.0,36.8,62.0
2025-12-05 01:00:00,94.1,94.5,906.0,32.0,33.2,67.0
2025-12-05 02:00:00,93.6,94.1,894.0,25.7,30.8,70.0
2025-12-05 03:00:00,94.3,94.5,874.0,23.2,30.1,68.0
2025-12-05 04:00:00,96.6,96.9,874.0,23.4,30.6,63.0
2025-12-05 05:00:00,106.9,107.3,972.0,26.1,33.8,61.0
2025-12-05 06:00:00,115.3,115.7,1299.0,34.6,37.7,52.0
2025-12-05 07:00:00,131.3,131.8,1724.0,45.9,43.0,40.0
2025-12-05 08:00:00,133.2,133.2,1935.0,50.8,47.5,46.0
2025-12-05 09:00:00,122.5,122.9,1728.0,43.3,50.2,84.0
2025-12-05 10:00:00,100.4,100.8,1307.0,29.4,51.9,139.0
2025-12-05 11:00:00,78.5,79.2,966.0,18.5,52.8,181.0
2025-12-05 12:00:00,63.3,64.3,805.0,12.9,52.6,202.0
2025-12-05 13:00:00,58.0,58.8,723.0,10.3,51.5,211.0
2025-12-05 14:00:00,56.8,57.5,718.0,12.8,50.5,207.0
2025-12-05 15:00:00,56.5,57.2,825.0,24.5,50.1,185.0
2025-12-05 16:00:00,59.6,60.1,1007.0,41.3,49.7,151.0
2025-12-05 17:00:00,91.7,92.4,1154.0,52.7,49.7,122.0
2025-12-05 18:00:00,99.7,100.4,1228.0,52.5,48.5,109.0
2025-12-05 19:00:00,103.6,104.3,1266.0,52.0,46.7,90.0
2025-12-05 20:00:00,103.6,104.3,1266.0,49.5,44.1,77.0
2025-12-05 21:00:00,99.9,100.4,1218.0,43.6,40.3,74.0
2025-12-05 22:00:00,96.2,96.9,1133.0,35.8,35.7,77.0
2025-12-05 23:00:00,92.2,92.7,1042.0,28.8,31.9,80.0
2025-12-06 00:00:00,88.2,88.7,946.0,23.4,29.4,82.0
2025-12-06 01:00:00,85.7,86.1,844.0,18.7,27.7,84.0
2025-12-06 02:00:00,83.6,84.3,771.0,15.3,26.6,85.0
2025-12-06 03:00:00,81.7,82.2,726.0,12.9,26.1,86.0
2025-12-06 04:00:00,79.9,80.3,710.0,11.7,26.3,86.0
2025-12-06 05:00:00,83.6,84.1,758.0,13.0,28.0,84.0
2025-12-06 06:00:00,85.0,85.7,940.0,19.4,29.8,77.0
2025-12-06 07:00:00,88.9,89.4,1188.0,28.0,32.4,69.0
2025-12-06 08:00:00,92.4,92.7,1329.0,32.4,34.6,72.0
2025-12-06 09:00:00,90.3,90.6,1265.0,28.6,36.1,98.0
2025-12-06 10:00:00,85.4,85.7,1095.0,20.7,37.2,135.0
2025-12-06 11:00:00,78.2,78.7,944.0,14.4,37.5,164.0
2025-12-06 12:00:00,68.7,69.2,845.0,11.1,36.5,180.0
2025-12-06 13:00:00,60.1,60.8,765.0,9.4,34.8,187.0
2025-12-06 14:00:00,56.1,57.0,726.0,10.8,33.3,185.0
2025-12-06 15:00:00,53.6,54.6,758.0,17.8,32.5,167.0
2025-12-06 16:00:00,54.5,55.3,831.0,27.9,31.9,140.0
2025-12-06 17:00:00,58.8,60.1,884.0,33.3,32.9,108.0
2025-12-06 18:00:00,62.6,63.6,887.0,33.8,33.9,100.0
2025-12-06 19:00:00,66.4,67.5,869.0,34.4,35.3,89.0
2025-12-06 20:00:00,70.5,71.7,858.0,33.8,36.0,81.0
2025-12-06 21:00:00,75.7,76.6,871.0,31.3,35.7,79.0
2025-12-06 22:00:00,79.4,80.3,891.0,27.6,34.7,80.0
2025-12-06 23:00:00,80.6,81.5,895.0,24.0,33.4,80.0
2025-12-07 00:00:00,80.3,81.3,863.0,20.5,31.5,79.0
2025-12-07 01:00:00,80.6,81.3,816.0,17.0,29.2,77.0
2025-12-07 02:00:00,80.6,81.5,793.0,14.5,27.5,75.0
2025-12-07 03:00:00,80.8,81.3,794.0,12.9,26.6,73.0
2025-12-07 04:00:00,80.8,81.5,818.0,12.2,26.2,71.0
2025-12-07 05:00:00,82.4,82.9,909.0,12.7,27.6,72.0
2025-12-07 06:00:00,86.1,86.6,1143.0,17.8,29.6,65.0
2025-12-07 07:00:00,92.9,93.4,1442.0,24.7,32.5,57.0
2025-12-07 08:00:00,96.2,96.6,1616.0,28.4,34.9,59.0
2025-12-07 09:00:00,97.8,98.3,1555.0,25.9,36.7,82.0
2025-12-07 10:00:00,94.1,94.8,1369.0,20.1,38.0,115.0
2025-12-07 11:00:00,84.1,85.0,1193.0,15.4,38.6,142.0
2025-12-07 12:00:00,70.3,71.5,1049.0,12.2,37.9,157.0
2025-12-07 13:00:00,63.1,64.5,915.0,10.1,36.3,165.0
2025-12-07 14:00:00,58.2,59.8,857.0,11.5,35.0,163.0
2025-12-07 15:00:00,56.3,58.0,937.0,19.8,34.3,147.0
2025-12-07 16:00:00,58.0,59.4,1094.0,31.7,33.9,121.0
2025-12-07 17:00:00,57.4,58.1,1211.0,38.7,34.4,97.0
2025-12-07 18:00:00,58.9,59.4,1242.0,37.5,34.3,92.0
2025-12-07 19:00:00,59.3,59.8,1234.0,35.8,34.2,85.0
2025-12-07 20:00:00,60.5,61.0,1210.0,33.5,33.8,80.0
2025-12-07 21:00:00,62.6,63.3,1178.0,30.6,33.1,79.0
2025-12-07 22:00:00,65.2,65.9,1130.0,27.2,32.2,80.0
2025-12-07 23:00:00,65.7,66.4,1069.0,23.8,31.2,81.0
2025-12-08 00:00:00,63.8,64.7,980.0,20.0,29.9,82.0
2025-12-08 01:00:00,62.2,63.3,878.0,16.2,28.6,83.0
2025-12-08 02:00:00,60.5,61.9,804.0,13.5,27.5,84.0
2025-12-08 03:00:00,60.1,61.7,759.0,12.0,26.7,83.0
2025-12-08 04:00:00,60.8,62.2,743.0,11.7,26.2,82.0
2025-12-08 05:00:00,63.3,64.7,793.0,13.1,27.2,80.0
2025-12-08 06:00:00,68.2,69.8,981.0,18.4,29.0,74.0
2025-12-08 07:00:00,76.4,77.8,1236.0,25.5,31.5,67.0
2025-12-08 08:00:00,80.8,82.2,1382.0,29.2,33.7,71.0
2025-12-08 09:00:00,83.1,84.5,1319.0,26.5,35.2,97.0
2025-12-08 10:00:00,79.9,81.7,1147.0,20.4,36.4,134.0
2025-12-08 11:00:00,73.1,75.2,986.0,15.4,37.0,162.0
2025-12-08 12:00:00,62.6,65.0,860.0,12.2,36.6,175.0
2025-12-08 13:00:00,56.0,58.7,744.0,10.1,35.5,178.0
2025-12-08 14:00:00,52.0,54.8,689.0,11.0,34.7,174.0
2025-12-08 15:00:00,51.2,53.8,739.0,17.6,34.5,158.0
2025-12-08 16:00:00,53.4,55.5,849.0,27.2,34.7,134.0
2025-12-08 17:00:00,55.2,57.0,931.0,31.1,36.2,115.0
2025-12-08 18:00:00,58.4,59.8,951.0,30.9,36.8,109.0
2025-12-08 19:00:00,60.5,61.7,943.0,30.5,37.5,101.0
2025-12-08 20:00:00,62.2,63.3,922.0,29.3,37.5,96.0
2025-12-08 21:00:00,64.3,65.2,888.0,26.7,36.3,95.0
2025-12-08 22:00:00,65.7,66.4,841.0,23.2,34.3,97.0
2025-12-08 23:00:00,65.0,65.7,795.0,19.9,32.3,98.0
2025-12-09 00:00:00,63.6,64.5,748.0,17.0,30.3,97.0
2025-12-09 01:00:00,63.1,64.0,701.0,14.3,28.2,95.0
2025-12-09 02:00:00,62.9,63.8,672.0,12.4,26.6,93.0
2025-12-09 03:00:00,62.6,63.6,651.0,11.1,25.7,90.0
2025-12-09 04:00:00,62.4,63.3,649.0,10.6,25.3,86.0
2025-12-09 05:00:00,62.9,63.6,710.0,11.7,26.0,83.0
2025-12-09 06:00:00,64.3,65.0,903.0,16.4,27.4,76.0
2025-12-09 07:00:00,68.5,69.2,1161.0,22.7,29.3,67.0
2025-12-09 08:00:00,69.8,70.5,1323.0,26.1,30.8,68.0
2025-12-09 09:00:00,70.3,71.0,1310.0,24.1,31.6,87.0
2025-12-09 10:00:00,64.5,65.2,1202.0,19.2,32.0,116.0
2025-12-09 11:00:00,54.1,54.9,1079.0,15.0,31.9,138.0
2025-12-09 12:00:00,41.8,42.6,940.0,11.7,30.9,150.0
2025-12-09 13:00:00,35.5,36.4,787.0,9.2,29.4,156.0
2025-12-09 14:00:00,31.9,32.9,704.0,10.3,28.4,153.0
2025-12-09 15:00:00,30.3,31.4,744.0,18.1,28.1,137.0
2025-12-09 16:00:00,33.2,34.2,853.0,29.5,28.3,112.0
2025-12-09 17:00:00,41.3,42.6,958.0,36.4,30.0,91.0
2025-12-09 18:00:00,45.4,46.4,1041.0,37.1,30.7,84.0
2025-12-09 19:00:00,47.8,48.8,1120.0,37.9,31.7,75.0
2025-12-09 20:00:00,50.4,51.3,1173.0,37.5,31.9,68.0
2025-12-09 21:00:00,52.9,53.8,1188.0,35.2,31.0,67.0
2025-12-09 22:00:00,54.9,55.9,1178.0,31.6,29.3,68.0
2025-12-09 23:00:00,54.9,55.9,1151.0,27.9,27.6,69.0
2025-12-10 00:00:00,53.3,54.4,1100.0,23.8,25.7,69.0
2025-12-10 01:00:00,51.9,53.0,1033.0,19.6,23.8,70.0
2025-12-10 02:00:00,50.8,51.8,987.0,16.5,22.5,69.0
2025-12-10 03:00:00,50.2,51.2,959.0,14.9,22.2,67.0
2025-12-10 04:00:00,50.5,51.6,951.0,14.5,22.5,64.0
2025-12-10 05:00:00,49.1,50.2,1008.0,14.2,24.3,65.0
2025-12-10 06:00:00,53.8,54.7,1202.0,19.3,26.8,58.0
2025-12-10 07:00:00,61.9,62.6,1461.0,26.2,30.2,50.0
2025-12-10 08:00:00,65.7,66.4,1611.0,29.8,33.2,53.0
2025-12-10 09:00:00,68.2,68.7,1552.0,27.2,35.3,78.0
2025-12-10 10:00:00,65.2,65.7,1384.0,21.4,36.9,114.0
2025-12-10 11:00:00,58.9,59.5,1229.0,16.5,37.8,143.0
2025-12-10 12:00:00,50.5,51.2,1110.0,12.0,37.4,159.0
2025-12-10 13:00:00,45.5,46.3,1004.0,8.3,36.2,167.0
2025-12-10 14:00:00,43.5,44.2,969.0,10.7,36.0,164.0
2025-12-10 15:00:00,43.7,44.4,1063.0,24.1,37.2,144.0
2025-12-10 16:00:00,49.4,49.9,1228.0,43.5,39.3,112.0
2025-12-10 17:00:00,64.3,65.0,1345.0,44.2,38.1,91.0
2025-12-10 18:00:00,75.2,75.7,1352.0,48.6,40.4,79.0
2025-12-10 19:00:00,81.0,81.7,1312.0,54.7,43.6,63.0
2025-12-10 20:00:00,88.7,89.4,1292.0,58.8,45.9,50.0
2025-12-10 21:00:00,100.1,100.8,1334.0,59.6,46.8,44.0
2025-12-10 22:00:00,108.7,109.4,1397.0,58.5,46.9,41.0
2025-12-10 23:00:00,110.4,111.1,1422.0,55.8,45.8,39.0
2025-12-11 00:00:00,111.3,112.2,1372.0,50.8,42.9,38.0
2025-12-11 01:00:00,112.5,113.4,1285.0,44.2,38.8,39.0
2025-12-11 02:00:00,112.5,113.4,1218.0,38.4,35.5,40.0
2025-12-11 03:00:00,109.7,110.6,1170.0,33.3,33.2,42.0
2025-12-11 04:00:00,106.4,107.3,1143.0,29.1,31.7,44.0
2025-12-11 05:00:00,119.7,120.6,1201.0,30.6,36.7,43.0
2025-12-11 06:00:00,130.9,131.8,1457.0,38.2,42.1,36.0
2025-12-11 07:00:00,147.6,149.0,1798.0,48.3,49.5,28.0
2025-12-11 08:00:00,147.6,148.1,1953.0,52.3,54.5,37.0
2025-12-11 09:00:00,136.4,137.4,1751.0,44.7,54.8,78.0
2025-12-11 10:00:00,113.4,114.3,1362.0,31.1,52.7,136.0
2025-12-11 11:00:00,84.3,85.2,1030.0,20.1,50.5,177.0
2025-12-11 12:00:00,65.7,66.4,823.0,13.6,48.6,189.0
2025-12-11 13:00:00,55.3,55.9,673.0,9.8,46.5,185.0
2025-12-11 14:00:00,49.7,50.2,616.0,11.5,45.1,172.0
2025-12-11 15:00:00,46.9,47.4,691.0,22.4,44.2,149.0
2025-12-11 16:00:00,49.4,49.8,858.0,38.9,44.0,116.0
2025-12-11 17:00:00,70.8,71.0,1035.0,48.0,44.0,92.0
2025-12-11 18:00:00,81.3,81.5,1222.0,53.8,46.6,78.0
2025-12-11 19:00:00,87.3,87.5,1419.0,61.7,50.1,58.0
2025-12-11 20:00:00,94.3,94.5,1542.0,66.2,52.2,43.0
2025-12-11 21:00:00,100.8,101.0,1540.0,64.9,52.0,38.0
2025-12-11 22:00:00,105.2,105.5,1463.0,60.3,50.4,38.0
2025-12-11 23:00:00,106.4,106.9,1379.0,54.7,48.2,40.0
2025-12-12 00:00:00,105.9,106.4,1300.0,47.7,44.9,43.0
2025-12-12 01:00:00,106.9,107.3,1215.0,39.6,41.0,47.0
2025-12-12 02:00:00,109.0,109.4,1152.0,33.9,38.4,49.0
2025-12-12 03:00:00,111.8,112.5,1093.0,31.6,37.5,46.0
2025-12-12 04:00:00,115.9,116.6,1057.0,31.8,37.8,42.0
2025-12-12 05:00:00,131.8,132.2,1130.0,37.5,41.1,35.0
2025-12-12 06:00:00,143.0,143.9,1441.0,45.3,47.5,27.0
2025-12-12 07:00:00,161.1,161.6,1860.0,55.5,56.4,19.0
2025-12-12 08:00:00,166.7,167.2,2090.0,59.5,63.0,31.0
2025-12-12 09:00:00,156.0,156.5,1954.0,51.6,65.3,81.0
2025-12-12 10:00:00,137.4,138.3,1629.0,37.6,65.4,152.0
2025-12-12 11:00:00,114.3,115.5,1341.0,26.1,64.9,207.0
2025-12-12 12:00:00,95.5,97.1,1138.0,17.3,63.5,236.0
2025-12-12 13:00:00,86.8,89.2,973.0,11.0,61.6,250.0
2025-12-12 14:00:00,82.2,84.8,929.0,14.9,61.8,247.0
2025-12-12 15:00:00,80.6,83.4,1070.0,34.8,63.8,220.0
2025-12-12 16:00:00,90.8,93.4,1332.0,65.0,68.1,176.0
2025-12-12 17:00:00,167.2,171.4,1609.0,98.6,90.2,140.0
2025-12-12 18:00:00,212.8,217.0,1891.0,122.8,109.5,111.0
2025-12-12 19:00:00,256.1,260.8,2188.0,155.6,135.7,71.0
2025-12-12 20:00:00,291.5,295.2,2428.0,176.2,153.0,40.0
2025-12-12 21:00:00,312.0,315.7,2618.0,174.2,154.6,28.0
2025-12-12 22:00:00,319.4,323.2,2752.0,160.0,147.3,25.0
2025-12-12 23:00:00,312.0,315.7,2736.0,144.3,135.2,24.0
2025-12-13 00:00:00,290.6,294.3,2444.0,129.6,116.6,25.0
2025-12-13 01:00:00,269.2,272.9,2002.0,113.4,93.3,28.0
2025-12-13 02:00:00,250.5,253.3,1699.0,98.8,74.9,31.0
2025-12-13 03:00:00,237.0,239.3,1621.0,86.1,65.2,33.0
2025-12-13 04:00:00,228.6,231.4,1681.0,75.1,60.5,35.0
2025-12-13 05:00:00,222.6,224.9,1912.0,62.6,58.9,41.0
2025-12-13 06:00:00,229.1,231.4,2525.0,68.8,63.0,34.0
2025-12-13 07:00:00,242.1,244.0,3308.0,76.8,68.7,27.0
2025-12-13 08:00:00,238.4,239.3,3660.0,77.7,72.8,43.0
2025-12-13 09:00:00,211.4,212.8,3167.0,65.0,73.1,104.0
2025-12-13 10:00:00,188.6,190.0,2242.0,45.3,71.8,187.0
2025-12-13 11:00:00,162.1,164.4,1520.0,30.1,72.7,251.0
2025-12-13 12:00:00,136.0,138.8,1244.0,21.3,78.3,280.0
2025-12-13 13:00:00,122.5,125.3,1170.0,16.8,86.0,288.0
2025-12-13 14:00:00,113.4,116.6,1204.0,22.4,92.2,279.0
2025-12-13 15:00:00,109.7,112.9,1339.0,45.5,95.4,245.0
2025-12-13 16:00:00,128.5,131.3,1582.0,78.5,97.0,194.0
2025-12-13 17:00:00,200.7,204.9,1860.0,91.6,89.6,145.0
2025-12-13 18:00:00,231.4,235.2,2203.0,101.4,95.0,115.0
2025-12-13 19:00:00,257.0,260.8,2581.0,114.5,102.1,75.0
2025-12-13 20:00:00,267.3,271.0,2834.0,121.6,104.7,44.0
2025-12-13 21:00:00,262.6,265.4,2856.0,117.8,99.2,34.0
2025-12-13 22:00:00,251.5,254.3,2753.0,108.1,89.2,34.0
2025-12-13 23:00:00,244.0,245.9,2676.0,97.8,79.8,36.0
2025-12-14 00:00:00,237.5,240.3,2687.0,88.1,72.3,36.0
2025-12-14 01:00:00,232.8,235.2,2724.0,77.9,65.3,38.0
2025-12-14 02:00:00,230.5,233.3,2758.0,69.4,60.3,38.0
2025-12-14 03:00:00,230.0,232.4,2754.0,62.9,57.2,36.0
2025-12-14 04:00:00,230.0,232.4,2746.0,58.2,56.1,34.0
2025-12-14 05:00:00,227.2,229.6,2809.0,47.5,52.9,34.0
2025-12-14 06:00:00,230.0,231.9,3089.0,56.3,59.2,27.0
2025-12-14 07:00:00,241.2,243.1,3439.0,67.7,67.8,21.0
2025-12-14 08:00:00,252.4,254.3,3494.0,72.0,74.1,36.0
2025-12-14 09:00:00,226.8,228.2,2968.0,62.1,74.6,93.0
2025-12-14 10:00:00,206.3,208.2,2147.0,45.1,72.7,171.0
2025-12-14 11:00:00,180.7,183.9,1528.0,31.6,73.7,231.0
2025-12-14 12:00:00,164.4,169.5,1322.0,23.3,81.1,259.0
2025-12-14 13:00:00,152.3,157.9,1317.0,18.5,91.4,268.0
2025-12-14 14:00:00,139.7,145.3,1378.0,23.4,99.3,261.0
2025-12-14 15:00:00,133.6,138.8,1485.0,44.3,101.3,232.0
2025-12-14 16:00:00,150.4,155.1,1658.0,74.9,100.9,186.0
2025-12-14 17:00:00,216.5,221.7,1813.0,125.2,132.4,138.0
2025-12-14 18:00:00,259.8,265.4,1914.0,136.0,140.9,111.0
2025-12-14 19:00:00,291.5,297.1,1999.0,150.5,152.2,75.0
2025-12-14 20:00:00,314.8,319.4,2093.0,158.4,157.9,46.0
2025-12-14 21:00:00,328.8,333.4,2213.0,154.2,154.1,34.0
2025-12-14 22:00:00,333.4,337.1,2343.0,143.3,144.7,30.0
2025-12-14 23:00:00,329.7,334.3,2466.0,132.1,133.5,27.0
2025-12-15 00:00:00,318.5,323.2,2607.0,122.2,120.5,23.0
2025-12-15 01:00:00,304.5,308.3,2740.0,111.9,105.7,21.0
2025-12-15 02:00:00,285.0,288.7,2773.0,102.6,92.4,22.0
2025-12-15 03:00:00,258.9,261.7,2599.0,95.0,80.9,27.0
2025-12-15 04:00:00,233.3,236.6,2324.0,88.3,71.0,35.0
2025-12-15 05:00:00,193.2,196.0,2178.0,51.5,56.3,67.0
2025-12-15 06:00:00,200.2,203.0,2339.0,54.1,60.9,62.0
2025-12-15 07:00:00,207.7,210.5,2629.0,57.2,67.1,56.0
2025-12-15 08:00:00,204.0,206.8,2739.0,55.9,70.3,65.0
2025-12-15 09:00:00,192.3,194.6,2494.0,46.1,68.3,104.0
2025-12-15 10:00:00,162.1,165.8,2070.0,31.9,63.3,158.0
2025-12-15 11:00:00,119.2,124.3,1684.0,20.6,57.2,196.0
2025-12-15 12:00:00,97.3,102.9,1387.0,13.8,49.6,206.0
2025-12-15 13:00:00,84.1,89.6,1128.0,9.8,41.0,201.0
2025-12-15 14:00:00,74.0,79.2,979.0,11.0,34.9,187.0
2025-12-15 15:00:00,68.5,73.1,1001.0,20.8,33.0,162.0
2025-12-15 16:00:00,69.4,72.9,1131.0,35.7,33.4,127.0
2025-12-15 17:00:00,85.7,89.9,1259.0,48.8,34.5,89.0
2025-12-15 18:00:00,92.2,95.7,1370.0,47.8,35.1,82.0
2025-12-15 19:00:00,91.5,94.3,1478.0,46.2,35.9,72.0
2025-12-15 20:00:00,90.6,92.9,1508.0,43.6,36.4,65.0
2025-12-15 21:00:00,92.9,95.0,1401.0,39.4,36.2,65.0
2025-12-15 22:00:00,97.1,99.0,1215.0,34.1,35.6,68.0
2025-12-15 23:00:00,97.8,99.7,1052.0,28.8,34.9,72.0
2025-12-16 00:00:00,95.5,97.1,936.0,23.5,34.0,76.0
2025-12-16 01:00:00,92.9,94.8,843.0,18.3,33.0,81.0
2025-12-16 02:00:00,90.6,92.2,795.0,14.3,32.6,86.0
2025-12-16 03:00:00,88.0,89.4,802.0,11.7,32.9,91.0
2025-12-16 04:00:00,85.4,86.6,854.0,10.3,33.8,95.0
2025-12-16 05:00:00,90.3,91.7,951.0,11.7,36.6,93.0
2025-12-16 06:00:00,92.0,93.1,1145.0,16.4,39.4,90.0
2025-12-16 07:00:00,98.3,99.4,1384.0,22.7,43.3,86.0
2025-12-16 08:00:00,100.6,101.7,1509.0,26.0,46.5,92.0
2025-12-16 09:00:00,101.5,102.4,1422.0,23.3,48.5,115.0
2025-12-16 10:00:00,92.7,93.8,1223.0,17.5,49.7,147.0
2025-12-16 11:00:00,81.5,82.9,1049.0,12.9,50.0,173.0
2025-12-16 12:00:00,74.5,76.1,935.0,10.2,48.8,188.0
2025-12-16 13:00:00,69.8,71.7,846.0,8.7,46.6,197.0
2025-12-16 14:00:00,68.2,70.3,822.0,10.0,44.7,197.0
2025-12-16 15:00:00,68.9,71.2,906.0,16.6,43.6,183.0
2025-12-16 16:00:00,70.1,72.9,1055.0,26.0,42.9,160.0
2025-12-16 17:00:00,68.7,71.0,1177.0,33.5,43.9,136.0
2025-12-16 18:00:00,73.1,75.7,1237.0,32.7,43.7,128.0
2025-12-16 19:00:00,76.4,79.2,1269.0,31.5,43.3,117.0
2025-12-16 20:00:00,80.1,83.1,1285.0,30.0,42.5,107.0
2025-12-16 21:00:00,85.9,88.9,1287.0,28.1,41.1,101.0
2025-12-16 22:00:00,92.0,95.2,1272.0,25.9,39.4,96.0
2025-12-16 23:00:00,94.5,97.6,1248.0,23.3,37.3,92.0
2025-12-17 00:00:00,94.5,97.6,1207.0,19.8,34.7,89.0
2025-12-17 01:00:00,94.8,97.8,1155.0,16.0,31.9,87.0
2025-12-17 02:00:00,95.0,98.0,1121.0,13.2,29.5,84.0
2025-12-17 03:00:00,95.0,98.0,1098.0,11.6,27.7,81.0
2025-12-17 04:00:00,95.2,98.0,1092.0,11.0,26.5,77.0
2025-12-17 05:00:00,97.8,100.6,1145.0,12.3,28.1,77.0
2025-12-17 06:00:00,99.9,102.7,1331.0,17.4,29.7,70.0
2025-12-17 07:00:00,104.8,107.6,1578.0,24.2,31.9,62.0
2025-12-17 08:00:00,106.9,109.4,1707.0,27.8,33.6,64.0
2025-12-17 09:00:00,107.3,109.9,1614.0,25.3,34.3,87.0
2025-12-17 10:00:00,103.1,106.2,1404.0,19.6,34.5,120.0
2025-12-17 11:00:00,93.6,97.1,1216.0,14.8,34.2,147.0
2025-12-17 12:00:00,79.6,83.4,1077.0,11.3,33.1,164.0
2025-12-17 13:00:00,71.2,74.7,959.0,8.8,31.5,174.0
2025-12-17 14:00:00,65.7,69.2,917.0,10.3,30.6,174.0
2025-12-17 15:00:00,62.6,66.1,1013.0,19.0,30.8,157.0
2025-12-17 16:00:00,63.1,66.4,1186.0,31.7,31.7,129.0
2025-12-17 17:00:00,79.4,84.3,1307.0,40.7,33.1,104.0
2025-12-17 18:00:00,79.9,84.3,1314.0,40.4,33.2,96.0
2025-12-17 19:00:00,80.6,85.2,1269.0,39.8,33.3,85.0
2025-12-17 20:00:00,82.7,87.8,1236.0,39.1,33.2,75.0
2025-12-17 21:00:00,86.6,92.2,1245.0,38.3,32.8,69.0
2025-12-17 22:00:00,91.5,97.8,1266.0,37.3,32.1,65.0
2025-12-17 23:00:00,94.1,100.6,1271.0,35.6,31.0,61.0
2025-12-18 00:00:00,93.8,101.0,1241.0,32.4,29.0,59.0
2025-12-18 01:00:00,94.8,102.4,1195.0,28.5,26.6,57.0
2025-12-18 02:00:00,95.5,103.4,1158.0,25.5,24.8,55.0
2025-12-18 03:00:00,96.2,104.3,1104.0,23.0,23.4,53.0
2025-12-18 04:00:00,97.1,105.5,1059.0,21.4,22.6,50.0
2025-12-18 05:00:00,120.1,129.0,1122.0,27.2,29.5,45.0
2025-12-18 06:00:00,139.2,148.5,1423.0,35.2,33.5,34.0
2025-12-18 07:00:00,177.0,186.7,1831.0,45.8,39.1,21.0
2025-12-18 08:00:00,173.2,181.1,2055.0,50.9,43.4,27.0
2025-12-18 09:00:00,177.9,183.9,1920.0,45.6,45.2,68.0
2025-12-18 10:00:00,152.7,162.5,1599.0,34.9,45.7,127.0
2025-12-18 11:00:00,130.4,142.5,1324.0,25.6,46.1,174.0
2025-12-18 12:00:00,108.7,123.9,1163.0,18.5,46.6,197.0
2025-12-18 13:00:00,92.2,108.5,1048.0,12.9,46.9,208.0
2025-12-18 14:00:00,82.7,98.7,998.0,13.5,47.6,205.0
2025-12-18 15:00:00,78.5,93.8,1041.0,24.4,48.4,183.0
2025-12-18 16:00:00,83.6,95.9,1150.0,41.6,49.7,148.0
2025-12-18 17:00:00,123.9,136.9,1268.0,60.2,52.9,113.0
2025-12-18 18:00:00,144.4,157.9,1389.0,68.5,56.9,91.0
2025-12-18 19:00:00,166.2,178.8,1518.0,79.8,62.4,61.0
2025-12-18 20:00:00,183.5,195.6,1616.0,86.9,65.9,38.0
2025-12-18 21:00:00,196.0,208.2,1671.0,87.2,66.5,28.0
2025-12-18 22:00:00,205.8,217.5,1694.0,83.3,65.2,24.0
2025-12-18 23:00:00,204.4,215.1,1684.0,76.0,61.8,25.0
2025-12-19 00:00:00,190.0,200.2,1617.0,63.2,54.8,32.0
2025-12-19 01:00:00,171.8,180.7,1516.0,47.0,45.8,43.0
2025-12-19 02:00:00,159.3,166.7,1449.0,34.1,38.8,52.0
2025-12-19 03:00:00,151.3,157.9,1422.0,27.1,35.5,55.0
2025-12-19 04:00:00,146.2,151.3,1429.0,23.4,34.2,54.0
2025-12-19 05:00:00,143.4,147.6,1512.0,21.9,35.7,54.0
2025-12-19 06:00:00,140.2,143.4,1769.0,26.8,38.4,51.0
2025-12-19 07:00:00,139.7,142.5,2102.0,33.4,42.2,48.0
2025-12-19 08:00:00,136.4,138.3,2269.0,36.2,45.4,56.0
2025-12-19 09:00:00,134.1,135.5,2125.0,31.9,47.4,87.0
2025-12-19 10:00:00,120.1,122.0,1814.0,23.9,48.8,130.0
2025-12-19 11:00:00,101.7,104.3,1524.0,17.4,49.2,162.0
2025-12-19 12:00:00,82.7,85.7,1287.0,13.0,48.1,177.0
2025-12-19 13:00:00,74.0,76.6,1071.0,10.0,46.0,181.0
2025-12-19 14:00:00,66.4,68.0,964.0,11.5,44.3,175.0
2025-12-19 15:00:00,61.7,62.9,1044.0,20.8,43.2,155.0
2025-12-19 16:00:00,60.8,61.5,1234.0,34.6,42.4,124.0
2025-12-19 17:00:00,111.8,113.2,1388.0,57.7,49.9,95.0
2025-12-19 18:00:00,114.8,115.5,1453.0,58.0,49.8,83.0
2025-12-19 19:00:00,117.8,118.3,1483.0,58.5,49.7,67.0
2025-12-19 20:00:00,119.7,120.1,1494.0,58.6,49.3,54.0
2025-12-19 21:00:00,123.4,123.4,1489.0,58.8,48.9,46.0
2025-12-19 22:00:00,129.0,129.5,1465.0,58.8,48.3,40.0
2025-12-19 23:00:00,130.4,130.4,1432.0,56.8,46.6,37.0
2025-12-20 00:00:00,126.2,126.7,1382.0,50.9,42.8,38.0
2025-12-20 01:00:00,122.0,122.9,1323.0,43.2,37.9,42.0
2025-12-20 02:00:00,121.1,122.0,1281.0,37.7,34.5,44.0
2025-12-20 03:00:00,123.4,124.3,1230.0,36.0,32.5,42.0
2025-12-20 04:00:00,125.7,126.7,1197.0,36.6,31.9,37.0
2025-12-20 05:00:00,139.2,140.6,1290.0,42.1,43.8,33.0
2025-12-20 06:00:00,154.6,156.0,1660.0,52.3,56.8,26.0
2025-12-20 07:00:00,183.9,185.3,2156.0,65.8,74.5,18.0
2025-12-20 08:00:00,213.7,215.1,2438.0,71.5,84.9,26.0
2025-12-20 09:00:00,170.4,171.8,2308.0,62.1,80.7,65.0
2025-12-20 10:00:00,137.4,138.8,1964.0,44.8,69.4,121.0
2025-12-20 11:00:00,113.9,115.3,1661.0,31.0,61.5,167.0
2025-12-20 12:00:00,97.1,98.5,1471.0,22.0,61.3,198.0
2025-12-20 13:00:00,85.7,86.8,1321.0,16.4,64.7,220.0
2025-12-20 14:00:00,78.5,79.4,1247.0,20.9,69.3,225.0
2025-12-20 15:00:00,76.4,77.5,1276.0,43.2,75.3,203.0
2025-12-20 16:00:00,88.0,88.9,1381.0,75.7,82.7,164.0
2025-12-20 17:00:00,175.6,178.8,1516.0,106.1,96.8,121.0
2025-12-20 18:00:00,214.7,217.5,1713.0,112.3,98.1,98.0
2025-12-20 19:00:00,220.7,223.1,1940.0,120.2,99.4,65.0
2025-12-20 20:00:00,207.7,209.5,2060.0,120.8,96.9,42.0
2025-12-20 21:00:00,198.8,200.7,1981.0,108.0,87.7,37.0
2025-12-20 22:00:00,194.2,196.0,1795.0,87.8,74.7,40.0
2025-12-20 23:00:00,190.5,192.3,1643.0,69.8,63.1,44.0
2025-12-21 00:00:00,188.1,190.0,1578.0,57.0,54.6,45.0
2025-12-21 01:00:00,188.6,190.5,1548.0,46.3,47.5,46.0
2025-12-21 02:00:00,189.1,191.4,1532.0,38.0,42.1,46.0
2025-12-21 03:00:00,190.0,191.9,1525.0,31.7,38.4,46.0
2025-12-21 04:00:00,190.9,193.2,1533.0,27.8,36.4,45.0
2025-12-21 05:00:00,190.9,193.2,1554.0,28.5,37.8,46.0
2025-12-21 06:00:00,200.2,203.0,1606.0,36.3,42.0,37.0
2025-12-21 07:00:00,217.0,219.8,1672.0,46.9,47.8,27.0
2025-12-21 08:00:00,219.8,222.1,1698.0,52.7,53.1,34.0
2025-12-21 09:00:00,218.4,220.7,1658.0,49.5,56.4,73.0
2025-12-21 10:00:00,204.9,207.2,1579.0,41.5,59.1,130.0
2025-12-21 11:00:00,180.7,183.9,1487.0,34.7,62.9,178.0
2025-12-21 12:00:00,160.7,163.4,1360.0,28.7,69.3,211.0
2025-12-21 13:00:00,149.0,152.3,1219.0,23.7,76.9,235.0
2025-12-21 14:00:00,143.9,146.7,1160.0,26.6,83.1,241.0
2025-12-21 15:00:00,143.0,145.8,1212.0,43.4,87.0,219.0
2025-12-21 16:00:00,151.8,154.1,1345.0,68.1,89.6,179.0
2025-12-21 17:00:00,211.9,214.7,1564.0,96.6,88.0,118.0
2025-12-21 18:00:00,244.9,248.7,1944.0,102.6,90.2,94.0
2025-12-21 19:00:00,266.4,269.2,2410.0,110.7,93.1,61.0
2025-12-21 20:00:00,272.9,275.7,2741.0,115.1,93.6,36.0
2025-12-21 21:00:00,271.9,274.7,2838.0,113.1,90.3,26.0
2025-12-21 22:00:00,267.3,270.1,2799.0,107.4,84.6,24.0
2025-12-21 23:00:00,258.0,260.8,2697.0,99.9,78.3,24.0
2025-12-22 00:00:00,241.2,244.0,2530.0,89.7,70.9,26.0
2025-12-22 01:00:00,230.0,232.4,2301.0,77.6,62.9,31.0
2025-12-22 02:00:00,223.1,225.4,2089.0,68.3,57.5,34.0
2025-12-22 03:00:00,224.0,226.3,1912.0,63.3,56.0,32.0
2025-12-22 04:00:00,230.5,233.3,1752.0,60.9,57.1,28.0
2025-12-22 05:00:00,197.9,200.7,1642.0,33.4,47.7,50.0
2025-12-22 06:00:00,207.2,209.5,1614.0,42.1,51.6,40.0
2025-12-22 07:00:00,223.1,225.8,1635.0,53.6,57.1,28.0
2025-12-22 08:00:00,224.4,226.8,1637.0,59.3,62.4,36.0
2025-12-22 09:00:00,215.1,217.9,1582.0,53.6,67.2,83.0
2025-12-22 10:00:00,192.8,196.5,1507.0,41.9,71.8,150.0
2025-12-22 11:00:00,177.0,180.7,1457.0,32.0,75.3,204.0
2025-12-22 12:00:00,165.3,169.5,1442.0,24.3,76.9,237.0
2025-12-22 13:00:00,155.5,159.7,1452.0,18.4,77.4,256.0
2025-12-22 14:00:00,146.2,150.4,1502.0,20.6,78.2,258.0
2025-12-22 15:00:00,143.0,146.7,1595.0,36.9,79.2,233.0
2025-12-22 16:00:00,150.4,153.7,1728.0,61.3,80.5,189.0
2025-12-22 17:00:00,189.5,192.8,1902.0,97.8,105.7,165.0
2025-12-22 18:00:00,226.3,229.6,2170.0,113.1,116.5,131.0
2025-12-22 19:00:00,264.5,267.3,2478.0,133.9,131.5,84.0
2025-12-22 20:00:00,293.4,296.2,2670.0,146.7,142.4,49.0
2025-12-22 21:00:00,312.9,315.7,2656.0,145.8,147.9,35.0
2025-12-22 22:00:00,324.1,326.9,2525.0,136.9,149.4,33.0
2025-12-22 23:00:00,312.0,314.8,2384.0,124.4,143.2,34.0
2025-12-23 00:00:00,272.9,275.7,2254.0,107.8,123.9,39.0
2025-12-23 01:00:00,236.6,239.3,2114.0,87.6,96.8,49.0
2025-12-23 02:00:00,209.1,211.9,2004.0,69.1,74.1,56.0
2025-12-23 03:00:00,187.7,190.9,1938.0,53.0,60.3,59.0
2025-12-23 04:00:00,171.8,174.6,1902.0,38.5,50.8,59.0
2025-12-23 05:00:00,162.5,166.2,1893.0,27.0,41.9,56.0
2025-12-23 06:00:00,162.5,165.8,1947.0,31.3,42.4,50.0
2025-12-23 07:00:00,162.5,165.8,2029.0,37.0,43.0,42.0
2025-12-23 08:00:00,155.1,157.9,2029.0,39.0,42.3,47.0
2025-12-23 09:00:00,148.5,150.9,1888.0,33.9,39.2,75.0
2025-12-23 10:00:00,130.9,134.1,1666.0,25.2,34.7,116.0
2025-12-23 11:00:00,108.5,112.7,1436.0,18.0,31.3,147.0
2025-12-23 12:00:00,90.3,94.1,1193.0,13.5,29.8,161.0
2025-12-23 13:00:00,80.6,84.1,942.0,10.5,29.3,167.0
2025-12-23 14:00:00,73.3,76.4,776.0,11.1,29.1,163.0
2025-12-23 15:00:00,69.2,71.9,755.0,18.2,29.0,146.0
2025-12-23 16:00:00,70.8,73.1,819.0,28.8,29.2,121.0
2025-12-23 17:00:00,89.2,90.8,879.0,37.9,31.8,103.0
2025-12-23 18:00:00,92.9,94.5,910.0,35.7,32.4,99.0
2025-12-23 19:00:00,95.5,97.1,937.0,32.5,33.2,94.0
2025-12-23 20:00:00,97.1,98.7,948.0,29.1,33.7,90.0
2025-12-23 21:00:00,97.6,99.2,943.0,25.7,34.0,90.0
2025-12-23 22:00:00,96.6,98.5,922.0,22.2,34.0,92.0
2025-12-23 23:00:00,92.4,94.3,878.0,19.0,33.4,92.0
2025-12-24 00:00:00,85.7,87.8,790.0,16.2,31.6,89.0
2025-12-24 01:00:00,78.9,81.3,679.0,13.8,29.2,84.0
2025-12-24 02:00:00,72.6,75.2,600.0,12.3,27.0,79.0
2025-12-24 03:00:00,66.8,69.4,567.0,11.6,25.3,74.0
2025-12-24 04:00:00,62.2,64.5,566.0,11.8,23.9,68.0
2025-12-24 05:00:00,57.0,58.6,617.0,12.8,22.5,64.0
2025-12-24 06:00:00,56.6,57.9,772.0,16.7,23.4,57.0
2025-12-24 07:00:00,58.9,60.1,979.0,22.0,24.7,48.0
2025-12-24 08:00:00,59.6,60.3,1094.0,24.7,25.7,48.0
2025-12-24 09:00:00,58.3,59.0,1040.0,22.6,26.5,64.0
2025-12-24 10:00:00,52.6,53.4,895.0,18.0,27.0,87.0
2025-12-24 11:00:00,46.4,47.6,753.0,14.0,26.9,107.0
2025-12-24 12:00:00,34.7,37.3,627.0,10.6,25.6,119.0
2025-12-24 13:00:00,25.5,29.6,503.0,7.7,23.6,127.0
2025-12-24 14:00:00,24.3,28.3,437.0,8.1,22.4,128.0
2025-12-24 15:00:00,24.0,27.5,455.0,14.0,22.4,118.0
2025-12-24 16:00:00,26.0,28.7,530.0,23.1,23.2,101.0
2025-12-24 17:00:00,36.4,39.5,642.0,35.4,26.2,80.0
2025-12-24 18:00:00,48.9,51.5,821.0,43.2,30.9,67.0
2025-12-24 19:00:00,60.5,63.1,1036.0,54.0,37.3,50.0
2025-12-24 20:00:00,73.3,76.1,1172.0,61.6,42.3,36.0
2025-12-24 21:00:00,85.7,88.7,1167.0,63.5,45.0,29.0
2025-12-24 22:00:00,94.3,97.8,1083.0,62.3,46.3,25.0
2025-12-24 23:00:00,94.3,98.0,996.0,59.8,45.4,23.0
2025-12-25 00:00:00,90.6,94.1,923.0,56.1,41.2,22.0
2025-12-25 01:00:00,85.4,88.7,847.0,51.2,34.8,23.0
2025-12-25 02:00:00,80.3,83.4,796.0,46.3,29.5,24.0
2025-12-25 03:00:00,76.4,79.2,762.0,41.3,26.0,25.0
2025-12-25 04:00:00,72.9,75.7,753.0,36.4,23.4,26.0
2025-12-25 05:00:00,71.0,73.6,818.0,38.4,25.5,27.0
2025-12-25 06:00:00,71.2,73.6,1045.0,39.2,27.8,24.0
2025-12-25 07:00:00,75.9,78.7,1345.0,40.0,30.9,22.0
2025-12-25 08:00:00,79.2,81.7,1503.0,39.1,33.2,29.0
2025-12-25 09:00:00,76.1,78.7,1390.0,34.9,33.6,55.0
2025-12-25 10:00:00,73.1,75.2,1135.0,28.9,33.1,92.0
2025-12-25 11:00:00,68.0,69.8,910.0,23.5,33.4,122.0
2025-12-25 12:00:00,59.5,61.7,753.0,17.7,35.5,144.0
2025-12-25 13:00:00,50.4,52.6,626.0,12.3,38.3,159.0
2025-12-25 14:00:00,44.0,46.0,590.0,12.8,40.7,162.0
2025-12-25 15:00:00,40.4,42.4,682.0,22.9,41.3,145.0
2025-12-25 16:00:00,43.5,44.9,864.0,38.8,41.4,115.0
2025-12-25 17:00:00,94.8,98.3,1084.0,59.4,45.2,81.0
2025-12-25 18:00:00,126.2,129.0,1365.0,70.8,53.1,61.0
2025-12-25 19:00:00,146.2,148.5,1683.0,86.3,64.0,34.0
2025-12-25 20:00:00,159.7,162.1,1918.0,96.8,73.3,14.0
2025-12-25 21:00:00,167.2,169.0,2000.0,97.7,79.5,7.0
2025-12-25 22:00:00,177.4,179.3,1999.0,93.6,84.1,7.0
2025-12-25 23:00:00,186.3,189.5,1996.0,89.5,86.0,7.0
2025-12-26 00:00:00,189.5,193.2,2023.0,87.1,84.4,5.0
2025-12-26 01:00:00,189.5,194.2,2049.0,84.7,80.2,3.0
2025-12-26 02:00:00,186.3,191.4,2062.0,81.5,75.1,2.0
2025-12-26 03:00:00,180.7,185.8,2000.0,76.8,68.1,3.0
2025-12-26 04:00:00,173.2,177.9,1925.0,71.3,60.3,4.0
2025-12-26 05:00:00,144.4,146.2,2008.0,65.2,50.2,12.0
2025-12-26 06:00:00,133.6,134.6,2480.0,64.7,53.9,12.0
2025-12-26 07:00:00,138.8,139.7,3109.0,63.8,58.8,13.0
2025-12-26 08:00:00,146.7,148.5,3373.0,60.6,61.0,24.0
2025-12-26 09:00:00,134.6,135.5,2927.0,53.8,57.9,53.0
2025-12-26 10:00:00,116.9,117.3,2116.0,44.9,52.1,91.0
2025-12-26 11:00:00,87.3,87.8,1447.0,36.3,48.1,123.0
2025-12-26 12:00:00,67.1,67.8,1102.0,26.5,48.0,146.0
2025-12-26 13:00:00,56.6,57.5,899.0,17.2,49.7,164.0
2025-12-26 14:00:00,51.3,52.2,801.0,15.6,51.2,167.0
2025-12-26 15:00:00,49.0,49.8,801.0,27.5,51.2,148.0
2025-12-26 16:00:00,55.5,56.1,905.0,47.2,51.1,115.0
2025-12-26 17:00:00,112.2,113.4,1101.0,62.6,48.6,77.0
2025-12-26 18:00:00,133.6,134.6,1455.0,69.1,52.9,63.0
2025-12-26 19:00:00,149.9,150.9,1899.0,77.8,58.7,43.0
2025-12-26 20:00:00,156.5,157.4,2220.0,81.8,61.5,29.0
2025-12-26 21:00:00,155.1,156.0,2317.0,77.8,58.9,26.0
2025-12-26 22:00:00,152.7,153.7,2291.0,69.1,53.3,29.0
2025-12-26 23:00:00,147.1,148.1,2225.0,59.6,47.7,33.0
2025-12-27 00:00:00,137.8,138.8,2126.0,49.4,42.5,38.0
2025-12-27 01:00:00,129.9,130.4,1988.0,38.4,37.3,45.0
2025-12-27 02:00:00,122.5,122.9,1877.0,29.7,33.3,50.0
2025-12-27 03:00:00,115.9,116.6,1791.0,24.0,30.7,52.0
2025-12-27 04:00:00,110.8,111.5,1732.0,20.5,29.4,53.0
2025-12-27 05:00:00,112.0,112.7,1773.0,18.6,30.0,56.0
2025-12-27 06:00:00,115.9,116.6,2038.0,26.0,33.8,47.0
2025-12-27 07:00:00,125.7,126.2,2403.0,35.8,39.0,36.0
2025-12-27 08:00:00,130.4,130.9,2564.0,40.9,42.9,39.0
2025-12-27 09:00:00,129.0,129.5,2331.0,36.7,44.1,67.0
2025-12-27 10:00:00,119.2,120.1,1893.0,27.6,44.1,109.0
2025-12-27 11:00:00,109.0,110.1,1516.0,20.0,43.9,143.0
2025-12-27 12:00:00,94.3,95.5,1285.0,14.5,43.9,162.0
2025-12-27 13:00:00,80.3,81.5,1115.0,10.5,43.7,173.0
2025-12-27 14:00:00,71.7,72.9,1017.0,12.0,44.0,172.0
2025-12-27 15:00:00,69.2,70.1,992.0,22.8,44.6,153.0
2025-12-27 16:00:00,73.1,73.8,1038.0,39.2,45.6,123.0
2025-12-27 17:00:00,146.7,149.0,1164.0,80.1,59.5,85.0
2025-12-27 18:00:00,180.7,182.5,1434.0,92.2,75.0,67.0
2025-12-27 19:00:00,216.5,218.4,1784.0,108.9,96.8,42.0
2025-12-27 20:00:00,251.5,253.3,2025.0,122.1,116.2,22.0
2025-12-27 21:00:00,281.3,283.1,2072.0,129.2,132.3,11.0
2025-12-27 22:00:00,305.5,307.3,2010.0,132.7,146.1,4.0
2025-12-27 23:00:00,318.5,320.4,1913.0,132.4,151.9,0.0
2025-12-28 00:00:00,318.5,320.4,1777.0,127.6,146.3,0.0
2025-12-28 01:00:00,310.1,312.0,1605.0,118.8,132.6,0.0
2025-12-28 02:00:00,294.3,296.2,1477.0,107.5,115.9,1.0
2025-12-28 03:00:00,275.7,276.6,1395.0,91.8,94.3,6.0
2025-12-28 04:00:00,255.2,257.0,1356.0,73.5,69.6,14.0
2025-12-28 05:00:00,217.0,217.9,1435.0,51.3,42.5,24.0
2025-12-28 06:00:00,217.0,217.9,1770.0,51.3,44.0,18.0
2025-12-28 07:00:00,224.0,224.4,2222.0,51.1,46.1,11.0
2025-12-28 08:00:00,220.7,221.2,2451.0,49.0,47.8,20.0
2025-12-28 09:00:00,205.4,206.3,2252.0,43.6,49.0,59.0
2025-12-28 10:00:00,179.3,179.7,1828.0,36.2,49.8,114.0
2025-12-28 11:00:00,145.3,146.2,1455.0,29.3,50.1,157.0
2025-12-28 12:00:00,111.8,112.7,1203.0,21.6,49.7,179.0
2025-12-28 13:00:00,88.7,89.9,1001.0,14.4,48.8,189.0
2025-12-28 14:00:00,76.6,77.8,905.0,13.5,48.0,186.0
2025-12-28 15:00:00,71.9,73.1,945.0,23.7,47.1,163.0
2025-12-28 16:00:00,74.5,75.4,1092.0,40.4,46.3,128.0
2025-12-28 17:00:00,164.4,166.2,1313.0,72.2,57.0,104.0
2025-12-28 18:00:00,182.5,184.4,1633.0,80.6,62.2,82.0
2025-12-28 19:00:00,200.7,202.1,2028.0,92.0,69.7,52.0
2025-12-28 20:00:00,218.9,220.3,2393.0,99.7,76.6,28.0
2025-12-28 21:00:00,237.0,238.4,2729.0,101.0,83.9,17.0
2025-12-28 22:00:00,253.3,254.3,3034.0,98.5,90.8,12.0
2025-12-28 23:00:00,259.8,260.8,3199.0,93.4,91.8,11.0
2025-12-29 00:00:00,249.6,250.5,3157.0,84.9,82.3,13.0
2025-12-29 01:00:00,229.1,230.0,2975.0,73.7,67.0,19.0
2025-12-29 02:00:00,206.8,207.7,2746.0,63.1,54.2,26.0
2025-12-29 03:00:00,185.3,185.8,2449.0,53.0,46.7,33.0
2025-12-29 04:00:00,168.1,169.0,2106.0,43.5,41.7,41.0
2025-12-29 05:00:00,222.1,223.1,1870.0,62.6,54.7,28.0
2025-12-29 06:00:00,207.7,208.2,1846.0,61.5,55.6,27.0
2025-12-29 07:00:00,199.3,199.8,1930.0,59.8,56.8,26.0
2025-12-29 08:00:00,187.2,187.2,1962.0,56.8,57.4,37.0
2025-12-29 09:00:00,177.4,177.9,1883.0,52.1,56.8,69.0
2025-12-29 10:00:00,171.4,171.8,1752.0,46.0,55.5,112.0
2025-12-29 11:00:00,155.1,155.5,1586.0,39.3,54.4,149.0
2025-12-29 12:00:00,127.6,128.5,1336.0,29.4,53.7,177.0
2025-12-29 13:00:00,105.2,106.6,1052.0,18.9,53.2,198.0
2025-12-29 14:00:00,94.8,96.2,894.0,15.9,53.0,203.0
2025-12-29 15:00:00,89.6,91.0,933.0,26.1,52.6,181.0
2025-12-29 16:00:00,92.2,93.4,1100.0,43.9,52.5,142.0
2025-12-29 17:00:00,172.8,175.1,1346.0,69.2,59.7,111.0
2025-12-29 18:00:00,199.3,201.2,1709.0,78.1,65.5,89.0
2025-12-29 19:00:00,218.9,221.2,2152.0,90.1,73.5,59.0
2025-12-29 20:00:00,224.9,226.8,2515.0,96.7,78.3,37.0
2025-12-29 21:00:00,224.0,225.4,2750.0,93.3,77.8,31.0
2025-12-29 22:00:00,221.2,222.1,2904.0,84.5,74.2,32.0
2025-12-29 23:00:00,215.1,216.1,2962.0,75.8,69.2,34.0
2025-12-30 00:00:00,205.4,206.3,2894.0,68.8,62.3,34.0
2025-12-30 01:00:00,197.4,198.4,2729.0,61.9,54.0,34.0
2025-12-30 02:00:00,192.3,192.8,2541.0,55.2,47.3,35.0
2025-12-30 03:00:00,186.3,186.7,2313.0,47.7,42.8,37.0
2025-12-30 04:00:00,178.8,179.3,2061.0,40.4,40.0,40.0
2025-12-30 05:00:00,169.5,170.4,1911.0,28.3,38.4,52.0
2025-12-30 06:00:00,169.5,170.4,1971.0,36.3,44.1,44.0
2025-12-30 07:00:00,182.1,183.0,2132.0,46.9,51.9,34.0
2025-12-30 08:00:00,193.7,194.2,2190.0,51.7,57.4,39.0
2025-12-30 09:00:00,176.5,177.4,2043.0,45.2,58.4,74.0
2025-12-30 10:00:00,152.3,153.7,1794.0,32.8,57.1,125.0
2025-12-30 11:00:00,120.6,122.9,1541.0,22.7,55.1,163.0
2025-12-30 12:00:00,96.4,99.0,1275.0,16.8,52.7,180.0
2025-12-30 13:00:00,85.7,88.2,1007.0,13.1,49.6,185.0
2025-12-30 14:00:00,80.3,82.4,866.0,14.0,46.9,180.0
2025-12-30 15:00:00,76.6,78.2,929.0,22.0,44.4,160.0
2025-12-30 16:00:00,78.7,80.1,1120.0,34.5,42.3,129.0
2025-12-30 17:00:00,107.6,109.7,1337.0,45.9,42.9,100.0
2025-12-30 18:00:00,121.1,122.9,1574.0,53.8,45.4,82.0
2025-12-30 19:00:00,134.1,135.5,1839.0,64.5,49.0,58.0
2025-12-30 20:00:00,145.8,147.1,2049.0,71.6,52.5,40.0
2025-12-30 21:00:00,155.1,156.5,2159.0,71.5,56.0,34.0
2025-12-30 22:00:00,166.2,167.6,2215.0,67.8,59.4,34.0
2025-12-30 23:00:00,176.0,177.4,2275.0,64.4,61.7,34.0
2025-12-31 00:00:00,183.5,184.9,2352.0,62.9,62.0,31.0
2025-12-31 01:00:00,192.3,193.7,2432.0,61.7,61.2,27.0
2025-12-31 02:00:00,200.7,201.6,2537.0,60.8,61.3,24.0
2025-12-31 03:00:00,206.8,208.2,2712.0,59.7,62.9,23.0
2025-12-31 04:00:00,211.9,213.3,2911.0,58.8,65.4,23.0
2025-12-31 05:00:00,242.1,244.0,3014.0,71.9,71.5,10.0
2025-12-31 06:00:00,238.4,240.3,2972.0,71.4,72.4,9.0
2025-12-31 07:00:00,242.1,244.0,2835.0,70.2,73.6,10.0
2025-12-31 08:00:00,220.7,222.1,2630.0,66.5,74.0,24.0
2025-12-31 09:00:00,197.0,197.9,2342.0,58.1,72.9,61.0
2025-12-31 10:00:00,166.7,168.1,1987.0,47.0,71.0,110.0
2025-12-31 11:00:00,139.7,141.6,1639.0,37.7,69.2,151.0
2025-12-31 12:00:00,115.3,116.6,1282.0,29.8,67.7,180.0
2025-12-31 13:00:00,100.1,101.0,932.0,23.7,66.2,201.0
2025-12-31 14:00:00,93.1,94.1,712.0,24.2,65.1,205.0
2025-12-31 15:00:00,90.3,91.0,707.0,36.5,64.6,184.0
2025-12-31 16:00:00,95.0,95.7,831.0,55.4,64.5,147.0
2025-12-31 17:00:00,142.5,143.4,951.0,64.3,60.5,115.0
2025-12-31 18:00:00,165.3,166.2,1029.0,69.5,59.9,97.0
2025-12-31 19:00:00,170.9,171.8,1101.0,76.2,58.8,74.0
2025-12-31 20:00:00,169.0,170.0,1145.0,77.5,56.6,58.0
2025-12-31 21:00:00,164.4,165.3,1143.0,68.6,52.6,59.0
2025-12-31 22:00:00,160.2,160.7,1111.0,54.3,47.5,68.0
2025-12-31 23:00:00,155.5,156.5,1077.0,41.7,42.8,76.0
